typical_day_id,display_day_label,weight,timestep_index,hour,outdoor_temperature_C,solar_radiation_W_m2,setpoint_C,building_id,heat_kw
day_1,Cold cloudy day,0.45,0,0.0,-1.3978,0.0,20.0,4,4.5182945591254695
day_1,Cold cloudy day,0.45,1,0.25,-1.4424,0.0,20.0,4,4.527877251966743
day_1,Cold cloudy day,0.45,2,0.5,-1.4743,0.0,20.0,4,4.534731240792676
day_1,Cold cloudy day,0.45,3,0.75,-1.4936,0.0,20.0,4,4.538878011461658
day_1,Cold cloudy day,0.45,4,1.0,-1.5,0.0,20.0,4,4.540253106398522
day_1,Cold cloudy day,0.45,5,1.25,-1.4936,0.0,20.0,4,4.538878011461658
day_1,Cold cloudy day,0.45,6,1.5,-1.4743,0.0,20.0,4,4.534731240792676
day_1,Cold cloudy day,0.45,7,1.75,-1.4424,0.0,20.0,4,4.527877251966743
day_1,Cold cloudy day,0.45,8,2.0,-1.3978,0.0,20.0,4,4.5182945591254695
day_1,Cold cloudy day,0.45,9,2.25,-1.3408,0.0,20.0,4,4.506047619844021
day_1,Cold cloudy day,0.45,10,2.5,-1.2716,0.0,20.0,4,4.491179405839175
day_1,Cold cloudy day,0.45,11,2.75,-1.1906,0.0,20.0,4,4.473775860544486
day_1,Cold cloudy day,0.45,12,3.0,-1.0981,0.0,20.0,4,4.453901441535118
day_1,Cold cloudy day,0.45,13,3.25,-0.9944,0.0,20.0,4,4.431620606386238
day_1,Cold cloudy day,0.45,14,3.5,-0.8801,0.0,20.0,4,4.407062270248176
day_1,Cold cloudy day,0.45,15,3.75,-0.7555,0.0,20.0,4,4.380290890696099
day_1,Cold cloudy day,0.45,16,4.0,-0.6213,0.0,20.0,4,4.351456868738724
day_1,Cold cloudy day,0.45,17,4.25,-0.478,0.0,20.0,4,4.320667633667996
day_1,Cold cloudy day,0.45,18,4.5,-0.3263,0.0,20.0,4,4.288073586492632
day_1,Cold cloudy day,0.45,19,4.75,-0.1667,0.0,20.0,4,4.2537821565045775
day_1,Cold cloudy day,0.45,20,5.0,0.0,0.0,20.0,4,4.217965230570939
day_1,Cold cloudy day,0.45,21,5.25,0.1731,0.0,20.0,4,4.180773209700435
day_1,Cold cloudy day,0.45,22,5.5,0.3519,0.0,20.0,4,4.1423564949017875
day_1,Cold cloudy day,0.45,23,5.75,0.5357,0.0,20.0,4,4.102865487183714
day_1,Cold cloudy day,0.45,24,6.0,0.7235,0.0,20.0,4,4.062515045130101
day_1,Cold cloudy day,0.45,25,6.25,0.9147,0.0,20.0,4,4.021434083891278
day_1,Cold cloudy day,0.45,26,6.5,1.1084,0.0,20.0,4,3.9798159761927434
day_1,Cold cloudy day,0.45,27,6.75,1.3038,0.0,20.0,4,3.9378326089016036
day_1,Cold cloudy day,0.45,28,7.0,1.5,0.0,20.0,4,3.895677354743355
day_1,Cold cloudy day,0.45,29,7.25,1.6962,4.5782,20.0,4,3.853021555449561
day_1,Cold cloudy day,0.45,30,7.5,1.8916,9.1368,20.0,4,3.810539785935953
day_1,Cold cloudy day,0.45,31,7.75,2.0853,13.6563,20.0,4,3.7684275509078775
day_1,Cold cloudy day,0.45,32,8.0,2.2765,18.1173,20.0,4,3.7268588582790607
day_1,Cold cloudy day,0.45,33,8.25,2.4643,22.5008,20.0,4,3.686029158088697
day_1,Cold cloudy day,0.45,34,8.5,2.6481,26.7878,20.0,4,3.6460694428008176
day_1,Cold cloudy day,0.45,35,8.75,2.8269,30.9602,20.0,4,3.607196549913935
day_1,Cold cloudy day,0.45,36,9.0,3.0,35.0,20.0,4,3.569562848418169
day_1,Cold cloudy day,0.45,37,9.25,3.1667,38.8899,20.0,4,3.533320630771027
day_1,Cold cloudy day,0.45,38,9.5,3.3263,42.6133,20.0,4,3.498622112897407
day_1,Cold cloudy day,0.45,39,9.75,3.478,46.1542,20.0,4,3.465640930981216
day_1,Cold cloudy day,0.45,40,10.0,3.6213,49.4975,20.0,4,3.434486165232127
day_1,Cold cloudy day,0.45,41,10.25,3.7555,52.6288,20.0,4,3.405309791043977
day_1,Cold cloudy day,0.45,42,10.5,3.8801,55.5347,20.0,4,3.3782207027615287
day_1,Cold cloudy day,0.45,43,10.75,3.9944,58.2029,20.0,4,3.3533706461807893
day_1,Cold cloudy day,0.45,44,11.0,4.0981,60.6218,20.0,4,3.3308253471316047
day_1,Cold cloudy day,0.45,45,11.25,4.1906,62.7811,20.0,4,3.310714846886995
day_1,Cold cloudy day,0.45,46,11.5,4.2716,64.6716,20.0,4,3.293104608879285
day_1,Cold cloudy day,0.45,47,11.75,4.3408,66.2851,20.0,4,3.2780599872084997
day_1,Cold cloudy day,0.45,48,12.0,4.3978,67.6148,20.0,4,3.2656676687678323
day_1,Cold cloudy day,0.45,49,12.25,4.4424,68.655,20.0,4,3.25597124846817
day_1,Cold cloudy day,0.45,50,12.5,4.4743,69.4011,20.0,4,3.2490356868132584
day_1,Cold cloudy day,0.45,51,12.75,4.4936,69.8501,20.0,4,3.244839825941607
day_1,Cold cloudy day,0.45,52,13.0,4.5,70.0,20.0,4,3.2434483420929827
day_1,Cold cloudy day,0.45,53,13.25,4.4936,69.8501,20.0,4,3.244839825941607
day_1,Cold cloudy day,0.45,54,13.5,4.4743,69.4011,20.0,4,3.2490356868132584
day_1,Cold cloudy day,0.45,55,13.75,4.4424,68.655,20.0,4,3.25597124846817
day_1,Cold cloudy day,0.45,56,14.0,4.3978,67.6148,20.0,4,3.2656676687678323
day_1,Cold cloudy day,0.45,57,14.25,4.3408,66.2851,20.0,4,3.2780599872084997
day_1,Cold cloudy day,0.45,58,14.5,4.2716,64.6716,20.0,4,3.293104608879285
day_1,Cold cloudy day,0.45,59,14.75,4.1906,62.7811,20.0,4,3.310714846886995
day_1,Cold cloudy day,0.45,60,15.0,4.0981,60.6218,20.0,4,3.3308253471316047
day_1,Cold cloudy day,0.45,61,15.25,3.9944,58.2029,20.0,4,3.3533706461807893
day_1,Cold cloudy day,0.45,62,15.5,3.8801,55.5347,20.0,4,3.3782207027615287
day_1,Cold cloudy day,0.45,63,15.75,3.7555,52.6288,20.0,4,3.405309791043977
day_1,Cold cloudy day,0.45,64,16.0,3.6213,49.4975,20.0,4,3.434486165232127
day_1,Cold cloudy day,0.45,65,16.25,3.478,46.1542,20.0,4,3.465640930981216
day_1,Cold cloudy day,0.45,66,16.5,3.3263,42.6133,20.0,4,3.498622112897407
day_1,Cold cloudy day,0.45,67,16.75,3.1667,38.8899,20.0,4,3.533320630771027
day_1,Cold cloudy day,0.45,68,17.0,3.0,35.0,20.0,4,3.569562848418169
day_1,Cold cloudy day,0.45,69,17.25,2.8269,30.9602,20.0,4,3.607196549913935
day_1,Cold cloudy day,0.45,70,17.5,2.6481,26.7878,20.0,4,3.6460694428008176
day_1,Cold cloudy day,0.45,71,17.75,2.4643,22.5008,20.0,4,3.686029158088697
day_1,Cold cloudy day,0.45,72,18.0,2.2765,18.1173,20.0,4,3.7268588582790607
day_1,Cold cloudy day,0.45,73,18.25,2.0853,13.6563,20.0,4,3.7684275509078775
day_1,Cold cloudy day,0.45,74,18.5,1.8916,9.1368,20.0,4,3.810539785935953
day_1,Cold cloudy day,0.45,75,18.75,1.6962,4.5782,20.0,4,3.853021555449561
day_1,Cold cloudy day,0.45,76,19.0,1.5,0.0,20.0,4,3.895677354743355
day_1,Cold cloudy day,0.45,77,19.25,1.3038,0.0,20.0,4,3.9378326089016036
day_1,Cold cloudy day,0.45,78,19.5,1.1084,0.0,20.0,4,3.9798159761927434
day_1,Cold cloudy day,0.45,79,19.75,0.9147,0.0,20.0,4,4.021434083891278
day_1,Cold cloudy day,0.45,80,20.0,0.7235,0.0,20.0,4,4.062515045130101
day_1,Cold cloudy day,0.45,81,20.25,0.5357,0.0,20.0,4,4.102865487183714
day_1,Cold cloudy day,0.45,82,20.5,0.3519,0.0,20.0,4,4.1423564949017875
day_1,Cold cloudy day,0.45,83,20.75,0.1731,0.0,20.0,4,4.180773209700435
day_1,Cold cloudy day,0.45,84,21.0,-0.0,0.0,20.0,4,4.217965230570939
day_1,Cold cloudy day,0.45,85,21.25,-0.1667,0.0,20.0,4,4.2537821565045775
day_1,Cold cloudy day,0.45,86,21.5,-0.3263,0.0,20.0,4,4.288073586492632
day_1,Cold cloudy day,0.45,87,21.75,-0.478,0.0,20.0,4,4.320667633667996
day_1,Cold cloudy day,0.45,88,22.0,-0.6213,0.0,20.0,4,4.351456868738724
day_1,Cold cloudy day,0.45,89,22.25,-0.7555,0.0,20.0,4,4.380290890696099
day_1,Cold cloudy day,0.45,90,22.5,-0.8801,0.0,20.0,4,4.407062270248176
day_1,Cold cloudy day,0.45,91,22.75,-0.9944,0.0,20.0,4,4.431620606386238
day_1,Cold cloudy day,0.45,92,23.0,-1.0981,0.0,20.0,4,4.453901441535118
day_1,Cold cloudy day,0.45,93,23.25,-1.1906,0.0,20.0,4,4.473775860544486
day_1,Cold cloudy day,0.45,94,23.5,-1.2716,0.0,20.0,4,4.491179405839175
day_1,Cold cloudy day,0.45,95,23.75,-1.3408,0.0,20.0,4,4.506047619844021
day_1,Cold cloudy day,0.45,0,0.0,-1.3978,0.0,20.0,5,3.79904364893168
day_1,Cold cloudy day,0.45,1,0.25,-1.4424,0.0,20.0,5,3.8046843295594206
day_1,Cold cloudy day,0.45,2,0.5,-1.4743,0.0,20.0,5,3.8087188074075122
day_1,Cold cloudy day,0.45,3,0.75,-1.4936,0.0,20.0,5,3.811159729741938
day_1,Cold cloudy day,0.45,4,1.0,-1.5,0.0,20.0,5,3.8119691547647525
day_1,Cold cloudy day,0.45,5,1.25,-1.4936,0.0,20.0,5,3.811159729741938
day_1,Cold cloudy day,0.45,6,1.5,-1.4743,0.0,20.0,5,3.8087188074075122
day_1,Cold cloudy day,0.45,7,1.75,-1.4424,0.0,20.0,5,3.8046843295594206
day_1,Cold cloudy day,0.45,8,2.0,-1.3978,0.0,20.0,5,3.79904364893168
day_1,Cold cloudy day,0.45,9,2.25,-1.3408,0.0,20.0,5,3.791834707322237
day_1,Cold cloudy day,0.45,10,2.5,-1.2716,0.0,20.0,5,3.7830827992630525
day_1,Cold cloudy day,0.45,11,2.75,-1.1906,0.0,20.0,5,3.772838513818054
day_1,Cold cloudy day,0.45,12,3.0,-1.0981,0.0,20.0,5,3.761139792785185
day_1,Cold cloudy day,0.45,13,3.25,-0.9944,0.0,20.0,5,3.748024577962391
day_1,Cold cloudy day,0.45,14,3.5,-0.8801,0.0,20.0,5,3.7335687529455592
day_1,Cold cloudy day,0.45,15,3.75,-0.7555,0.0,20.0,5,3.7178102595326354
day_1,Cold cloudy day,0.45,16,4.0,-0.6213,0.0,20.0,5,3.7008376285854894
day_1,Cold cloudy day,0.45,17,4.25,-0.478,0.0,20.0,5,3.6827140964340295
day_1,Cold cloudy day,0.45,18,4.5,-0.3263,0.0,20.0,5,3.663528193940124
day_1,Cold cloudy day,0.45,19,4.75,-0.1667,0.0,20.0,5,3.643343157433682
day_1,Cold cloudy day,0.45,20,5.0,0.0,0.0,20.0,5,3.6222601650425554
day_1,Cold cloudy day,0.45,21,5.25,0.1731,0.0,20.0,5,3.6003677476286136
day_1,Cold cloudy day,0.45,22,5.5,0.3519,0.0,20.0,5,3.577754436053728
day_1,Cold cloudy day,0.45,23,5.75,0.5357,0.0,20.0,5,3.5545087611797683
day_1,Cold cloudy day,0.45,24,6.0,0.7235,0.0,20.0,5,3.530757195666548
day_1,Cold cloudy day,0.45,25,6.25,0.9147,0.0,20.0,5,3.506575623109959
day_1,Cold cloudy day,0.45,26,6.5,1.1084,0.0,20.0,5,3.4820778689038328
day_1,Cold cloudy day,0.45,27,6.75,1.3038,0.0,20.0,5,3.4573651111760215
day_1,Cold cloudy day,0.45,28,7.0,1.5,0.0,20.0,5,3.4325511753203575
day_1,Cold cloudy day,0.45,29,7.25,1.6962,4.5782,20.0,5,3.380450843638899
day_1,Cold cloudy day,0.45,30,7.5,1.8916,9.1368,20.0,5,3.328568507471643
day_1,Cold cloudy day,0.45,31,7.75,2.0853,13.6563,20.0,5,3.2771342135916965
day_1,Cold cloudy day,0.45,32,8.0,2.2765,18.1173,20.0,5,3.2263647654991177
day_1,Cold cloudy day,0.45,33,8.25,2.4643,22.5008,20.0,5,3.176487229931647
day_1,Cold cloudy day,0.45,34,8.5,2.6481,26.7878,20.0,5,3.1276907318290865
day_1,Cold cloudy day,0.45,35,8.75,2.8269,30.9602,20.0,5,3.0802096211314995
day_1,Cold cloudy day,0.45,36,9.0,3.0,35.0,20.0,5,3.034239709973937
day_1,Cold cloudy day,0.45,37,9.25,3.1667,38.8899,20.0,5,2.9899726384419347
day_1,Cold cloudy day,0.45,38,9.5,3.3263,42.6133,20.0,5,2.9475958745715145
day_1,Cold cloudy day,0.45,39,9.75,3.478,46.1542,20.0,5,2.9073059576222433
day_1,Cold cloudy day,0.45,40,10.0,3.6213,49.4975,20.0,5,2.8692561209920835
day_1,Cold cloudy day,0.45,41,10.25,3.7555,52.6288,20.0,5,2.8336207205614485
day_1,Cold cloudy day,0.45,42,10.5,3.8801,55.5347,20.0,5,2.8005428576080553
day_1,Cold cloudy day,0.45,43,10.75,3.9944,58.2029,20.0,5,2.7701843718637797
day_1,Cold cloudy day,0.45,44,11.0,4.0981,60.6218,20.0,5,2.7426523419470588
day_1,Cold cloudy day,0.45,45,11.25,4.1906,62.7811,20.0,5,2.7180840401823216
day_1,Cold cloudy day,0.45,46,11.5,4.2716,64.6716,20.0,5,2.6965722410182487
day_1,Cold cloudy day,0.45,47,11.75,4.3408,66.2851,20.0,5,2.6782037588327876
day_1,Cold cloudy day,0.45,48,12.0,4.3978,67.6148,20.0,5,2.6630697111708432
day_1,Cold cloudy day,0.45,49,12.25,4.4424,68.655,20.0,5,2.651229364967552
day_1,Cold cloudy day,0.45,50,12.5,4.4743,69.4011,20.0,5,2.6427480783462247
day_1,Cold cloudy day,0.45,51,12.75,4.4936,69.8501,20.0,5,2.6376310842530764
day_1,Cold cloudy day,0.45,52,13.0,4.5,70.0,20.0,5,2.635928244627517
day_1,Cold cloudy day,0.45,53,13.25,4.4936,69.8501,20.0,5,2.6376310842530764
day_1,Cold cloudy day,0.45,54,13.5,4.4743,69.4011,20.0,5,2.6427480783462247
day_1,Cold cloudy day,0.45,55,13.75,4.4424,68.655,20.0,5,2.651229364967552
day_1,Cold cloudy day,0.45,56,14.0,4.3978,67.6148,20.0,5,2.6630697111708432
day_1,Cold cloudy day,0.45,57,14.25,4.3408,66.2851,20.0,5,2.6782037588327876
day_1,Cold cloudy day,0.45,58,14.5,4.2716,64.6716,20.0,5,2.6965722410182487
day_1,Cold cloudy day,0.45,59,14.75,4.1906,62.7811,20.0,5,2.7180840401823216
day_1,Cold cloudy day,0.45,60,15.0,4.0981,60.6218,20.0,5,2.7426523419470588
day_1,Cold cloudy day,0.45,61,15.25,3.9944,58.2029,20.0,5,2.7701843718637797
day_1,Cold cloudy day,0.45,62,15.5,3.8801,55.5347,20.0,5,2.8005428576080553
day_1,Cold cloudy day,0.45,63,15.75,3.7555,52.6288,20.0,5,2.8336207205614485
day_1,Cold cloudy day,0.45,64,16.0,3.6213,49.4975,20.0,5,2.8692561209920835
day_1,Cold cloudy day,0.45,65,16.25,3.478,46.1542,20.0,5,2.9073059576222433
day_1,Cold cloudy day,0.45,66,16.5,3.3263,42.6133,20.0,5,2.9475958745715145
day_1,Cold cloudy day,0.45,67,16.75,3.1667,38.8899,20.0,5,2.9899726384419347
day_1,Cold cloudy day,0.45,68,17.0,3.0,35.0,20.0,5,3.034239709973937
day_1,Cold cloudy day,0.45,69,17.25,2.8269,30.9602,20.0,5,3.0802096211314995
day_1,Cold cloudy day,0.45,70,17.5,2.6481,26.7878,20.0,5,3.1276907318290865
day_1,Cold cloudy day,0.45,71,17.75,2.4643,22.5008,20.0,5,3.176487229931647
day_1,Cold cloudy day,0.45,72,18.0,2.2765,18.1173,20.0,5,3.2263647654991177
day_1,Cold cloudy day,0.45,73,18.25,2.0853,13.6563,20.0,5,3.2771342135916965
day_1,Cold cloudy day,0.45,74,18.5,1.8916,9.1368,20.0,5,3.328568507471643
day_1,Cold cloudy day,0.45,75,18.75,1.6962,4.5782,20.0,5,3.380450843638899
day_1,Cold cloudy day,0.45,76,19.0,1.5,0.0,20.0,5,3.4325511753203575
day_1,Cold cloudy day,0.45,77,19.25,1.3038,0.0,20.0,5,3.4573651111760215
day_1,Cold cloudy day,0.45,78,19.5,1.1084,0.0,20.0,5,3.4820778689038328
day_1,Cold cloudy day,0.45,79,19.75,0.9147,0.0,20.0,5,3.506575623109959
day_1,Cold cloudy day,0.45,80,20.0,0.7235,0.0,20.0,5,3.530757195666548
day_1,Cold cloudy day,0.45,81,20.25,0.5357,0.0,20.0,5,3.5545087611797683
day_1,Cold cloudy day,0.45,82,20.5,0.3519,0.0,20.0,5,3.577754436053728
day_1,Cold cloudy day,0.45,83,20.75,0.1731,0.0,20.0,5,3.6003677476286136
day_1,Cold cloudy day,0.45,84,21.0,-0.0,0.0,20.0,5,3.6222601650425554
day_1,Cold cloudy day,0.45,85,21.25,-0.1667,0.0,20.0,5,3.643343157433682
day_1,Cold cloudy day,0.45,86,21.5,-0.3263,0.0,20.0,5,3.663528193940124
day_1,Cold cloudy day,0.45,87,21.75,-0.478,0.0,20.0,5,3.6827140964340295
day_1,Cold cloudy day,0.45,88,22.0,-0.6213,0.0,20.0,5,3.7008376285854894
day_1,Cold cloudy day,0.45,89,22.25,-0.7555,0.0,20.0,5,3.7178102595326354
day_1,Cold cloudy day,0.45,90,22.5,-0.8801,0.0,20.0,5,3.7335687529455592
day_1,Cold cloudy day,0.45,91,22.75,-0.9944,0.0,20.0,5,3.748024577962391
day_1,Cold cloudy day,0.45,92,23.0,-1.0981,0.0,20.0,5,3.761139792785185
day_1,Cold cloudy day,0.45,93,23.25,-1.1906,0.0,20.0,5,3.772838513818054
day_1,Cold cloudy day,0.45,94,23.5,-1.2716,0.0,20.0,5,3.7830827992630525
day_1,Cold cloudy day,0.45,95,23.75,-1.3408,0.0,20.0,5,3.791834707322237
day_1,Cold cloudy day,0.45,0,0.0,-1.3978,0.0,20.0,6,5.607680323511978
day_1,Cold cloudy day,0.45,1,0.25,-1.4424,0.0,20.0,6,5.620448075568866
day_1,Cold cloudy day,0.45,2,0.5,-1.4743,0.0,20.0,6,5.6295801672866865
day_1,Cold cloudy day,0.45,3,0.75,-1.4936,0.0,20.0,6,5.635105225912202
day_1,Cold cloudy day,0.45,4,1.0,-1.5,0.0,20.0,6,5.6369373697051195
day_1,Cold cloudy day,0.45,5,1.25,-1.4936,0.0,20.0,6,5.635105225912202
day_1,Cold cloudy day,0.45,6,1.5,-1.4743,0.0,20.0,6,5.6295801672866865
day_1,Cold cloudy day,0.45,7,1.75,-1.4424,0.0,20.0,6,5.620448075568866
day_1,Cold cloudy day,0.45,8,2.0,-1.3978,0.0,20.0,6,5.607680323511978
day_1,Cold cloudy day,0.45,9,2.25,-1.3408,0.0,20.0,6,5.591362792856312
day_1,Cold cloudy day,0.45,10,2.5,-1.2716,0.0,20.0,6,5.571552738095399
day_1,Cold cloudy day,0.45,11,2.75,-1.1906,0.0,20.0,6,5.548364668216296
day_1,Cold cloudy day,0.45,12,3.0,-1.0981,0.0,20.0,6,5.521884464959294
day_1,Cold cloudy day,0.45,13,3.25,-0.9944,0.0,20.0,6,5.492198010064689
day_1,Cold cloudy day,0.45,14,3.5,-0.8801,0.0,20.0,6,5.459477067013065
day_1,Cold cloudy day,0.45,15,3.75,-0.7555,0.0,20.0,6,5.4238075175447165
day_1,Cold cloudy day,0.45,16,4.0,-0.6213,0.0,20.0,6,5.385389752386992
day_1,Cold cloudy day,0.45,17,4.25,-0.478,0.0,20.0,6,5.344366907773713
day_1,Cold cloudy day,0.45,18,4.5,-0.3263,0.0,20.0,6,5.300939374432231
day_1,Cold cloudy day,0.45,19,4.75,-0.1667,0.0,20.0,6,5.255250288596367
day_1,Cold cloudy day,0.45,20,5.0,0.0,0.0,20.0,6,5.207528668240236
day_1,Cold cloudy day,0.45,21,5.25,0.1731,0.0,20.0,6,5.157974904091189
day_1,Cold cloudy day,0.45,22,5.5,0.3519,0.0,20.0,6,5.106789386876574
day_1,Cold cloudy day,0.45,23,5.75,0.5357,0.0,20.0,6,5.054172507323745
day_1,Cold cloudy day,0.45,24,6.0,0.7235,0.0,20.0,6,5.000410537900342
day_1,Cold cloudy day,0.45,25,6.25,0.9147,0.0,20.0,6,4.945675242086951
day_1,Cold cloudy day,0.45,26,6.5,1.1084,0.0,20.0,6,4.890224265104452
day_1,Cold cloudy day,0.45,27,6.75,1.3038,0.0,20.0,6,4.8342866249269605
day_1,Cold cloudy day,0.45,28,7.0,1.5,0.0,20.0,6,4.778119966775353
day_1,Cold cloudy day,0.45,29,7.25,1.6962,4.5782,20.0,6,4.703417660932834
day_1,Cold cloudy day,0.45,30,7.5,1.8916,9.1368,20.0,6,4.6290237271107255
day_1,Cold cloudy day,0.45,31,7.75,2.0853,13.6563,20.0,6,4.555274759708613
day_1,Cold cloudy day,0.45,32,8.0,2.2765,18.1173,20.0,6,4.48247832101174
day_1,Cold cloudy day,0.45,33,8.25,2.4643,22.5008,20.0,6,4.41096898108178
day_1,Cold cloudy day,0.45,34,8.5,2.6481,26.7878,20.0,6,4.340995428240117
day_1,Cold cloudy day,0.45,35,8.75,2.8269,30.9602,20.0,6,4.272917215986936
day_1,Cold cloudy day,0.45,36,9.0,3.0,35.0,20.0,6,4.207007611214555
day_1,Cold cloudy day,0.45,37,9.25,3.1667,38.8899,20.0,6,4.143537046742205
day_1,Cold cloudy day,0.45,38,9.5,3.3263,42.6133,20.0,6,4.082773121316036
day_1,Cold cloudy day,0.45,39,9.75,3.478,46.1542,20.0,6,4.02500963172346
day_1,Cold cloudy day,0.45,40,10.0,3.6213,49.4975,20.0,6,3.9704508492033566
day_1,Cold cloudy day,0.45,41,10.25,3.7555,52.6288,20.0,6,3.919355465415045
day_1,Cold cloudy day,0.45,42,10.5,3.8801,55.5347,20.0,6,3.871920868848487
day_1,Cold cloudy day,0.45,43,10.75,3.9944,58.2029,20.0,6,3.8283972489437574
day_1,Cold cloudy day,0.45,44,11.0,4.0981,60.6218,20.0,6,3.7889174520807916
day_1,Cold cloudy day,0.45,45,11.25,4.1906,62.7811,20.0,6,3.753694943101238
day_1,Cold cloudy day,0.45,46,11.5,4.2716,64.6716,20.0,6,3.7228528515630397
day_1,Cold cloudy day,0.45,47,11.75,4.3408,66.2851,20.0,6,3.696510258348304
day_1,Cold cloudy day,0.45,48,12.0,4.3978,67.6148,20.0,6,3.6748092034397435
day_1,Cold cloudy day,0.45,49,12.25,4.4424,68.655,20.0,6,3.6578300187831236
day_1,Cold cloudy day,0.45,50,12.5,4.4743,69.4011,20.0,6,3.645677210027562
day_1,Cold cloudy day,0.45,51,12.75,4.4936,69.8501,20.0,6,3.6383342959537885
day_1,Cold cloudy day,0.45,52,13.0,4.5,70.0,20.0,6,3.635895255653757
day_1,Cold cloudy day,0.45,53,13.25,4.4936,69.8501,20.0,6,3.6383342959537885
day_1,Cold cloudy day,0.45,54,13.5,4.4743,69.4011,20.0,6,3.645677210027562
day_1,Cold cloudy day,0.45,55,13.75,4.4424,68.655,20.0,6,3.6578300187831236
day_1,Cold cloudy day,0.45,56,14.0,4.3978,67.6148,20.0,6,3.6748092034397435
day_1,Cold cloudy day,0.45,57,14.25,4.3408,66.2851,20.0,6,3.696510258348304
day_1,Cold cloudy day,0.45,58,14.5,4.2716,64.6716,20.0,6,3.7228528515630397
day_1,Cold cloudy day,0.45,59,14.75,4.1906,62.7811,20.0,6,3.753694943101238
day_1,Cold cloudy day,0.45,60,15.0,4.0981,60.6218,20.0,6,3.7889174520807916
day_1,Cold cloudy day,0.45,61,15.25,3.9944,58.2029,20.0,6,3.8283972489437574
day_1,Cold cloudy day,0.45,62,15.5,3.8801,55.5347,20.0,6,3.871920868848487
day_1,Cold cloudy day,0.45,63,15.75,3.7555,52.6288,20.0,6,3.919355465415045
day_1,Cold cloudy day,0.45,64,16.0,3.6213,49.4975,20.0,6,3.9704508492033566
day_1,Cold cloudy day,0.45,65,16.25,3.478,46.1542,20.0,6,4.02500963172346
day_1,Cold cloudy day,0.45,66,16.5,3.3263,42.6133,20.0,6,4.082773121316036
day_1,Cold cloudy day,0.45,67,16.75,3.1667,38.8899,20.0,6,4.143537046742205
day_1,Cold cloudy day,0.45,68,17.0,3.0,35.0,20.0,6,4.207007611214555
day_1,Cold cloudy day,0.45,69,17.25,2.8269,30.9602,20.0,6,4.272917215986936
day_1,Cold cloudy day,0.45,70,17.5,2.6481,26.7878,20.0,6,4.340995428240117
day_1,Cold cloudy day,0.45,71,17.75,2.4643,22.5008,20.0,6,4.41096898108178
day_1,Cold cloudy day,0.45,72,18.0,2.2765,18.1173,20.0,6,4.48247832101174
day_1,Cold cloudy day,0.45,73,18.25,2.0853,13.6563,20.0,6,4.555274759708613
day_1,Cold cloudy day,0.45,74,18.5,1.8916,9.1368,20.0,6,4.6290237271107255
day_1,Cold cloudy day,0.45,75,18.75,1.6962,4.5782,20.0,6,4.703417660932834
day_1,Cold cloudy day,0.45,76,19.0,1.5,0.0,20.0,6,4.778119966775353
day_1,Cold cloudy day,0.45,77,19.25,1.3038,0.0,20.0,6,4.8342866249269605
day_1,Cold cloudy day,0.45,78,19.5,1.1084,0.0,20.0,6,4.890224265104452
day_1,Cold cloudy day,0.45,79,19.75,0.9147,0.0,20.0,6,4.945675242086951
day_1,Cold cloudy day,0.45,80,20.0,0.7235,0.0,20.0,6,5.000410537900342
day_1,Cold cloudy day,0.45,81,20.25,0.5357,0.0,20.0,6,5.054172507323745
day_1,Cold cloudy day,0.45,82,20.5,0.3519,0.0,20.0,6,5.106789386876574
day_1,Cold cloudy day,0.45,83,20.75,0.1731,0.0,20.0,6,5.157974904091189
day_1,Cold cloudy day,0.45,84,21.0,-0.0,0.0,20.0,6,5.207528668240236
day_1,Cold cloudy day,0.45,85,21.25,-0.1667,0.0,20.0,6,5.255250288596367
day_1,Cold cloudy day,0.45,86,21.5,-0.3263,0.0,20.0,6,5.300939374432231
day_1,Cold cloudy day,0.45,87,21.75,-0.478,0.0,20.0,6,5.344366907773713
day_1,Cold cloudy day,0.45,88,22.0,-0.6213,0.0,20.0,6,5.385389752386992
day_1,Cold cloudy day,0.45,89,22.25,-0.7555,0.0,20.0,6,5.4238075175447165
day_1,Cold cloudy day,0.45,90,22.5,-0.8801,0.0,20.0,6,5.459477067013065
day_1,Cold cloudy day,0.45,91,22.75,-0.9944,0.0,20.0,6,5.492198010064689
day_1,Cold cloudy day,0.45,92,23.0,-1.0981,0.0,20.0,6,5.521884464959294
day_1,Cold cloudy day,0.45,93,23.25,-1.1906,0.0,20.0,6,5.548364668216296
day_1,Cold cloudy day,0.45,94,23.5,-1.2716,0.0,20.0,6,5.571552738095399
day_1,Cold cloudy day,0.45,95,23.75,-1.3408,0.0,20.0,6,5.591362792856312
day_1,Cold cloudy day,0.45,0,0.0,-1.3978,0.0,20.0,building_1,3.119540109773461
day_1,Cold cloudy day,0.45,1,0.25,-1.4424,0.0,20.0,building_1,3.1234153364346455
day_1,Cold cloudy day,0.45,2,0.5,-1.4743,0.0,20.0,building_1,3.126187079270784
day_1,Cold cloudy day,0.45,3,0.75,-1.4936,0.0,20.0,building_1,3.127864027130893
day_1,Cold cloudy day,0.45,4,1.0,-1.5,0.0,20.0,building_1,3.128420113467924
day_1,Cold cloudy day,0.45,5,1.25,-1.4936,0.0,20.0,building_1,3.127864027130893
day_1,Cold cloudy day,0.45,6,1.5,-1.4743,0.0,20.0,building_1,3.126187079270784
day_1,Cold cloudy day,0.45,7,1.75,-1.4424,0.0,20.0,building_1,3.1234153364346455
day_1,Cold cloudy day,0.45,8,2.0,-1.3978,0.0,20.0,building_1,3.119540109773461
day_1,Cold cloudy day,0.45,9,2.25,-1.3408,0.0,20.0,building_1,3.11458746583428
day_1,Cold cloudy day,0.45,10,2.5,-1.2716,0.0,20.0,building_1,3.1085747823151326
day_1,Cold cloudy day,0.45,11,2.75,-1.1906,0.0,20.0,building_1,3.1015368146120856
day_1,Cold cloudy day,0.45,12,3.0,-1.0981,0.0,20.0,building_1,3.093499629272185
day_1,Cold cloudy day,0.45,13,3.25,-0.9944,0.0,20.0,building_1,3.0844892928424814
day_1,Cold cloudy day,0.45,14,3.5,-0.8801,0.0,20.0,building_1,3.07455793841707
day_1,Cold cloudy day,0.45,15,3.75,-0.7555,0.0,20.0,building_1,3.063731632542999
day_1,Cold cloudy day,0.45,16,4.0,-0.6213,0.0,20.0,building_1,3.0520711971633823
day_1,Cold cloudy day,0.45,17,4.25,-0.478,0.0,20.0,building_1,3.0396200765232995
day_1,Cold cloudy day,0.45,18,4.5,-0.3263,0.0,20.0,building_1,3.0264390925658633
day_1,Cold cloudy day,0.45,19,4.75,-0.1667,0.0,20.0,building_1,3.0125716895361547
day_1,Cold cloudy day,0.45,20,5.0,0.0,0.0,20.0,building_1,2.9980873782263027
day_1,Cold cloudy day,0.45,21,5.25,0.1731,0.0,20.0,building_1,2.9830469805794193
day_1,Cold cloudy day,0.45,22,5.5,0.3519,0.0,20.0,building_1,2.9675113185386186
day_1,Cold cloudy day,0.45,23,5.75,0.5357,0.0,20.0,building_1,2.951541214047012
day_1,Cold cloudy day,0.45,24,6.0,0.7235,0.0,20.0,building_1,2.9352235555947606
day_1,Cold cloudy day,0.45,25,6.25,0.9147,0.0,20.0,building_1,2.918610476275962
day_1,Cold cloudy day,0.45,26,6.5,1.1084,0.0,20.0,building_1,2.9017801757317607
day_1,Cold cloudy day,0.45,27,6.75,1.3038,0.0,20.0,building_1,2.8848021647542854
day_1,Cold cloudy day,0.45,28,7.0,1.5,0.0,20.0,building_1,2.867754642984681
day_1,Cold cloudy day,0.45,29,7.25,1.6962,4.5782,20.0,building_1,2.8341063751274036
day_1,Cold cloudy day,0.45,30,7.5,1.8916,9.1368,20.0,building_1,2.800598688488037
day_1,Cold cloudy day,0.45,31,7.75,2.0853,13.6563,20.0,building_1,2.7673804905292974
day_1,Cold cloudy day,0.45,32,8.0,2.2765,18.1173,20.0,building_1,2.7345916372606682
day_1,Cold cloudy day,0.45,33,8.25,2.4643,22.5008,20.0,building_1,2.702379223123799
day_1,Cold cloudy day,0.45,34,8.5,2.6481,26.7878,20.0,building_1,2.6708642760132904
day_1,Cold cloudy day,0.45,35,8.75,2.8269,30.9602,20.0,building_1,2.6401993157818877
day_1,Cold cloudy day,0.45,36,9.0,3.0,35.0,20.0,building_1,2.6105104331310764
day_1,Cold cloudy day,0.45,37,9.25,3.1667,38.8899,20.0,building_1,2.5819211805328486
day_1,Cold cloudy day,0.45,38,9.5,3.3263,42.6133,20.0,building_1,2.554552572229704
day_1,Cold cloudy day,0.45,39,9.75,3.478,46.1542,20.0,building_1,2.5285321356878803
day_1,Cold cloudy day,0.45,40,10.0,3.6213,49.4975,20.0,building_1,2.5039580683886475
day_1,Cold cloudy day,0.45,41,10.25,3.7555,52.6288,20.0,building_1,2.480943407281816
day_1,Cold cloudy day,0.45,42,10.5,3.8801,55.5347,20.0,building_1,2.4595801855770327
day_1,Cold cloudy day,0.45,43,10.75,3.9944,58.2029,20.0,building_1,2.4399738255356294
day_1,Cold cloudy day,0.45,44,11.0,4.0981,60.6218,20.0,building_1,2.4221924557933847
day_1,Cold cloudy day,0.45,45,11.25,4.1906,62.7811,20.0,building_1,2.4063255576783513
day_1,Cold cloudy day,0.45,46,11.5,4.2716,64.6716,20.0,building_1,2.3924325573251912
day_1,Cold cloudy day,0.45,47,11.75,4.3408,66.2851,20.0,building_1,2.380569254826432
day_1,Cold cloudy day,0.45,48,12.0,4.3978,67.6148,20.0,building_1,2.3707950626646346
day_1,Cold cloudy day,0.45,49,12.25,4.4424,68.655,20.0,building_1,2.3631480269779823
day_1,Cold cloudy day,0.45,50,12.5,4.4743,69.4011,20.0,building_1,2.357670894107329
day_1,Cold cloudy day,0.45,51,12.75,4.4936,69.8501,20.0,building_1,2.354365853330055
day_1,Cold cloudy day,0.45,52,13.0,4.5,70.0,20.0,building_1,2.3532662232774717
day_1,Cold cloudy day,0.45,53,13.25,4.4936,69.8501,20.0,building_1,2.354365853330055
day_1,Cold cloudy day,0.45,54,13.5,4.4743,69.4011,20.0,building_1,2.357670894107329
day_1,Cold cloudy day,0.45,55,13.75,4.4424,68.655,20.0,building_1,2.3631480269779823
day_1,Cold cloudy day,0.45,56,14.0,4.3978,67.6148,20.0,building_1,2.3707950626646346
day_1,Cold cloudy day,0.45,57,14.25,4.3408,66.2851,20.0,building_1,2.380569254826432
day_1,Cold cloudy day,0.45,58,14.5,4.2716,64.6716,20.0,building_1,2.3924325573251912
day_1,Cold cloudy day,0.45,59,14.75,4.1906,62.7811,20.0,building_1,2.4063255576783513
day_1,Cold cloudy day,0.45,60,15.0,4.0981,60.6218,20.0,building_1,2.4221924557933847
day_1,Cold cloudy day,0.45,61,15.25,3.9944,58.2029,20.0,building_1,2.4399738255356294
day_1,Cold cloudy day,0.45,62,15.5,3.8801,55.5347,20.0,building_1,2.4595801855770327
day_1,Cold cloudy day,0.45,63,15.75,3.7555,52.6288,20.0,building_1,2.480943407281816
day_1,Cold cloudy day,0.45,64,16.0,3.6213,49.4975,20.0,building_1,2.5039580683886475
day_1,Cold cloudy day,0.45,65,16.25,3.478,46.1542,20.0,building_1,2.5285321356878803
day_1,Cold cloudy day,0.45,66,16.5,3.3263,42.6133,20.0,building_1,2.554552572229704
day_1,Cold cloudy day,0.45,67,16.75,3.1667,38.8899,20.0,building_1,2.5819211805328486
day_1,Cold cloudy day,0.45,68,17.0,3.0,35.0,20.0,building_1,2.6105104331310764
day_1,Cold cloudy day,0.45,69,17.25,2.8269,30.9602,20.0,building_1,2.6401993157818877
day_1,Cold cloudy day,0.45,70,17.5,2.6481,26.7878,20.0,building_1,2.6708642760132904
day_1,Cold cloudy day,0.45,71,17.75,2.4643,22.5008,20.0,building_1,2.702379223123799
day_1,Cold cloudy day,0.45,72,18.0,2.2765,18.1173,20.0,building_1,2.7345916372606682
day_1,Cold cloudy day,0.45,73,18.25,2.0853,13.6563,20.0,building_1,2.7673804905292974
day_1,Cold cloudy day,0.45,74,18.5,1.8916,9.1368,20.0,building_1,2.800598688488037
day_1,Cold cloudy day,0.45,75,18.75,1.6962,4.5782,20.0,building_1,2.8341063751274036
day_1,Cold cloudy day,0.45,76,19.0,1.5,0.0,20.0,building_1,2.867754642984681
day_1,Cold cloudy day,0.45,77,19.25,1.3038,0.0,20.0,building_1,2.8848021647542854
day_1,Cold cloudy day,0.45,78,19.5,1.1084,0.0,20.0,building_1,2.9017801757317607
day_1,Cold cloudy day,0.45,79,19.75,0.9147,0.0,20.0,building_1,2.918610476275962
day_1,Cold cloudy day,0.45,80,20.0,0.7235,0.0,20.0,building_1,2.9352235555947606
day_1,Cold cloudy day,0.45,81,20.25,0.5357,0.0,20.0,building_1,2.951541214047012
day_1,Cold cloudy day,0.45,82,20.5,0.3519,0.0,20.0,building_1,2.9675113185386186
day_1,Cold cloudy day,0.45,83,20.75,0.1731,0.0,20.0,building_1,2.9830469805794193
day_1,Cold cloudy day,0.45,84,21.0,-0.0,0.0,20.0,building_1,2.9980873782263027
day_1,Cold cloudy day,0.45,85,21.25,-0.1667,0.0,20.0,building_1,3.0125716895361547
day_1,Cold cloudy day,0.45,86,21.5,-0.3263,0.0,20.0,building_1,3.0264390925658633
day_1,Cold cloudy day,0.45,87,21.75,-0.478,0.0,20.0,building_1,3.0396200765232995
day_1,Cold cloudy day,0.45,88,22.0,-0.6213,0.0,20.0,building_1,3.0520711971633823
day_1,Cold cloudy day,0.45,89,22.25,-0.7555,0.0,20.0,building_1,3.063731632542999
day_1,Cold cloudy day,0.45,90,22.5,-0.8801,0.0,20.0,building_1,3.07455793841707
day_1,Cold cloudy day,0.45,91,22.75,-0.9944,0.0,20.0,building_1,3.0844892928424814
day_1,Cold cloudy day,0.45,92,23.0,-1.0981,0.0,20.0,building_1,3.093499629272185
day_1,Cold cloudy day,0.45,93,23.25,-1.1906,0.0,20.0,building_1,3.1015368146120856
day_1,Cold cloudy day,0.45,94,23.5,-1.2716,0.0,20.0,building_1,3.1085747823151326
day_1,Cold cloudy day,0.45,95,23.75,-1.3408,0.0,20.0,building_1,3.11458746583428
day_1,Cold cloudy day,0.45,0,0.0,-1.3978,0.0,20.0,building_2,4.463739972784118
day_1,Cold cloudy day,0.45,1,0.25,-1.4424,0.0,20.0,building_2,4.475073606588533
day_1,Cold cloudy day,0.45,2,0.5,-1.4743,0.0,20.0,building_2,4.48317995004954
day_1,Cold cloudy day,0.45,3,0.75,-1.4936,0.0,20.0,building_2,4.488084414902124
day_1,Cold cloudy day,0.45,4,1.0,-1.5,0.0,20.0,building_2,4.4897107659413225
day_1,Cold cloudy day,0.45,5,1.25,-1.4936,0.0,20.0,building_2,4.488084414902124
day_1,Cold cloudy day,0.45,6,1.5,-1.4743,0.0,20.0,building_2,4.48317995004954
day_1,Cold cloudy day,0.45,7,1.75,-1.4424,0.0,20.0,building_2,4.475073606588533
day_1,Cold cloudy day,0.45,8,2.0,-1.3978,0.0,20.0,building_2,4.463739972784118
day_1,Cold cloudy day,0.45,9,2.25,-1.3408,0.0,20.0,building_2,4.449255283841254
day_1,Cold cloudy day,0.45,10,2.5,-1.2716,0.0,20.0,building_2,4.431670363229917
day_1,Cold cloudy day,0.45,11,2.75,-1.1906,0.0,20.0,building_2,4.411086857890057
day_1,Cold cloudy day,0.45,12,3.0,-1.0981,0.0,20.0,building_2,4.387581003026637
day_1,Cold cloudy day,0.45,13,3.25,-0.9944,0.0,20.0,building_2,4.361229033844619
day_1,Cold cloudy day,0.45,14,3.5,-0.8801,0.0,20.0,building_2,4.332183420753928
day_1,Cold cloudy day,0.45,15,3.75,-0.7555,0.0,20.0,building_2,4.300520398959528
day_1,Cold cloudy day,0.45,16,4.0,-0.6213,0.0,20.0,building_2,4.266417850606329
day_1,Cold cloudy day,0.45,17,4.25,-0.478,0.0,20.0,building_2,4.230002834369269
day_1,Cold cloudy day,0.45,18,4.5,-0.3263,0.0,20.0,building_2,4.19145323239326
day_1,Cold cloudy day,0.45,19,4.75,-0.1667,0.0,20.0,building_2,4.15089610335324
day_1,Cold cloudy day,0.45,20,5.0,0.0,0.0,20.0,building_2,4.10853474112911
day_1,Cold cloudy day,0.45,21,5.25,0.1731,0.0,20.0,building_2,4.06454702786578
day_1,Cold cloudy day,0.45,22,5.5,0.3519,0.0,20.0,building_2,4.019110845708164
day_1,Cold cloudy day,0.45,23,5.75,0.5357,0.0,20.0,building_2,3.9724040768011752
day_1,Cold cloudy day,0.45,24,6.0,0.7235,0.0,20.0,building_2,3.9246808384946856
day_1,Cold cloudy day,0.45,25,6.25,0.9147,0.0,20.0,building_2,3.8760936011986225
day_1,Cold cloudy day,0.45,26,6.5,1.1084,0.0,20.0,building_2,3.826871070527872
day_1,Cold cloudy day,0.45,27,6.75,1.3038,0.0,20.0,building_2,3.7772165403623346
day_1,Cold cloudy day,0.45,28,7.0,1.5,0.0,20.0,building_2,3.727358716316897
day_1,Cold cloudy day,0.45,29,7.25,1.6962,4.5782,20.0,building_2,3.6643832360469855
day_1,Cold cloudy day,0.45,30,7.5,1.8916,9.1368,20.0,building_2,3.6016672084228647
day_1,Cold cloudy day,0.45,31,7.75,2.0853,13.6563,20.0,building_2,3.539495211300996
day_1,Cold cloudy day,0.45,32,8.0,2.2765,18.1173,20.0,building_2,3.478126124278538
day_1,Cold cloudy day,0.45,33,8.25,2.4643,22.5008,20.0,building_2,3.417843092590374
day_1,Cold cloudy day,0.45,34,8.5,2.6481,26.7878,20.0,building_2,3.3588530262664253
day_1,Cold cloudy day,0.45,35,8.75,2.8269,30.9602,20.0,building_2,3.301461903557721
day_1,Cold cloudy day,0.45,36,9.0,3.0,35.0,20.0,building_2,3.2458991809860107
day_1,Cold cloudy day,0.45,37,9.25,3.1667,38.8899,20.0,building_2,3.192392309402835
day_1,Cold cloudy day,0.45,38,9.5,3.3263,42.6133,20.0,building_2,3.1411667339895226
day_1,Cold cloudy day,0.45,39,9.75,3.478,46.1542,20.0,building_2,3.092471592516498
day_1,Cold cloudy day,0.45,40,10.0,3.6213,49.4975,20.0,building_2,3.0464772088303773
day_1,Cold cloudy day,0.45,41,10.25,3.7555,52.6288,20.0,building_2,3.0034027245775468
day_1,Cold cloudy day,0.45,42,10.5,3.8801,55.5347,20.0,building_2,2.9634135926912535
day_1,Cold cloudy day,0.45,43,10.75,3.9944,58.2029,20.0,building_2,2.9267229378072512
day_1,Cold cloudy day,0.45,44,11.0,4.0981,60.6218,20.0,building_2,2.8934402319511294
day_1,Cold cloudy day,0.45,45,11.25,4.1906,62.7811,20.0,building_2,2.8637474575373396
day_1,Cold cloudy day,0.45,46,11.5,4.2716,64.6716,20.0,building_2,2.837747210007893
day_1,Cold cloudy day,0.45,47,11.75,4.3408,66.2851,20.0,building_2,2.8155392195616447
day_1,Cold cloudy day,0.45,48,12.0,4.3978,67.6148,20.0,building_2,2.7972446167920184
day_1,Cold cloudy day,0.45,49,12.25,4.4424,68.655,20.0,building_2,2.7829305570549874
day_1,Cold cloudy day,0.45,50,12.5,4.4743,69.4011,20.0,building_2,2.772686455674039
day_1,Cold cloudy day,0.45,51,12.75,4.4936,69.8501,20.0,building_2,2.7664954966436577
day_1,Cold cloudy day,0.45,52,13.0,4.5,70.0,20.0,building_2,2.7644396456551235
day_1,Cold cloudy day,0.45,53,13.25,4.4936,69.8501,20.0,building_2,2.7664954966436577
day_1,Cold cloudy day,0.45,54,13.5,4.4743,69.4011,20.0,building_2,2.772686455674039
day_1,Cold cloudy day,0.45,55,13.75,4.4424,68.655,20.0,building_2,2.7829305570549874
day_1,Cold cloudy day,0.45,56,14.0,4.3978,67.6148,20.0,building_2,2.7972446167920184
day_1,Cold cloudy day,0.45,57,14.25,4.3408,66.2851,20.0,building_2,2.8155392195616447
day_1,Cold cloudy day,0.45,58,14.5,4.2716,64.6716,20.0,building_2,2.837747210007893
day_1,Cold cloudy day,0.45,59,14.75,4.1906,62.7811,20.0,building_2,2.8637474575373396
day_1,Cold cloudy day,0.45,60,15.0,4.0981,60.6218,20.0,building_2,2.8934402319511294
day_1,Cold cloudy day,0.45,61,15.25,3.9944,58.2029,20.0,building_2,2.9267229378072512
day_1,Cold cloudy day,0.45,62,15.5,3.8801,55.5347,20.0,building_2,2.9634135926912535
day_1,Cold cloudy day,0.45,63,15.75,3.7555,52.6288,20.0,building_2,3.0034027245775468
day_1,Cold cloudy day,0.45,64,16.0,3.6213,49.4975,20.0,building_2,3.0464772088303773
day_1,Cold cloudy day,0.45,65,16.25,3.478,46.1542,20.0,building_2,3.092471592516498
day_1,Cold cloudy day,0.45,66,16.5,3.3263,42.6133,20.0,building_2,3.1411667339895226
day_1,Cold cloudy day,0.45,67,16.75,3.1667,38.8899,20.0,building_2,3.192392309402835
day_1,Cold cloudy day,0.45,68,17.0,3.0,35.0,20.0,building_2,3.2458991809860107
day_1,Cold cloudy day,0.45,69,17.25,2.8269,30.9602,20.0,building_2,3.301461903557721
day_1,Cold cloudy day,0.45,70,17.5,2.6481,26.7878,20.0,building_2,3.3588530262664253
day_1,Cold cloudy day,0.45,71,17.75,2.4643,22.5008,20.0,building_2,3.417843092590374
day_1,Cold cloudy day,0.45,72,18.0,2.2765,18.1173,20.0,building_2,3.478126124278538
day_1,Cold cloudy day,0.45,73,18.25,2.0853,13.6563,20.0,building_2,3.539495211300996
day_1,Cold cloudy day,0.45,74,18.5,1.8916,9.1368,20.0,building_2,3.6016672084228647
day_1,Cold cloudy day,0.45,75,18.75,1.6962,4.5782,20.0,building_2,3.6643832360469855
day_1,Cold cloudy day,0.45,76,19.0,1.5,0.0,20.0,building_2,3.727358716316897
day_1,Cold cloudy day,0.45,77,19.25,1.3038,0.0,20.0,building_2,3.7772165403623346
day_1,Cold cloudy day,0.45,78,19.5,1.1084,0.0,20.0,building_2,3.826871070527872
day_1,Cold cloudy day,0.45,79,19.75,0.9147,0.0,20.0,building_2,3.8760936011986225
day_1,Cold cloudy day,0.45,80,20.0,0.7235,0.0,20.0,building_2,3.9246808384946856
day_1,Cold cloudy day,0.45,81,20.25,0.5357,0.0,20.0,building_2,3.9724040768011752
day_1,Cold cloudy day,0.45,82,20.5,0.3519,0.0,20.0,building_2,4.019110845708164
day_1,Cold cloudy day,0.45,83,20.75,0.1731,0.0,20.0,building_2,4.06454702786578
day_1,Cold cloudy day,0.45,84,21.0,-0.0,0.0,20.0,building_2,4.10853474112911
day_1,Cold cloudy day,0.45,85,21.25,-0.1667,0.0,20.0,building_2,4.15089610335324
day_1,Cold cloudy day,0.45,86,21.5,-0.3263,0.0,20.0,building_2,4.19145323239326
day_1,Cold cloudy day,0.45,87,21.75,-0.478,0.0,20.0,building_2,4.230002834369269
day_1,Cold cloudy day,0.45,88,22.0,-0.6213,0.0,20.0,building_2,4.266417850606329
day_1,Cold cloudy day,0.45,89,22.25,-0.7555,0.0,20.0,building_2,4.300520398959528
day_1,Cold cloudy day,0.45,90,22.5,-0.8801,0.0,20.0,building_2,4.332183420753928
day_1,Cold cloudy day,0.45,91,22.75,-0.9944,0.0,20.0,building_2,4.361229033844619
day_1,Cold cloudy day,0.45,92,23.0,-1.0981,0.0,20.0,building_2,4.387581003026637
day_1,Cold cloudy day,0.45,93,23.25,-1.1906,0.0,20.0,building_2,4.411086857890057
day_1,Cold cloudy day,0.45,94,23.5,-1.2716,0.0,20.0,building_2,4.431670363229917
day_1,Cold cloudy day,0.45,95,23.75,-1.3408,0.0,20.0,building_2,4.449255283841254
day_1,Cold cloudy day,0.45,0,0.0,-1.3978,0.0,20.0,building_3,3.02001246534522
day_1,Cold cloudy day,0.45,1,0.25,-1.4424,0.0,20.0,building_3,3.0251143234498317
day_1,Cold cloudy day,0.45,2,0.5,-1.4743,0.0,20.0,building_3,3.02876341030044
day_1,Cold cloudy day,0.45,3,0.75,-1.4936,0.0,20.0,building_3,3.0309711650407767
day_1,Cold cloudy day,0.45,4,1.0,-1.5,0.0,20.0,building_3,3.0317032702396447
day_1,Cold cloudy day,0.45,5,1.25,-1.4936,0.0,20.0,building_3,3.0309711650407767
day_1,Cold cloudy day,0.45,6,1.5,-1.4743,0.0,20.0,building_3,3.02876341030044
day_1,Cold cloudy day,0.45,7,1.75,-1.4424,0.0,20.0,building_3,3.0251143234498317
day_1,Cold cloudy day,0.45,8,2.0,-1.3978,0.0,20.0,building_3,3.02001246534522
day_1,Cold cloudy day,0.45,9,2.25,-1.3408,0.0,20.0,building_3,3.0134921534178014
day_1,Cold cloudy day,0.45,10,2.5,-1.2716,0.0,20.0,building_3,3.00557626595504
day_1,Cold cloudy day,0.45,11,2.75,-1.1906,0.0,20.0,building_3,2.996310559531866
day_1,Cold cloudy day,0.45,12,3.0,-1.0981,0.0,20.0,building_3,2.9857293515794754
day_1,Cold cloudy day,0.45,13,3.25,-0.9944,0.0,20.0,building_3,2.973866959529066
day_1,Cold cloudy day,0.45,14,3.5,-0.8801,0.0,20.0,building_3,2.9607920182430316
day_1,Cold cloudy day,0.45,15,3.75,-0.7555,0.0,20.0,building_3,2.9465388451525687
day_1,Cold cloudy day,0.45,16,4.0,-0.6213,0.0,20.0,building_3,2.9311875142638035
day_1,Cold cloudy day,0.45,17,4.25,-0.478,0.0,20.0,building_3,2.9147952212953983
day_1,Cold cloudy day,0.45,18,4.5,-0.3263,0.0,20.0,building_3,2.8974420402534777
day_1,Cold cloudy day,0.45,19,4.75,-0.1667,0.0,20.0,building_3,2.879185166856705
day_1,Cold cloudy day,0.45,20,5.0,0.0,0.0,20.0,building_3,2.860116114254938
day_1,Cold cloudy day,0.45,21,5.25,0.1731,0.0,20.0,building_3,2.8403149564543027
day_1,Cold cloudy day,0.45,22,5.5,0.3519,0.0,20.0,building_3,2.819861767460926
day_1,Cold cloudy day,0.45,23,5.75,0.5357,0.0,20.0,building_3,2.7988366212809335
day_1,Cold cloudy day,0.45,24,6.0,0.7235,0.0,20.0,building_3,2.777353909351648
day_1,Cold cloudy day,0.45,25,6.25,0.9147,0.0,20.0,building_3,2.755482266535464
day_1,Cold cloudy day,0.45,26,6.5,1.1084,0.0,20.0,building_3,2.7333246451259723
day_1,Cold cloudy day,0.45,27,6.75,1.3038,0.0,20.0,building_3,2.7109725582730313
day_1,Cold cloudy day,0.45,28,7.0,1.5,0.0,20.0,building_3,2.6885289582702314
day_1,Cold cloudy day,0.45,29,7.25,1.6962,4.5782,20.0,building_3,2.6473890731647916
day_1,Cold cloudy day,0.45,30,7.5,1.8916,9.1368,20.0,building_3,2.6064207429697297
day_1,Cold cloudy day,0.45,31,7.75,2.0853,13.6563,20.0,building_3,2.5658065533628274
day_1,Cold cloudy day,0.45,32,8.0,2.2765,18.1173,20.0,building_3,2.525717242501805
day_1,Cold cloudy day,0.45,33,8.25,2.4643,22.5008,20.0,building_3,2.4863333541827974
day_1,Cold cloudy day,0.45,34,8.5,2.6481,26.7878,20.0,building_3,2.447801114770744
day_1,Cold cloudy day,0.45,35,8.75,2.8269,30.9602,20.0,building_3,2.4103088318185497
day_1,Cold cloudy day,0.45,36,9.0,3.0,35.0,20.0,building_3,2.3740100870715937
day_1,Cold cloudy day,0.45,37,9.25,3.1667,38.8899,20.0,building_3,2.33905560364095
day_1,Cold cloudy day,0.45,38,9.5,3.3263,42.6133,20.0,building_3,2.30559324600339
day_1,Cold cloudy day,0.45,39,9.75,3.478,46.1542,20.0,building_3,2.273779867521441
day_1,Cold cloudy day,0.45,40,10.0,3.6213,49.4975,20.0,building_3,2.2437343287394715
day_1,Cold cloudy day,0.45,41,10.25,3.7555,52.6288,20.0,building_3,2.2155955098550097
day_1,Cold cloudy day,0.45,42,10.5,3.8801,55.5347,20.0,building_3,2.189475329014828
day_1,Cold cloudy day,0.45,43,10.75,3.9944,58.2029,20.0,building_3,2.165504090513542
day_1,Cold cloudy day,0.45,44,11.0,4.0981,60.6218,20.0,building_3,2.143763483436533
day_1,Cold cloudy day,0.45,45,11.25,4.1906,62.7811,20.0,building_3,2.124364205408101
day_1,Cold cloudy day,0.45,46,11.5,4.2716,64.6716,20.0,building_3,2.107378144481729
day_1,Cold cloudy day,0.45,47,11.75,4.3408,66.2851,20.0,building_3,2.0928731049476057
day_1,Cold cloudy day,0.45,48,12.0,4.3978,67.6148,20.0,building_3,2.0809226129710447
day_1,Cold cloudy day,0.45,49,12.25,4.4424,68.655,20.0,building_3,2.071572824290275
day_1,Cold cloudy day,0.45,50,12.5,4.4743,69.4011,20.0,building_3,2.064876841647635
day_1,Cold cloudy day,0.45,51,12.75,4.4936,69.8501,20.0,building_3,2.0608354771892685
day_1,Cold cloudy day,0.45,52,13.0,4.5,70.0,20.0,building_3,2.0594912158729555
day_1,Cold cloudy day,0.45,53,13.25,4.4936,69.8501,20.0,building_3,2.0608354771892685
day_1,Cold cloudy day,0.45,54,13.5,4.4743,69.4011,20.0,building_3,2.064876841647635
day_1,Cold cloudy day,0.45,55,13.75,4.4424,68.655,20.0,building_3,2.071572824290275
day_1,Cold cloudy day,0.45,56,14.0,4.3978,67.6148,20.0,building_3,2.0809226129710447
day_1,Cold cloudy day,0.45,57,14.25,4.3408,66.2851,20.0,building_3,2.0928731049476057
day_1,Cold cloudy day,0.45,58,14.5,4.2716,64.6716,20.0,building_3,2.107378144481729
day_1,Cold cloudy day,0.45,59,14.75,4.1906,62.7811,20.0,building_3,2.124364205408101
day_1,Cold cloudy day,0.45,60,15.0,4.0981,60.6218,20.0,building_3,2.143763483436533
day_1,Cold cloudy day,0.45,61,15.25,3.9944,58.2029,20.0,building_3,2.165504090513542
day_1,Cold cloudy day,0.45,62,15.5,3.8801,55.5347,20.0,building_3,2.189475329014828
day_1,Cold cloudy day,0.45,63,15.75,3.7555,52.6288,20.0,building_3,2.2155955098550097
day_1,Cold cloudy day,0.45,64,16.0,3.6213,49.4975,20.0,building_3,2.2437343287394715
day_1,Cold cloudy day,0.45,65,16.25,3.478,46.1542,20.0,building_3,2.273779867521441
day_1,Cold cloudy day,0.45,66,16.5,3.3263,42.6133,20.0,building_3,2.30559324600339
day_1,Cold cloudy day,0.45,67,16.75,3.1667,38.8899,20.0,building_3,2.33905560364095
day_1,Cold cloudy day,0.45,68,17.0,3.0,35.0,20.0,building_3,2.3740100870715937
day_1,Cold cloudy day,0.45,69,17.25,2.8269,30.9602,20.0,building_3,2.4103088318185497
day_1,Cold cloudy day,0.45,70,17.5,2.6481,26.7878,20.0,building_3,2.447801114770744
day_1,Cold cloudy day,0.45,71,17.75,2.4643,22.5008,20.0,building_3,2.4863333541827974
day_1,Cold cloudy day,0.45,72,18.0,2.2765,18.1173,20.0,building_3,2.525717242501805
day_1,Cold cloudy day,0.45,73,18.25,2.0853,13.6563,20.0,building_3,2.5658065533628274
day_1,Cold cloudy day,0.45,74,18.5,1.8916,9.1368,20.0,building_3,2.6064207429697297
day_1,Cold cloudy day,0.45,75,18.75,1.6962,4.5782,20.0,building_3,2.6473890731647916
day_1,Cold cloudy day,0.45,76,19.0,1.5,0.0,20.0,building_3,2.6885289582702314
day_1,Cold cloudy day,0.45,77,19.25,1.3038,0.0,20.0,building_3,2.7109725582730313
day_1,Cold cloudy day,0.45,78,19.5,1.1084,0.0,20.0,building_3,2.7333246451259723
day_1,Cold cloudy day,0.45,79,19.75,0.9147,0.0,20.0,building_3,2.755482266535464
day_1,Cold cloudy day,0.45,80,20.0,0.7235,0.0,20.0,building_3,2.777353909351648
day_1,Cold cloudy day,0.45,81,20.25,0.5357,0.0,20.0,building_3,2.7988366212809335
day_1,Cold cloudy day,0.45,82,20.5,0.3519,0.0,20.0,building_3,2.819861767460926
day_1,Cold cloudy day,0.45,83,20.75,0.1731,0.0,20.0,building_3,2.8403149564543027
day_1,Cold cloudy day,0.45,84,21.0,-0.0,0.0,20.0,building_3,2.860116114254938
day_1,Cold cloudy day,0.45,85,21.25,-0.1667,0.0,20.0,building_3,2.879185166856705
day_1,Cold cloudy day,0.45,86,21.5,-0.3263,0.0,20.0,building_3,2.8974420402534777
day_1,Cold cloudy day,0.45,87,21.75,-0.478,0.0,20.0,building_3,2.9147952212953983
day_1,Cold cloudy day,0.45,88,22.0,-0.6213,0.0,20.0,building_3,2.9311875142638035
day_1,Cold cloudy day,0.45,89,22.25,-0.7555,0.0,20.0,building_3,2.9465388451525687
day_1,Cold cloudy day,0.45,90,22.5,-0.8801,0.0,20.0,building_3,2.9607920182430316
day_1,Cold cloudy day,0.45,91,22.75,-0.9944,0.0,20.0,building_3,2.973866959529066
day_1,Cold cloudy day,0.45,92,23.0,-1.0981,0.0,20.0,building_3,2.9857293515794754
day_1,Cold cloudy day,0.45,93,23.25,-1.1906,0.0,20.0,building_3,2.996310559531866
day_1,Cold cloudy day,0.45,94,23.5,-1.2716,0.0,20.0,building_3,3.00557626595504
day_1,Cold cloudy day,0.45,95,23.75,-1.3408,0.0,20.0,building_3,3.0134921534178014
day_2,Mild cloudy day,0.35,0,0.0,5.6022,0.0,20.0,4,3.01428447193008
day_2,Mild cloudy day,0.35,1,0.25,5.5576,0.0,20.0,4,3.023867164771353
day_2,Mild cloudy day,0.35,2,0.5,5.5257,0.0,20.0,4,3.0307211535972867
day_2,Mild cloudy day,0.35,3,0.75,5.5064,0.0,20.0,4,3.034867924266268
day_2,Mild cloudy day,0.35,4,1.0,5.5,0.0,20.0,4,3.0362430192031327
day_2,Mild cloudy day,0.35,5,1.25,5.5064,0.0,20.0,4,3.034867924266268
day_2,Mild cloudy day,0.35,6,1.5,5.5257,0.0,20.0,4,3.0307211535972867
day_2,Mild cloudy day,0.35,7,1.75,5.5576,0.0,20.0,4,3.023867164771353
day_2,Mild cloudy day,0.35,8,2.0,5.6022,0.0,20.0,4,3.01428447193008
day_2,Mild cloudy day,0.35,9,2.25,5.6592,0.0,20.0,4,3.0020375326486315
day_2,Mild cloudy day,0.35,10,2.5,5.7284,0.0,20.0,4,2.9871693186437858
day_2,Mild cloudy day,0.35,11,2.75,5.8094,0.0,20.0,4,2.9697657733490965
day_2,Mild cloudy day,0.35,12,3.0,5.9019,0.0,20.0,4,2.9498913543397283
day_2,Mild cloudy day,0.35,13,3.25,6.0056,0.0,20.0,4,2.927610519190848
day_2,Mild cloudy day,0.35,14,3.5,6.1199,0.0,20.0,4,2.9030521830527865
day_2,Mild cloudy day,0.35,15,3.75,6.2445,0.0,20.0,4,2.8762808035007086
day_2,Mild cloudy day,0.35,16,4.0,6.3787,0.0,20.0,4,2.847446781543334
day_2,Mild cloudy day,0.35,17,4.25,6.522,0.0,20.0,4,2.8166575464726056
day_2,Mild cloudy day,0.35,18,4.5,6.6737,0.0,20.0,4,2.784063499297243
day_2,Mild cloudy day,0.35,19,4.75,6.8333,0.0,20.0,4,2.7497720693091874
day_2,Mild cloudy day,0.35,20,5.0,7.0,0.0,20.0,4,2.713955143375549
day_2,Mild cloudy day,0.35,21,5.25,7.1731,0.0,20.0,4,2.676763122505046
day_2,Mild cloudy day,0.35,22,5.5,7.3519,0.0,20.0,4,2.638346407706398
day_2,Mild cloudy day,0.35,23,5.75,7.5357,0.0,20.0,4,2.5988553999883246
day_2,Mild cloudy day,0.35,24,6.0,7.7235,0.0,20.0,4,2.558504957934711
day_2,Mild cloudy day,0.35,25,6.25,7.9147,0.0,20.0,4,2.5174239966958885
day_2,Mild cloudy day,0.35,26,6.5,8.1084,0.0,20.0,4,2.4758058889973533
day_2,Mild cloudy day,0.35,27,6.75,8.3038,0.0,20.0,4,2.433822521706213
day_2,Mild cloudy day,0.35,28,7.0,8.5,0.0,20.0,4,2.3916672675479655
day_2,Mild cloudy day,0.35,29,7.25,8.6962,4.5782,20.0,4,2.3490114682541714
day_2,Mild cloudy day,0.35,30,7.5,8.8916,9.1368,20.0,4,2.306529698740563
day_2,Mild cloudy day,0.35,31,7.75,9.0853,13.6563,20.0,4,2.2644174637124874
day_2,Mild cloudy day,0.35,32,8.0,9.2765,18.1173,20.0,4,2.22284877108367
day_2,Mild cloudy day,0.35,33,8.25,9.4643,22.5008,20.0,4,2.1820190708933076
day_2,Mild cloudy day,0.35,34,8.5,9.6481,26.7878,20.0,4,2.142059355605428
day_2,Mild cloudy day,0.35,35,8.75,9.8269,30.9602,20.0,4,2.1031864627185453
day_2,Mild cloudy day,0.35,36,9.0,10.0,35.0,20.0,4,2.0655527612227793
day_2,Mild cloudy day,0.35,37,9.25,10.1667,38.8899,20.0,4,2.0293105435756367
day_2,Mild cloudy day,0.35,38,9.5,10.3263,42.6133,20.0,4,1.994612025702017
day_2,Mild cloudy day,0.35,39,9.75,10.478,46.1542,20.0,4,1.961630843785827
day_2,Mild cloudy day,0.35,40,10.0,10.6213,49.4975,20.0,4,1.9304760780367372
day_2,Mild cloudy day,0.35,41,10.25,10.7555,52.6288,20.0,4,1.9012997038485873
day_2,Mild cloudy day,0.35,42,10.5,10.8801,55.5347,20.0,4,1.8742106155661382
day_2,Mild cloudy day,0.35,43,10.75,10.9944,58.2029,20.0,4,1.849360558985399
day_2,Mild cloudy day,0.35,44,11.0,11.0981,60.6218,20.0,4,1.8268152599362146
day_2,Mild cloudy day,0.35,45,11.25,11.1906,62.7811,20.0,4,1.8067047596916048
day_2,Mild cloudy day,0.35,46,11.5,11.2716,64.6716,20.0,4,1.789094521683895
day_2,Mild cloudy day,0.35,47,11.75,11.3408,66.2851,20.0,4,1.7740499000131094
day_2,Mild cloudy day,0.35,48,12.0,11.3978,67.6148,20.0,4,1.7616575815724425
day_2,Mild cloudy day,0.35,49,12.25,11.4424,68.655,20.0,4,1.7519611612727803
day_2,Mild cloudy day,0.35,50,12.5,11.4743,69.4011,20.0,4,1.745025599617868
day_2,Mild cloudy day,0.35,51,12.75,11.4936,69.8501,20.0,4,1.740829738746217
day_2,Mild cloudy day,0.35,52,13.0,11.5,70.0,20.0,4,1.739438254897593
day_2,Mild cloudy day,0.35,53,13.25,11.4936,69.8501,20.0,4,1.740829738746217
day_2,Mild cloudy day,0.35,54,13.5,11.4743,69.4011,20.0,4,1.745025599617868
day_2,Mild cloudy day,0.35,55,13.75,11.4424,68.655,20.0,4,1.7519611612727803
day_2,Mild cloudy day,0.35,56,14.0,11.3978,67.6148,20.0,4,1.7616575815724425
day_2,Mild cloudy day,0.35,57,14.25,11.3408,66.2851,20.0,4,1.7740499000131094
day_2,Mild cloudy day,0.35,58,14.5,11.2716,64.6716,20.0,4,1.789094521683895
day_2,Mild cloudy day,0.35,59,14.75,11.1906,62.7811,20.0,4,1.8067047596916048
day_2,Mild cloudy day,0.35,60,15.0,11.0981,60.6218,20.0,4,1.8268152599362146
day_2,Mild cloudy day,0.35,61,15.25,10.9944,58.2029,20.0,4,1.849360558985399
day_2,Mild cloudy day,0.35,62,15.5,10.8801,55.5347,20.0,4,1.8742106155661382
day_2,Mild cloudy day,0.35,63,15.75,10.7555,52.6288,20.0,4,1.9012997038485873
day_2,Mild cloudy day,0.35,64,16.0,10.6213,49.4975,20.0,4,1.9304760780367372
day_2,Mild cloudy day,0.35,65,16.25,10.478,46.1542,20.0,4,1.961630843785827
day_2,Mild cloudy day,0.35,66,16.5,10.3263,42.6133,20.0,4,1.994612025702017
day_2,Mild cloudy day,0.35,67,16.75,10.1667,38.8899,20.0,4,2.0293105435756367
day_2,Mild cloudy day,0.35,68,17.0,10.0,35.0,20.0,4,2.0655527612227793
day_2,Mild cloudy day,0.35,69,17.25,9.8269,30.9602,20.0,4,2.1031864627185453
day_2,Mild cloudy day,0.35,70,17.5,9.6481,26.7878,20.0,4,2.142059355605428
day_2,Mild cloudy day,0.35,71,17.75,9.4643,22.5008,20.0,4,2.1820190708933076
day_2,Mild cloudy day,0.35,72,18.0,9.2765,18.1173,20.0,4,2.22284877108367
day_2,Mild cloudy day,0.35,73,18.25,9.0853,13.6563,20.0,4,2.2644174637124874
day_2,Mild cloudy day,0.35,74,18.5,8.8916,9.1368,20.0,4,2.306529698740563
day_2,Mild cloudy day,0.35,75,18.75,8.6962,4.5782,20.0,4,2.3490114682541714
day_2,Mild cloudy day,0.35,76,19.0,8.5,0.0,20.0,4,2.3916672675479655
day_2,Mild cloudy day,0.35,77,19.25,8.3038,0.0,20.0,4,2.433822521706213
day_2,Mild cloudy day,0.35,78,19.5,8.1084,0.0,20.0,4,2.4758058889973533
day_2,Mild cloudy day,0.35,79,19.75,7.9147,0.0,20.0,4,2.5174239966958885
day_2,Mild cloudy day,0.35,80,20.0,7.7235,0.0,20.0,4,2.558504957934711
day_2,Mild cloudy day,0.35,81,20.25,7.5357,0.0,20.0,4,2.5988553999883246
day_2,Mild cloudy day,0.35,82,20.5,7.3519,0.0,20.0,4,2.638346407706398
day_2,Mild cloudy day,0.35,83,20.75,7.1731,0.0,20.0,4,2.676763122505046
day_2,Mild cloudy day,0.35,84,21.0,7.0,0.0,20.0,4,2.713955143375549
day_2,Mild cloudy day,0.35,85,21.25,6.8333,0.0,20.0,4,2.7497720693091874
day_2,Mild cloudy day,0.35,86,21.5,6.6737,0.0,20.0,4,2.784063499297243
day_2,Mild cloudy day,0.35,87,21.75,6.522,0.0,20.0,4,2.8166575464726056
day_2,Mild cloudy day,0.35,88,22.0,6.3787,0.0,20.0,4,2.847446781543334
day_2,Mild cloudy day,0.35,89,22.25,6.2445,0.0,20.0,4,2.8762808035007086
day_2,Mild cloudy day,0.35,90,22.5,6.1199,0.0,20.0,4,2.9030521830527865
day_2,Mild cloudy day,0.35,91,22.75,6.0056,0.0,20.0,4,2.927610519190848
day_2,Mild cloudy day,0.35,92,23.0,5.9019,0.0,20.0,4,2.9498913543397283
day_2,Mild cloudy day,0.35,93,23.25,5.8094,0.0,20.0,4,2.9697657733490965
day_2,Mild cloudy day,0.35,94,23.5,5.7284,0.0,20.0,4,2.9871693186437858
day_2,Mild cloudy day,0.35,95,23.75,5.6592,0.0,20.0,4,3.0020375326486315
day_2,Mild cloudy day,0.35,0,0.0,5.6022,0.0,20.0,5,2.913735030228092
day_2,Mild cloudy day,0.35,1,0.25,5.5576,0.0,20.0,5,2.9193757108558325
day_2,Mild cloudy day,0.35,2,0.5,5.5257,0.0,20.0,5,2.923410188703924
day_2,Mild cloudy day,0.35,3,0.75,5.5064,0.0,20.0,5,2.92585111103835
day_2,Mild cloudy day,0.35,4,1.0,5.5,0.0,20.0,5,2.9266605360611644
day_2,Mild cloudy day,0.35,5,1.25,5.5064,0.0,20.0,5,2.92585111103835
day_2,Mild cloudy day,0.35,6,1.5,5.5257,0.0,20.0,5,2.923410188703924
day_2,Mild cloudy day,0.35,7,1.75,5.5576,0.0,20.0,5,2.9193757108558325
day_2,Mild cloudy day,0.35,8,2.0,5.6022,0.0,20.0,5,2.913735030228092
day_2,Mild cloudy day,0.35,9,2.25,5.6592,0.0,20.0,5,2.906526088618649
day_2,Mild cloudy day,0.35,10,2.5,5.7284,0.0,20.0,5,2.8977741805594643
day_2,Mild cloudy day,0.35,11,2.75,5.8094,0.0,20.0,5,2.887529895114466
day_2,Mild cloudy day,0.35,12,3.0,5.9019,0.0,20.0,5,2.875831174081597
day_2,Mild cloudy day,0.35,13,3.25,6.0056,0.0,20.0,5,2.8627159592588027
day_2,Mild cloudy day,0.35,14,3.5,6.1199,0.0,20.0,5,2.848260134241971
day_2,Mild cloudy day,0.35,15,3.75,6.2445,0.0,20.0,5,2.8325016408290473
day_2,Mild cloudy day,0.35,16,4.0,6.3787,0.0,20.0,5,2.8155290098819012
day_2,Mild cloudy day,0.35,17,4.25,6.522,0.0,20.0,5,2.7974054777304405
day_2,Mild cloudy day,0.35,18,4.5,6.6737,0.0,20.0,5,2.7782195752365357
day_2,Mild cloudy day,0.35,19,4.75,6.8333,0.0,20.0,5,2.7580345387300937
day_2,Mild cloudy day,0.35,20,5.0,7.0,0.0,20.0,5,2.7369515463389673
day_2,Mild cloudy day,0.35,21,5.25,7.1731,0.0,20.0,5,2.7150591289250254
day_2,Mild cloudy day,0.35,22,5.5,7.3519,0.0,20.0,5,2.6924458173501398
day_2,Mild cloudy day,0.35,23,5.75,7.5357,0.0,20.0,5,2.6692001424761798
day_2,Mild cloudy day,0.35,24,6.0,7.7235,0.0,20.0,5,2.645448576962961
day_2,Mild cloudy day,0.35,25,6.25,7.9147,0.0,20.0,5,2.6212670044063713
day_2,Mild cloudy day,0.35,26,6.5,8.1084,0.0,20.0,5,2.5967692502002446
day_2,Mild cloudy day,0.35,27,6.75,8.3038,0.0,20.0,5,2.5720564924724334
day_2,Mild cloudy day,0.35,28,7.0,8.5,0.0,20.0,5,2.54724255661677
day_2,Mild cloudy day,0.35,29,7.25,8.6962,4.5782,20.0,5,2.4951422249353117
day_2,Mild cloudy day,0.35,30,7.5,8.8916,9.1368,20.0,5,2.443259888768055
day_2,Mild cloudy day,0.35,31,7.75,9.0853,13.6563,20.0,5,2.3918255948881093
day_2,Mild cloudy day,0.35,32,8.0,9.2765,18.1173,20.0,5,2.3410561467955295
day_2,Mild cloudy day,0.35,33,8.25,9.4643,22.5008,20.0,5,2.2911786112280597
day_2,Mild cloudy day,0.35,34,8.5,9.6481,26.7878,20.0,5,2.2423821131254984
day_2,Mild cloudy day,0.35,35,8.75,9.8269,30.9602,20.0,5,2.194901002427912
day_2,Mild cloudy day,0.35,36,9.0,10.0,35.0,20.0,5,2.148931091270349
day_2,Mild cloudy day,0.35,37,9.25,10.1667,38.8899,20.0,5,2.1046640197383466
day_2,Mild cloudy day,0.35,38,9.5,10.3263,42.6133,20.0,5,2.0622872558679264
day_2,Mild cloudy day,0.35,39,9.75,10.478,46.1542,20.0,5,2.0219973389186556
day_2,Mild cloudy day,0.35,40,10.0,10.6213,49.4975,20.0,5,1.9839475022884958
day_2,Mild cloudy day,0.35,41,10.25,10.7555,52.6288,20.0,5,1.9483121018578606
day_2,Mild cloudy day,0.35,42,10.5,10.8801,55.5347,20.0,5,1.9152342389044672
day_2,Mild cloudy day,0.35,43,10.75,10.9944,58.2029,20.0,5,1.8848757531601914
day_2,Mild cloudy day,0.35,44,11.0,11.0981,60.6218,20.0,5,1.8573437232434702
day_2,Mild cloudy day,0.35,45,11.25,11.1906,62.7811,20.0,5,1.8327754214787333
day_2,Mild cloudy day,0.35,46,11.5,11.2716,64.6716,20.0,5,1.8112636223146605
day_2,Mild cloudy day,0.35,47,11.75,11.3408,66.2851,20.0,5,1.7928951401291997
day_2,Mild cloudy day,0.35,48,12.0,11.3978,67.6148,20.0,5,1.7777610924672553
day_2,Mild cloudy day,0.35,49,12.25,11.4424,68.655,20.0,5,1.7659207462639637
day_2,Mild cloudy day,0.35,50,12.5,11.4743,69.4011,20.0,5,1.7574394596426361
day_2,Mild cloudy day,0.35,51,12.75,11.4936,69.8501,20.0,5,1.7523224655494885
day_2,Mild cloudy day,0.35,52,13.0,11.5,70.0,20.0,5,1.7506196259239286
day_2,Mild cloudy day,0.35,53,13.25,11.4936,69.8501,20.0,5,1.7523224655494885
day_2,Mild cloudy day,0.35,54,13.5,11.4743,69.4011,20.0,5,1.7574394596426361
day_2,Mild cloudy day,0.35,55,13.75,11.4424,68.655,20.0,5,1.7659207462639637
day_2,Mild cloudy day,0.35,56,14.0,11.3978,67.6148,20.0,5,1.7777610924672553
day_2,Mild cloudy day,0.35,57,14.25,11.3408,66.2851,20.0,5,1.7928951401291997
day_2,Mild cloudy day,0.35,58,14.5,11.2716,64.6716,20.0,5,1.8112636223146605
day_2,Mild cloudy day,0.35,59,14.75,11.1906,62.7811,20.0,5,1.8327754214787333
day_2,Mild cloudy day,0.35,60,15.0,11.0981,60.6218,20.0,5,1.8573437232434702
day_2,Mild cloudy day,0.35,61,15.25,10.9944,58.2029,20.0,5,1.8848757531601914
day_2,Mild cloudy day,0.35,62,15.5,10.8801,55.5347,20.0,5,1.9152342389044672
day_2,Mild cloudy day,0.35,63,15.75,10.7555,52.6288,20.0,5,1.9483121018578606
day_2,Mild cloudy day,0.35,64,16.0,10.6213,49.4975,20.0,5,1.9839475022884958
day_2,Mild cloudy day,0.35,65,16.25,10.478,46.1542,20.0,5,2.0219973389186556
day_2,Mild cloudy day,0.35,66,16.5,10.3263,42.6133,20.0,5,2.0622872558679264
day_2,Mild cloudy day,0.35,67,16.75,10.1667,38.8899,20.0,5,2.1046640197383466
day_2,Mild cloudy day,0.35,68,17.0,10.0,35.0,20.0,5,2.148931091270349
day_2,Mild cloudy day,0.35,69,17.25,9.8269,30.9602,20.0,5,2.194901002427912
day_2,Mild cloudy day,0.35,70,17.5,9.6481,26.7878,20.0,5,2.2423821131254984
day_2,Mild cloudy day,0.35,71,17.75,9.4643,22.5008,20.0,5,2.2911786112280597
day_2,Mild cloudy day,0.35,72,18.0,9.2765,18.1173,20.0,5,2.3410561467955295
day_2,Mild cloudy day,0.35,73,18.25,9.0853,13.6563,20.0,5,2.3918255948881093
day_2,Mild cloudy day,0.35,74,18.5,8.8916,9.1368,20.0,5,2.443259888768055
day_2,Mild cloudy day,0.35,75,18.75,8.6962,4.5782,20.0,5,2.4951422249353117
day_2,Mild cloudy day,0.35,76,19.0,8.5,0.0,20.0,5,2.54724255661677
day_2,Mild cloudy day,0.35,77,19.25,8.3038,0.0,20.0,5,2.5720564924724334
day_2,Mild cloudy day,0.35,78,19.5,8.1084,0.0,20.0,5,2.5967692502002446
day_2,Mild cloudy day,0.35,79,19.75,7.9147,0.0,20.0,5,2.6212670044063713
day_2,Mild cloudy day,0.35,80,20.0,7.7235,0.0,20.0,5,2.645448576962961
day_2,Mild cloudy day,0.35,81,20.25,7.5357,0.0,20.0,5,2.6692001424761798
day_2,Mild cloudy day,0.35,82,20.5,7.3519,0.0,20.0,5,2.6924458173501398
day_2,Mild cloudy day,0.35,83,20.75,7.1731,0.0,20.0,5,2.7150591289250254
day_2,Mild cloudy day,0.35,84,21.0,7.0,0.0,20.0,5,2.7369515463389673
day_2,Mild cloudy day,0.35,85,21.25,6.8333,0.0,20.0,5,2.7580345387300937
day_2,Mild cloudy day,0.35,86,21.5,6.6737,0.0,20.0,5,2.7782195752365357
day_2,Mild cloudy day,0.35,87,21.75,6.522,0.0,20.0,5,2.7974054777304405
day_2,Mild cloudy day,0.35,88,22.0,6.3787,0.0,20.0,5,2.8155290098819012
day_2,Mild cloudy day,0.35,89,22.25,6.2445,0.0,20.0,5,2.8325016408290473
day_2,Mild cloudy day,0.35,90,22.5,6.1199,0.0,20.0,5,2.848260134241971
day_2,Mild cloudy day,0.35,91,22.75,6.0056,0.0,20.0,5,2.8627159592588027
day_2,Mild cloudy day,0.35,92,23.0,5.9019,0.0,20.0,5,2.875831174081597
day_2,Mild cloudy day,0.35,93,23.25,5.8094,0.0,20.0,5,2.887529895114466
day_2,Mild cloudy day,0.35,94,23.5,5.7284,0.0,20.0,5,2.8977741805594643
day_2,Mild cloudy day,0.35,95,23.75,5.6592,0.0,20.0,5,2.906526088618649
day_2,Mild cloudy day,0.35,0,0.0,5.6022,0.0,20.0,6,3.603773050009193
day_2,Mild cloudy day,0.35,1,0.25,5.5576,0.0,20.0,6,3.616540802066082
day_2,Mild cloudy day,0.35,2,0.5,5.5257,0.0,20.0,6,3.6256728937839022
day_2,Mild cloudy day,0.35,3,0.75,5.5064,0.0,20.0,6,3.631197952409417
day_2,Mild cloudy day,0.35,4,1.0,5.5,0.0,20.0,6,3.6330300962023343
day_2,Mild cloudy day,0.35,5,1.25,5.5064,0.0,20.0,6,3.631197952409417
day_2,Mild cloudy day,0.35,6,1.5,5.5257,0.0,20.0,6,3.6256728937839022
day_2,Mild cloudy day,0.35,7,1.75,5.5576,0.0,20.0,6,3.616540802066082
day_2,Mild cloudy day,0.35,8,2.0,5.6022,0.0,20.0,6,3.603773050009193
day_2,Mild cloudy day,0.35,9,2.25,5.6592,0.0,20.0,6,3.587455519353528
day_2,Mild cloudy day,0.35,10,2.5,5.7284,0.0,20.0,6,3.5676454645926143
day_2,Mild cloudy day,0.35,11,2.75,5.8094,0.0,20.0,6,3.5444573947135107
day_2,Mild cloudy day,0.35,12,3.0,5.9019,0.0,20.0,6,3.517977191456509
day_2,Mild cloudy day,0.35,13,3.25,6.0056,0.0,20.0,6,3.4882907365619036
day_2,Mild cloudy day,0.35,14,3.5,6.1199,0.0,20.0,6,3.45556979351028
day_2,Mild cloudy day,0.35,15,3.75,6.2445,0.0,20.0,6,3.4199002440419304
day_2,Mild cloudy day,0.35,16,4.0,6.3787,0.0,20.0,6,3.3814824788842057
day_2,Mild cloudy day,0.35,17,4.25,6.522,0.0,20.0,6,3.3404596342709274
day_2,Mild cloudy day,0.35,18,4.5,6.6737,0.0,20.0,6,3.2970321009294454
day_2,Mild cloudy day,0.35,19,4.75,6.8333,0.0,20.0,6,3.251343015093582
day_2,Mild cloudy day,0.35,20,5.0,7.0,0.0,20.0,6,3.2036213947374517
day_2,Mild cloudy day,0.35,21,5.25,7.1731,0.0,20.0,6,3.154067630588404
day_2,Mild cloudy day,0.35,22,5.5,7.3519,0.0,20.0,6,3.10288211337379
day_2,Mild cloudy day,0.35,23,5.75,7.5357,0.0,20.0,6,3.0502652338209595
day_2,Mild cloudy day,0.35,24,6.0,7.7235,0.0,20.0,6,2.9965032643975564
day_2,Mild cloudy day,0.35,25,6.25,7.9147,0.0,20.0,6,2.9417679685841662
day_2,Mild cloudy day,0.35,26,6.5,8.1084,0.0,20.0,6,2.8863169916016678
day_2,Mild cloudy day,0.35,27,6.75,8.3038,0.0,20.0,6,2.8303793514241753
day_2,Mild cloudy day,0.35,28,7.0,8.5,0.0,20.0,6,2.774212693272569
day_2,Mild cloudy day,0.35,29,7.25,8.6962,4.5782,20.0,6,2.699510387430051
day_2,Mild cloudy day,0.35,30,7.5,8.8916,9.1368,20.0,6,2.62511645360794
day_2,Mild cloudy day,0.35,31,7.75,9.0853,13.6563,20.0,6,2.5513674862058275
day_2,Mild cloudy day,0.35,32,8.0,9.2765,18.1173,20.0,6,2.4785710475089546
day_2,Mild cloudy day,0.35,33,8.25,9.4643,22.5008,20.0,6,2.407061707578996
day_2,Mild cloudy day,0.35,34,8.5,9.6481,26.7878,20.0,6,2.337088154737332
day_2,Mild cloudy day,0.35,35,8.75,9.8269,30.9602,20.0,6,2.269009942484152
day_2,Mild cloudy day,0.35,36,9.0,10.0,35.0,20.0,6,2.2031003377117706
day_2,Mild cloudy day,0.35,37,9.25,10.1667,38.8899,20.0,6,2.1396297732394203
day_2,Mild cloudy day,0.35,38,9.5,10.3263,42.6133,20.0,6,2.0788658478132502
day_2,Mild cloudy day,0.35,39,9.75,10.478,46.1542,20.0,6,2.021102358220676
day_2,Mild cloudy day,0.35,40,10.0,10.6213,49.4975,20.0,6,1.9665435757005727
day_2,Mild cloudy day,0.35,41,10.25,10.7555,52.6288,20.0,6,1.9154481919122612
day_2,Mild cloudy day,0.35,42,10.5,10.8801,55.5347,20.0,6,1.8680135953457024
day_2,Mild cloudy day,0.35,43,10.75,10.9944,58.2029,20.0,6,1.8244899754409718
day_2,Mild cloudy day,0.35,44,11.0,11.0981,60.6218,20.0,6,1.785010178578006
day_2,Mild cloudy day,0.35,45,11.25,11.1906,62.7811,20.0,6,1.7497876695984536
day_2,Mild cloudy day,0.35,46,11.5,11.2716,64.6716,20.0,6,1.718945578060255
day_2,Mild cloudy day,0.35,47,11.75,11.3408,66.2851,20.0,6,1.6926029848455197
day_2,Mild cloudy day,0.35,48,12.0,11.3978,67.6148,20.0,6,1.6709019299369583
day_2,Mild cloudy day,0.35,49,12.25,11.4424,68.655,20.0,6,1.6539227452803393
day_2,Mild cloudy day,0.35,50,12.5,11.4743,69.4011,20.0,6,1.6417699365247773
day_2,Mild cloudy day,0.35,51,12.75,11.4936,69.8501,20.0,6,1.6344270224510034
day_2,Mild cloudy day,0.35,52,13.0,11.5,70.0,20.0,6,1.631987982150973
day_2,Mild cloudy day,0.35,53,13.25,11.4936,69.8501,20.0,6,1.6344270224510034
day_2,Mild cloudy day,0.35,54,13.5,11.4743,69.4011,20.0,6,1.6417699365247773
day_2,Mild cloudy day,0.35,55,13.75,11.4424,68.655,20.0,6,1.6539227452803393
day_2,Mild cloudy day,0.35,56,14.0,11.3978,67.6148,20.0,6,1.6709019299369583
day_2,Mild cloudy day,0.35,57,14.25,11.3408,66.2851,20.0,6,1.6926029848455197
day_2,Mild cloudy day,0.35,58,14.5,11.2716,64.6716,20.0,6,1.718945578060255
day_2,Mild cloudy day,0.35,59,14.75,11.1906,62.7811,20.0,6,1.7497876695984536
day_2,Mild cloudy day,0.35,60,15.0,11.0981,60.6218,20.0,6,1.785010178578006
day_2,Mild cloudy day,0.35,61,15.25,10.9944,58.2029,20.0,6,1.8244899754409718
day_2,Mild cloudy day,0.35,62,15.5,10.8801,55.5347,20.0,6,1.8680135953457024
day_2,Mild cloudy day,0.35,63,15.75,10.7555,52.6288,20.0,6,1.9154481919122612
day_2,Mild cloudy day,0.35,64,16.0,10.6213,49.4975,20.0,6,1.9665435757005727
day_2,Mild cloudy day,0.35,65,16.25,10.478,46.1542,20.0,6,2.021102358220676
day_2,Mild cloudy day,0.35,66,16.5,10.3263,42.6133,20.0,6,2.0788658478132502
day_2,Mild cloudy day,0.35,67,16.75,10.1667,38.8899,20.0,6,2.1396297732394203
day_2,Mild cloudy day,0.35,68,17.0,10.0,35.0,20.0,6,2.2031003377117706
day_2,Mild cloudy day,0.35,69,17.25,9.8269,30.9602,20.0,6,2.269009942484152
day_2,Mild cloudy day,0.35,70,17.5,9.6481,26.7878,20.0,6,2.337088154737332
day_2,Mild cloudy day,0.35,71,17.75,9.4643,22.5008,20.0,6,2.407061707578996
day_2,Mild cloudy day,0.35,72,18.0,9.2765,18.1173,20.0,6,2.4785710475089546
day_2,Mild cloudy day,0.35,73,18.25,9.0853,13.6563,20.0,6,2.5513674862058275
day_2,Mild cloudy day,0.35,74,18.5,8.8916,9.1368,20.0,6,2.62511645360794
day_2,Mild cloudy day,0.35,75,18.75,8.6962,4.5782,20.0,6,2.699510387430051
day_2,Mild cloudy day,0.35,76,19.0,8.5,0.0,20.0,6,2.774212693272569
day_2,Mild cloudy day,0.35,77,19.25,8.3038,0.0,20.0,6,2.8303793514241753
day_2,Mild cloudy day,0.35,78,19.5,8.1084,0.0,20.0,6,2.8863169916016678
day_2,Mild cloudy day,0.35,79,19.75,7.9147,0.0,20.0,6,2.9417679685841662
day_2,Mild cloudy day,0.35,80,20.0,7.7235,0.0,20.0,6,2.9965032643975564
day_2,Mild cloudy day,0.35,81,20.25,7.5357,0.0,20.0,6,3.0502652338209595
day_2,Mild cloudy day,0.35,82,20.5,7.3519,0.0,20.0,6,3.10288211337379
day_2,Mild cloudy day,0.35,83,20.75,7.1731,0.0,20.0,6,3.154067630588404
day_2,Mild cloudy day,0.35,84,21.0,7.0,0.0,20.0,6,3.2036213947374517
day_2,Mild cloudy day,0.35,85,21.25,6.8333,0.0,20.0,6,3.251343015093582
day_2,Mild cloudy day,0.35,86,21.5,6.6737,0.0,20.0,6,3.2970321009294454
day_2,Mild cloudy day,0.35,87,21.75,6.522,0.0,20.0,6,3.3404596342709274
day_2,Mild cloudy day,0.35,88,22.0,6.3787,0.0,20.0,6,3.3814824788842057
day_2,Mild cloudy day,0.35,89,22.25,6.2445,0.0,20.0,6,3.4199002440419304
day_2,Mild cloudy day,0.35,90,22.5,6.1199,0.0,20.0,6,3.45556979351028
day_2,Mild cloudy day,0.35,91,22.75,6.0056,0.0,20.0,6,3.4882907365619036
day_2,Mild cloudy day,0.35,92,23.0,5.9019,0.0,20.0,6,3.517977191456509
day_2,Mild cloudy day,0.35,93,23.25,5.8094,0.0,20.0,6,3.5444573947135107
day_2,Mild cloudy day,0.35,94,23.5,5.7284,0.0,20.0,6,3.5676454645926143
day_2,Mild cloudy day,0.35,95,23.75,5.6592,0.0,20.0,6,3.587455519353528
day_2,Mild cloudy day,0.35,0,0.0,5.6022,0.0,20.0,building_1,2.511320678645896
day_2,Mild cloudy day,0.35,1,0.25,5.5576,0.0,20.0,building_1,2.5151959053070803
day_2,Mild cloudy day,0.35,2,0.5,5.5257,0.0,20.0,building_1,2.5179676481432187
day_2,Mild cloudy day,0.35,3,0.75,5.5064,0.0,20.0,building_1,2.519644596003327
day_2,Mild cloudy day,0.35,4,1.0,5.5,0.0,20.0,building_1,2.5202006823403584
day_2,Mild cloudy day,0.35,5,1.25,5.5064,0.0,20.0,building_1,2.519644596003327
day_2,Mild cloudy day,0.35,6,1.5,5.5257,0.0,20.0,building_1,2.5179676481432187
day_2,Mild cloudy day,0.35,7,1.75,5.5576,0.0,20.0,building_1,2.5151959053070803
day_2,Mild cloudy day,0.35,8,2.0,5.6022,0.0,20.0,building_1,2.511320678645896
day_2,Mild cloudy day,0.35,9,2.25,5.6592,0.0,20.0,building_1,2.506368034706714
day_2,Mild cloudy day,0.35,10,2.5,5.7284,0.0,20.0,building_1,2.5003553511875674
day_2,Mild cloudy day,0.35,11,2.75,5.8094,0.0,20.0,building_1,2.49331738348452
day_2,Mild cloudy day,0.35,12,3.0,5.9019,0.0,20.0,building_1,2.4852801981446198
day_2,Mild cloudy day,0.35,13,3.25,6.0056,0.0,20.0,building_1,2.4762698617149157
day_2,Mild cloudy day,0.35,14,3.5,6.1199,0.0,20.0,building_1,2.466338507289504
day_2,Mild cloudy day,0.35,15,3.75,6.2445,0.0,20.0,building_1,2.4555122014154334
day_2,Mild cloudy day,0.35,16,4.0,6.3787,0.0,20.0,building_1,2.4438517660358166
day_2,Mild cloudy day,0.35,17,4.25,6.522,0.0,20.0,building_1,2.4314006453957338
day_2,Mild cloudy day,0.35,18,4.5,6.6737,0.0,20.0,building_1,2.4182196614382976
day_2,Mild cloudy day,0.35,19,4.75,6.8333,0.0,20.0,building_1,2.404352258408589
day_2,Mild cloudy day,0.35,20,5.0,7.0,0.0,20.0,building_1,2.389867947098737
day_2,Mild cloudy day,0.35,21,5.25,7.1731,0.0,20.0,building_1,2.374827549451854
day_2,Mild cloudy day,0.35,22,5.5,7.3519,0.0,20.0,building_1,2.359291887411053
day_2,Mild cloudy day,0.35,23,5.75,7.5357,0.0,20.0,building_1,2.343321782919446
day_2,Mild cloudy day,0.35,24,6.0,7.7235,0.0,20.0,building_1,2.3270041244671953
day_2,Mild cloudy day,0.35,25,6.25,7.9147,0.0,20.0,building_1,2.310391045148396
day_2,Mild cloudy day,0.35,26,6.5,8.1084,0.0,20.0,building_1,2.2935607446041955
day_2,Mild cloudy day,0.35,27,6.75,8.3038,0.0,20.0,building_1,2.2765827336267197
day_2,Mild cloudy day,0.35,28,7.0,8.5,0.0,20.0,building_1,2.259535211857116
day_2,Mild cloudy day,0.35,29,7.25,8.6962,4.5782,20.0,building_1,2.2258869439998383
day_2,Mild cloudy day,0.35,30,7.5,8.8916,9.1368,20.0,building_1,2.192379257360472
day_2,Mild cloudy day,0.35,31,7.75,9.0853,13.6563,20.0,building_1,2.1591610594017316
day_2,Mild cloudy day,0.35,32,8.0,9.2765,18.1173,20.0,building_1,2.1263722061331025
day_2,Mild cloudy day,0.35,33,8.25,9.4643,22.5008,20.0,building_1,2.094159791996234
day_2,Mild cloudy day,0.35,34,8.5,9.6481,26.7878,20.0,building_1,2.062644844885725
day_2,Mild cloudy day,0.35,35,8.75,9.8269,30.9602,20.0,building_1,2.0319798846543224
day_2,Mild cloudy day,0.35,36,9.0,10.0,35.0,20.0,building_1,2.002291002003511
day_2,Mild cloudy day,0.35,37,9.25,10.1667,38.8899,20.0,building_1,1.973701749405283
day_2,Mild cloudy day,0.35,38,9.5,10.3263,42.6133,20.0,building_1,1.9463331411021387
day_2,Mild cloudy day,0.35,39,9.75,10.478,46.1542,20.0,building_1,1.920312704560315
day_2,Mild cloudy day,0.35,40,10.0,10.6213,49.4975,20.0,building_1,1.8957386372610823
day_2,Mild cloudy day,0.35,41,10.25,10.7555,52.6288,20.0,building_1,1.872723976154251
day_2,Mild cloudy day,0.35,42,10.5,10.8801,55.5347,20.0,building_1,1.8513607544494668
day_2,Mild cloudy day,0.35,43,10.75,10.9944,58.2029,20.0,building_1,1.8317543944080639
day_2,Mild cloudy day,0.35,44,11.0,11.0981,60.6218,20.0,building_1,1.813973024665819
day_2,Mild cloudy day,0.35,45,11.25,11.1906,62.7811,20.0,building_1,1.798106126550786
day_2,Mild cloudy day,0.35,46,11.5,11.2716,64.6716,20.0,building_1,1.7842131261976255
day_2,Mild cloudy day,0.35,47,11.75,11.3408,66.2851,20.0,building_1,1.7723498236988664
day_2,Mild cloudy day,0.35,48,12.0,11.3978,67.6148,20.0,building_1,1.7625756315370689
day_2,Mild cloudy day,0.35,49,12.25,11.4424,68.655,20.0,building_1,1.7549285958504166
day_2,Mild cloudy day,0.35,50,12.5,11.4743,69.4011,20.0,building_1,1.749451462979764
day_2,Mild cloudy day,0.35,51,12.75,11.4936,69.8501,20.0,building_1,1.7461464222024898
day_2,Mild cloudy day,0.35,52,13.0,11.5,70.0,20.0,building_1,1.7450467921499064
day_2,Mild cloudy day,0.35,53,13.25,11.4936,69.8501,20.0,building_1,1.7461464222024898
day_2,Mild cloudy day,0.35,54,13.5,11.4743,69.4011,20.0,building_1,1.749451462979764
day_2,Mild cloudy day,0.35,55,13.75,11.4424,68.655,20.0,building_1,1.7549285958504166
day_2,Mild cloudy day,0.35,56,14.0,11.3978,67.6148,20.0,building_1,1.7625756315370689
day_2,Mild cloudy day,0.35,57,14.25,11.3408,66.2851,20.0,building_1,1.7723498236988664
day_2,Mild cloudy day,0.35,58,14.5,11.2716,64.6716,20.0,building_1,1.7842131261976255
day_2,Mild cloudy day,0.35,59,14.75,11.1906,62.7811,20.0,building_1,1.798106126550786
day_2,Mild cloudy day,0.35,60,15.0,11.0981,60.6218,20.0,building_1,1.813973024665819
day_2,Mild cloudy day,0.35,61,15.25,10.9944,58.2029,20.0,building_1,1.8317543944080639
day_2,Mild cloudy day,0.35,62,15.5,10.8801,55.5347,20.0,building_1,1.8513607544494668
day_2,Mild cloudy day,0.35,63,15.75,10.7555,52.6288,20.0,building_1,1.872723976154251
day_2,Mild cloudy day,0.35,64,16.0,10.6213,49.4975,20.0,building_1,1.8957386372610823
day_2,Mild cloudy day,0.35,65,16.25,10.478,46.1542,20.0,building_1,1.920312704560315
day_2,Mild cloudy day,0.35,66,16.5,10.3263,42.6133,20.0,building_1,1.9463331411021387
day_2,Mild cloudy day,0.35,67,16.75,10.1667,38.8899,20.0,building_1,1.973701749405283
day_2,Mild cloudy day,0.35,68,17.0,10.0,35.0,20.0,building_1,2.002291002003511
day_2,Mild cloudy day,0.35,69,17.25,9.8269,30.9602,20.0,building_1,2.0319798846543224
day_2,Mild cloudy day,0.35,70,17.5,9.6481,26.7878,20.0,building_1,2.062644844885725
day_2,Mild cloudy day,0.35,71,17.75,9.4643,22.5008,20.0,building_1,2.094159791996234
day_2,Mild cloudy day,0.35,72,18.0,9.2765,18.1173,20.0,building_1,2.1263722061331025
day_2,Mild cloudy day,0.35,73,18.25,9.0853,13.6563,20.0,building_1,2.1591610594017316
day_2,Mild cloudy day,0.35,74,18.5,8.8916,9.1368,20.0,building_1,2.192379257360472
day_2,Mild cloudy day,0.35,75,18.75,8.6962,4.5782,20.0,building_1,2.2258869439998383
day_2,Mild cloudy day,0.35,76,19.0,8.5,0.0,20.0,building_1,2.259535211857116
day_2,Mild cloudy day,0.35,77,19.25,8.3038,0.0,20.0,building_1,2.2765827336267197
day_2,Mild cloudy day,0.35,78,19.5,8.1084,0.0,20.0,building_1,2.2935607446041955
day_2,Mild cloudy day,0.35,79,19.75,7.9147,0.0,20.0,building_1,2.310391045148396
day_2,Mild cloudy day,0.35,80,20.0,7.7235,0.0,20.0,building_1,2.3270041244671953
day_2,Mild cloudy day,0.35,81,20.25,7.5357,0.0,20.0,building_1,2.343321782919446
day_2,Mild cloudy day,0.35,82,20.5,7.3519,0.0,20.0,building_1,2.359291887411053
day_2,Mild cloudy day,0.35,83,20.75,7.1731,0.0,20.0,building_1,2.374827549451854
day_2,Mild cloudy day,0.35,84,21.0,7.0,0.0,20.0,building_1,2.389867947098737
day_2,Mild cloudy day,0.35,85,21.25,6.8333,0.0,20.0,building_1,2.404352258408589
day_2,Mild cloudy day,0.35,86,21.5,6.6737,0.0,20.0,building_1,2.4182196614382976
day_2,Mild cloudy day,0.35,87,21.75,6.522,0.0,20.0,building_1,2.4314006453957338
day_2,Mild cloudy day,0.35,88,22.0,6.3787,0.0,20.0,building_1,2.4438517660358166
day_2,Mild cloudy day,0.35,89,22.25,6.2445,0.0,20.0,building_1,2.4555122014154334
day_2,Mild cloudy day,0.35,90,22.5,6.1199,0.0,20.0,building_1,2.466338507289504
day_2,Mild cloudy day,0.35,91,22.75,6.0056,0.0,20.0,building_1,2.4762698617149157
day_2,Mild cloudy day,0.35,92,23.0,5.9019,0.0,20.0,building_1,2.4852801981446198
day_2,Mild cloudy day,0.35,93,23.25,5.8094,0.0,20.0,building_1,2.49331738348452
day_2,Mild cloudy day,0.35,94,23.5,5.7284,0.0,20.0,building_1,2.5003553511875674
day_2,Mild cloudy day,0.35,95,23.75,5.6592,0.0,20.0,building_1,2.506368034706714
day_2,Mild cloudy day,0.35,0,0.0,5.6022,0.0,20.0,building_2,2.684918523660457
day_2,Mild cloudy day,0.35,1,0.25,5.5576,0.0,20.0,building_2,2.6962521574648735
day_2,Mild cloudy day,0.35,2,0.5,5.5257,0.0,20.0,building_2,2.7043585009258804
day_2,Mild cloudy day,0.35,3,0.75,5.5064,0.0,20.0,building_2,2.709262965778464
day_2,Mild cloudy day,0.35,4,1.0,5.5,0.0,20.0,building_2,2.7108893168176627
day_2,Mild cloudy day,0.35,5,1.25,5.5064,0.0,20.0,building_2,2.709262965778464
day_2,Mild cloudy day,0.35,6,1.5,5.5257,0.0,20.0,building_2,2.7043585009258804
day_2,Mild cloudy day,0.35,7,1.75,5.5576,0.0,20.0,building_2,2.6962521574648735
day_2,Mild cloudy day,0.35,8,2.0,5.6022,0.0,20.0,building_2,2.684918523660457
day_2,Mild cloudy day,0.35,9,2.25,5.6592,0.0,20.0,building_2,2.670433834717593
day_2,Mild cloudy day,0.35,10,2.5,5.7284,0.0,20.0,building_2,2.652848914106256
day_2,Mild cloudy day,0.35,11,2.75,5.8094,0.0,20.0,building_2,2.632265408766397
day_2,Mild cloudy day,0.35,12,3.0,5.9019,0.0,20.0,building_2,2.608759553902977
day_2,Mild cloudy day,0.35,13,3.25,6.0056,0.0,20.0,building_2,2.5824075847209595
day_2,Mild cloudy day,0.35,14,3.5,6.1199,0.0,20.0,building_2,2.5533619716302685
day_2,Mild cloudy day,0.35,15,3.75,6.2445,0.0,20.0,building_2,2.5216989498358675
day_2,Mild cloudy day,0.35,16,4.0,6.3787,0.0,20.0,building_2,2.4875964014826684
day_2,Mild cloudy day,0.35,17,4.25,6.522,0.0,20.0,building_2,2.451181385245608
day_2,Mild cloudy day,0.35,18,4.5,6.6737,0.0,20.0,building_2,2.4126317832695996
day_2,Mild cloudy day,0.35,19,4.75,6.8333,0.0,20.0,building_2,2.3720746542295803
day_2,Mild cloudy day,0.35,20,5.0,7.0,0.0,20.0,building_2,2.32971329200545
day_2,Mild cloudy day,0.35,21,5.25,7.1731,0.0,20.0,building_2,2.2857255787421202
day_2,Mild cloudy day,0.35,22,5.5,7.3519,0.0,20.0,building_2,2.2402893965845045
day_2,Mild cloudy day,0.35,23,5.75,7.5357,0.0,20.0,building_2,2.1935826276775146
day_2,Mild cloudy day,0.35,24,6.0,7.7235,0.0,20.0,building_2,2.145859389371026
day_2,Mild cloudy day,0.35,25,6.25,7.9147,0.0,20.0,building_2,2.0972721520749626
day_2,Mild cloudy day,0.35,26,6.5,8.1084,0.0,20.0,building_2,2.0480496214042123
day_2,Mild cloudy day,0.35,27,6.75,8.3038,0.0,20.0,building_2,1.998395091238674
day_2,Mild cloudy day,0.35,28,7.0,8.5,0.0,20.0,building_2,1.948537267193237
day_2,Mild cloudy day,0.35,29,7.25,8.6962,4.5782,20.0,building_2,1.8855617869233254
day_2,Mild cloudy day,0.35,30,7.5,8.8916,9.1368,20.0,building_2,1.8228457592992038
day_2,Mild cloudy day,0.35,31,7.75,9.0853,13.6563,20.0,building_2,1.760673762177335
day_2,Mild cloudy day,0.35,32,8.0,9.2765,18.1173,20.0,building_2,1.6993046751548773
day_2,Mild cloudy day,0.35,33,8.25,9.4643,22.5008,20.0,building_2,1.639021643466714
day_2,Mild cloudy day,0.35,34,8.5,9.6481,26.7878,20.0,building_2,1.5800315771427653
day_2,Mild cloudy day,0.35,35,8.75,9.8269,30.9602,20.0,building_2,1.5226404544340604
day_2,Mild cloudy day,0.35,36,9.0,10.0,35.0,20.0,building_2,1.4670777318623498
day_2,Mild cloudy day,0.35,37,9.25,10.1667,38.8899,20.0,building_2,1.413570860279174
day_2,Mild cloudy day,0.35,38,9.5,10.3263,42.6133,20.0,building_2,1.3623452848658621
day_2,Mild cloudy day,0.35,39,9.75,10.478,46.1542,20.0,building_2,1.3136501433928374
day_2,Mild cloudy day,0.35,40,10.0,10.6213,49.4975,20.0,building_2,1.2676557597067182
day_2,Mild cloudy day,0.35,41,10.25,10.7555,52.6288,20.0,building_2,1.2245812754538867
day_2,Mild cloudy day,0.35,42,10.5,10.8801,55.5347,20.0,building_2,1.1845921435675935
day_2,Mild cloudy day,0.35,43,10.75,10.9944,58.2029,20.0,building_2,1.1479014886835908
day_2,Mild cloudy day,0.35,44,11.0,11.0981,60.6218,20.0,building_2,1.1146187828274694
day_2,Mild cloudy day,0.35,45,11.25,11.1906,62.7811,20.0,building_2,1.0849260084136791
day_2,Mild cloudy day,0.35,46,11.5,11.2716,64.6716,20.0,building_2,1.0589257608842322
day_2,Mild cloudy day,0.35,47,11.75,11.3408,66.2851,20.0,building_2,1.0367177704379846
day_2,Mild cloudy day,0.35,48,12.0,11.3978,67.6148,20.0,building_2,1.0184231676683584
day_2,Mild cloudy day,0.35,49,12.25,11.4424,68.655,20.0,building_2,1.0041091079313273
day_2,Mild cloudy day,0.35,50,12.5,11.4743,69.4011,20.0,building_2,0.9938650065503785
day_2,Mild cloudy day,0.35,51,12.75,11.4936,69.8501,20.0,building_2,0.9876740475199977
day_2,Mild cloudy day,0.35,52,13.0,11.5,70.0,20.0,building_2,0.9856181965314634
day_2,Mild cloudy day,0.35,53,13.25,11.4936,69.8501,20.0,building_2,0.9876740475199977
day_2,Mild cloudy day,0.35,54,13.5,11.4743,69.4011,20.0,building_2,0.9938650065503785
day_2,Mild cloudy day,0.35,55,13.75,11.4424,68.655,20.0,building_2,1.0041091079313273
day_2,Mild cloudy day,0.35,56,14.0,11.3978,67.6148,20.0,building_2,1.0184231676683584
day_2,Mild cloudy day,0.35,57,14.25,11.3408,66.2851,20.0,building_2,1.0367177704379846
day_2,Mild cloudy day,0.35,58,14.5,11.2716,64.6716,20.0,building_2,1.0589257608842322
day_2,Mild cloudy day,0.35,59,14.75,11.1906,62.7811,20.0,building_2,1.0849260084136791
day_2,Mild cloudy day,0.35,60,15.0,11.0981,60.6218,20.0,building_2,1.1146187828274694
day_2,Mild cloudy day,0.35,61,15.25,10.9944,58.2029,20.0,building_2,1.1479014886835908
day_2,Mild cloudy day,0.35,62,15.5,10.8801,55.5347,20.0,building_2,1.1845921435675935
day_2,Mild cloudy day,0.35,63,15.75,10.7555,52.6288,20.0,building_2,1.2245812754538867
day_2,Mild cloudy day,0.35,64,16.0,10.6213,49.4975,20.0,building_2,1.2676557597067182
day_2,Mild cloudy day,0.35,65,16.25,10.478,46.1542,20.0,building_2,1.3136501433928374
day_2,Mild cloudy day,0.35,66,16.5,10.3263,42.6133,20.0,building_2,1.3623452848658621
day_2,Mild cloudy day,0.35,67,16.75,10.1667,38.8899,20.0,building_2,1.413570860279174
day_2,Mild cloudy day,0.35,68,17.0,10.0,35.0,20.0,building_2,1.4670777318623498
day_2,Mild cloudy day,0.35,69,17.25,9.8269,30.9602,20.0,building_2,1.5226404544340604
day_2,Mild cloudy day,0.35,70,17.5,9.6481,26.7878,20.0,building_2,1.5800315771427653
day_2,Mild cloudy day,0.35,71,17.75,9.4643,22.5008,20.0,building_2,1.639021643466714
day_2,Mild cloudy day,0.35,72,18.0,9.2765,18.1173,20.0,building_2,1.6993046751548773
day_2,Mild cloudy day,0.35,73,18.25,9.0853,13.6563,20.0,building_2,1.760673762177335
day_2,Mild cloudy day,0.35,74,18.5,8.8916,9.1368,20.0,building_2,1.8228457592992038
day_2,Mild cloudy day,0.35,75,18.75,8.6962,4.5782,20.0,building_2,1.8855617869233254
day_2,Mild cloudy day,0.35,76,19.0,8.5,0.0,20.0,building_2,1.948537267193237
day_2,Mild cloudy day,0.35,77,19.25,8.3038,0.0,20.0,building_2,1.998395091238674
day_2,Mild cloudy day,0.35,78,19.5,8.1084,0.0,20.0,building_2,2.0480496214042123
day_2,Mild cloudy day,0.35,79,19.75,7.9147,0.0,20.0,building_2,2.0972721520749626
day_2,Mild cloudy day,0.35,80,20.0,7.7235,0.0,20.0,building_2,2.145859389371026
day_2,Mild cloudy day,0.35,81,20.25,7.5357,0.0,20.0,building_2,2.1935826276775146
day_2,Mild cloudy day,0.35,82,20.5,7.3519,0.0,20.0,building_2,2.2402893965845045
day_2,Mild cloudy day,0.35,83,20.75,7.1731,0.0,20.0,building_2,2.2857255787421202
day_2,Mild cloudy day,0.35,84,21.0,7.0,0.0,20.0,building_2,2.32971329200545
day_2,Mild cloudy day,0.35,85,21.25,6.8333,0.0,20.0,building_2,2.3720746542295803
day_2,Mild cloudy day,0.35,86,21.5,6.6737,0.0,20.0,building_2,2.4126317832695996
day_2,Mild cloudy day,0.35,87,21.75,6.522,0.0,20.0,building_2,2.451181385245608
day_2,Mild cloudy day,0.35,88,22.0,6.3787,0.0,20.0,building_2,2.4875964014826684
day_2,Mild cloudy day,0.35,89,22.25,6.2445,0.0,20.0,building_2,2.5216989498358675
day_2,Mild cloudy day,0.35,90,22.5,6.1199,0.0,20.0,building_2,2.5533619716302685
day_2,Mild cloudy day,0.35,91,22.75,6.0056,0.0,20.0,building_2,2.5824075847209595
day_2,Mild cloudy day,0.35,92,23.0,5.9019,0.0,20.0,building_2,2.608759553902977
day_2,Mild cloudy day,0.35,93,23.25,5.8094,0.0,20.0,building_2,2.632265408766397
day_2,Mild cloudy day,0.35,94,23.5,5.7284,0.0,20.0,building_2,2.652848914106256
day_2,Mild cloudy day,0.35,95,23.75,5.6592,0.0,20.0,building_2,2.670433834717593
day_2,Mild cloudy day,0.35,0,0.0,5.6022,0.0,20.0,building_3,2.219272404083256
day_2,Mild cloudy day,0.35,1,0.25,5.5576,0.0,20.0,building_3,2.224374262187868
day_2,Mild cloudy day,0.35,2,0.5,5.5257,0.0,20.0,building_3,2.228023349038476
day_2,Mild cloudy day,0.35,3,0.75,5.5064,0.0,20.0,building_3,2.230231103778813
day_2,Mild cloudy day,0.35,4,1.0,5.5,0.0,20.0,building_3,2.230963208977681
day_2,Mild cloudy day,0.35,5,1.25,5.5064,0.0,20.0,building_3,2.230231103778813
day_2,Mild cloudy day,0.35,6,1.5,5.5257,0.0,20.0,building_3,2.228023349038476
day_2,Mild cloudy day,0.35,7,1.75,5.5576,0.0,20.0,building_3,2.224374262187868
day_2,Mild cloudy day,0.35,8,2.0,5.6022,0.0,20.0,building_3,2.219272404083256
day_2,Mild cloudy day,0.35,9,2.25,5.6592,0.0,20.0,building_3,2.2127520921558372
day_2,Mild cloudy day,0.35,10,2.5,5.7284,0.0,20.0,building_3,2.204836204693076
day_2,Mild cloudy day,0.35,11,2.75,5.8094,0.0,20.0,building_3,2.195570498269902
day_2,Mild cloudy day,0.35,12,3.0,5.9019,0.0,20.0,building_3,2.1849892903175117
day_2,Mild cloudy day,0.35,13,3.25,6.0056,0.0,20.0,building_3,2.1731268982671024
day_2,Mild cloudy day,0.35,14,3.5,6.1199,0.0,20.0,building_3,2.160051956981068
day_2,Mild cloudy day,0.35,15,3.75,6.2445,0.0,20.0,building_3,2.145798783890605
day_2,Mild cloudy day,0.35,16,4.0,6.3787,0.0,20.0,building_3,2.13044745300184
day_2,Mild cloudy day,0.35,17,4.25,6.522,0.0,20.0,building_3,2.114055160033434
day_2,Mild cloudy day,0.35,18,4.5,6.6737,0.0,20.0,building_3,2.096701978991514
day_2,Mild cloudy day,0.35,19,4.75,6.8333,0.0,20.0,building_3,2.0784451055947413
day_2,Mild cloudy day,0.35,20,5.0,7.0,0.0,20.0,building_3,2.0593760529929743
day_2,Mild cloudy day,0.35,21,5.25,7.1731,0.0,20.0,building_3,2.039574895192339
day_2,Mild cloudy day,0.35,22,5.5,7.3519,0.0,20.0,building_3,2.019121706198962
day_2,Mild cloudy day,0.35,23,5.75,7.5357,0.0,20.0,building_3,1.9980965600189695
day_2,Mild cloudy day,0.35,24,6.0,7.7235,0.0,20.0,building_3,1.9766138480896842
day_2,Mild cloudy day,0.35,25,6.25,7.9147,0.0,20.0,building_3,1.9547422052735004
day_2,Mild cloudy day,0.35,26,6.5,8.1084,0.0,20.0,building_3,1.9325845838640086
day_2,Mild cloudy day,0.35,27,6.75,8.3038,0.0,20.0,building_3,1.9102324970110673
day_2,Mild cloudy day,0.35,28,7.0,8.5,0.0,20.0,building_3,1.887788897008268
day_2,Mild cloudy day,0.35,29,7.25,8.6962,4.5782,20.0,building_3,1.8466490119028276
day_2,Mild cloudy day,0.35,30,7.5,8.8916,9.1368,20.0,building_3,1.8056806817077655
day_2,Mild cloudy day,0.35,31,7.75,9.0853,13.6563,20.0,building_3,1.7650664921008636
day_2,Mild cloudy day,0.35,32,8.0,9.2765,18.1173,20.0,building_3,1.7249771812398411
day_2,Mild cloudy day,0.35,33,8.25,9.4643,22.5008,20.0,building_3,1.6855932929208337
day_2,Mild cloudy day,0.35,34,8.5,9.6481,26.7878,20.0,building_3,1.6470610535087804
day_2,Mild cloudy day,0.35,35,8.75,9.8269,30.9602,20.0,building_3,1.609568770556586
day_2,Mild cloudy day,0.35,36,9.0,10.0,35.0,20.0,building_3,1.5732700258096297
day_2,Mild cloudy day,0.35,37,9.25,10.1667,38.8899,20.0,building_3,1.5383155423789863
day_2,Mild cloudy day,0.35,38,9.5,10.3263,42.6133,20.0,building_3,1.5048531847414264
day_2,Mild cloudy day,0.35,39,9.75,10.478,46.1542,20.0,building_3,1.4730398062594774
day_2,Mild cloudy day,0.35,40,10.0,10.6213,49.4975,20.0,building_3,1.4429942674775078
day_2,Mild cloudy day,0.35,41,10.25,10.7555,52.6288,20.0,building_3,1.4148554485930462
day_2,Mild cloudy day,0.35,42,10.5,10.8801,55.5347,20.0,building_3,1.3887352677528642
day_2,Mild cloudy day,0.35,43,10.75,10.9944,58.2029,20.0,building_3,1.3647640292515777
day_2,Mild cloudy day,0.35,44,11.0,11.0981,60.6218,20.0,building_3,1.343023422174569
day_2,Mild cloudy day,0.35,45,11.25,11.1906,62.7811,20.0,building_3,1.3236241441461376
day_2,Mild cloudy day,0.35,46,11.5,11.2716,64.6716,20.0,building_3,1.3066380832197653
day_2,Mild cloudy day,0.35,47,11.75,11.3408,66.2851,20.0,building_3,1.292133043685642
day_2,Mild cloudy day,0.35,48,12.0,11.3978,67.6148,20.0,building_3,1.280182551709081
day_2,Mild cloudy day,0.35,49,12.25,11.4424,68.655,20.0,building_3,1.2708327630283112
day_2,Mild cloudy day,0.35,50,12.5,11.4743,69.4011,20.0,building_3,1.2641367803856713
day_2,Mild cloudy day,0.35,51,12.75,11.4936,69.8501,20.0,building_3,1.2600954159273043
day_2,Mild cloudy day,0.35,52,13.0,11.5,70.0,20.0,building_3,1.2587511546109917
day_2,Mild cloudy day,0.35,53,13.25,11.4936,69.8501,20.0,building_3,1.2600954159273043
day_2,Mild cloudy day,0.35,54,13.5,11.4743,69.4011,20.0,building_3,1.2641367803856713
day_2,Mild cloudy day,0.35,55,13.75,11.4424,68.655,20.0,building_3,1.2708327630283112
day_2,Mild cloudy day,0.35,56,14.0,11.3978,67.6148,20.0,building_3,1.280182551709081
day_2,Mild cloudy day,0.35,57,14.25,11.3408,66.2851,20.0,building_3,1.292133043685642
day_2,Mild cloudy day,0.35,58,14.5,11.2716,64.6716,20.0,building_3,1.3066380832197653
day_2,Mild cloudy day,0.35,59,14.75,11.1906,62.7811,20.0,building_3,1.3236241441461376
day_2,Mild cloudy day,0.35,60,15.0,11.0981,60.6218,20.0,building_3,1.343023422174569
day_2,Mild cloudy day,0.35,61,15.25,10.9944,58.2029,20.0,building_3,1.3647640292515777
day_2,Mild cloudy day,0.35,62,15.5,10.8801,55.5347,20.0,building_3,1.3887352677528642
day_2,Mild cloudy day,0.35,63,15.75,10.7555,52.6288,20.0,building_3,1.4148554485930462
day_2,Mild cloudy day,0.35,64,16.0,10.6213,49.4975,20.0,building_3,1.4429942674775078
day_2,Mild cloudy day,0.35,65,16.25,10.478,46.1542,20.0,building_3,1.4730398062594774
day_2,Mild cloudy day,0.35,66,16.5,10.3263,42.6133,20.0,building_3,1.5048531847414264
day_2,Mild cloudy day,0.35,67,16.75,10.1667,38.8899,20.0,building_3,1.5383155423789863
day_2,Mild cloudy day,0.35,68,17.0,10.0,35.0,20.0,building_3,1.5732700258096297
day_2,Mild cloudy day,0.35,69,17.25,9.8269,30.9602,20.0,building_3,1.609568770556586
day_2,Mild cloudy day,0.35,70,17.5,9.6481,26.7878,20.0,building_3,1.6470610535087804
day_2,Mild cloudy day,0.35,71,17.75,9.4643,22.5008,20.0,building_3,1.6855932929208337
day_2,Mild cloudy day,0.35,72,18.0,9.2765,18.1173,20.0,building_3,1.7249771812398411
day_2,Mild cloudy day,0.35,73,18.25,9.0853,13.6563,20.0,building_3,1.7650664921008636
day_2,Mild cloudy day,0.35,74,18.5,8.8916,9.1368,20.0,building_3,1.8056806817077655
day_2,Mild cloudy day,0.35,75,18.75,8.6962,4.5782,20.0,building_3,1.8466490119028276
day_2,Mild cloudy day,0.35,76,19.0,8.5,0.0,20.0,building_3,1.887788897008268
day_2,Mild cloudy day,0.35,77,19.25,8.3038,0.0,20.0,building_3,1.9102324970110673
day_2,Mild cloudy day,0.35,78,19.5,8.1084,0.0,20.0,building_3,1.9325845838640086
day_2,Mild cloudy day,0.35,79,19.75,7.9147,0.0,20.0,building_3,1.9547422052735004
day_2,Mild cloudy day,0.35,80,20.0,7.7235,0.0,20.0,building_3,1.9766138480896842
day_2,Mild cloudy day,0.35,81,20.25,7.5357,0.0,20.0,building_3,1.9980965600189695
day_2,Mild cloudy day,0.35,82,20.5,7.3519,0.0,20.0,building_3,2.019121706198962
day_2,Mild cloudy day,0.35,83,20.75,7.1731,0.0,20.0,building_3,2.039574895192339
day_2,Mild cloudy day,0.35,84,21.0,7.0,0.0,20.0,building_3,2.0593760529929743
day_2,Mild cloudy day,0.35,85,21.25,6.8333,0.0,20.0,building_3,2.0784451055947413
day_2,Mild cloudy day,0.35,86,21.5,6.6737,0.0,20.0,building_3,2.096701978991514
day_2,Mild cloudy day,0.35,87,21.75,6.522,0.0,20.0,building_3,2.114055160033434
day_2,Mild cloudy day,0.35,88,22.0,6.3787,0.0,20.0,building_3,2.13044745300184
day_2,Mild cloudy day,0.35,89,22.25,6.2445,0.0,20.0,building_3,2.145798783890605
day_2,Mild cloudy day,0.35,90,22.5,6.1199,0.0,20.0,building_3,2.160051956981068
day_2,Mild cloudy day,0.35,91,22.75,6.0056,0.0,20.0,building_3,2.1731268982671024
day_2,Mild cloudy day,0.35,92,23.0,5.9019,0.0,20.0,building_3,2.1849892903175117
day_2,Mild cloudy day,0.35,93,23.25,5.8094,0.0,20.0,building_3,2.195570498269902
day_2,Mild cloudy day,0.35,94,23.5,5.7284,0.0,20.0,building_3,2.204836204693076
day_2,Mild cloudy day,0.35,95,23.75,5.6592,0.0,20.0,building_3,2.2127520921558372
day_3,Mild sunny day,0.2,0,0.0,5.6022,0.0,20.0,4,3.01428447193008
day_3,Mild sunny day,0.2,1,0.25,5.5576,0.0,20.0,4,3.023867164771353
day_3,Mild sunny day,0.2,2,0.5,5.5257,0.0,20.0,4,3.0307211535972867
day_3,Mild sunny day,0.2,3,0.75,5.5064,0.0,20.0,4,3.034867924266268
day_3,Mild sunny day,0.2,4,1.0,5.5,0.0,20.0,4,3.0362430192031327
day_3,Mild sunny day,0.2,5,1.25,5.5064,0.0,20.0,4,3.034867924266268
day_3,Mild sunny day,0.2,6,1.5,5.5257,0.0,20.0,4,3.0307211535972867
day_3,Mild sunny day,0.2,7,1.75,5.5576,0.0,20.0,4,3.023867164771353
day_3,Mild sunny day,0.2,8,2.0,5.6022,0.0,20.0,4,3.01428447193008
day_3,Mild sunny day,0.2,9,2.25,5.6592,0.0,20.0,4,3.0020375326486315
day_3,Mild sunny day,0.2,10,2.5,5.7284,0.0,20.0,4,2.9871693186437858
day_3,Mild sunny day,0.2,11,2.75,5.8094,0.0,20.0,4,2.9697657733490965
day_3,Mild sunny day,0.2,12,3.0,5.9019,0.0,20.0,4,2.9498913543397283
day_3,Mild sunny day,0.2,13,3.25,6.0056,0.0,20.0,4,2.927610519190848
day_3,Mild sunny day,0.2,14,3.5,6.1199,0.0,20.0,4,2.9030521830527865
day_3,Mild sunny day,0.2,15,3.75,6.2445,0.0,20.0,4,2.8762808035007086
day_3,Mild sunny day,0.2,16,4.0,6.3787,0.0,20.0,4,2.847446781543334
day_3,Mild sunny day,0.2,17,4.25,6.522,0.0,20.0,4,2.8166575464726056
day_3,Mild sunny day,0.2,18,4.5,6.6737,0.0,20.0,4,2.784063499297243
day_3,Mild sunny day,0.2,19,4.75,6.8333,0.0,20.0,4,2.7497720693091874
day_3,Mild sunny day,0.2,20,5.0,7.0,0.0,20.0,4,2.713955143375549
day_3,Mild sunny day,0.2,21,5.25,7.1731,0.0,20.0,4,2.676763122505046
day_3,Mild sunny day,0.2,22,5.5,7.3519,0.0,20.0,4,2.638346407706398
day_3,Mild sunny day,0.2,23,5.75,7.5357,0.0,20.0,4,2.5988553999883246
day_3,Mild sunny day,0.2,24,6.0,7.7235,0.0,20.0,4,2.558504957934711
day_3,Mild sunny day,0.2,25,6.25,7.9147,0.0,20.0,4,2.5174239966958885
day_3,Mild sunny day,0.2,26,6.5,8.1084,0.0,20.0,4,2.4758058889973533
day_3,Mild sunny day,0.2,27,6.75,8.3038,0.0,20.0,4,2.433822521706213
day_3,Mild sunny day,0.2,28,7.0,8.5,0.0,20.0,4,2.3916672675479655
day_3,Mild sunny day,0.2,29,7.25,8.6962,17.0048,20.0,4,2.3476528394958422
day_3,Mild sunny day,0.2,30,7.5,8.8916,33.9368,20.0,4,2.303818257702262
day_3,Mild sunny day,0.2,31,7.75,9.0853,50.7235,20.0,4,2.2603648214844667
day_3,Mild sunny day,0.2,32,8.0,9.2765,67.293,20.0,4,2.217472278701929
day_3,Mild sunny day,0.2,33,8.25,9.4643,83.5743,20.0,4,2.175341764673441
day_3,Mild sunny day,0.2,34,8.5,9.6481,99.4977,20.0,4,2.1341098150106386
day_3,Mild sunny day,0.2,35,8.75,9.8269,114.9951,20.0,4,2.0939987338270316
day_3,Mild sunny day,0.2,36,9.0,10.0,130.0,20.0,4,2.0551661927292866
day_3,Mild sunny day,0.2,37,9.25,10.1667,144.4483,20.0,4,2.017769600926547
day_3,Mild sunny day,0.2,38,9.5,10.3263,158.278,20.0,4,1.9819661380301299
day_3,Mild sunny day,0.2,39,9.75,10.478,171.4299,20.0,4,1.9479341633792977
day_3,Mild sunny day,0.2,40,10.0,10.6213,183.8478,20.0,4,1.91578725074125
day_3,Mild sunny day,0.2,41,10.25,10.7555,195.4783,20.0,4,1.885681639469522
day_3,Mild sunny day,0.2,42,10.5,10.8801,206.2719,20.0,4,1.857730170804903
day_3,Mild sunny day,0.2,43,10.75,10.9944,216.1821,20.0,4,1.83208832970806
day_3,Mild sunny day,0.2,44,11.0,11.0981,225.1666,20.0,4,1.8088251985104453
day_3,Mild sunny day,0.2,45,11.25,11.1906,233.1869,20.0,4,1.788073901655937
day_3,Mild sunny day,0.2,46,11.5,11.2716,240.2087,20.0,4,1.7699026468175885
day_3,Mild sunny day,0.2,47,11.75,11.3408,246.2018,20.0,4,1.754379193406023
day_3,Mild sunny day,0.2,48,12.0,11.3978,251.1407,20.0,4,1.7415922728284432
day_3,Mild sunny day,0.2,49,12.25,11.4424,255.0042,20.0,4,1.7315871746463847
day_3,Mild sunny day,0.2,50,12.5,11.4743,257.7757,20.0,4,1.7244301713511911
day_3,Mild sunny day,0.2,51,12.75,11.4936,259.4433,20.0,4,1.7201010781388435
day_3,Mild sunny day,0.2,52,13.0,11.5,260.0,20.0,4,1.7186651179106074
day_3,Mild sunny day,0.2,53,13.25,11.4936,259.4433,20.0,4,1.7201010781388435
day_3,Mild sunny day,0.2,54,13.5,11.4743,257.7757,20.0,4,1.7244301713511911
day_3,Mild sunny day,0.2,55,13.75,11.4424,255.0042,20.0,4,1.7315871746463847
day_3,Mild sunny day,0.2,56,14.0,11.3978,251.1407,20.0,4,1.7415922728284432
day_3,Mild sunny day,0.2,57,14.25,11.3408,246.2018,20.0,4,1.754379193406023
day_3,Mild sunny day,0.2,58,14.5,11.2716,240.2087,20.0,4,1.7699026468175885
day_3,Mild sunny day,0.2,59,14.75,11.1906,233.1869,20.0,4,1.788073901655937
day_3,Mild sunny day,0.2,60,15.0,11.0981,225.1666,20.0,4,1.8088251985104453
day_3,Mild sunny day,0.2,61,15.25,10.9944,216.1821,20.0,4,1.83208832970806
day_3,Mild sunny day,0.2,62,15.5,10.8801,206.2719,20.0,4,1.857730170804903
day_3,Mild sunny day,0.2,63,15.75,10.7555,195.4783,20.0,4,1.885681639469522
day_3,Mild sunny day,0.2,64,16.0,10.6213,183.8478,20.0,4,1.91578725074125
day_3,Mild sunny day,0.2,65,16.25,10.478,171.4299,20.0,4,1.9479341633792977
day_3,Mild sunny day,0.2,66,16.5,10.3263,158.278,20.0,4,1.9819661380301299
day_3,Mild sunny day,0.2,67,16.75,10.1667,144.4483,20.0,4,2.017769600926547
day_3,Mild sunny day,0.2,68,17.0,10.0,130.0,20.0,4,2.0551661927292866
day_3,Mild sunny day,0.2,69,17.25,9.8269,114.9951,20.0,4,2.0939987338270316
day_3,Mild sunny day,0.2,70,17.5,9.6481,99.4977,20.0,4,2.1341098150106386
day_3,Mild sunny day,0.2,71,17.75,9.4643,83.5743,20.0,4,2.175341764673441
day_3,Mild sunny day,0.2,72,18.0,9.2765,67.293,20.0,4,2.217472278701929
day_3,Mild sunny day,0.2,73,18.25,9.0853,50.7235,20.0,4,2.2603648214844667
day_3,Mild sunny day,0.2,74,18.5,8.8916,33.9368,20.0,4,2.303818257702262
day_3,Mild sunny day,0.2,75,18.75,8.6962,17.0048,20.0,4,2.3476528394958422
day_3,Mild sunny day,0.2,76,19.0,8.5,0.0,20.0,4,2.3916672675479655
day_3,Mild sunny day,0.2,77,19.25,8.3038,0.0,20.0,4,2.433822521706213
day_3,Mild sunny day,0.2,78,19.5,8.1084,0.0,20.0,4,2.4758058889973533
day_3,Mild sunny day,0.2,79,19.75,7.9147,0.0,20.0,4,2.5174239966958885
day_3,Mild sunny day,0.2,80,20.0,7.7235,0.0,20.0,4,2.558504957934711
day_3,Mild sunny day,0.2,81,20.25,7.5357,0.0,20.0,4,2.5988553999883246
day_3,Mild sunny day,0.2,82,20.5,7.3519,0.0,20.0,4,2.638346407706398
day_3,Mild sunny day,0.2,83,20.75,7.1731,0.0,20.0,4,2.676763122505046
day_3,Mild sunny day,0.2,84,21.0,7.0,0.0,20.0,4,2.713955143375549
day_3,Mild sunny day,0.2,85,21.25,6.8333,0.0,20.0,4,2.7497720693091874
day_3,Mild sunny day,0.2,86,21.5,6.6737,0.0,20.0,4,2.784063499297243
day_3,Mild sunny day,0.2,87,21.75,6.522,0.0,20.0,4,2.8166575464726056
day_3,Mild sunny day,0.2,88,22.0,6.3787,0.0,20.0,4,2.847446781543334
day_3,Mild sunny day,0.2,89,22.25,6.2445,0.0,20.0,4,2.8762808035007086
day_3,Mild sunny day,0.2,90,22.5,6.1199,0.0,20.0,4,2.9030521830527865
day_3,Mild sunny day,0.2,91,22.75,6.0056,0.0,20.0,4,2.927610519190848
day_3,Mild sunny day,0.2,92,23.0,5.9019,0.0,20.0,4,2.9498913543397283
day_3,Mild sunny day,0.2,93,23.25,5.8094,0.0,20.0,4,2.9697657733490965
day_3,Mild sunny day,0.2,94,23.5,5.7284,0.0,20.0,4,2.9871693186437858
day_3,Mild sunny day,0.2,95,23.75,5.6592,0.0,20.0,4,3.0020375326486315
day_3,Mild sunny day,0.2,0,0.0,5.6022,0.0,20.0,5,2.913735030228092
day_3,Mild sunny day,0.2,1,0.25,5.5576,0.0,20.0,5,2.9193757108558325
day_3,Mild sunny day,0.2,2,0.5,5.5257,0.0,20.0,5,2.923410188703924
day_3,Mild sunny day,0.2,3,0.75,5.5064,0.0,20.0,5,2.92585111103835
day_3,Mild sunny day,0.2,4,1.0,5.5,0.0,20.0,5,2.9266605360611644
day_3,Mild sunny day,0.2,5,1.25,5.5064,0.0,20.0,5,2.92585111103835
day_3,Mild sunny day,0.2,6,1.5,5.5257,0.0,20.0,5,2.923410188703924
day_3,Mild sunny day,0.2,7,1.75,5.5576,0.0,20.0,5,2.9193757108558325
day_3,Mild sunny day,0.2,8,2.0,5.6022,0.0,20.0,5,2.913735030228092
day_3,Mild sunny day,0.2,9,2.25,5.6592,0.0,20.0,5,2.906526088618649
day_3,Mild sunny day,0.2,10,2.5,5.7284,0.0,20.0,5,2.8977741805594643
day_3,Mild sunny day,0.2,11,2.75,5.8094,0.0,20.0,5,2.887529895114466
day_3,Mild sunny day,0.2,12,3.0,5.9019,0.0,20.0,5,2.875831174081597
day_3,Mild sunny day,0.2,13,3.25,6.0056,0.0,20.0,5,2.8627159592588027
day_3,Mild sunny day,0.2,14,3.5,6.1199,0.0,20.0,5,2.848260134241971
day_3,Mild sunny day,0.2,15,3.75,6.2445,0.0,20.0,5,2.8325016408290473
day_3,Mild sunny day,0.2,16,4.0,6.3787,0.0,20.0,5,2.8155290098819012
day_3,Mild sunny day,0.2,17,4.25,6.522,0.0,20.0,5,2.7974054777304405
day_3,Mild sunny day,0.2,18,4.5,6.6737,0.0,20.0,5,2.7782195752365357
day_3,Mild sunny day,0.2,19,4.75,6.8333,0.0,20.0,5,2.7580345387300937
day_3,Mild sunny day,0.2,20,5.0,7.0,0.0,20.0,5,2.7369515463389673
day_3,Mild sunny day,0.2,21,5.25,7.1731,0.0,20.0,5,2.7150591289250254
day_3,Mild sunny day,0.2,22,5.5,7.3519,0.0,20.0,5,2.6924458173501398
day_3,Mild sunny day,0.2,23,5.75,7.5357,0.0,20.0,5,2.6692001424761798
day_3,Mild sunny day,0.2,24,6.0,7.7235,0.0,20.0,5,2.645448576962961
day_3,Mild sunny day,0.2,25,6.25,7.9147,0.0,20.0,5,2.6212670044063713
day_3,Mild sunny day,0.2,26,6.5,8.1084,0.0,20.0,5,2.5967692502002446
day_3,Mild sunny day,0.2,27,6.75,8.3038,0.0,20.0,5,2.5720564924724334
day_3,Mild sunny day,0.2,28,7.0,8.5,0.0,20.0,5,2.54724255661677
day_3,Mild sunny day,0.2,29,7.25,8.6962,17.0048,20.0,5,2.4210788099755414
day_3,Mild sunny day,0.2,30,7.5,8.8916,33.9368,20.0,5,2.295450134611462
day_3,Mild sunny day,0.2,31,7.75,9.0853,50.7235,20.0,5,2.1709024610464462
day_3,Mild sunny day,0.2,32,8.0,9.2765,67.293,20.0,5,2.0479654964939833
day_3,Mild sunny day,0.2,33,8.25,9.4643,83.5743,20.0,5,1.9271762313698884
day_3,Mild sunny day,0.2,34,8.5,9.6481,99.4977,20.0,5,1.8090259662000783
day_3,Mild sunny day,0.2,35,8.75,9.8269,114.9951,20.0,5,1.6940470544612256
day_3,Mild sunny day,0.2,36,9.0,10.0,130.0,20.0,5,1.5827243717188868
day_3,Mild sunny day,0.2,37,9.25,10.1667,144.4483,20.0,5,1.4755284893688612
day_3,Mild sunny day,0.2,38,9.5,10.3263,158.278,20.0,5,1.3729174626584102
day_3,Mild sunny day,0.2,39,9.75,10.478,171.4299,20.0,5,1.2753453059027275
day_3,Mild sunny day,0.2,40,10.0,10.6213,183.8478,20.0,5,1.1832102114068659
day_3,Mild sunny day,0.2,41,10.25,10.7555,195.4783,20.0,5,1.0969189778097908
day_3,Mild sunny day,0.2,42,10.5,10.8801,206.2719,20.0,5,1.0168298649426493
day_3,Mild sunny day,0.2,43,10.75,10.9944,216.1821,20.0,5,0.9433085469563558
day_3,Mild sunny day,0.2,44,11.0,11.0981,225.1666,20.0,5,0.8766450766408231
day_3,Mild sunny day,0.2,45,11.25,11.1906,233.1869,20.0,5,0.8171448003151269
day_3,Mild sunny day,0.2,46,11.5,11.2716,240.2087,20.0,5,0.7650500902033235
day_3,Mild sunny day,0.2,47,11.75,11.3408,246.2018,20.0,5,0.720578882239467
day_3,Mild sunny day,0.2,48,12.0,11.3978,251.1407,20.0,5,0.6839337472911529
day_3,Mild sunny day,0.2,49,12.25,11.4424,255.0042,20.0,5,0.6552663333898647
day_3,Mild sunny day,0.2,50,12.5,11.4743,257.7757,20.0,5,0.6347135195077005
day_3,Mild sunny day,0.2,51,12.75,11.4936,259.4433,20.0,5,0.6223335832203902
day_3,Mild sunny day,0.2,52,13.0,11.5,260.0,20.0,5,0.6182061868210038
day_3,Mild sunny day,0.2,53,13.25,11.4936,259.4433,20.0,5,0.6223335832203902
day_3,Mild sunny day,0.2,54,13.5,11.4743,257.7757,20.0,5,0.6347135195077005
day_3,Mild sunny day,0.2,55,13.75,11.4424,255.0042,20.0,5,0.6552663333898647
day_3,Mild sunny day,0.2,56,14.0,11.3978,251.1407,20.0,5,0.6839337472911529
day_3,Mild sunny day,0.2,57,14.25,11.3408,246.2018,20.0,5,0.720578882239467
day_3,Mild sunny day,0.2,58,14.5,11.2716,240.2087,20.0,5,0.7650500902033235
day_3,Mild sunny day,0.2,59,14.75,11.1906,233.1869,20.0,5,0.8171448003151269
day_3,Mild sunny day,0.2,60,15.0,11.0981,225.1666,20.0,5,0.8766450766408231
day_3,Mild sunny day,0.2,61,15.25,10.9944,216.1821,20.0,5,0.9433085469563558
day_3,Mild sunny day,0.2,62,15.5,10.8801,206.2719,20.0,5,1.0168298649426493
day_3,Mild sunny day,0.2,63,15.75,10.7555,195.4783,20.0,5,1.0969189778097908
day_3,Mild sunny day,0.2,64,16.0,10.6213,183.8478,20.0,5,1.1832102114068659
day_3,Mild sunny day,0.2,65,16.25,10.478,171.4299,20.0,5,1.2753453059027275
day_3,Mild sunny day,0.2,66,16.5,10.3263,158.278,20.0,5,1.3729174626584102
day_3,Mild sunny day,0.2,67,16.75,10.1667,144.4483,20.0,5,1.4755284893688612
day_3,Mild sunny day,0.2,68,17.0,10.0,130.0,20.0,5,1.5827243717188868
day_3,Mild sunny day,0.2,69,17.25,9.8269,114.9951,20.0,5,1.6940470544612256
day_3,Mild sunny day,0.2,70,17.5,9.6481,99.4977,20.0,5,1.8090259662000783
day_3,Mild sunny day,0.2,71,17.75,9.4643,83.5743,20.0,5,1.9271762313698884
day_3,Mild sunny day,0.2,72,18.0,9.2765,67.293,20.0,5,2.0479654964939833
day_3,Mild sunny day,0.2,73,18.25,9.0853,50.7235,20.0,5,2.1709024610464462
day_3,Mild sunny day,0.2,74,18.5,8.8916,33.9368,20.0,5,2.295450134611462
day_3,Mild sunny day,0.2,75,18.75,8.6962,17.0048,20.0,5,2.4210788099755414
day_3,Mild sunny day,0.2,76,19.0,8.5,0.0,20.0,5,2.54724255661677
day_3,Mild sunny day,0.2,77,19.25,8.3038,0.0,20.0,5,2.5720564924724334
day_3,Mild sunny day,0.2,78,19.5,8.1084,0.0,20.0,5,2.5967692502002446
day_3,Mild sunny day,0.2,79,19.75,7.9147,0.0,20.0,5,2.6212670044063713
day_3,Mild sunny day,0.2,80,20.0,7.7235,0.0,20.0,5,2.645448576962961
day_3,Mild sunny day,0.2,81,20.25,7.5357,0.0,20.0,5,2.6692001424761798
day_3,Mild sunny day,0.2,82,20.5,7.3519,0.0,20.0,5,2.6924458173501398
day_3,Mild sunny day,0.2,83,20.75,7.1731,0.0,20.0,5,2.7150591289250254
day_3,Mild sunny day,0.2,84,21.0,7.0,0.0,20.0,5,2.7369515463389673
day_3,Mild sunny day,0.2,85,21.25,6.8333,0.0,20.0,5,2.7580345387300937
day_3,Mild sunny day,0.2,86,21.5,6.6737,0.0,20.0,5,2.7782195752365357
day_3,Mild sunny day,0.2,87,21.75,6.522,0.0,20.0,5,2.7974054777304405
day_3,Mild sunny day,0.2,88,22.0,6.3787,0.0,20.0,5,2.8155290098819012
day_3,Mild sunny day,0.2,89,22.25,6.2445,0.0,20.0,5,2.8325016408290473
day_3,Mild sunny day,0.2,90,22.5,6.1199,0.0,20.0,5,2.848260134241971
day_3,Mild sunny day,0.2,91,22.75,6.0056,0.0,20.0,5,2.8627159592588027
day_3,Mild sunny day,0.2,92,23.0,5.9019,0.0,20.0,5,2.875831174081597
day_3,Mild sunny day,0.2,93,23.25,5.8094,0.0,20.0,5,2.887529895114466
day_3,Mild sunny day,0.2,94,23.5,5.7284,0.0,20.0,5,2.8977741805594643
day_3,Mild sunny day,0.2,95,23.75,5.6592,0.0,20.0,5,2.906526088618649
day_3,Mild sunny day,0.2,0,0.0,5.6022,0.0,20.0,6,3.603773050009193
day_3,Mild sunny day,0.2,1,0.25,5.5576,0.0,20.0,6,3.616540802066082
day_3,Mild sunny day,0.2,2,0.5,5.5257,0.0,20.0,6,3.6256728937839022
day_3,Mild sunny day,0.2,3,0.75,5.5064,0.0,20.0,6,3.631197952409417
day_3,Mild sunny day,0.2,4,1.0,5.5,0.0,20.0,6,3.6330300962023343
day_3,Mild sunny day,0.2,5,1.25,5.5064,0.0,20.0,6,3.631197952409417
day_3,Mild sunny day,0.2,6,1.5,5.5257,0.0,20.0,6,3.6256728937839022
day_3,Mild sunny day,0.2,7,1.75,5.5576,0.0,20.0,6,3.616540802066082
day_3,Mild sunny day,0.2,8,2.0,5.6022,0.0,20.0,6,3.603773050009193
day_3,Mild sunny day,0.2,9,2.25,5.6592,0.0,20.0,6,3.587455519353528
day_3,Mild sunny day,0.2,10,2.5,5.7284,0.0,20.0,6,3.5676454645926143
day_3,Mild sunny day,0.2,11,2.75,5.8094,0.0,20.0,6,3.5444573947135107
day_3,Mild sunny day,0.2,12,3.0,5.9019,0.0,20.0,6,3.517977191456509
day_3,Mild sunny day,0.2,13,3.25,6.0056,0.0,20.0,6,3.4882907365619036
day_3,Mild sunny day,0.2,14,3.5,6.1199,0.0,20.0,6,3.45556979351028
day_3,Mild sunny day,0.2,15,3.75,6.2445,0.0,20.0,6,3.4199002440419304
day_3,Mild sunny day,0.2,16,4.0,6.3787,0.0,20.0,6,3.3814824788842057
day_3,Mild sunny day,0.2,17,4.25,6.522,0.0,20.0,6,3.3404596342709274
day_3,Mild sunny day,0.2,18,4.5,6.6737,0.0,20.0,6,3.2970321009294454
day_3,Mild sunny day,0.2,19,4.75,6.8333,0.0,20.0,6,3.251343015093582
day_3,Mild sunny day,0.2,20,5.0,7.0,0.0,20.0,6,3.2036213947374517
day_3,Mild sunny day,0.2,21,5.25,7.1731,0.0,20.0,6,3.154067630588404
day_3,Mild sunny day,0.2,22,5.5,7.3519,0.0,20.0,6,3.10288211337379
day_3,Mild sunny day,0.2,23,5.75,7.5357,0.0,20.0,6,3.0502652338209595
day_3,Mild sunny day,0.2,24,6.0,7.7235,0.0,20.0,6,2.9965032643975564
day_3,Mild sunny day,0.2,25,6.25,7.9147,0.0,20.0,6,2.9417679685841662
day_3,Mild sunny day,0.2,26,6.5,8.1084,0.0,20.0,6,2.8863169916016678
day_3,Mild sunny day,0.2,27,6.75,8.3038,0.0,20.0,6,2.8303793514241753
day_3,Mild sunny day,0.2,28,7.0,8.5,0.0,20.0,6,2.774212693272569
day_3,Mild sunny day,0.2,29,7.25,8.6962,17.0048,20.0,6,2.6491991123446708
day_3,Mild sunny day,0.2,30,7.5,8.8916,33.9368,20.0,6,2.5247092929914055
day_3,Mild sunny day,0.2,31,7.75,9.0853,50.7235,20.0,6,2.401294409431424
day_3,Mild sunny day,0.2,32,8.0,9.2765,67.293,20.0,6,2.279474579431111
day_3,Mild sunny day,0.2,33,8.25,9.4643,83.5743,20.0,6,2.1597949041953703
day_3,Mild sunny day,0.2,34,8.5,9.6481,99.4977,20.0,6,2.0427093399102287
day_3,Mild sunny day,0.2,35,8.75,9.8269,114.9951,20.0,6,1.928779873867442
day_3,Mild sunny day,0.2,36,9.0,10.0,130.0,20.0,6,1.8184761337371427
day_3,Mild sunny day,0.2,37,9.25,10.1667,144.4483,20.0,6,1.7122580303674688
day_3,Mild sunny day,0.2,38,9.5,10.3263,158.278,20.0,6,1.610576972387312
day_3,Mild sunny day,0.2,39,9.75,10.478,171.4299,20.0,6,1.5139016593799992
day_3,Mild sunny day,0.2,40,10.0,10.6213,183.8478,20.0,6,1.4226027631610734
day_3,Mild sunny day,0.2,41,10.25,10.7555,195.4783,20.0,6,1.3370968737472757
day_3,Mild sunny day,0.2,42,10.5,10.8801,206.2719,20.0,6,1.2577275368260783
day_3,Mild sunny day,0.2,43,10.75,10.9944,216.1821,20.0,6,1.184883406550987
day_3,Mild sunny day,0.2,44,11.0,11.0981,225.1666,20.0,6,1.1188216236499602
day_3,Mild sunny day,0.2,45,11.25,11.1906,233.1869,20.0,6,1.0598698256230885
day_3,Mild sunny day,0.2,46,11.5,11.2716,240.2087,20.0,6,1.0082527637916794
day_3,Mild sunny day,0.2,47,11.75,11.3408,246.2018,20.0,6,0.9641785899061308
day_3,Mild sunny day,0.2,48,12.0,11.3978,251.1407,20.0,6,0.9278650541871984
day_3,Mild sunny day,0.2,49,12.25,11.4424,255.0042,20.0,6,0.8994552430560365
day_3,Mild sunny day,0.2,50,12.5,11.4743,257.7757,20.0,6,0.8791022462717359
day_3,Mild sunny day,0.2,51,12.75,11.4936,259.4433,20.0,6,0.8668256158299248
day_3,Mild sunny day,0.2,52,13.0,11.5,260.0,20.0,6,0.862739574201717
day_3,Mild sunny day,0.2,53,13.25,11.4936,259.4433,20.0,6,0.8668256158299248
day_3,Mild sunny day,0.2,54,13.5,11.4743,257.7757,20.0,6,0.8791022462717359
day_3,Mild sunny day,0.2,55,13.75,11.4424,255.0042,20.0,6,0.8994552430560365
day_3,Mild sunny day,0.2,56,14.0,11.3978,251.1407,20.0,6,0.9278650541871984
day_3,Mild sunny day,0.2,57,14.25,11.3408,246.2018,20.0,6,0.9641785899061308
day_3,Mild sunny day,0.2,58,14.5,11.2716,240.2087,20.0,6,1.0082527637916794
day_3,Mild sunny day,0.2,59,14.75,11.1906,233.1869,20.0,6,1.0598698256230885
day_3,Mild sunny day,0.2,60,15.0,11.0981,225.1666,20.0,6,1.1188216236499602
day_3,Mild sunny day,0.2,61,15.25,10.9944,216.1821,20.0,6,1.184883406550987
day_3,Mild sunny day,0.2,62,15.5,10.8801,206.2719,20.0,6,1.2577275368260783
day_3,Mild sunny day,0.2,63,15.75,10.7555,195.4783,20.0,6,1.3370968737472757
day_3,Mild sunny day,0.2,64,16.0,10.6213,183.8478,20.0,6,1.4226027631610734
day_3,Mild sunny day,0.2,65,16.25,10.478,171.4299,20.0,6,1.5139016593799992
day_3,Mild sunny day,0.2,66,16.5,10.3263,158.278,20.0,6,1.610576972387312
day_3,Mild sunny day,0.2,67,16.75,10.1667,144.4483,20.0,6,1.7122580303674688
day_3,Mild sunny day,0.2,68,17.0,10.0,130.0,20.0,6,1.8184761337371427
day_3,Mild sunny day,0.2,69,17.25,9.8269,114.9951,20.0,6,1.928779873867442
day_3,Mild sunny day,0.2,70,17.5,9.6481,99.4977,20.0,6,2.0427093399102287
day_3,Mild sunny day,0.2,71,17.75,9.4643,83.5743,20.0,6,2.1597949041953703
day_3,Mild sunny day,0.2,72,18.0,9.2765,67.293,20.0,6,2.279474579431111
day_3,Mild sunny day,0.2,73,18.25,9.0853,50.7235,20.0,6,2.401294409431424
day_3,Mild sunny day,0.2,74,18.5,8.8916,33.9368,20.0,6,2.5247092929914055
day_3,Mild sunny day,0.2,75,18.75,8.6962,17.0048,20.0,6,2.6491991123446708
day_3,Mild sunny day,0.2,76,19.0,8.5,0.0,20.0,6,2.774212693272569
day_3,Mild sunny day,0.2,77,19.25,8.3038,0.0,20.0,6,2.8303793514241753
day_3,Mild sunny day,0.2,78,19.5,8.1084,0.0,20.0,6,2.8863169916016678
day_3,Mild sunny day,0.2,79,19.75,7.9147,0.0,20.0,6,2.9417679685841662
day_3,Mild sunny day,0.2,80,20.0,7.7235,0.0,20.0,6,2.9965032643975564
day_3,Mild sunny day,0.2,81,20.25,7.5357,0.0,20.0,6,3.0502652338209595
day_3,Mild sunny day,0.2,82,20.5,7.3519,0.0,20.0,6,3.10288211337379
day_3,Mild sunny day,0.2,83,20.75,7.1731,0.0,20.0,6,3.154067630588404
day_3,Mild sunny day,0.2,84,21.0,7.0,0.0,20.0,6,3.2036213947374517
day_3,Mild sunny day,0.2,85,21.25,6.8333,0.0,20.0,6,3.251343015093582
day_3,Mild sunny day,0.2,86,21.5,6.6737,0.0,20.0,6,3.2970321009294454
day_3,Mild sunny day,0.2,87,21.75,6.522,0.0,20.0,6,3.3404596342709274
day_3,Mild sunny day,0.2,88,22.0,6.3787,0.0,20.0,6,3.3814824788842057
day_3,Mild sunny day,0.2,89,22.25,6.2445,0.0,20.0,6,3.4199002440419304
day_3,Mild sunny day,0.2,90,22.5,6.1199,0.0,20.0,6,3.45556979351028
day_3,Mild sunny day,0.2,91,22.75,6.0056,0.0,20.0,6,3.4882907365619036
day_3,Mild sunny day,0.2,92,23.0,5.9019,0.0,20.0,6,3.517977191456509
day_3,Mild sunny day,0.2,93,23.25,5.8094,0.0,20.0,6,3.5444573947135107
day_3,Mild sunny day,0.2,94,23.5,5.7284,0.0,20.0,6,3.5676454645926143
day_3,Mild sunny day,0.2,95,23.75,5.6592,0.0,20.0,6,3.587455519353528
day_3,Mild sunny day,0.2,0,0.0,5.6022,0.0,20.0,building_1,2.511320678645896
day_3,Mild sunny day,0.2,1,0.25,5.5576,0.0,20.0,building_1,2.5151959053070803
day_3,Mild sunny day,0.2,2,0.5,5.5257,0.0,20.0,building_1,2.5179676481432187
day_3,Mild sunny day,0.2,3,0.75,5.5064,0.0,20.0,building_1,2.519644596003327
day_3,Mild sunny day,0.2,4,1.0,5.5,0.0,20.0,building_1,2.5202006823403584
day_3,Mild sunny day,0.2,5,1.25,5.5064,0.0,20.0,building_1,2.519644596003327
day_3,Mild sunny day,0.2,6,1.5,5.5257,0.0,20.0,building_1,2.5179676481432187
day_3,Mild sunny day,0.2,7,1.75,5.5576,0.0,20.0,building_1,2.5151959053070803
day_3,Mild sunny day,0.2,8,2.0,5.6022,0.0,20.0,building_1,2.511320678645896
day_3,Mild sunny day,0.2,9,2.25,5.6592,0.0,20.0,building_1,2.506368034706714
day_3,Mild sunny day,0.2,10,2.5,5.7284,0.0,20.0,building_1,2.5003553511875674
day_3,Mild sunny day,0.2,11,2.75,5.8094,0.0,20.0,building_1,2.49331738348452
day_3,Mild sunny day,0.2,12,3.0,5.9019,0.0,20.0,building_1,2.4852801981446198
day_3,Mild sunny day,0.2,13,3.25,6.0056,0.0,20.0,building_1,2.4762698617149157
day_3,Mild sunny day,0.2,14,3.5,6.1199,0.0,20.0,building_1,2.466338507289504
day_3,Mild sunny day,0.2,15,3.75,6.2445,0.0,20.0,building_1,2.4555122014154334
day_3,Mild sunny day,0.2,16,4.0,6.3787,0.0,20.0,building_1,2.4438517660358166
day_3,Mild sunny day,0.2,17,4.25,6.522,0.0,20.0,building_1,2.4314006453957338
day_3,Mild sunny day,0.2,18,4.5,6.6737,0.0,20.0,building_1,2.4182196614382976
day_3,Mild sunny day,0.2,19,4.75,6.8333,0.0,20.0,building_1,2.404352258408589
day_3,Mild sunny day,0.2,20,5.0,7.0,0.0,20.0,building_1,2.389867947098737
day_3,Mild sunny day,0.2,21,5.25,7.1731,0.0,20.0,building_1,2.374827549451854
day_3,Mild sunny day,0.2,22,5.5,7.3519,0.0,20.0,building_1,2.359291887411053
day_3,Mild sunny day,0.2,23,5.75,7.5357,0.0,20.0,building_1,2.343321782919446
day_3,Mild sunny day,0.2,24,6.0,7.7235,0.0,20.0,building_1,2.3270041244671953
day_3,Mild sunny day,0.2,25,6.25,7.9147,0.0,20.0,building_1,2.310391045148396
day_3,Mild sunny day,0.2,26,6.5,8.1084,0.0,20.0,building_1,2.2935607446041955
day_3,Mild sunny day,0.2,27,6.75,8.3038,0.0,20.0,building_1,2.2765827336267197
day_3,Mild sunny day,0.2,28,7.0,8.5,0.0,20.0,building_1,2.259535211857116
day_3,Mild sunny day,0.2,29,7.25,8.6962,17.0048,20.0,building_1,2.180827568845173
day_3,Mild sunny day,0.2,30,7.5,8.8916,33.9368,20.0,building_1,2.102453412492552
day_3,Mild sunny day,0.2,31,7.75,9.0853,50.7235,20.0,building_1,2.024753830494951
day_3,Mild sunny day,0.2,32,8.0,9.2765,67.293,20.0,building_1,1.9480590460737734
day_3,Mild sunny day,0.2,33,8.25,9.4643,83.5743,20.0,building_1,1.87270470786152
day_3,Mild sunny day,0.2,34,8.5,9.6481,99.4977,20.0,building_1,1.7989956840888717
day_3,Mild sunny day,0.2,35,8.75,9.8269,114.9951,20.0,building_1,1.7272657967151632
day_3,Mild sunny day,0.2,36,9.0,10.0,130.0,20.0,building_1,1.65781699948527
day_3,Mild sunny day,0.2,37,9.25,10.1667,144.4483,20.0,building_1,1.5909425436429514
day_3,Mild sunny day,0.2,38,9.5,10.3263,158.278,20.0,building_1,1.52692806574349
day_3,Mild sunny day,0.2,39,9.75,10.478,171.4299,20.0,building_1,1.4660577382732156
day_3,Mild sunny day,0.2,40,10.0,10.6213,183.8478,20.0,building_1,1.408578789045014
day_3,Mild sunny day,0.2,41,10.25,10.7555,195.4783,20.0,building_1,1.354745670651835
day_3,Mild sunny day,0.2,42,10.5,10.8801,206.2719,20.0,building_1,1.3047813164242812
day_3,Mild sunny day,0.2,43,10.75,10.9944,216.1821,20.0,building_1,1.258915159264593
day_3,Mild sunny day,0.2,44,11.0,11.0981,225.1666,20.0,building_1,1.2173266473019928
day_3,Mild sunny day,0.2,45,11.25,11.1906,233.1869,20.0,building_1,1.1802075162526502
day_3,Mild sunny day,0.2,46,11.5,11.2716,240.2087,20.0,building_1,1.1477082059087333
day_3,Mild sunny day,0.2,47,11.75,11.3408,246.2018,20.0,building_1,1.11996428928967
day_3,Mild sunny day,0.2,48,12.0,11.3978,251.1407,20.0,building_1,1.097102985865885
day_3,Mild sunny day,0.2,49,12.25,11.4424,255.0042,20.0,building_1,1.0792185454286036
day_3,Mild sunny day,0.2,50,12.5,11.4743,257.7757,20.0,building_1,1.0663972268242619
day_3,Mild sunny day,0.2,51,12.75,11.4936,259.4433,20.0,building_1,1.0586734911052116
day_3,Mild sunny day,0.2,52,13.0,11.5,260.0,20.0,building_1,1.056098787113424
day_3,Mild sunny day,0.2,53,13.25,11.4936,259.4433,20.0,building_1,1.0586734911052116
day_3,Mild sunny day,0.2,54,13.5,11.4743,257.7757,20.0,building_1,1.0663972268242619
day_3,Mild sunny day,0.2,55,13.75,11.4424,255.0042,20.0,building_1,1.0792185454286036
day_3,Mild sunny day,0.2,56,14.0,11.3978,251.1407,20.0,building_1,1.097102985865885
day_3,Mild sunny day,0.2,57,14.25,11.3408,246.2018,20.0,building_1,1.11996428928967
day_3,Mild sunny day,0.2,58,14.5,11.2716,240.2087,20.0,building_1,1.1477082059087333
day_3,Mild sunny day,0.2,59,14.75,11.1906,233.1869,20.0,building_1,1.1802075162526502
day_3,Mild sunny day,0.2,60,15.0,11.0981,225.1666,20.0,building_1,1.2173266473019928
day_3,Mild sunny day,0.2,61,15.25,10.9944,216.1821,20.0,building_1,1.258915159264593
day_3,Mild sunny day,0.2,62,15.5,10.8801,206.2719,20.0,building_1,1.3047813164242812
day_3,Mild sunny day,0.2,63,15.75,10.7555,195.4783,20.0,building_1,1.354745670651835
day_3,Mild sunny day,0.2,64,16.0,10.6213,183.8478,20.0,building_1,1.408578789045014
day_3,Mild sunny day,0.2,65,16.25,10.478,171.4299,20.0,building_1,1.4660577382732156
day_3,Mild sunny day,0.2,66,16.5,10.3263,158.278,20.0,building_1,1.52692806574349
day_3,Mild sunny day,0.2,67,16.75,10.1667,144.4483,20.0,building_1,1.5909425436429514
day_3,Mild sunny day,0.2,68,17.0,10.0,130.0,20.0,building_1,1.65781699948527
day_3,Mild sunny day,0.2,69,17.25,9.8269,114.9951,20.0,building_1,1.7272657967151632
day_3,Mild sunny day,0.2,70,17.5,9.6481,99.4977,20.0,building_1,1.7989956840888717
day_3,Mild sunny day,0.2,71,17.75,9.4643,83.5743,20.0,building_1,1.87270470786152
day_3,Mild sunny day,0.2,72,18.0,9.2765,67.293,20.0,building_1,1.9480590460737734
day_3,Mild sunny day,0.2,73,18.25,9.0853,50.7235,20.0,building_1,2.024753830494951
day_3,Mild sunny day,0.2,74,18.5,8.8916,33.9368,20.0,building_1,2.102453412492552
day_3,Mild sunny day,0.2,75,18.75,8.6962,17.0048,20.0,building_1,2.180827568845173
day_3,Mild sunny day,0.2,76,19.0,8.5,0.0,20.0,building_1,2.259535211857116
day_3,Mild sunny day,0.2,77,19.25,8.3038,0.0,20.0,building_1,2.2765827336267197
day_3,Mild sunny day,0.2,78,19.5,8.1084,0.0,20.0,building_1,2.2935607446041955
day_3,Mild sunny day,0.2,79,19.75,7.9147,0.0,20.0,building_1,2.310391045148396
day_3,Mild sunny day,0.2,80,20.0,7.7235,0.0,20.0,building_1,2.3270041244671953
day_3,Mild sunny day,0.2,81,20.25,7.5357,0.0,20.0,building_1,2.343321782919446
day_3,Mild sunny day,0.2,82,20.5,7.3519,0.0,20.0,building_1,2.359291887411053
day_3,Mild sunny day,0.2,83,20.75,7.1731,0.0,20.0,building_1,2.374827549451854
day_3,Mild sunny day,0.2,84,21.0,7.0,0.0,20.0,building_1,2.389867947098737
day_3,Mild sunny day,0.2,85,21.25,6.8333,0.0,20.0,building_1,2.404352258408589
day_3,Mild sunny day,0.2,86,21.5,6.6737,0.0,20.0,building_1,2.4182196614382976
day_3,Mild sunny day,0.2,87,21.75,6.522,0.0,20.0,building_1,2.4314006453957338
day_3,Mild sunny day,0.2,88,22.0,6.3787,0.0,20.0,building_1,2.4438517660358166
day_3,Mild sunny day,0.2,89,22.25,6.2445,0.0,20.0,building_1,2.4555122014154334
day_3,Mild sunny day,0.2,90,22.5,6.1199,0.0,20.0,building_1,2.466338507289504
day_3,Mild sunny day,0.2,91,22.75,6.0056,0.0,20.0,building_1,2.4762698617149157
day_3,Mild sunny day,0.2,92,23.0,5.9019,0.0,20.0,building_1,2.4852801981446198
day_3,Mild sunny day,0.2,93,23.25,5.8094,0.0,20.0,building_1,2.49331738348452
day_3,Mild sunny day,0.2,94,23.5,5.7284,0.0,20.0,building_1,2.5003553511875674
day_3,Mild sunny day,0.2,95,23.75,5.6592,0.0,20.0,building_1,2.506368034706714
day_3,Mild sunny day,0.2,0,0.0,5.6022,0.0,20.0,building_2,2.684918523660457
day_3,Mild sunny day,0.2,1,0.25,5.5576,0.0,20.0,building_2,2.6962521574648735
day_3,Mild sunny day,0.2,2,0.5,5.5257,0.0,20.0,building_2,2.7043585009258804
day_3,Mild sunny day,0.2,3,0.75,5.5064,0.0,20.0,building_2,2.709262965778464
day_3,Mild sunny day,0.2,4,1.0,5.5,0.0,20.0,building_2,2.7108893168176627
day_3,Mild sunny day,0.2,5,1.25,5.5064,0.0,20.0,building_2,2.709262965778464
day_3,Mild sunny day,0.2,6,1.5,5.5257,0.0,20.0,building_2,2.7043585009258804
day_3,Mild sunny day,0.2,7,1.75,5.5576,0.0,20.0,building_2,2.6962521574648735
day_3,Mild sunny day,0.2,8,2.0,5.6022,0.0,20.0,building_2,2.684918523660457
day_3,Mild sunny day,0.2,9,2.25,5.6592,0.0,20.0,building_2,2.670433834717593
day_3,Mild sunny day,0.2,10,2.5,5.7284,0.0,20.0,building_2,2.652848914106256
day_3,Mild sunny day,0.2,11,2.75,5.8094,0.0,20.0,building_2,2.632265408766397
day_3,Mild sunny day,0.2,12,3.0,5.9019,0.0,20.0,building_2,2.608759553902977
day_3,Mild sunny day,0.2,13,3.25,6.0056,0.0,20.0,building_2,2.5824075847209595
day_3,Mild sunny day,0.2,14,3.5,6.1199,0.0,20.0,building_2,2.5533619716302685
day_3,Mild sunny day,0.2,15,3.75,6.2445,0.0,20.0,building_2,2.5216989498358675
day_3,Mild sunny day,0.2,16,4.0,6.3787,0.0,20.0,building_2,2.4875964014826684
day_3,Mild sunny day,0.2,17,4.25,6.522,0.0,20.0,building_2,2.451181385245608
day_3,Mild sunny day,0.2,18,4.5,6.6737,0.0,20.0,building_2,2.4126317832695996
day_3,Mild sunny day,0.2,19,4.75,6.8333,0.0,20.0,building_2,2.3720746542295803
day_3,Mild sunny day,0.2,20,5.0,7.0,0.0,20.0,building_2,2.32971329200545
day_3,Mild sunny day,0.2,21,5.25,7.1731,0.0,20.0,building_2,2.2857255787421202
day_3,Mild sunny day,0.2,22,5.5,7.3519,0.0,20.0,building_2,2.2402893965845045
day_3,Mild sunny day,0.2,23,5.75,7.5357,0.0,20.0,building_2,2.1935826276775146
day_3,Mild sunny day,0.2,24,6.0,7.7235,0.0,20.0,building_2,2.145859389371026
day_3,Mild sunny day,0.2,25,6.25,7.9147,0.0,20.0,building_2,2.0972721520749626
day_3,Mild sunny day,0.2,26,6.5,8.1084,0.0,20.0,building_2,2.0480496214042123
day_3,Mild sunny day,0.2,27,6.75,8.3038,0.0,20.0,building_2,1.998395091238674
day_3,Mild sunny day,0.2,28,7.0,8.5,0.0,20.0,building_2,1.948537267193237
day_3,Mild sunny day,0.2,29,7.25,8.6962,17.0048,20.0,building_2,1.849956556300144
day_3,Mild sunny day,0.2,30,7.5,8.8916,33.9368,20.0,building_2,1.7517877289888293
day_3,Mild sunny day,0.2,31,7.75,9.0853,50.7235,20.0,building_2,1.6544672210031124
day_3,Mild sunny day,0.2,32,8.0,9.2765,67.293,20.0,building_2,1.5584043372059304
day_3,Mild sunny day,0.2,33,8.25,9.4643,83.5743,20.0,building_2,1.4640312154763644
day_3,Mild sunny day,0.2,34,8.5,9.6481,99.4977,20.0,building_2,1.3717000336724305
day_3,Mild sunny day,0.2,35,8.75,9.8269,114.9951,20.0,building_2,1.28186003220304
day_3,Mild sunny day,0.2,36,9.0,10.0,130.0,20.0,building_2,1.194879631883092
day_3,Mild sunny day,0.2,37,9.25,10.1667,144.4483,20.0,building_2,1.1111203769439053
day_3,Mild sunny day,0.2,38,9.5,10.3263,158.278,20.0,building_2,1.0309377946061689
day_3,Mild sunny day,0.2,39,9.75,10.478,171.4299,20.0,building_2,0.9547048011447163
day_3,Mild sunny day,0.2,40,10.0,10.6213,183.8478,20.0,building_2,0.8827094818999466
day_3,Mild sunny day,0.2,41,10.25,10.7555,195.4783,20.0,building_2,0.8152827230013922
day_3,Mild sunny day,0.2,42,10.5,10.8801,206.2719,20.0,building_2,0.7526934126602949
day_3,Mild sunny day,0.2,43,10.75,10.9944,216.1821,20.0,building_2,0.6952526668283996
day_3,Mild sunny day,0.2,44,11.0,11.0981,225.1666,20.0,building_2,0.6431579204962381
day_3,Mild sunny day,0.2,45,11.25,11.1906,233.1869,20.0,building_2,0.5966719559353064
day_3,Mild sunny day,0.2,46,11.5,11.2716,240.2087,20.0,building_2,0.5559692861908749
day_3,Mild sunny day,0.2,47,11.75,11.3408,246.2018,20.0,building_2,0.5212126768112675
day_3,Mild sunny day,0.2,48,12.0,11.3978,251.1407,20.0,building_2,0.49257683843695554
day_3,Mild sunny day,0.2,49,12.25,11.4424,255.0042,20.0,building_2,0.47017333769285674
day_3,Mild sunny day,0.2,50,12.5,11.4743,257.7757,20.0,building_2,0.45412597282035017
day_3,Mild sunny day,0.2,51,12.75,11.4936,259.4433,20.0,building_2,0.44444342847802454
day_3,Mild sunny day,0.2,52,13.0,11.5,260.0,20.0,building_2,0.4412219965729478
day_3,Mild sunny day,0.2,53,13.25,11.4936,259.4433,20.0,building_2,0.44444342847802454
day_3,Mild sunny day,0.2,54,13.5,11.4743,257.7757,20.0,building_2,0.45412597282035017
day_3,Mild sunny day,0.2,55,13.75,11.4424,255.0042,20.0,building_2,0.47017333769285674
day_3,Mild sunny day,0.2,56,14.0,11.3978,251.1407,20.0,building_2,0.49257683843695554
day_3,Mild sunny day,0.2,57,14.25,11.3408,246.2018,20.0,building_2,0.5212126768112675
day_3,Mild sunny day,0.2,58,14.5,11.2716,240.2087,20.0,building_2,0.5559692861908749
day_3,Mild sunny day,0.2,59,14.75,11.1906,233.1869,20.0,building_2,0.5966719559353064
day_3,Mild sunny day,0.2,60,15.0,11.0981,225.1666,20.0,building_2,0.6431579204962381
day_3,Mild sunny day,0.2,61,15.25,10.9944,216.1821,20.0,building_2,0.6952526668283996
day_3,Mild sunny day,0.2,62,15.5,10.8801,206.2719,20.0,building_2,0.7526934126602949
day_3,Mild sunny day,0.2,63,15.75,10.7555,195.4783,20.0,building_2,0.8152827230013922
day_3,Mild sunny day,0.2,64,16.0,10.6213,183.8478,20.0,building_2,0.8827094818999466
day_3,Mild sunny day,0.2,65,16.25,10.478,171.4299,20.0,building_2,0.9547048011447163
day_3,Mild sunny day,0.2,66,16.5,10.3263,158.278,20.0,building_2,1.0309377946061689
day_3,Mild sunny day,0.2,67,16.75,10.1667,144.4483,20.0,building_2,1.1111203769439053
day_3,Mild sunny day,0.2,68,17.0,10.0,130.0,20.0,building_2,1.194879631883092
day_3,Mild sunny day,0.2,69,17.25,9.8269,114.9951,20.0,building_2,1.28186003220304
day_3,Mild sunny day,0.2,70,17.5,9.6481,99.4977,20.0,building_2,1.3717000336724305
day_3,Mild sunny day,0.2,71,17.75,9.4643,83.5743,20.0,building_2,1.4640312154763644
day_3,Mild sunny day,0.2,72,18.0,9.2765,67.293,20.0,building_2,1.5584043372059304
day_3,Mild sunny day,0.2,73,18.25,9.0853,50.7235,20.0,building_2,1.6544672210031124
day_3,Mild sunny day,0.2,74,18.5,8.8916,33.9368,20.0,building_2,1.7517877289888293
day_3,Mild sunny day,0.2,75,18.75,8.6962,17.0048,20.0,building_2,1.849956556300144
day_3,Mild sunny day,0.2,76,19.0,8.5,0.0,20.0,building_2,1.948537267193237
day_3,Mild sunny day,0.2,77,19.25,8.3038,0.0,20.0,building_2,1.998395091238674
day_3,Mild sunny day,0.2,78,19.5,8.1084,0.0,20.0,building_2,2.0480496214042123
day_3,Mild sunny day,0.2,79,19.75,7.9147,0.0,20.0,building_2,2.0972721520749626
day_3,Mild sunny day,0.2,80,20.0,7.7235,0.0,20.0,building_2,2.145859389371026
day_3,Mild sunny day,0.2,81,20.25,7.5357,0.0,20.0,building_2,2.1935826276775146
day_3,Mild sunny day,0.2,82,20.5,7.3519,0.0,20.0,building_2,2.2402893965845045
day_3,Mild sunny day,0.2,83,20.75,7.1731,0.0,20.0,building_2,2.2857255787421202
day_3,Mild sunny day,0.2,84,21.0,7.0,0.0,20.0,building_2,2.32971329200545
day_3,Mild sunny day,0.2,85,21.25,6.8333,0.0,20.0,building_2,2.3720746542295803
day_3,Mild sunny day,0.2,86,21.5,6.6737,0.0,20.0,building_2,2.4126317832695996
day_3,Mild sunny day,0.2,87,21.75,6.522,0.0,20.0,building_2,2.451181385245608
day_3,Mild sunny day,0.2,88,22.0,6.3787,0.0,20.0,building_2,2.4875964014826684
day_3,Mild sunny day,0.2,89,22.25,6.2445,0.0,20.0,building_2,2.5216989498358675
day_3,Mild sunny day,0.2,90,22.5,6.1199,0.0,20.0,building_2,2.5533619716302685
day_3,Mild sunny day,0.2,91,22.75,6.0056,0.0,20.0,building_2,2.5824075847209595
day_3,Mild sunny day,0.2,92,23.0,5.9019,0.0,20.0,building_2,2.608759553902977
day_3,Mild sunny day,0.2,93,23.25,5.8094,0.0,20.0,building_2,2.632265408766397
day_3,Mild sunny day,0.2,94,23.5,5.7284,0.0,20.0,building_2,2.652848914106256
day_3,Mild sunny day,0.2,95,23.75,5.6592,0.0,20.0,building_2,2.670433834717593
day_3,Mild sunny day,0.2,0,0.0,5.6022,0.0,20.0,building_3,2.219272404083256
day_3,Mild sunny day,0.2,1,0.25,5.5576,0.0,20.0,building_3,2.224374262187868
day_3,Mild sunny day,0.2,2,0.5,5.5257,0.0,20.0,building_3,2.228023349038476
day_3,Mild sunny day,0.2,3,0.75,5.5064,0.0,20.0,building_3,2.230231103778813
day_3,Mild sunny day,0.2,4,1.0,5.5,0.0,20.0,building_3,2.230963208977681
day_3,Mild sunny day,0.2,5,1.25,5.5064,0.0,20.0,building_3,2.230231103778813
day_3,Mild sunny day,0.2,6,1.5,5.5257,0.0,20.0,building_3,2.228023349038476
day_3,Mild sunny day,0.2,7,1.75,5.5576,0.0,20.0,building_3,2.224374262187868
day_3,Mild sunny day,0.2,8,2.0,5.6022,0.0,20.0,building_3,2.219272404083256
day_3,Mild sunny day,0.2,9,2.25,5.6592,0.0,20.0,building_3,2.2127520921558372
day_3,Mild sunny day,0.2,10,2.5,5.7284,0.0,20.0,building_3,2.204836204693076
day_3,Mild sunny day,0.2,11,2.75,5.8094,0.0,20.0,building_3,2.195570498269902
day_3,Mild sunny day,0.2,12,3.0,5.9019,0.0,20.0,building_3,2.1849892903175117
day_3,Mild sunny day,0.2,13,3.25,6.0056,0.0,20.0,building_3,2.1731268982671024
day_3,Mild sunny day,0.2,14,3.5,6.1199,0.0,20.0,building_3,2.160051956981068
day_3,Mild sunny day,0.2,15,3.75,6.2445,0.0,20.0,building_3,2.145798783890605
day_3,Mild sunny day,0.2,16,4.0,6.3787,0.0,20.0,building_3,2.13044745300184
day_3,Mild sunny day,0.2,17,4.25,6.522,0.0,20.0,building_3,2.114055160033434
day_3,Mild sunny day,0.2,18,4.5,6.6737,0.0,20.0,building_3,2.096701978991514
day_3,Mild sunny day,0.2,19,4.75,6.8333,0.0,20.0,building_3,2.0784451055947413
day_3,Mild sunny day,0.2,20,5.0,7.0,0.0,20.0,building_3,2.0593760529929743
day_3,Mild sunny day,0.2,21,5.25,7.1731,0.0,20.0,building_3,2.039574895192339
day_3,Mild sunny day,0.2,22,5.5,7.3519,0.0,20.0,building_3,2.019121706198962
day_3,Mild sunny day,0.2,23,5.75,7.5357,0.0,20.0,building_3,1.9980965600189695
day_3,Mild sunny day,0.2,24,6.0,7.7235,0.0,20.0,building_3,1.9766138480896842
day_3,Mild sunny day,0.2,25,6.25,7.9147,0.0,20.0,building_3,1.9547422052735004
day_3,Mild sunny day,0.2,26,6.5,8.1084,0.0,20.0,building_3,1.9325845838640086
day_3,Mild sunny day,0.2,27,6.75,8.3038,0.0,20.0,building_3,1.9102324970110673
day_3,Mild sunny day,0.2,28,7.0,8.5,0.0,20.0,building_3,1.887788897008268
day_3,Mild sunny day,0.2,29,7.25,8.6962,17.0048,20.0,building_3,1.795901718980615
day_3,Mild sunny day,0.2,30,7.5,8.8916,33.9368,20.0,building_3,1.7044033520704656
day_3,Mild sunny day,0.2,31,7.75,9.0853,50.7235,20.0,building_3,1.613692821410068
day_3,Mild sunny day,0.2,32,8.0,9.2765,67.293,20.0,building_3,1.524155262729963
day_3,Mild sunny day,0.2,33,8.25,9.4643,83.5743,20.0,building_3,1.436183575517461
day_3,Mild sunny day,0.2,34,8.5,9.6481,99.4977,20.0,building_3,1.3501310329363965
day_3,Mild sunny day,0.2,35,8.75,9.8269,114.9951,20.0,building_3,1.2663901307042655
day_3,Mild sunny day,0.2,36,9.0,10.0,130.0,20.0,building_3,1.1853125130861013
day_3,Mild sunny day,0.2,37,9.25,10.1667,144.4483,20.0,building_3,1.1072400233150357
day_3,Mild sunny day,0.2,38,9.5,10.3263,158.278,20.0,building_3,1.0325059287212888
day_3,Mild sunny day,0.2,39,9.75,10.478,171.4299,20.0,building_3,0.961443501241594
day_3,Mild sunny day,0.2,40,10.0,10.6213,183.8478,20.0,building_3,0.8943394440916145
day_3,Mild sunny day,0.2,41,10.25,10.7555,195.4783,20.0,building_3,0.8314919042372602
day_3,Mild sunny day,0.2,42,10.5,10.8801,206.2719,20.0,building_3,0.7731602236801373
day_3,Mild sunny day,0.2,43,10.75,10.9944,216.1821,20.0,building_3,0.7196143714194425
day_3,Mild sunny day,0.2,44,11.0,11.0981,225.1666,20.0,building_3,0.6710614080736169
day_3,Mild sunny day,0.2,45,11.25,11.1906,233.1869,20.0,building_3,0.6277271933917897
day_3,Mild sunny day,0.2,46,11.5,11.2716,240.2087,20.0,building_3,0.5897861178860676
day_3,Mild sunny day,0.2,47,11.75,11.3408,246.2018,20.0,building_3,0.5573958286390603
day_3,Mild sunny day,0.2,48,12.0,11.3978,251.1407,20.0,building_3,0.530706218189639
day_3,Mild sunny day,0.2,49,12.25,11.4424,255.0042,20.0,building_3,0.509826740607055
day_3,Mild sunny day,0.2,50,12.5,11.4743,257.7757,20.0,building_3,0.49485950379314947
day_3,Mild sunny day,0.2,51,12.75,11.4936,259.4433,20.0,building_3,0.4858416653873624
day_3,Mild sunny day,0.2,52,13.0,11.5,260.0,20.0,building_3,0.4828361291639346
day_3,Mild sunny day,0.2,53,13.25,11.4936,259.4433,20.0,building_3,0.4858416653873624
day_3,Mild sunny day,0.2,54,13.5,11.4743,257.7757,20.0,building_3,0.49485950379314947
day_3,Mild sunny day,0.2,55,13.75,11.4424,255.0042,20.0,building_3,0.509826740607055
day_3,Mild sunny day,0.2,56,14.0,11.3978,251.1407,20.0,building_3,0.530706218189639
day_3,Mild sunny day,0.2,57,14.25,11.3408,246.2018,20.0,building_3,0.5573958286390603
day_3,Mild sunny day,0.2,58,14.5,11.2716,240.2087,20.0,building_3,0.5897861178860676
day_3,Mild sunny day,0.2,59,14.75,11.1906,233.1869,20.0,building_3,0.6277271933917897
day_3,Mild sunny day,0.2,60,15.0,11.0981,225.1666,20.0,building_3,0.6710614080736169
day_3,Mild sunny day,0.2,61,15.25,10.9944,216.1821,20.0,building_3,0.7196143714194425
day_3,Mild sunny day,0.2,62,15.5,10.8801,206.2719,20.0,building_3,0.7731602236801373
day_3,Mild sunny day,0.2,63,15.75,10.7555,195.4783,20.0,building_3,0.8314919042372602
day_3,Mild sunny day,0.2,64,16.0,10.6213,183.8478,20.0,building_3,0.8943394440916145
day_3,Mild sunny day,0.2,65,16.25,10.478,171.4299,20.0,building_3,0.961443501241594
day_3,Mild sunny day,0.2,66,16.5,10.3263,158.278,20.0,building_3,1.0325059287212888
day_3,Mild sunny day,0.2,67,16.75,10.1667,144.4483,20.0,building_3,1.1072400233150357
day_3,Mild sunny day,0.2,68,17.0,10.0,130.0,20.0,building_3,1.1853125130861013
day_3,Mild sunny day,0.2,69,17.25,9.8269,114.9951,20.0,building_3,1.2663901307042655
day_3,Mild sunny day,0.2,70,17.5,9.6481,99.4977,20.0,building_3,1.3501310329363965
day_3,Mild sunny day,0.2,71,17.75,9.4643,83.5743,20.0,building_3,1.436183575517461
day_3,Mild sunny day,0.2,72,18.0,9.2765,67.293,20.0,building_3,1.524155262729963
day_3,Mild sunny day,0.2,73,18.25,9.0853,50.7235,20.0,building_3,1.613692821410068
day_3,Mild sunny day,0.2,74,18.5,8.8916,33.9368,20.0,building_3,1.7044033520704656
day_3,Mild sunny day,0.2,75,18.75,8.6962,17.0048,20.0,building_3,1.795901718980615
day_3,Mild sunny day,0.2,76,19.0,8.5,0.0,20.0,building_3,1.887788897008268
day_3,Mild sunny day,0.2,77,19.25,8.3038,0.0,20.0,building_3,1.9102324970110673
day_3,Mild sunny day,0.2,78,19.5,8.1084,0.0,20.0,building_3,1.9325845838640086
day_3,Mild sunny day,0.2,79,19.75,7.9147,0.0,20.0,building_3,1.9547422052735004
day_3,Mild sunny day,0.2,80,20.0,7.7235,0.0,20.0,building_3,1.9766138480896842
day_3,Mild sunny day,0.2,81,20.25,7.5357,0.0,20.0,building_3,1.9980965600189695
day_3,Mild sunny day,0.2,82,20.5,7.3519,0.0,20.0,building_3,2.019121706198962
day_3,Mild sunny day,0.2,83,20.75,7.1731,0.0,20.0,building_3,2.039574895192339
day_3,Mild sunny day,0.2,84,21.0,7.0,0.0,20.0,building_3,2.0593760529929743
day_3,Mild sunny day,0.2,85,21.25,6.8333,0.0,20.0,building_3,2.0784451055947413
day_3,Mild sunny day,0.2,86,21.5,6.6737,0.0,20.0,building_3,2.096701978991514
day_3,Mild sunny day,0.2,87,21.75,6.522,0.0,20.0,building_3,2.114055160033434
day_3,Mild sunny day,0.2,88,22.0,6.3787,0.0,20.0,building_3,2.13044745300184
day_3,Mild sunny day,0.2,89,22.25,6.2445,0.0,20.0,building_3,2.145798783890605
day_3,Mild sunny day,0.2,90,22.5,6.1199,0.0,20.0,building_3,2.160051956981068
day_3,Mild sunny day,0.2,91,22.75,6.0056,0.0,20.0,building_3,2.1731268982671024
day_3,Mild sunny day,0.2,92,23.0,5.9019,0.0,20.0,building_3,2.1849892903175117
day_3,Mild sunny day,0.2,93,23.25,5.8094,0.0,20.0,building_3,2.195570498269902
day_3,Mild sunny day,0.2,94,23.5,5.7284,0.0,20.0,building_3,2.204836204693076
day_3,Mild sunny day,0.2,95,23.75,5.6592,0.0,20.0,building_3,2.2127520921558372
