typical_day_id,display_day_label,weight,timestep_index,hour,outdoor_temperature_C,solar_radiation_W_m2,setpoint_C,building_id,heat_kw
day_1,Cold cloudy day,0.45,0,0.0,-1.3978,0.0,20.0,area_core_01,2.3614985126870405
day_1,Cold cloudy day,0.45,1,0.25,-1.4424,0.0,20.0,area_core_01,2.3656151099629024
day_1,Cold cloudy day,0.45,2,0.5,-1.4743,0.0,20.0,area_core_01,2.3685594923194047
day_1,Cold cloudy day,0.45,3,0.75,-1.4936,0.0,20.0,area_core_01,2.3703408897952825
day_1,Cold cloudy day,0.45,4,1.0,-1.5,0.0,20.0,area_core_01,2.37093161227433
day_1,Cold cloudy day,0.45,5,1.25,-1.4936,0.0,20.0,area_core_01,2.3703408897952825
day_1,Cold cloudy day,0.45,6,1.5,-1.4743,0.0,20.0,area_core_01,2.3685594923194047
day_1,Cold cloudy day,0.45,7,1.75,-1.4424,0.0,20.0,area_core_01,2.3656151099629024
day_1,Cold cloudy day,0.45,8,2.0,-1.3978,0.0,20.0,area_core_01,2.3614985126870405
day_1,Cold cloudy day,0.45,9,2.25,-1.3408,0.0,20.0,area_core_01,2.356237390608024
day_1,Cold cloudy day,0.45,10,2.5,-1.2716,0.0,20.0,area_core_01,2.3498502038033227
day_1,Cold cloudy day,0.45,11,2.75,-1.1906,0.0,20.0,area_core_01,2.3423738724278778
day_1,Cold cloudy day,0.45,12,3.0,-1.0981,0.0,20.0,area_core_01,2.3338360865978944
day_1,Cold cloudy day,0.45,13,3.25,-0.9944,0.0,20.0,area_core_01,2.324264536429578
day_1,Cold cloudy day,0.45,14,3.5,-0.8801,0.0,20.0,area_core_01,2.3137146021553394
day_1,Cold cloudy day,0.45,15,3.75,-0.7555,0.0,20.0,area_core_01,2.302213973891384
day_1,Cold cloudy day,0.45,16,4.0,-0.6213,0.0,20.0,area_core_01,2.2898272619088567
day_1,Cold cloudy day,0.45,17,4.25,-0.478,0.0,20.0,area_core_01,2.276600616401434
day_1,Cold cloudy day,0.45,18,4.5,-0.3263,0.0,20.0,area_core_01,2.2625986476402615
day_1,Cold cloudy day,0.45,19,4.75,-0.1667,0.0,20.0,area_core_01,2.2478675058190145
day_1,Cold cloudy day,0.45,20,5.0,0.0,0.0,20.0,area_core_01,2.2324810312475747
day_1,Cold cloudy day,0.45,21,5.25,0.1731,0.0,20.0,area_core_01,2.216503834197087
day_1,Cold cloudy day,0.45,22,5.5,0.3519,0.0,20.0,area_core_01,2.2000005249386976
day_1,Cold cloudy day,0.45,23,5.75,0.5357,0.0,20.0,area_core_01,2.183035713743553
day_1,Cold cloudy day,0.45,24,6.0,0.7235,0.0,20.0,area_core_01,2.1657017009990027
day_1,Cold cloudy day,0.45,25,6.25,0.9147,0.0,20.0,area_core_01,2.148053866937459
day_1,Cold cloudy day,0.45,26,6.5,1.1084,0.0,20.0,area_core_01,2.1301752819075377
day_1,Cold cloudy day,0.45,27,6.75,1.3038,0.0,20.0,area_core_01,2.112139786219119
day_1,Cold cloudy day,0.45,28,7.0,1.5,0.0,20.0,area_core_01,2.0940304502208194
day_1,Cold cloudy day,0.45,29,7.25,1.6962,4.5782,20.0,area_core_01,2.0674259531583545
day_1,Cold cloudy day,0.45,30,7.5,1.8916,9.1368,20.0,area_core_01,2.040931665537057
day_1,Cold cloudy day,0.45,31,7.75,2.0853,13.6563,20.0,area_core_01,2.014666841280039
day_1,Cold cloudy day,0.45,32,8.0,2.2765,18.1173,20.0,area_core_01,1.9887413187148821
day_1,Cold cloudy day,0.45,33,8.25,2.4643,22.5008,20.0,area_core_01,1.963273423980736
day_1,Cold cloudy day,0.45,34,8.5,2.6481,26.7878,20.0,area_core_01,1.9383537931005455
day_1,Cold cloudy day,0.45,35,8.75,2.8269,30.9602,20.0,area_core_01,1.914108312241063
day_1,Cold cloudy day,0.45,36,9.0,3.0,35.0,20.0,area_core_01,1.8906349918960461
day_1,Cold cloudy day,0.45,37,9.25,3.1667,38.8899,20.0,area_core_01,1.8680305436617046
day_1,Cold cloudy day,0.45,38,9.5,3.3263,42.6133,20.0,area_core_01,1.846390380236702
day_1,Cold cloudy day,0.45,39,9.75,3.478,46.1542,20.0,area_core_01,1.8258180310176853
day_1,Cold cloudy day,0.45,40,10.0,3.6213,49.4975,20.0,area_core_01,1.8063876652739634
day_1,Cold cloudy day,0.45,41,10.25,3.7555,52.6288,20.0,area_core_01,1.7881906134547716
day_1,Cold cloudy day,0.45,42,10.5,3.8801,55.5347,20.0,area_core_01,1.7712978903639498
day_1,Cold cloudy day,0.45,43,10.75,3.9944,58.2029,20.0,area_core_01,1.7557969297580946
day_1,Cold cloudy day,0.45,44,11.0,4.0981,60.6218,20.0,area_core_01,1.7417369463413164
day_1,Cold cloudy day,0.45,45,11.25,4.1906,62.7811,20.0,area_core_01,1.7291924326956298
day_1,Cold cloudy day,0.45,46,11.5,4.2716,64.6716,20.0,area_core_01,1.718208150162131
day_1,Cold cloudy day,0.45,47,11.75,4.3408,66.2851,20.0,area_core_01,1.7088270045139913
day_1,Cold cloudy day,0.45,48,12.0,4.3978,67.6148,20.0,area_core_01,1.7010985337680262
day_1,Cold cloudy day,0.45,49,12.25,4.4424,68.655,20.0,area_core_01,1.6950517747388671
day_1,Cold cloudy day,0.45,50,12.5,4.4743,69.4011,20.0,area_core_01,1.6907229531551633
day_1,Cold cloudy day,0.45,51,12.75,4.4936,69.8501,20.0,area_core_01,1.6881084056819486
day_1,Cold cloudy day,0.45,52,13.0,4.5,70.0,20.0,area_core_01,1.6872395335712733
day_1,Cold cloudy day,0.45,53,13.25,4.4936,69.8501,20.0,area_core_01,1.6881084056819486
day_1,Cold cloudy day,0.45,54,13.5,4.4743,69.4011,20.0,area_core_01,1.6907229531551633
day_1,Cold cloudy day,0.45,55,13.75,4.4424,68.655,20.0,area_core_01,1.6950517747388671
day_1,Cold cloudy day,0.45,56,14.0,4.3978,67.6148,20.0,area_core_01,1.7010985337680262
day_1,Cold cloudy day,0.45,57,14.25,4.3408,66.2851,20.0,area_core_01,1.7088270045139913
day_1,Cold cloudy day,0.45,58,14.5,4.2716,64.6716,20.0,area_core_01,1.718208150162131
day_1,Cold cloudy day,0.45,59,14.75,4.1906,62.7811,20.0,area_core_01,1.7291924326956298
day_1,Cold cloudy day,0.45,60,15.0,4.0981,60.6218,20.0,area_core_01,1.7417369463413164
day_1,Cold cloudy day,0.45,61,15.25,3.9944,58.2029,20.0,area_core_01,1.7557969297580946
day_1,Cold cloudy day,0.45,62,15.5,3.8801,55.5347,20.0,area_core_01,1.7712978903639498
day_1,Cold cloudy day,0.45,63,15.75,3.7555,52.6288,20.0,area_core_01,1.7881906134547716
day_1,Cold cloudy day,0.45,64,16.0,3.6213,49.4975,20.0,area_core_01,1.8063876652739634
day_1,Cold cloudy day,0.45,65,16.25,3.478,46.1542,20.0,area_core_01,1.8258180310176853
day_1,Cold cloudy day,0.45,66,16.5,3.3263,42.6133,20.0,area_core_01,1.846390380236702
day_1,Cold cloudy day,0.45,67,16.75,3.1667,38.8899,20.0,area_core_01,1.8680305436617046
day_1,Cold cloudy day,0.45,68,17.0,3.0,35.0,20.0,area_core_01,1.8906349918960461
day_1,Cold cloudy day,0.45,69,17.25,2.8269,30.9602,20.0,area_core_01,1.914108312241063
day_1,Cold cloudy day,0.45,70,17.5,2.6481,26.7878,20.0,area_core_01,1.9383537931005455
day_1,Cold cloudy day,0.45,71,17.75,2.4643,22.5008,20.0,area_core_01,1.963273423980736
day_1,Cold cloudy day,0.45,72,18.0,2.2765,18.1173,20.0,area_core_01,1.9887413187148821
day_1,Cold cloudy day,0.45,73,18.25,2.0853,13.6563,20.0,area_core_01,2.014666841280039
day_1,Cold cloudy day,0.45,74,18.5,1.8916,9.1368,20.0,area_core_01,2.040931665537057
day_1,Cold cloudy day,0.45,75,18.75,1.6962,4.5782,20.0,area_core_01,2.0674259531583545
day_1,Cold cloudy day,0.45,76,19.0,1.5,0.0,20.0,area_core_01,2.0940304502208194
day_1,Cold cloudy day,0.45,77,19.25,1.3038,0.0,20.0,area_core_01,2.112139786219119
day_1,Cold cloudy day,0.45,78,19.5,1.1084,0.0,20.0,area_core_01,2.1301752819075377
day_1,Cold cloudy day,0.45,79,19.75,0.9147,0.0,20.0,area_core_01,2.148053866937459
day_1,Cold cloudy day,0.45,80,20.0,0.7235,0.0,20.0,area_core_01,2.1657017009990027
day_1,Cold cloudy day,0.45,81,20.25,0.5357,0.0,20.0,area_core_01,2.183035713743553
day_1,Cold cloudy day,0.45,82,20.5,0.3519,0.0,20.0,area_core_01,2.2000005249386976
day_1,Cold cloudy day,0.45,83,20.75,0.1731,0.0,20.0,area_core_01,2.216503834197087
day_1,Cold cloudy day,0.45,84,21.0,-0.0,0.0,20.0,area_core_01,2.2324810312475747
day_1,Cold cloudy day,0.45,85,21.25,-0.1667,0.0,20.0,area_core_01,2.2478675058190145
day_1,Cold cloudy day,0.45,86,21.5,-0.3263,0.0,20.0,area_core_01,2.2625986476402615
day_1,Cold cloudy day,0.45,87,21.75,-0.478,0.0,20.0,area_core_01,2.276600616401434
day_1,Cold cloudy day,0.45,88,22.0,-0.6213,0.0,20.0,area_core_01,2.2898272619088567
day_1,Cold cloudy day,0.45,89,22.25,-0.7555,0.0,20.0,area_core_01,2.302213973891384
day_1,Cold cloudy day,0.45,90,22.5,-0.8801,0.0,20.0,area_core_01,2.3137146021553394
day_1,Cold cloudy day,0.45,91,22.75,-0.9944,0.0,20.0,area_core_01,2.324264536429578
day_1,Cold cloudy day,0.45,92,23.0,-1.0981,0.0,20.0,area_core_01,2.3338360865978944
day_1,Cold cloudy day,0.45,93,23.25,-1.1906,0.0,20.0,area_core_01,2.3423738724278778
day_1,Cold cloudy day,0.45,94,23.5,-1.2716,0.0,20.0,area_core_01,2.3498502038033227
day_1,Cold cloudy day,0.45,95,23.75,-1.3408,0.0,20.0,area_core_01,2.356237390608024
day_1,Cold cloudy day,0.45,0,0.0,-1.3978,0.0,20.0,area_core_02,3.5924231987132202
day_1,Cold cloudy day,0.45,1,0.25,-1.4424,0.0,20.0,area_core_02,3.59818640354292
day_1,Cold cloudy day,0.45,2,0.5,-1.4743,0.0,20.0,area_core_02,3.602308516414387
day_1,Cold cloudy day,0.45,3,0.75,-1.4936,0.0,20.0,area_core_02,3.6048024593115446
day_1,Cold cloudy day,0.45,4,1.0,-1.5,0.0,20.0,area_core_02,3.6056294662826223
day_1,Cold cloudy day,0.45,5,1.25,-1.4936,0.0,20.0,area_core_02,3.6048024593115446
day_1,Cold cloudy day,0.45,6,1.5,-1.4743,0.0,20.0,area_core_02,3.602308516414387
day_1,Cold cloudy day,0.45,7,1.75,-1.4424,0.0,20.0,area_core_02,3.59818640354292
day_1,Cold cloudy day,0.45,8,2.0,-1.3978,0.0,20.0,area_core_02,3.5924231987132202
day_1,Cold cloudy day,0.45,9,2.25,-1.3408,0.0,20.0,area_core_02,3.585057667877057
day_1,Cold cloudy day,0.45,10,2.5,-1.2716,0.0,20.0,area_core_02,3.5761156550022757
day_1,Cold cloudy day,0.45,11,2.75,-1.1906,0.0,20.0,area_core_02,3.5656488480245696
day_1,Cold cloudy day,0.45,12,3.0,-1.0981,0.0,20.0,area_core_02,3.5536960128957076
day_1,Cold cloudy day,0.45,13,3.25,-0.9944,0.0,20.0,area_core_02,3.540295915567459
day_1,Cold cloudy day,0.45,14,3.5,-0.8801,0.0,20.0,area_core_02,3.5255260879433625
day_1,Cold cloudy day,0.45,15,3.75,-0.7555,0.0,20.0,area_core_02,3.5094252959751877
day_1,Cold cloudy day,0.45,16,4.0,-0.6213,0.0,20.0,area_core_02,3.492083993550396
day_1,Cold cloudy day,0.45,17,4.25,-0.478,0.0,20.0,area_core_02,3.473566790588602
day_1,Cold cloudy day,0.45,18,4.5,-0.3263,0.0,20.0,area_core_02,3.453964140977268
day_1,Cold cloudy day,0.45,19,4.75,-0.1667,0.0,20.0,area_core_02,3.43334065463601
day_1,Cold cloudy day,0.45,20,5.0,0.0,0.0,20.0,area_core_02,3.4117997074362125
day_1,Cold cloudy day,0.45,21,5.25,0.1731,0.0,20.0,area_core_02,3.3894317532653364
day_1,Cold cloudy day,0.45,22,5.5,0.3519,0.0,20.0,area_core_02,3.3663272460108447
day_1,Cold cloudy day,0.45,23,5.75,0.5357,0.0,20.0,area_core_02,3.3425766395601983
day_1,Cold cloudy day,0.45,24,6.0,0.7235,0.0,20.0,area_core_02,3.3183091537526272
day_1,Cold cloudy day,0.45,25,6.25,0.9147,0.0,20.0,area_core_02,3.293602320491672
day_1,Cold cloudy day,0.45,26,6.5,1.1084,0.0,20.0,area_core_02,3.268572437632639
day_1,Cold cloudy day,0.45,27,6.75,1.3038,0.0,20.0,area_core_02,3.2433228810469132
day_1,Cold cloudy day,0.45,28,7.0,1.5,0.0,20.0,area_core_02,3.217969948589803
day_1,Cold cloudy day,0.45,29,7.25,1.6962,4.5782,20.0,area_core_02,3.1802917890274403
day_1,Cold cloudy day,0.45,30,7.5,1.8916,9.1368,20.0,area_core_02,3.1427697715876675
day_1,Cold cloudy day,0.45,31,7.75,2.0853,13.6563,20.0,area_core_02,3.105572691161428
day_1,Cold cloudy day,0.45,32,8.0,2.2765,18.1173,20.0,area_core_02,3.0688561514401766
day_1,Cold cloudy day,0.45,33,8.25,2.4643,22.5008,20.0,area_core_02,3.03278760123702
day_1,Cold cloudy day,0.45,34,8.5,2.6481,26.7878,20.0,area_core_02,2.9974957234132984
day_1,Cold cloudy day,0.45,35,8.75,2.8269,30.9602,20.0,area_core_02,2.9631584658259347
day_1,Cold cloudy day,0.45,36,9.0,3.0,35.0,20.0,area_core_02,2.929914741164518
day_1,Cold cloudy day,0.45,37,9.25,3.1667,38.8899,20.0,area_core_02,2.897901577609664
day_1,Cold cloudy day,0.45,38,9.5,3.3263,42.6133,20.0,area_core_02,2.867254118833018
day_1,Cold cloudy day,0.45,39,9.75,3.478,46.1542,20.0,area_core_02,2.838118815196743
day_1,Cold cloudy day,0.45,40,10.0,3.6213,49.4975,20.0,area_core_02,2.810600928171128
day_1,Cold cloudy day,0.45,41,10.25,3.7555,52.6288,20.0,area_core_02,2.7848296786853353
day_1,Cold cloudy day,0.45,42,10.5,3.8801,55.5347,20.0,area_core_02,2.7609057515450073
day_1,Cold cloudy day,0.45,43,10.75,3.9944,58.2029,20.0,area_core_02,2.738952714152392
day_1,Cold cloudy day,0.45,44,11.0,4.0981,60.6218,20.0,area_core_02,2.719040561465074
day_1,Cold cloudy day,0.45,45,11.25,4.1906,62.7811,20.0,area_core_02,2.70127455459003
day_1,Cold cloudy day,0.45,46,11.5,4.2716,64.6716,20.0,area_core_02,2.685718227311228
day_1,Cold cloudy day,0.45,47,11.75,4.3408,66.2851,20.0,area_core_02,2.6724324212569606
day_1,Cold cloudy day,0.45,48,12.0,4.3978,67.6148,20.0,area_core_02,2.6614871310215023
day_1,Cold cloudy day,0.45,49,12.25,4.4424,68.655,20.0,area_core_02,2.652923545860038
day_1,Cold cloudy day,0.45,50,12.5,4.4743,69.4011,20.0,area_core_02,2.646792815640437
day_1,Cold cloudy day,0.45,51,12.75,4.4936,69.8501,20.0,area_core_02,2.643090094845796
day_1,Cold cloudy day,0.45,52,13.0,4.5,70.0,20.0,area_core_02,2.6418595337392334
day_1,Cold cloudy day,0.45,53,13.25,4.4936,69.8501,20.0,area_core_02,2.643090094845796
day_1,Cold cloudy day,0.45,54,13.5,4.4743,69.4011,20.0,area_core_02,2.646792815640437
day_1,Cold cloudy day,0.45,55,13.75,4.4424,68.655,20.0,area_core_02,2.652923545860038
day_1,Cold cloudy day,0.45,56,14.0,4.3978,67.6148,20.0,area_core_02,2.6614871310215023
day_1,Cold cloudy day,0.45,57,14.25,4.3408,66.2851,20.0,area_core_02,2.6724324212569606
day_1,Cold cloudy day,0.45,58,14.5,4.2716,64.6716,20.0,area_core_02,2.685718227311228
day_1,Cold cloudy day,0.45,59,14.75,4.1906,62.7811,20.0,area_core_02,2.70127455459003
day_1,Cold cloudy day,0.45,60,15.0,4.0981,60.6218,20.0,area_core_02,2.719040561465074
day_1,Cold cloudy day,0.45,61,15.25,3.9944,58.2029,20.0,area_core_02,2.738952714152392
day_1,Cold cloudy day,0.45,62,15.5,3.8801,55.5347,20.0,area_core_02,2.7609057515450073
day_1,Cold cloudy day,0.45,63,15.75,3.7555,52.6288,20.0,area_core_02,2.7848296786853353
day_1,Cold cloudy day,0.45,64,16.0,3.6213,49.4975,20.0,area_core_02,2.810600928171128
day_1,Cold cloudy day,0.45,65,16.25,3.478,46.1542,20.0,area_core_02,2.838118815196743
day_1,Cold cloudy day,0.45,66,16.5,3.3263,42.6133,20.0,area_core_02,2.867254118833018
day_1,Cold cloudy day,0.45,67,16.75,3.1667,38.8899,20.0,area_core_02,2.897901577609664
day_1,Cold cloudy day,0.45,68,17.0,3.0,35.0,20.0,area_core_02,2.929914741164518
day_1,Cold cloudy day,0.45,69,17.25,2.8269,30.9602,20.0,area_core_02,2.9631584658259347
day_1,Cold cloudy day,0.45,70,17.5,2.6481,26.7878,20.0,area_core_02,2.9974957234132984
day_1,Cold cloudy day,0.45,71,17.75,2.4643,22.5008,20.0,area_core_02,3.03278760123702
day_1,Cold cloudy day,0.45,72,18.0,2.2765,18.1173,20.0,area_core_02,3.0688561514401766
day_1,Cold cloudy day,0.45,73,18.25,2.0853,13.6563,20.0,area_core_02,3.105572691161428
day_1,Cold cloudy day,0.45,74,18.5,1.8916,9.1368,20.0,area_core_02,3.1427697715876675
day_1,Cold cloudy day,0.45,75,18.75,1.6962,4.5782,20.0,area_core_02,3.1802917890274403
day_1,Cold cloudy day,0.45,76,19.0,1.5,0.0,20.0,area_core_02,3.217969948589803
day_1,Cold cloudy day,0.45,77,19.25,1.3038,0.0,20.0,area_core_02,3.2433228810469132
day_1,Cold cloudy day,0.45,78,19.5,1.1084,0.0,20.0,area_core_02,3.268572437632639
day_1,Cold cloudy day,0.45,79,19.75,0.9147,0.0,20.0,area_core_02,3.293602320491672
day_1,Cold cloudy day,0.45,80,20.0,0.7235,0.0,20.0,area_core_02,3.3183091537526272
day_1,Cold cloudy day,0.45,81,20.25,0.5357,0.0,20.0,area_core_02,3.3425766395601983
day_1,Cold cloudy day,0.45,82,20.5,0.3519,0.0,20.0,area_core_02,3.3663272460108447
day_1,Cold cloudy day,0.45,83,20.75,0.1731,0.0,20.0,area_core_02,3.3894317532653364
day_1,Cold cloudy day,0.45,84,21.0,-0.0,0.0,20.0,area_core_02,3.4117997074362125
day_1,Cold cloudy day,0.45,85,21.25,-0.1667,0.0,20.0,area_core_02,3.43334065463601
day_1,Cold cloudy day,0.45,86,21.5,-0.3263,0.0,20.0,area_core_02,3.453964140977268
day_1,Cold cloudy day,0.45,87,21.75,-0.478,0.0,20.0,area_core_02,3.473566790588602
day_1,Cold cloudy day,0.45,88,22.0,-0.6213,0.0,20.0,area_core_02,3.492083993550396
day_1,Cold cloudy day,0.45,89,22.25,-0.7555,0.0,20.0,area_core_02,3.5094252959751877
day_1,Cold cloudy day,0.45,90,22.5,-0.8801,0.0,20.0,area_core_02,3.5255260879433625
day_1,Cold cloudy day,0.45,91,22.75,-0.9944,0.0,20.0,area_core_02,3.540295915567459
day_1,Cold cloudy day,0.45,92,23.0,-1.0981,0.0,20.0,area_core_02,3.5536960128957076
day_1,Cold cloudy day,0.45,93,23.25,-1.1906,0.0,20.0,area_core_02,3.5656488480245696
day_1,Cold cloudy day,0.45,94,23.5,-1.2716,0.0,20.0,area_core_02,3.5761156550022757
day_1,Cold cloudy day,0.45,95,23.75,-1.3408,0.0,20.0,area_core_02,3.585057667877057
day_1,Cold cloudy day,0.45,0,0.0,-1.3978,0.0,20.0,area_core_03,5.217680449903709
day_1,Cold cloudy day,0.45,1,0.25,-1.4424,0.0,20.0,area_core_03,5.230444194768009
day_1,Cold cloudy day,0.45,2,0.5,-1.4743,0.0,20.0,area_core_03,5.239573420354807
day_1,Cold cloudy day,0.45,3,0.75,-1.4936,0.0,20.0,area_core_03,5.245096744926131
day_1,Cold cloudy day,0.45,4,1.0,-1.5,0.0,20.0,area_core_03,5.2469283136958955
day_1,Cold cloudy day,0.45,5,1.25,-1.4936,0.0,20.0,area_core_03,5.245096744926131
day_1,Cold cloudy day,0.45,6,1.5,-1.4743,0.0,20.0,area_core_03,5.239573420354807
day_1,Cold cloudy day,0.45,7,1.75,-1.4424,0.0,20.0,area_core_03,5.230444194768009
day_1,Cold cloudy day,0.45,8,2.0,-1.3978,0.0,20.0,area_core_03,5.217680449903709
day_1,Cold cloudy day,0.45,9,2.25,-1.3408,0.0,20.0,area_core_03,5.2013680405479885
day_1,Cold cloudy day,0.45,10,2.5,-1.2716,0.0,20.0,area_core_03,5.1815642032249025
day_1,Cold cloudy day,0.45,11,2.75,-1.1906,0.0,20.0,area_core_03,5.158383410982562
day_1,Cold cloudy day,0.45,12,3.0,-1.0981,0.0,20.0,area_core_03,5.13191151860705
day_1,Cold cloudy day,0.45,13,3.25,-0.9944,0.0,20.0,area_core_03,5.1022343808844495
day_1,Cold cloudy day,0.45,14,3.5,-0.8801,0.0,20.0,area_core_03,5.069523707386925
day_1,Cold cloudy day,0.45,15,3.75,-0.7555,0.0,20.0,area_core_03,5.033865352900562
day_1,Cold cloudy day,0.45,16,4.0,-0.6213,0.0,20.0,area_core_03,4.995459645259548
day_1,Cold cloudy day,0.45,17,4.25,-0.478,0.0,20.0,area_core_03,4.954449675774026
day_1,Cold cloudy day,0.45,18,4.5,-0.3263,0.0,20.0,area_core_03,4.911035772278186
day_1,Cold cloudy day,0.45,19,4.75,-0.1667,0.0,20.0,area_core_03,4.8653610260821685
day_1,Cold cloudy day,0.45,20,5.0,0.0,0.0,20.0,area_core_03,4.817654383282192
day_1,Cold cloudy day,0.45,21,5.25,0.1731,0.0,20.0,area_core_03,4.7681161717124505
day_1,Cold cloudy day,0.45,22,5.5,0.3519,0.0,20.0,area_core_03,4.7169467192071375
day_1,Cold cloudy day,0.45,23,5.75,0.5357,0.0,20.0,area_core_03,4.664346353600445
day_1,Cold cloudy day,0.45,24,6.0,0.7235,0.0,20.0,area_core_03,4.6106012575126485
day_1,Cold cloudy day,0.45,25,6.25,0.9147,0.0,20.0,area_core_03,4.555883140515916
day_1,Cold cloudy day,0.45,26,6.5,1.1084,0.0,20.0,area_core_03,4.500449566968493
day_1,Cold cloudy day,0.45,27,6.75,1.3038,0.0,20.0,area_core_03,4.444529482966601
day_1,Cold cloudy day,0.45,28,7.0,1.5,0.0,20.0,area_core_03,4.388380452868489
day_1,Cold cloudy day,0.45,29,7.25,1.6962,4.5782,20.0,area_core_03,4.315930906934165
day_1,Cold cloudy day,0.45,30,7.5,1.8916,9.1368,20.0,area_core_03,4.243780092188541
day_1,Cold cloudy day,0.45,31,7.75,2.0853,13.6563,20.0,area_core_03,4.172255002035956
day_1,Cold cloudy day,0.45,32,8.0,2.2765,18.1173,20.0,area_core_03,4.101653655572329
day_1,Cold cloudy day,0.45,33,8.25,2.4643,22.5008,20.0,area_core_03,4.032301265970044
day_1,Cold cloudy day,0.45,34,8.5,2.6481,26.7878,20.0,area_core_03,3.9644371916154078
day_1,Cold cloudy day,0.45,35,8.75,2.8269,30.9602,20.0,area_core_03,3.8984120595253215
day_1,Cold cloudy day,0.45,36,9.0,3.0,35.0,20.0,area_core_03,3.834490285884215
day_1,Cold cloudy day,0.45,37,9.25,3.1667,38.8899,20.0,area_core_03,3.7729337945517867
day_1,Cold cloudy day,0.45,38,9.5,3.3263,42.6133,20.0,area_core_03,3.714002017063
day_1,Cold cloudy day,0.45,39,9.75,3.478,46.1542,20.0,area_core_03,3.657980866936511
day_1,Cold cloudy day,0.45,40,10.0,3.6213,49.4975,20.0,area_core_03,3.605067198487378
day_1,Cold cloudy day,0.45,41,10.25,3.7555,52.6288,20.0,area_core_03,3.555512610229982
day_1,Cold cloudy day,0.45,42,10.5,3.8801,55.5347,20.0,area_core_03,3.5095079036907486
day_1,Cold cloudy day,0.45,43,10.75,3.9944,58.2029,20.0,area_core_03,3.4672972004098637
day_1,Cold cloudy day,0.45,44,11.0,4.0981,60.6218,20.0,area_core_03,3.4290076565546763
day_1,Cold cloudy day,0.45,45,11.25,4.1906,62.7811,20.0,area_core_03,3.3948476544755404
day_1,Cold cloudy day,0.45,46,11.5,4.2716,64.6716,20.0,area_core_03,3.364935805226438
day_1,Cold cloudy day,0.45,47,11.75,4.3408,66.2851,20.0,area_core_03,3.33938715939745
day_1,Cold cloudy day,0.45,48,12.0,4.3978,67.6148,20.0,area_core_03,3.3183404011912176
day_1,Cold cloudy day,0.45,49,12.25,4.4424,68.655,20.0,area_core_03,3.3018730617760395
day_1,Cold cloudy day,0.45,50,12.5,4.4743,69.4011,20.0,area_core_03,3.290087374071948
day_1,Cold cloudy day,0.45,51,12.75,4.4936,69.8501,20.0,area_core_03,3.2829654012086187
day_1,Cold cloudy day,0.45,52,13.0,4.5,70.0,20.0,area_core_03,3.2806001188999416
day_1,Cold cloudy day,0.45,53,13.25,4.4936,69.8501,20.0,area_core_03,3.2829654012086187
day_1,Cold cloudy day,0.45,54,13.5,4.4743,69.4011,20.0,area_core_03,3.290087374071948
day_1,Cold cloudy day,0.45,55,13.75,4.4424,68.655,20.0,area_core_03,3.3018730617760395
day_1,Cold cloudy day,0.45,56,14.0,4.3978,67.6148,20.0,area_core_03,3.3183404011912176
day_1,Cold cloudy day,0.45,57,14.25,4.3408,66.2851,20.0,area_core_03,3.33938715939745
day_1,Cold cloudy day,0.45,58,14.5,4.2716,64.6716,20.0,area_core_03,3.364935805226438
day_1,Cold cloudy day,0.45,59,14.75,4.1906,62.7811,20.0,area_core_03,3.3948476544755404
day_1,Cold cloudy day,0.45,60,15.0,4.0981,60.6218,20.0,area_core_03,3.4290076565546763
day_1,Cold cloudy day,0.45,61,15.25,3.9944,58.2029,20.0,area_core_03,3.4672972004098637
day_1,Cold cloudy day,0.45,62,15.5,3.8801,55.5347,20.0,area_core_03,3.5095079036907486
day_1,Cold cloudy day,0.45,63,15.75,3.7555,52.6288,20.0,area_core_03,3.555512610229982
day_1,Cold cloudy day,0.45,64,16.0,3.6213,49.4975,20.0,area_core_03,3.605067198487378
day_1,Cold cloudy day,0.45,65,16.25,3.478,46.1542,20.0,area_core_03,3.657980866936511
day_1,Cold cloudy day,0.45,66,16.5,3.3263,42.6133,20.0,area_core_03,3.714002017063
day_1,Cold cloudy day,0.45,67,16.75,3.1667,38.8899,20.0,area_core_03,3.7729337945517867
day_1,Cold cloudy day,0.45,68,17.0,3.0,35.0,20.0,area_core_03,3.834490285884215
day_1,Cold cloudy day,0.45,69,17.25,2.8269,30.9602,20.0,area_core_03,3.8984120595253215
day_1,Cold cloudy day,0.45,70,17.5,2.6481,26.7878,20.0,area_core_03,3.9644371916154078
day_1,Cold cloudy day,0.45,71,17.75,2.4643,22.5008,20.0,area_core_03,4.032301265970044
day_1,Cold cloudy day,0.45,72,18.0,2.2765,18.1173,20.0,area_core_03,4.101653655572329
day_1,Cold cloudy day,0.45,73,18.25,2.0853,13.6563,20.0,area_core_03,4.172255002035956
day_1,Cold cloudy day,0.45,74,18.5,1.8916,9.1368,20.0,area_core_03,4.243780092188541
day_1,Cold cloudy day,0.45,75,18.75,1.6962,4.5782,20.0,area_core_03,4.315930906934165
day_1,Cold cloudy day,0.45,76,19.0,1.5,0.0,20.0,area_core_03,4.388380452868489
day_1,Cold cloudy day,0.45,77,19.25,1.3038,0.0,20.0,area_core_03,4.444529482966601
day_1,Cold cloudy day,0.45,78,19.5,1.1084,0.0,20.0,area_core_03,4.500449566968493
day_1,Cold cloudy day,0.45,79,19.75,0.9147,0.0,20.0,area_core_03,4.555883140515916
day_1,Cold cloudy day,0.45,80,20.0,0.7235,0.0,20.0,area_core_03,4.6106012575126485
day_1,Cold cloudy day,0.45,81,20.25,0.5357,0.0,20.0,area_core_03,4.664346353600445
day_1,Cold cloudy day,0.45,82,20.5,0.3519,0.0,20.0,area_core_03,4.7169467192071375
day_1,Cold cloudy day,0.45,83,20.75,0.1731,0.0,20.0,area_core_03,4.7681161717124505
day_1,Cold cloudy day,0.45,84,21.0,-0.0,0.0,20.0,area_core_03,4.817654383282192
day_1,Cold cloudy day,0.45,85,21.25,-0.1667,0.0,20.0,area_core_03,4.8653610260821685
day_1,Cold cloudy day,0.45,86,21.5,-0.3263,0.0,20.0,area_core_03,4.911035772278186
day_1,Cold cloudy day,0.45,87,21.75,-0.478,0.0,20.0,area_core_03,4.954449675774026
day_1,Cold cloudy day,0.45,88,22.0,-0.6213,0.0,20.0,area_core_03,4.995459645259548
day_1,Cold cloudy day,0.45,89,22.25,-0.7555,0.0,20.0,area_core_03,5.033865352900562
day_1,Cold cloudy day,0.45,90,22.5,-0.8801,0.0,20.0,area_core_03,5.069523707386925
day_1,Cold cloudy day,0.45,91,22.75,-0.9944,0.0,20.0,area_core_03,5.1022343808844495
day_1,Cold cloudy day,0.45,92,23.0,-1.0981,0.0,20.0,area_core_03,5.13191151860705
day_1,Cold cloudy day,0.45,93,23.25,-1.1906,0.0,20.0,area_core_03,5.158383410982562
day_1,Cold cloudy day,0.45,94,23.5,-1.2716,0.0,20.0,area_core_03,5.1815642032249025
day_1,Cold cloudy day,0.45,95,23.75,-1.3408,0.0,20.0,area_core_03,5.2013680405479885
day_1,Cold cloudy day,0.45,0,0.0,-1.3978,0.0,20.0,area_core_04,2.0798877729648613
day_1,Cold cloudy day,0.45,1,0.25,-1.4424,0.0,20.0,area_core_04,2.0826085158245977
day_1,Cold cloudy day,0.45,2,0.5,-1.4743,0.0,20.0,area_core_04,2.084554518004544
day_1,Cold cloudy day,0.45,3,0.75,-1.4936,0.0,20.0,area_core_04,2.0857318798250133
day_1,Cold cloudy day,0.45,4,1.0,-1.5,0.0,20.0,area_core_04,2.0861223003250653
day_1,Cold cloudy day,0.45,5,1.25,-1.4936,0.0,20.0,area_core_04,2.0857318798250133
day_1,Cold cloudy day,0.45,6,1.5,-1.4743,0.0,20.0,area_core_04,2.084554518004544
day_1,Cold cloudy day,0.45,7,1.75,-1.4424,0.0,20.0,area_core_04,2.0826085158245977
day_1,Cold cloudy day,0.45,8,2.0,-1.3978,0.0,20.0,area_core_04,2.0798877729648613
day_1,Cold cloudy day,0.45,9,2.25,-1.3408,0.0,20.0,area_core_04,2.0764105903862737
day_1,Cold cloudy day,0.45,10,2.5,-1.2716,0.0,20.0,area_core_04,2.0721891687294622
day_1,Cold cloudy day,0.45,11,2.75,-1.1906,0.0,20.0,area_core_04,2.0672479092756797
day_1,Cold cloudy day,0.45,12,3.0,-1.0981,0.0,20.0,area_core_04,2.061605112985867
day_1,Cold cloudy day,0.45,13,3.25,-0.9944,0.0,20.0,area_core_04,2.055279080820963
day_1,Cold cloudy day,0.45,14,3.5,-0.8801,0.0,20.0,area_core_04,2.0483064147028482
day_1,Cold cloudy day,0.45,15,3.75,-0.7555,0.0,20.0,area_core_04,2.040705415592462
day_1,Cold cloudy day,0.45,16,4.0,-0.6213,0.0,20.0,area_core_04,2.032518785731998
day_1,Cold cloudy day,0.45,17,4.25,-0.478,0.0,20.0,area_core_04,2.0237770267230233
day_1,Cold cloudy day,0.45,18,4.5,-0.3263,0.0,20.0,area_core_04,2.0145228408077296
day_1,Cold cloudy day,0.45,19,4.75,-0.1667,0.0,20.0,area_core_04,2.0047867295876847
day_1,Cold cloudy day,0.45,20,5.0,0.0,0.0,20.0,area_core_04,1.9946174956253948
day_1,Cold cloudy day,0.45,21,5.25,0.1731,0.0,20.0,area_core_04,1.9840578411630527
day_1,Cold cloudy day,0.45,22,5.5,0.3519,0.0,20.0,area_core_04,1.973150468442852
day_1,Cold cloudy day,0.45,23,5.75,0.5357,0.0,20.0,area_core_04,1.9619380797069859
day_1,Cold cloudy day,0.45,24,6.0,0.7235,0.0,20.0,area_core_04,1.950481678158587
day_1,Cold cloudy day,0.45,25,6.25,0.9147,0.0,20.0,area_core_04,1.9388178657195358
day_1,Cold cloudy day,0.45,26,6.5,1.1084,0.0,20.0,area_core_04,1.9270015452726517
day_1,Cold cloudy day,0.45,27,6.75,1.3038,0.0,20.0,area_core_04,1.9150815193804414
day_1,Cold cloudy day,0.45,28,7.0,1.5,0.0,20.0,area_core_04,1.9031126909257243
day_1,Cold cloudy day,0.45,29,7.25,1.6962,4.5782,20.0,area_core_04,1.8401125697290708
day_1,Cold cloudy day,0.45,30,7.5,1.8916,9.1368,20.0,area_core_04,1.7773797241493432
day_1,Cold cloudy day,0.45,31,7.75,2.0853,13.6563,20.0,area_core_04,1.7151864154653396
day_1,Cold cloudy day,0.45,32,8.0,2.2765,18.1173,20.0,area_core_04,1.6537976899771032
day_1,Cold cloudy day,0.45,33,8.25,2.4643,22.5008,20.0,area_core_04,1.5934802356712279
day_1,Cold cloudy day,0.45,34,8.5,2.6481,26.7878,20.0,area_core_04,1.5344824395733676
day_1,Cold cloudy day,0.45,35,8.75,2.8269,30.9602,20.0,area_core_04,1.4770670580644603
day_1,Cold cloudy day,0.45,36,9.0,3.0,35.0,20.0,area_core_04,1.4214774319060641
day_1,Cold cloudy day,0.45,37,9.25,3.1667,38.8899,20.0,area_core_04,1.3679490992506507
day_1,Cold cloudy day,0.45,38,9.5,3.3263,42.6133,20.0,area_core_04,1.316709795641604
day_1,Cold cloudy day,0.45,39,9.75,3.478,46.1542,20.0,area_core_04,1.2679866689919779
day_1,Cold cloudy day,0.45,40,10.0,3.6213,49.4975,20.0,area_core_04,1.2219785343279161
day_1,Cold cloudy day,0.45,41,10.25,3.7555,52.6288,20.0,area_core_04,1.1788886047071045
day_1,Cold cloudy day,0.45,42,10.5,3.8801,55.5347,20.0,area_core_04,1.1388967459621913
day_1,Cold cloudy day,0.45,43,10.75,3.9944,58.2029,20.0,area_core_04,1.102182763323602
day_1,Cold cloudy day,0.45,44,11.0,4.0981,60.6218,20.0,area_core_04,1.0688942581314234
day_1,Cold cloudy day,0.45,45,11.25,4.1906,62.7811,20.0,area_core_04,1.0391826421269488
day_1,Cold cloudy day,0.45,46,11.5,4.2716,64.6716,20.0,area_core_04,1.0131687648476826
day_1,Cold cloudy day,0.45,47,11.75,4.3408,66.2851,20.0,area_core_04,0.9909623292467196
day_1,Cold cloudy day,0.45,48,12.0,4.3978,67.6148,20.0,area_core_04,0.9726635333792952
day_1,Cold cloudy day,0.45,49,12.25,4.4424,68.655,20.0,area_core_04,0.9583481134171684
day_1,Cold cloudy day,0.45,50,12.5,4.4743,69.4011,20.0,area_core_04,0.9480856446095608
day_1,Cold cloudy day,0.45,51,12.75,4.4936,69.8501,20.0,area_core_04,0.9419034663893867
day_1,Cold cloudy day,0.45,52,13.0,4.5,70.0,20.0,area_core_04,0.9398421728864043
day_1,Cold cloudy day,0.45,53,13.25,4.4936,69.8501,20.0,area_core_04,0.9419034663893867
day_1,Cold cloudy day,0.45,54,13.5,4.4743,69.4011,20.0,area_core_04,0.9480856446095608
day_1,Cold cloudy day,0.45,55,13.75,4.4424,68.655,20.0,area_core_04,0.9583481134171684
day_1,Cold cloudy day,0.45,56,14.0,4.3978,67.6148,20.0,area_core_04,0.9726635333792952
day_1,Cold cloudy day,0.45,57,14.25,4.3408,66.2851,20.0,area_core_04,0.9909623292467196
day_1,Cold cloudy day,0.45,58,14.5,4.2716,64.6716,20.0,area_core_04,1.0131687648476826
day_1,Cold cloudy day,0.45,59,14.75,4.1906,62.7811,20.0,area_core_04,1.0391826421269488
day_1,Cold cloudy day,0.45,60,15.0,4.0981,60.6218,20.0,area_core_04,1.0688942581314234
day_1,Cold cloudy day,0.45,61,15.25,3.9944,58.2029,20.0,area_core_04,1.102182763323602
day_1,Cold cloudy day,0.45,62,15.5,3.8801,55.5347,20.0,area_core_04,1.1388967459621913
day_1,Cold cloudy day,0.45,63,15.75,3.7555,52.6288,20.0,area_core_04,1.1788886047071045
day_1,Cold cloudy day,0.45,64,16.0,3.6213,49.4975,20.0,area_core_04,1.2219785343279161
day_1,Cold cloudy day,0.45,65,16.25,3.478,46.1542,20.0,area_core_04,1.2679866689919779
day_1,Cold cloudy day,0.45,66,16.5,3.3263,42.6133,20.0,area_core_04,1.316709795641604
day_1,Cold cloudy day,0.45,67,16.75,3.1667,38.8899,20.0,area_core_04,1.3679490992506507
day_1,Cold cloudy day,0.45,68,17.0,3.0,35.0,20.0,area_core_04,1.4214774319060641
day_1,Cold cloudy day,0.45,69,17.25,2.8269,30.9602,20.0,area_core_04,1.4770670580644603
day_1,Cold cloudy day,0.45,70,17.5,2.6481,26.7878,20.0,area_core_04,1.5344824395733676
day_1,Cold cloudy day,0.45,71,17.75,2.4643,22.5008,20.0,area_core_04,1.5934802356712279
day_1,Cold cloudy day,0.45,72,18.0,2.2765,18.1173,20.0,area_core_04,1.6537976899771032
day_1,Cold cloudy day,0.45,73,18.25,2.0853,13.6563,20.0,area_core_04,1.7151864154653396
day_1,Cold cloudy day,0.45,74,18.5,1.8916,9.1368,20.0,area_core_04,1.7773797241493432
day_1,Cold cloudy day,0.45,75,18.75,1.6962,4.5782,20.0,area_core_04,1.8401125697290708
day_1,Cold cloudy day,0.45,76,19.0,1.5,0.0,20.0,area_core_04,1.9031126909257243
day_1,Cold cloudy day,0.45,77,19.25,1.3038,0.0,20.0,area_core_04,1.9150815193804414
day_1,Cold cloudy day,0.45,78,19.5,1.1084,0.0,20.0,area_core_04,1.9270015452726517
day_1,Cold cloudy day,0.45,79,19.75,0.9147,0.0,20.0,area_core_04,1.9388178657195358
day_1,Cold cloudy day,0.45,80,20.0,0.7235,0.0,20.0,area_core_04,1.950481678158587
day_1,Cold cloudy day,0.45,81,20.25,0.5357,0.0,20.0,area_core_04,1.9619380797069859
day_1,Cold cloudy day,0.45,82,20.5,0.3519,0.0,20.0,area_core_04,1.973150468442852
day_1,Cold cloudy day,0.45,83,20.75,0.1731,0.0,20.0,area_core_04,1.9840578411630527
day_1,Cold cloudy day,0.45,84,21.0,-0.0,0.0,20.0,area_core_04,1.9946174956253948
day_1,Cold cloudy day,0.45,85,21.25,-0.1667,0.0,20.0,area_core_04,2.0047867295876847
day_1,Cold cloudy day,0.45,86,21.5,-0.3263,0.0,20.0,area_core_04,2.0145228408077296
day_1,Cold cloudy day,0.45,87,21.75,-0.478,0.0,20.0,area_core_04,2.0237770267230233
day_1,Cold cloudy day,0.45,88,22.0,-0.6213,0.0,20.0,area_core_04,2.032518785731998
day_1,Cold cloudy day,0.45,89,22.25,-0.7555,0.0,20.0,area_core_04,2.040705415592462
day_1,Cold cloudy day,0.45,90,22.5,-0.8801,0.0,20.0,area_core_04,2.0483064147028482
day_1,Cold cloudy day,0.45,91,22.75,-0.9944,0.0,20.0,area_core_04,2.055279080820963
day_1,Cold cloudy day,0.45,92,23.0,-1.0981,0.0,20.0,area_core_04,2.061605112985867
day_1,Cold cloudy day,0.45,93,23.25,-1.1906,0.0,20.0,area_core_04,2.0672479092756797
day_1,Cold cloudy day,0.45,94,23.5,-1.2716,0.0,20.0,area_core_04,2.0721891687294622
day_1,Cold cloudy day,0.45,95,23.75,-1.3408,0.0,20.0,area_core_04,2.0764105903862737
day_1,Cold cloudy day,0.45,0,0.0,-1.3978,0.0,20.0,area_core_05,5.273505016539774
day_1,Cold cloudy day,0.45,1,0.25,-1.4424,0.0,20.0,area_core_05,5.2834100885954784
day_1,Cold cloudy day,0.45,2,0.5,-1.4743,0.0,20.0,area_core_05,5.2904946580702985
day_1,Cold cloudy day,0.45,3,0.75,-1.4936,0.0,20.0,area_core_05,5.294780933645974
day_1,Cold cloudy day,0.45,4,1.0,-1.5,0.0,20.0,area_core_05,5.296202289277286
day_1,Cold cloudy day,0.45,5,1.25,-1.4936,0.0,20.0,area_core_05,5.294780933645974
day_1,Cold cloudy day,0.45,6,1.5,-1.4743,0.0,20.0,area_core_05,5.2904946580702985
day_1,Cold cloudy day,0.45,7,1.75,-1.4424,0.0,20.0,area_core_05,5.2834100885954784
day_1,Cold cloudy day,0.45,8,2.0,-1.3978,0.0,20.0,area_core_05,5.273505016539774
day_1,Cold cloudy day,0.45,9,2.25,-1.3408,0.0,20.0,area_core_05,5.260846067948402
day_1,Cold cloudy day,0.45,10,2.5,-1.2716,0.0,20.0,area_core_05,5.245477660184842
day_1,Cold cloudy day,0.45,11,2.75,-1.1906,0.0,20.0,area_core_05,5.227488627976052
day_1,Cold cloudy day,0.45,12,3.0,-1.0981,0.0,20.0,area_core_05,5.2069455973672465
day_1,Cold cloudy day,0.45,13,3.25,-0.9944,0.0,20.0,area_core_05,5.183915194403646
day_1,Cold cloudy day,0.45,14,3.5,-0.8801,0.0,20.0,area_core_05,5.1585306711756855
day_1,Cold cloudy day,0.45,15,3.75,-0.7555,0.0,20.0,area_core_05,5.130858653728582
day_1,Cold cloudy day,0.45,16,4.0,-0.6213,0.0,20.0,area_core_05,5.101054602834512
day_1,Cold cloudy day,0.45,17,4.25,-0.478,0.0,20.0,area_core_05,5.069229561902168
day_1,Cold cloudy day,0.45,18,4.5,-0.3263,0.0,20.0,area_core_05,5.035538991703729
day_1,Cold cloudy day,0.45,19,4.75,-0.1667,0.0,20.0,area_core_05,5.000093935647888
day_1,Cold cloudy day,0.45,20,5.0,0.0,0.0,20.0,area_core_05,4.963072063188561
day_1,Cold cloudy day,0.45,21,5.25,0.1731,0.0,20.0,area_core_05,4.924628835097923
day_1,Cold cloudy day,0.45,22,5.5,0.3519,0.0,20.0,area_core_05,4.884919712148147
day_1,Cold cloudy day,0.45,23,5.75,0.5357,0.0,20.0,area_core_05,4.844100155111409
day_1,Cold cloudy day,0.45,24,6.0,0.7235,0.0,20.0,area_core_05,4.8023922508051
day_1,Cold cloudy day,0.45,25,6.25,0.9147,0.0,20.0,area_core_05,4.759929251319657
day_1,Cold cloudy day,0.45,26,6.5,1.1084,0.0,20.0,area_core_05,4.7169110347907335
day_1,Cold cloudy day,0.45,27,6.75,1.3038,0.0,20.0,area_core_05,4.673515270672243
day_1,Cold cloudy day,0.45,28,7.0,1.5,0.0,20.0,area_core_05,4.629941837099837
day_1,Cold cloudy day,0.45,29,7.25,1.6962,4.5782,20.0,area_core_05,4.585712189821121
day_1,Cold cloudy day,0.45,30,7.5,1.8916,9.1368,20.0,area_core_05,4.541663021351226
day_1,Cold cloudy day,0.45,31,7.75,2.0853,13.6563,20.0,area_core_05,4.497997004847274
day_1,Cold cloudy day,0.45,32,8.0,2.2765,18.1173,20.0,area_core_05,4.4548945904512
day_1,Cold cloudy day,0.45,33,8.25,2.4643,22.5008,20.0,area_core_05,4.412558379652904
day_1,Cold cloudy day,0.45,34,8.5,2.6481,26.7878,20.0,area_core_05,4.371124347897072
day_1,Cold cloudy day,0.45,35,8.75,2.8269,30.9602,20.0,area_core_05,4.330817176354352
day_1,Cold cloudy day,0.45,36,9.0,3.0,35.0,20.0,area_core_05,4.291794905816736
day_1,Cold cloudy day,0.45,37,9.25,3.1667,38.8899,20.0,area_core_05,4.254215476742106
day_1,Cold cloudy day,0.45,38,9.5,3.3263,42.6133,20.0,area_core_05,4.218236729254244
day_1,Cold cloudy day,0.45,39,9.75,3.478,46.1542,20.0,area_core_05,4.18403862615801
day_1,Cold cloudy day,0.45,40,10.0,3.6213,49.4975,20.0,area_core_05,4.151734375212057
day_1,Cold cloudy day,0.45,41,10.25,3.7555,52.6288,20.0,area_core_05,4.121481501204411
day_1,Cold cloudy day,0.45,42,10.5,3.8801,55.5347,20.0,area_core_05,4.093392968225183
day_1,Cold cloudy day,0.45,43,10.75,3.9944,58.2029,20.0,area_core_05,4.06762600006009
day_1,Cold cloudy day,0.45,44,11.0,4.0981,60.6218,20.0,area_core_05,4.044248885433785
day_1,Cold cloudy day,0.45,45,11.25,4.1906,62.7811,20.0,area_core_05,4.023396352781373
day_1,Cold cloudy day,0.45,46,11.5,4.2716,64.6716,20.0,area_core_05,4.005136346824869
day_1,Cold cloudy day,0.45,47,11.75,4.3408,66.2851,20.0,area_core_05,3.989536668951848
day_1,Cold cloudy day,0.45,48,12.0,4.3978,67.6148,20.0,area_core_05,3.9766871285634204
day_1,Cold cloudy day,0.45,49,12.25,4.4424,68.655,20.0,area_core_05,3.9666329600293393
day_1,Cold cloudy day,0.45,50,12.5,4.4743,69.4011,20.0,area_core_05,3.9594414487332177
day_1,Cold cloudy day,0.45,51,12.75,4.4936,69.8501,20.0,area_core_05,3.9550908159966207
day_1,Cold cloudy day,0.45,52,13.0,4.5,70.0,20.0,area_core_05,3.9536479745336335
day_1,Cold cloudy day,0.45,53,13.25,4.4936,69.8501,20.0,area_core_05,3.9550908159966207
day_1,Cold cloudy day,0.45,54,13.5,4.4743,69.4011,20.0,area_core_05,3.9594414487332177
day_1,Cold cloudy day,0.45,55,13.75,4.4424,68.655,20.0,area_core_05,3.9666329600293393
day_1,Cold cloudy day,0.45,56,14.0,4.3978,67.6148,20.0,area_core_05,3.9766871285634204
day_1,Cold cloudy day,0.45,57,14.25,4.3408,66.2851,20.0,area_core_05,3.989536668951848
day_1,Cold cloudy day,0.45,58,14.5,4.2716,64.6716,20.0,area_core_05,4.005136346824869
day_1,Cold cloudy day,0.45,59,14.75,4.1906,62.7811,20.0,area_core_05,4.023396352781373
day_1,Cold cloudy day,0.45,60,15.0,4.0981,60.6218,20.0,area_core_05,4.044248885433785
day_1,Cold cloudy day,0.45,61,15.25,3.9944,58.2029,20.0,area_core_05,4.06762600006009
day_1,Cold cloudy day,0.45,62,15.5,3.8801,55.5347,20.0,area_core_05,4.093392968225183
day_1,Cold cloudy day,0.45,63,15.75,3.7555,52.6288,20.0,area_core_05,4.121481501204411
day_1,Cold cloudy day,0.45,64,16.0,3.6213,49.4975,20.0,area_core_05,4.151734375212057
day_1,Cold cloudy day,0.45,65,16.25,3.478,46.1542,20.0,area_core_05,4.18403862615801
day_1,Cold cloudy day,0.45,66,16.5,3.3263,42.6133,20.0,area_core_05,4.218236729254244
day_1,Cold cloudy day,0.45,67,16.75,3.1667,38.8899,20.0,area_core_05,4.254215476742106
day_1,Cold cloudy day,0.45,68,17.0,3.0,35.0,20.0,area_core_05,4.291794905816736
day_1,Cold cloudy day,0.45,69,17.25,2.8269,30.9602,20.0,area_core_05,4.330817176354352
day_1,Cold cloudy day,0.45,70,17.5,2.6481,26.7878,20.0,area_core_05,4.371124347897072
day_1,Cold cloudy day,0.45,71,17.75,2.4643,22.5008,20.0,area_core_05,4.412558379652904
day_1,Cold cloudy day,0.45,72,18.0,2.2765,18.1173,20.0,area_core_05,4.4548945904512
day_1,Cold cloudy day,0.45,73,18.25,2.0853,13.6563,20.0,area_core_05,4.497997004847274
day_1,Cold cloudy day,0.45,74,18.5,1.8916,9.1368,20.0,area_core_05,4.541663021351226
day_1,Cold cloudy day,0.45,75,18.75,1.6962,4.5782,20.0,area_core_05,4.585712189821121
day_1,Cold cloudy day,0.45,76,19.0,1.5,0.0,20.0,area_core_05,4.629941837099837
day_1,Cold cloudy day,0.45,77,19.25,1.3038,0.0,20.0,area_core_05,4.673515270672243
day_1,Cold cloudy day,0.45,78,19.5,1.1084,0.0,20.0,area_core_05,4.7169110347907335
day_1,Cold cloudy day,0.45,79,19.75,0.9147,0.0,20.0,area_core_05,4.759929251319657
day_1,Cold cloudy day,0.45,80,20.0,0.7235,0.0,20.0,area_core_05,4.8023922508051
day_1,Cold cloudy day,0.45,81,20.25,0.5357,0.0,20.0,area_core_05,4.844100155111409
day_1,Cold cloudy day,0.45,82,20.5,0.3519,0.0,20.0,area_core_05,4.884919712148147
day_1,Cold cloudy day,0.45,83,20.75,0.1731,0.0,20.0,area_core_05,4.924628835097923
day_1,Cold cloudy day,0.45,84,21.0,-0.0,0.0,20.0,area_core_05,4.963072063188561
day_1,Cold cloudy day,0.45,85,21.25,-0.1667,0.0,20.0,area_core_05,5.000093935647888
day_1,Cold cloudy day,0.45,86,21.5,-0.3263,0.0,20.0,area_core_05,5.035538991703729
day_1,Cold cloudy day,0.45,87,21.75,-0.478,0.0,20.0,area_core_05,5.069229561902168
day_1,Cold cloudy day,0.45,88,22.0,-0.6213,0.0,20.0,area_core_05,5.101054602834512
day_1,Cold cloudy day,0.45,89,22.25,-0.7555,0.0,20.0,area_core_05,5.130858653728582
day_1,Cold cloudy day,0.45,90,22.5,-0.8801,0.0,20.0,area_core_05,5.1585306711756855
day_1,Cold cloudy day,0.45,91,22.75,-0.9944,0.0,20.0,area_core_05,5.183915194403646
day_1,Cold cloudy day,0.45,92,23.0,-1.0981,0.0,20.0,area_core_05,5.2069455973672465
day_1,Cold cloudy day,0.45,93,23.25,-1.1906,0.0,20.0,area_core_05,5.227488627976052
day_1,Cold cloudy day,0.45,94,23.5,-1.2716,0.0,20.0,area_core_05,5.245477660184842
day_1,Cold cloudy day,0.45,95,23.75,-1.3408,0.0,20.0,area_core_05,5.260846067948402
day_1,Cold cloudy day,0.45,0,0.0,-1.3978,0.0,20.0,area_core_06,6.982119782933338
day_1,Cold cloudy day,0.45,1,0.25,-1.4424,0.0,20.0,area_core_06,6.9977744581648
day_1,Cold cloudy day,0.45,2,0.5,-1.4743,0.0,20.0,area_core_06,7.00897141197385
day_1,Cold cloudy day,0.45,3,0.75,-1.4936,0.0,20.0,area_core_06,7.01574574452917
day_1,Cold cloudy day,0.45,4,1.0,-1.5,0.0,20.0,area_core_06,7.017992155324716
day_1,Cold cloudy day,0.45,5,1.25,-1.4936,0.0,20.0,area_core_06,7.01574574452917
day_1,Cold cloudy day,0.45,6,1.5,-1.4743,0.0,20.0,area_core_06,7.00897141197385
day_1,Cold cloudy day,0.45,7,1.75,-1.4424,0.0,20.0,area_core_06,6.9977744581648
day_1,Cold cloudy day,0.45,8,2.0,-1.3978,0.0,20.0,area_core_06,6.982119782933338
day_1,Cold cloudy day,0.45,9,2.25,-1.3408,0.0,20.0,area_core_06,6.962112686785504
day_1,Cold cloudy day,0.45,10,2.5,-1.2716,0.0,20.0,area_core_06,6.93782337005866
day_1,Cold cloudy day,0.45,11,2.75,-1.1906,0.0,20.0,area_core_06,6.909392233427528
day_1,Cold cloudy day,0.45,12,3.0,-1.0981,0.0,20.0,area_core_06,6.876924577398149
day_1,Cold cloudy day,0.45,13,3.25,-0.9944,0.0,20.0,area_core_06,6.840525702476564
day_1,Cold cloudy day,0.45,14,3.5,-0.8801,0.0,20.0,area_core_06,6.800406209674856
day_1,Cold cloudy day,0.45,15,3.75,-0.7555,0.0,20.0,area_core_06,6.756671399499067
day_1,Cold cloudy day,0.45,16,4.0,-0.6213,0.0,20.0,area_core_06,6.709566973129957
day_1,Cold cloudy day,0.45,17,4.25,-0.478,0.0,20.0,area_core_06,6.659268431410929
day_1,Cold cloudy day,0.45,18,4.5,-0.3263,0.0,20.0,area_core_06,6.6060214755227475
day_1,Cold cloudy day,0.45,19,4.75,-0.1667,0.0,20.0,area_core_06,6.550001606308813
day_1,Cold cloudy day,0.45,20,5.0,0.0,0.0,20.0,area_core_06,6.491489625118571
day_1,Cold cloudy day,0.45,21,5.25,0.1731,0.0,20.0,area_core_06,6.43073123313278
day_1,Cold cloudy day,0.45,22,5.5,0.3519,0.0,20.0,area_core_06,6.367972131532208
day_1,Cold cloudy day,0.45,23,5.75,0.5357,0.0,20.0,area_core_06,6.303458021497616
day_1,Cold cloudy day,0.45,24,6.0,0.7235,0.0,20.0,area_core_06,6.237539904715805
day_1,Cold cloudy day,0.45,25,6.25,0.9147,0.0,20.0,area_core_06,6.170428382198863
day_1,Cold cloudy day,0.45,26,6.5,1.1084,0.0,20.0,area_core_06,6.1024393554649095
day_1,Cold cloudy day,0.45,27,6.75,1.3038,0.0,20.0,area_core_06,6.033853625863389
day_1,Cold cloudy day,0.45,28,7.0,1.5,0.0,20.0,area_core_06,5.964987094912424
day_1,Cold cloudy day,0.45,29,7.25,1.6962,4.5782,20.0,area_core_06,5.866621479988072
day_1,Cold cloudy day,0.45,30,7.5,1.8916,9.1368,20.0,area_core_06,5.768662956668259
day_1,Cold cloudy day,0.45,31,7.75,2.0853,13.6563,20.0,area_core_06,5.671553072388168
day_1,Cold cloudy day,0.45,32,8.0,2.2765,18.1173,20.0,area_core_06,5.575697630076265
day_1,Cold cloudy day,0.45,33,8.25,2.4643,22.5008,20.0,area_core_06,5.481534955477551
day_1,Cold cloudy day,0.45,34,8.5,2.6481,26.7878,20.0,area_core_06,5.389398073830989
day_1,Cold cloudy day,0.45,35,8.75,2.8269,30.9602,20.0,area_core_06,5.299754612007935
day_1,Cold cloudy day,0.45,36,9.0,3.0,35.0,20.0,area_core_06,5.2129662520356685
day_1,Cold cloudy day,0.45,37,9.25,3.1667,38.8899,20.0,area_core_06,5.129390165575215
day_1,Cold cloudy day,0.45,38,9.5,3.3263,42.6133,20.0,area_core_06,5.049379013921344
day_1,Cold cloudy day,0.45,39,9.75,3.478,46.1542,20.0,area_core_06,4.973316692509294
day_1,Cold cloudy day,0.45,40,10.0,3.6213,49.4975,20.0,area_core_06,4.901475997225934
day_1,Cold cloudy day,0.45,41,10.25,3.7555,52.6288,20.0,area_core_06,4.83419541392924
day_1,Cold cloudy day,0.45,42,10.5,3.8801,55.5347,20.0,area_core_06,4.771736784759463
day_1,Cold cloudy day,0.45,43,10.75,3.9944,58.2029,20.0,area_core_06,4.71442506447582
day_1,Cold cloudy day,0.45,44,11.0,4.0981,60.6218,20.0,area_core_06,4.662440296796551
day_1,Cold cloudy day,0.45,45,11.25,4.1906,62.7811,20.0,area_core_06,4.616059449551468
day_1,Cold cloudy day,0.45,46,11.5,4.2716,64.6716,20.0,area_core_06,4.575447102345941
day_1,Cold cloudy day,0.45,47,11.75,4.3408,66.2851,20.0,area_core_06,4.540761391404983
day_1,Cold cloudy day,0.45,48,12.0,4.3978,67.6148,20.0,area_core_06,4.512186532389775
day_1,Cold cloudy day,0.45,49,12.25,4.4424,68.655,20.0,area_core_06,4.489829452905742
day_1,Cold cloudy day,0.45,50,12.5,4.4743,69.4011,20.0,area_core_06,4.473825093008589
day_1,Cold cloudy day,0.45,51,12.75,4.4936,69.8501,20.0,area_core_06,4.4641576826707245
day_1,Cold cloudy day,0.45,52,13.0,4.5,70.0,20.0,area_core_06,4.460945409158912
day_1,Cold cloudy day,0.45,53,13.25,4.4936,69.8501,20.0,area_core_06,4.4641576826707245
day_1,Cold cloudy day,0.45,54,13.5,4.4743,69.4011,20.0,area_core_06,4.473825093008589
day_1,Cold cloudy day,0.45,55,13.75,4.4424,68.655,20.0,area_core_06,4.489829452905742
day_1,Cold cloudy day,0.45,56,14.0,4.3978,67.6148,20.0,area_core_06,4.512186532389775
day_1,Cold cloudy day,0.45,57,14.25,4.3408,66.2851,20.0,area_core_06,4.540761391404983
day_1,Cold cloudy day,0.45,58,14.5,4.2716,64.6716,20.0,area_core_06,4.575447102345941
day_1,Cold cloudy day,0.45,59,14.75,4.1906,62.7811,20.0,area_core_06,4.616059449551468
day_1,Cold cloudy day,0.45,60,15.0,4.0981,60.6218,20.0,area_core_06,4.662440296796551
day_1,Cold cloudy day,0.45,61,15.25,3.9944,58.2029,20.0,area_core_06,4.71442506447582
day_1,Cold cloudy day,0.45,62,15.5,3.8801,55.5347,20.0,area_core_06,4.771736784759463
day_1,Cold cloudy day,0.45,63,15.75,3.7555,52.6288,20.0,area_core_06,4.83419541392924
day_1,Cold cloudy day,0.45,64,16.0,3.6213,49.4975,20.0,area_core_06,4.901475997225934
day_1,Cold cloudy day,0.45,65,16.25,3.478,46.1542,20.0,area_core_06,4.973316692509294
day_1,Cold cloudy day,0.45,66,16.5,3.3263,42.6133,20.0,area_core_06,5.049379013921344
day_1,Cold cloudy day,0.45,67,16.75,3.1667,38.8899,20.0,area_core_06,5.129390165575215
day_1,Cold cloudy day,0.45,68,17.0,3.0,35.0,20.0,area_core_06,5.2129662520356685
day_1,Cold cloudy day,0.45,69,17.25,2.8269,30.9602,20.0,area_core_06,5.299754612007935
day_1,Cold cloudy day,0.45,70,17.5,2.6481,26.7878,20.0,area_core_06,5.389398073830989
day_1,Cold cloudy day,0.45,71,17.75,2.4643,22.5008,20.0,area_core_06,5.481534955477551
day_1,Cold cloudy day,0.45,72,18.0,2.2765,18.1173,20.0,area_core_06,5.575697630076265
day_1,Cold cloudy day,0.45,73,18.25,2.0853,13.6563,20.0,area_core_06,5.671553072388168
day_1,Cold cloudy day,0.45,74,18.5,1.8916,9.1368,20.0,area_core_06,5.768662956668259
day_1,Cold cloudy day,0.45,75,18.75,1.6962,4.5782,20.0,area_core_06,5.866621479988072
day_1,Cold cloudy day,0.45,76,19.0,1.5,0.0,20.0,area_core_06,5.964987094912424
day_1,Cold cloudy day,0.45,77,19.25,1.3038,0.0,20.0,area_core_06,6.033853625863389
day_1,Cold cloudy day,0.45,78,19.5,1.1084,0.0,20.0,area_core_06,6.1024393554649095
day_1,Cold cloudy day,0.45,79,19.75,0.9147,0.0,20.0,area_core_06,6.170428382198863
day_1,Cold cloudy day,0.45,80,20.0,0.7235,0.0,20.0,area_core_06,6.237539904715805
day_1,Cold cloudy day,0.45,81,20.25,0.5357,0.0,20.0,area_core_06,6.303458021497616
day_1,Cold cloudy day,0.45,82,20.5,0.3519,0.0,20.0,area_core_06,6.367972131532208
day_1,Cold cloudy day,0.45,83,20.75,0.1731,0.0,20.0,area_core_06,6.43073123313278
day_1,Cold cloudy day,0.45,84,21.0,-0.0,0.0,20.0,area_core_06,6.491489625118571
day_1,Cold cloudy day,0.45,85,21.25,-0.1667,0.0,20.0,area_core_06,6.550001606308813
day_1,Cold cloudy day,0.45,86,21.5,-0.3263,0.0,20.0,area_core_06,6.6060214755227475
day_1,Cold cloudy day,0.45,87,21.75,-0.478,0.0,20.0,area_core_06,6.659268431410929
day_1,Cold cloudy day,0.45,88,22.0,-0.6213,0.0,20.0,area_core_06,6.709566973129957
day_1,Cold cloudy day,0.45,89,22.25,-0.7555,0.0,20.0,area_core_06,6.756671399499067
day_1,Cold cloudy day,0.45,90,22.5,-0.8801,0.0,20.0,area_core_06,6.800406209674856
day_1,Cold cloudy day,0.45,91,22.75,-0.9944,0.0,20.0,area_core_06,6.840525702476564
day_1,Cold cloudy day,0.45,92,23.0,-1.0981,0.0,20.0,area_core_06,6.876924577398149
day_1,Cold cloudy day,0.45,93,23.25,-1.1906,0.0,20.0,area_core_06,6.909392233427528
day_1,Cold cloudy day,0.45,94,23.5,-1.2716,0.0,20.0,area_core_06,6.93782337005866
day_1,Cold cloudy day,0.45,95,23.75,-1.3408,0.0,20.0,area_core_06,6.962112686785504
day_1,Cold cloudy day,0.45,0,0.0,-1.3978,0.0,20.0,area_core_07,6.628152047935215
day_1,Cold cloudy day,0.45,1,0.25,-1.4424,0.0,20.0,area_core_07,6.64322960108683
day_1,Cold cloudy day,0.45,2,0.5,-1.4743,0.0,20.0,area_core_07,6.654013770269263
day_1,Cold cloudy day,0.45,3,0.75,-1.4936,0.0,20.0,area_core_07,6.660538361655502
day_1,Cold cloudy day,0.45,4,1.0,-1.5,0.0,20.0,area_core_07,6.662701956726585
day_1,Cold cloudy day,0.45,5,1.25,-1.4936,0.0,20.0,area_core_07,6.660538361655502
day_1,Cold cloudy day,0.45,6,1.5,-1.4743,0.0,20.0,area_core_07,6.654013770269263
day_1,Cold cloudy day,0.45,7,1.75,-1.4424,0.0,20.0,area_core_07,6.64322960108683
day_1,Cold cloudy day,0.45,8,2.0,-1.3978,0.0,20.0,area_core_07,6.628152047935215
day_1,Cold cloudy day,0.45,9,2.25,-1.3408,0.0,20.0,area_core_07,6.608882529333374
day_1,Cold cloudy day,0.45,10,2.5,-1.2716,0.0,20.0,area_core_07,6.585488657627279
day_1,Cold cloudy day,0.45,11,2.75,-1.1906,0.0,20.0,area_core_07,6.558105657508873
day_1,Cold cloudy day,0.45,12,3.0,-1.0981,0.0,20.0,area_core_07,6.526834947497114
day_1,Cold cloudy day,0.45,13,3.25,-0.9944,0.0,20.0,area_core_07,6.491777946110958
day_1,Cold cloudy day,0.45,14,3.5,-0.8801,0.0,20.0,area_core_07,6.453137490388319
day_1,Cold cloudy day,0.45,15,3.75,-0.7555,0.0,20.0,area_core_07,6.411014998848156
day_1,Cold cloudy day,0.45,16,4.0,-0.6213,0.0,20.0,area_core_07,6.365647114701366
day_1,Cold cloudy day,0.45,17,4.25,-0.478,0.0,20.0,area_core_07,6.3172028688128785
day_1,Cold cloudy day,0.45,18,4.5,-0.3263,0.0,20.0,area_core_07,6.265918904393592
day_1,Cold cloudy day,0.45,19,4.75,-0.1667,0.0,20.0,area_core_07,6.211964252308437
day_1,Cold cloudy day,0.45,20,5.0,0.0,0.0,20.0,area_core_07,6.1556093619413
day_1,Cold cloudy day,0.45,21,5.25,0.1731,0.0,20.0,area_core_07,6.097090876503078
day_1,Cold cloudy day,0.45,22,5.5,0.3519,0.0,20.0,area_core_07,6.036645439204672
day_1,Cold cloudy day,0.45,23,5.75,0.5357,0.0,20.0,area_core_07,5.974509693256983
day_1,Cold cloudy day,0.45,24,6.0,0.7235,0.0,20.0,area_core_07,5.911021700389863
day_1,Cold cloudy day,0.45,25,6.25,0.9147,0.0,20.0,area_core_07,5.846384297641233
day_1,Cold cloudy day,0.45,26,6.5,1.1084,0.0,20.0,area_core_07,5.78090174056796
day_1,Cold cloudy day,0.45,27,6.75,1.3038,0.0,20.0,area_core_07,5.71484447855393
day_1,Cold cloudy day,0.45,28,7.0,1.5,0.0,20.0,area_core_07,5.648516767156015
day_1,Cold cloudy day,0.45,29,7.25,1.6962,4.5782,20.0,area_core_07,5.570276604678316
day_1,Cold cloudy day,0.45,30,7.5,1.8916,9.1368,20.0,area_core_07,5.492357890676104
day_1,Cold cloudy day,0.45,31,7.75,2.0853,13.6563,20.0,area_core_07,5.415115619598401
day_1,Cold cloudy day,0.45,32,8.0,2.2765,18.1173,20.0,area_core_07,5.3388707195218
day_1,Cold cloudy day,0.45,33,8.25,2.4643,22.5008,20.0,area_core_07,5.26397688389809
day_1,Cold cloudy day,0.45,34,8.5,2.6481,26.7878,20.0,area_core_07,5.190686387660105
day_1,Cold cloudy day,0.45,35,8.75,2.8269,30.9602,20.0,area_core_07,5.119384388637595
day_1,Cold cloudy day,0.45,36,9.0,3.0,35.0,20.0,area_core_07,5.050354365941914
day_1,Cold cloudy day,0.45,37,9.25,3.1667,38.8899,20.0,area_core_07,4.9838779772882775
day_1,Cold cloudy day,0.45,38,9.5,3.3263,42.6133,20.0,area_core_07,4.920235058995778
day_1,Cold cloudy day,0.45,39,9.75,3.478,46.1542,20.0,area_core_07,4.859737692359813
day_1,Cold cloudy day,0.45,40,10.0,3.6213,49.4975,20.0,area_core_07,4.802594198361798
day_1,Cold cloudy day,0.45,41,10.25,3.7555,52.6288,20.0,area_core_07,4.749078688932992
day_1,Cold cloudy day,0.45,42,10.5,3.8801,55.5347,20.0,area_core_07,4.699395061664214
day_1,Cold cloudy day,0.45,43,10.75,3.9944,58.2029,20.0,area_core_07,4.653811964298336
day_1,Cold cloudy day,0.45,44,11.0,4.0981,60.6218,20.0,area_core_07,4.612460998490161
day_1,Cold cloudy day,0.45,45,11.25,4.1906,62.7811,20.0,area_core_07,4.5755718018206375
day_1,Cold cloudy day,0.45,46,11.5,4.2716,64.6716,20.0,area_core_07,4.543269731157842
day_1,Cold cloudy day,0.45,47,11.75,4.3408,66.2851,20.0,area_core_07,4.515677541375379
day_1,Cold cloudy day,0.45,48,12.0,4.3978,67.6148,20.0,area_core_07,4.4929481507275835
day_1,Cold cloudy day,0.45,49,12.25,4.4424,68.655,20.0,area_core_07,4.475164002928904
day_1,Cold cloudy day,0.45,50,12.5,4.4743,69.4011,20.0,area_core_07,4.4624384856728545
day_1,Cold cloudy day,0.45,51,12.75,4.4936,69.8501,20.0,area_core_07,4.4547455987698585
day_1,Cold cloudy day,0.45,52,13.0,4.5,70.0,20.0,area_core_07,4.452191964727813
day_1,Cold cloudy day,0.45,53,13.25,4.4936,69.8501,20.0,area_core_07,4.4547455987698585
day_1,Cold cloudy day,0.45,54,13.5,4.4743,69.4011,20.0,area_core_07,4.4624384856728545
day_1,Cold cloudy day,0.45,55,13.75,4.4424,68.655,20.0,area_core_07,4.475164002928904
day_1,Cold cloudy day,0.45,56,14.0,4.3978,67.6148,20.0,area_core_07,4.4929481507275835
day_1,Cold cloudy day,0.45,57,14.25,4.3408,66.2851,20.0,area_core_07,4.515677541375379
day_1,Cold cloudy day,0.45,58,14.5,4.2716,64.6716,20.0,area_core_07,4.543269731157842
day_1,Cold cloudy day,0.45,59,14.75,4.1906,62.7811,20.0,area_core_07,4.5755718018206375
day_1,Cold cloudy day,0.45,60,15.0,4.0981,60.6218,20.0,area_core_07,4.612460998490161
day_1,Cold cloudy day,0.45,61,15.25,3.9944,58.2029,20.0,area_core_07,4.653811964298336
day_1,Cold cloudy day,0.45,62,15.5,3.8801,55.5347,20.0,area_core_07,4.699395061664214
day_1,Cold cloudy day,0.45,63,15.75,3.7555,52.6288,20.0,area_core_07,4.749078688932992
day_1,Cold cloudy day,0.45,64,16.0,3.6213,49.4975,20.0,area_core_07,4.802594198361798
day_1,Cold cloudy day,0.45,65,16.25,3.478,46.1542,20.0,area_core_07,4.859737692359813
day_1,Cold cloudy day,0.45,66,16.5,3.3263,42.6133,20.0,area_core_07,4.920235058995778
day_1,Cold cloudy day,0.45,67,16.75,3.1667,38.8899,20.0,area_core_07,4.9838779772882775
day_1,Cold cloudy day,0.45,68,17.0,3.0,35.0,20.0,area_core_07,5.050354365941914
day_1,Cold cloudy day,0.45,69,17.25,2.8269,30.9602,20.0,area_core_07,5.119384388637595
day_1,Cold cloudy day,0.45,70,17.5,2.6481,26.7878,20.0,area_core_07,5.190686387660105
day_1,Cold cloudy day,0.45,71,17.75,2.4643,22.5008,20.0,area_core_07,5.26397688389809
day_1,Cold cloudy day,0.45,72,18.0,2.2765,18.1173,20.0,area_core_07,5.3388707195218
day_1,Cold cloudy day,0.45,73,18.25,2.0853,13.6563,20.0,area_core_07,5.415115619598401
day_1,Cold cloudy day,0.45,74,18.5,1.8916,9.1368,20.0,area_core_07,5.492357890676104
day_1,Cold cloudy day,0.45,75,18.75,1.6962,4.5782,20.0,area_core_07,5.570276604678316
day_1,Cold cloudy day,0.45,76,19.0,1.5,0.0,20.0,area_core_07,5.648516767156015
day_1,Cold cloudy day,0.45,77,19.25,1.3038,0.0,20.0,area_core_07,5.71484447855393
day_1,Cold cloudy day,0.45,78,19.5,1.1084,0.0,20.0,area_core_07,5.78090174056796
day_1,Cold cloudy day,0.45,79,19.75,0.9147,0.0,20.0,area_core_07,5.846384297641233
day_1,Cold cloudy day,0.45,80,20.0,0.7235,0.0,20.0,area_core_07,5.911021700389863
day_1,Cold cloudy day,0.45,81,20.25,0.5357,0.0,20.0,area_core_07,5.974509693256983
day_1,Cold cloudy day,0.45,82,20.5,0.3519,0.0,20.0,area_core_07,6.036645439204672
day_1,Cold cloudy day,0.45,83,20.75,0.1731,0.0,20.0,area_core_07,6.097090876503078
day_1,Cold cloudy day,0.45,84,21.0,-0.0,0.0,20.0,area_core_07,6.1556093619413
day_1,Cold cloudy day,0.45,85,21.25,-0.1667,0.0,20.0,area_core_07,6.211964252308437
day_1,Cold cloudy day,0.45,86,21.5,-0.3263,0.0,20.0,area_core_07,6.265918904393592
day_1,Cold cloudy day,0.45,87,21.75,-0.478,0.0,20.0,area_core_07,6.3172028688128785
day_1,Cold cloudy day,0.45,88,22.0,-0.6213,0.0,20.0,area_core_07,6.365647114701366
day_1,Cold cloudy day,0.45,89,22.25,-0.7555,0.0,20.0,area_core_07,6.411014998848156
day_1,Cold cloudy day,0.45,90,22.5,-0.8801,0.0,20.0,area_core_07,6.453137490388319
day_1,Cold cloudy day,0.45,91,22.75,-0.9944,0.0,20.0,area_core_07,6.491777946110958
day_1,Cold cloudy day,0.45,92,23.0,-1.0981,0.0,20.0,area_core_07,6.526834947497114
day_1,Cold cloudy day,0.45,93,23.25,-1.1906,0.0,20.0,area_core_07,6.558105657508873
day_1,Cold cloudy day,0.45,94,23.5,-1.2716,0.0,20.0,area_core_07,6.585488657627279
day_1,Cold cloudy day,0.45,95,23.75,-1.3408,0.0,20.0,area_core_07,6.608882529333374
day_1,Cold cloudy day,0.45,0,0.0,-1.3978,0.0,20.0,area_core_08,3.759335148299388
day_1,Cold cloudy day,0.45,1,0.25,-1.4424,0.0,20.0,area_core_08,3.7663606031993724
day_1,Cold cloudy day,0.45,2,0.5,-1.4743,0.0,20.0,area_core_08,3.771385536188375
day_1,Cold cloudy day,0.45,3,0.75,-1.4936,0.0,20.0,area_core_08,3.774425699407427
day_1,Cold cloudy day,0.45,4,1.0,-1.5,0.0,20.0,area_core_08,3.7754338364334337
day_1,Cold cloudy day,0.45,5,1.25,-1.4936,0.0,20.0,area_core_08,3.774425699407427
day_1,Cold cloudy day,0.45,6,1.5,-1.4743,0.0,20.0,area_core_08,3.771385536188375
day_1,Cold cloudy day,0.45,7,1.75,-1.4424,0.0,20.0,area_core_08,3.7663606031993724
day_1,Cold cloudy day,0.45,8,2.0,-1.3978,0.0,20.0,area_core_08,3.759335148299388
day_1,Cold cloudy day,0.45,9,2.25,-1.3408,0.0,20.0,area_core_08,3.750356427911515
day_1,Cold cloudy day,0.45,10,2.5,-1.2716,0.0,20.0,area_core_08,3.739455946317816
day_1,Cold cloudy day,0.45,11,2.75,-1.1906,0.0,20.0,area_core_08,3.726696712082418
day_1,Cold cloudy day,0.45,12,3.0,-1.0981,0.0,20.0,area_core_08,3.712125981628413
day_1,Cold cloudy day,0.45,13,3.25,-0.9944,0.0,20.0,area_core_08,3.6957910113788968
day_1,Cold cloudy day,0.45,14,3.5,-0.8801,0.0,20.0,area_core_08,3.677786314180057
day_1,Cold cloudy day,0.45,15,3.75,-0.7555,0.0,20.0,area_core_08,3.6581591464549876
day_1,Cold cloudy day,0.45,16,4.0,-0.6213,0.0,20.0,area_core_08,3.6370197731909077
day_1,Cold cloudy day,0.45,17,4.25,-0.478,0.0,20.0,area_core_08,3.614446955092974
day_1,Cold cloudy day,0.45,18,4.5,-0.3263,0.0,20.0,area_core_08,3.5905509571484067
day_1,Cold cloudy day,0.45,19,4.75,-0.1667,0.0,20.0,area_core_08,3.5654105400623624
day_1,Cold cloudy day,0.45,20,5.0,0.0,0.0,20.0,area_core_08,3.539151720963092
day_1,Cold cloudy day,0.45,21,5.25,0.1731,0.0,20.0,area_core_08,3.511884764837814
day_1,Cold cloudy day,0.45,22,5.5,0.3519,0.0,20.0,area_core_08,3.4837199366737495
day_1,Cold cloudy day,0.45,23,5.75,0.5357,0.0,20.0,area_core_08,3.454767501458117
day_1,Cold cloudy day,0.45,24,6.0,0.7235,0.0,20.0,area_core_08,3.42518498060123
day_1,Cold cloudy day,0.45,25,6.25,0.9147,0.0,20.0,area_core_08,3.395066886949277
day_1,Cold cloudy day,0.45,26,6.5,1.1084,0.0,20.0,area_core_08,3.3645549897715403
day_1,Cold cloudy day,0.45,27,6.75,1.3038,0.0,20.0,area_core_08,3.3337753061962707
day_1,Cold cloudy day,0.45,28,7.0,1.5,0.0,20.0,area_core_08,3.3028696054927495
day_1,Cold cloudy day,0.45,29,7.25,1.6962,4.5782,20.0,area_core_08,3.2356279167632214
day_1,Cold cloudy day,0.45,30,7.5,1.8916,9.1368,20.0,area_core_08,3.16866780528717
day_1,Cold cloudy day,0.45,31,7.75,2.0853,13.6563,20.0,area_core_08,3.102285806784995
day_1,Cold cloudy day,0.45,32,8.0,2.2765,18.1173,20.0,area_core_08,3.0367619111619573
day_1,Cold cloudy day,0.45,33,8.25,2.4643,22.5008,20.0,area_core_08,2.972388685767915
day_1,Cold cloudy day,0.45,34,8.5,2.6481,26.7878,20.0,area_core_08,2.9094114415296333
day_1,Cold cloudy day,0.45,35,8.75,2.8269,30.9602,20.0,area_core_08,2.8481313548710254
day_1,Cold cloudy day,0.45,36,9.0,3.0,35.0,20.0,area_core_08,2.7888015521188065
day_1,Cold cloudy day,0.45,37,9.25,3.1667,38.8899,20.0,area_core_08,2.7316696038809294
day_1,Cold cloudy day,0.45,38,9.5,3.3263,42.6133,20.0,area_core_08,2.6769775250465915
day_1,Cold cloudy day,0.45,39,9.75,3.478,46.1542,20.0,area_core_08,2.624978320601371
day_1,Cold cloudy day,0.45,40,10.0,3.6213,49.4975,20.0,area_core_08,2.5758705960407773
day_1,Cold cloudy day,0.45,41,10.25,3.7555,52.6288,20.0,area_core_08,2.5298789054236246
day_1,Cold cloudy day,0.45,42,10.5,3.8801,55.5347,20.0,area_core_08,2.4871883617855817
day_1,Cold cloudy day,0.45,43,10.75,3.9944,58.2029,20.0,area_core_08,2.4480068520291876
day_1,Cold cloudy day,0.45,44,11.0,4.0981,60.6218,20.0,area_core_08,2.4124736987740993
day_1,Cold cloudy day,0.45,45,11.25,4.1906,62.7811,20.0,area_core_08,2.380765163299659
day_1,Cold cloudy day,0.45,46,11.5,4.2716,64.6716,20.0,area_core_08,2.3530015200469245
day_1,Cold cloudy day,0.45,47,11.75,4.3408,66.2851,20.0,area_core_08,2.3292951067158705
day_1,Cold cloudy day,0.45,48,12.0,4.3978,67.6148,20.0,area_core_08,2.309762901709985
day_1,Cold cloudy day,0.45,49,12.25,4.4424,68.655,20.0,area_core_08,2.294481648735505
day_1,Cold cloudy day,0.45,50,12.5,4.4743,69.4011,20.0,area_core_08,2.2835351132245063
day_1,Cold cloudy day,0.45,51,12.75,4.4936,69.8501,20.0,area_core_08,2.2769313532592057
day_1,Cold cloudy day,0.45,52,13.0,4.5,70.0,20.0,area_core_08,2.274733498744863
day_1,Cold cloudy day,0.45,53,13.25,4.4936,69.8501,20.0,area_core_08,2.2769313532592057
day_1,Cold cloudy day,0.45,54,13.5,4.4743,69.4011,20.0,area_core_08,2.2835351132245063
day_1,Cold cloudy day,0.45,55,13.75,4.4424,68.655,20.0,area_core_08,2.294481648735505
day_1,Cold cloudy day,0.45,56,14.0,4.3978,67.6148,20.0,area_core_08,2.309762901709985
day_1,Cold cloudy day,0.45,57,14.25,4.3408,66.2851,20.0,area_core_08,2.3292951067158705
day_1,Cold cloudy day,0.45,58,14.5,4.2716,64.6716,20.0,area_core_08,2.3530015200469245
day_1,Cold cloudy day,0.45,59,14.75,4.1906,62.7811,20.0,area_core_08,2.380765163299659
day_1,Cold cloudy day,0.45,60,15.0,4.0981,60.6218,20.0,area_core_08,2.4124736987740993
day_1,Cold cloudy day,0.45,61,15.25,3.9944,58.2029,20.0,area_core_08,2.4480068520291876
day_1,Cold cloudy day,0.45,62,15.5,3.8801,55.5347,20.0,area_core_08,2.4871883617855817
day_1,Cold cloudy day,0.45,63,15.75,3.7555,52.6288,20.0,area_core_08,2.5298789054236246
day_1,Cold cloudy day,0.45,64,16.0,3.6213,49.4975,20.0,area_core_08,2.5758705960407773
day_1,Cold cloudy day,0.45,65,16.25,3.478,46.1542,20.0,area_core_08,2.624978320601371
day_1,Cold cloudy day,0.45,66,16.5,3.3263,42.6133,20.0,area_core_08,2.6769775250465915
day_1,Cold cloudy day,0.45,67,16.75,3.1667,38.8899,20.0,area_core_08,2.7316696038809294
day_1,Cold cloudy day,0.45,68,17.0,3.0,35.0,20.0,area_core_08,2.7888015521188065
day_1,Cold cloudy day,0.45,69,17.25,2.8269,30.9602,20.0,area_core_08,2.8481313548710254
day_1,Cold cloudy day,0.45,70,17.5,2.6481,26.7878,20.0,area_core_08,2.9094114415296333
day_1,Cold cloudy day,0.45,71,17.75,2.4643,22.5008,20.0,area_core_08,2.972388685767915
day_1,Cold cloudy day,0.45,72,18.0,2.2765,18.1173,20.0,area_core_08,3.0367619111619573
day_1,Cold cloudy day,0.45,73,18.25,2.0853,13.6563,20.0,area_core_08,3.102285806784995
day_1,Cold cloudy day,0.45,74,18.5,1.8916,9.1368,20.0,area_core_08,3.16866780528717
day_1,Cold cloudy day,0.45,75,18.75,1.6962,4.5782,20.0,area_core_08,3.2356279167632214
day_1,Cold cloudy day,0.45,76,19.0,1.5,0.0,20.0,area_core_08,3.3028696054927495
day_1,Cold cloudy day,0.45,77,19.25,1.3038,0.0,20.0,area_core_08,3.3337753061962707
day_1,Cold cloudy day,0.45,78,19.5,1.1084,0.0,20.0,area_core_08,3.3645549897715403
day_1,Cold cloudy day,0.45,79,19.75,0.9147,0.0,20.0,area_core_08,3.395066886949277
day_1,Cold cloudy day,0.45,80,20.0,0.7235,0.0,20.0,area_core_08,3.42518498060123
day_1,Cold cloudy day,0.45,81,20.25,0.5357,0.0,20.0,area_core_08,3.454767501458117
day_1,Cold cloudy day,0.45,82,20.5,0.3519,0.0,20.0,area_core_08,3.4837199366737495
day_1,Cold cloudy day,0.45,83,20.75,0.1731,0.0,20.0,area_core_08,3.511884764837814
day_1,Cold cloudy day,0.45,84,21.0,-0.0,0.0,20.0,area_core_08,3.539151720963092
day_1,Cold cloudy day,0.45,85,21.25,-0.1667,0.0,20.0,area_core_08,3.5654105400623624
day_1,Cold cloudy day,0.45,86,21.5,-0.3263,0.0,20.0,area_core_08,3.5905509571484067
day_1,Cold cloudy day,0.45,87,21.75,-0.478,0.0,20.0,area_core_08,3.614446955092974
day_1,Cold cloudy day,0.45,88,22.0,-0.6213,0.0,20.0,area_core_08,3.6370197731909077
day_1,Cold cloudy day,0.45,89,22.25,-0.7555,0.0,20.0,area_core_08,3.6581591464549876
day_1,Cold cloudy day,0.45,90,22.5,-0.8801,0.0,20.0,area_core_08,3.677786314180057
day_1,Cold cloudy day,0.45,91,22.75,-0.9944,0.0,20.0,area_core_08,3.6957910113788968
day_1,Cold cloudy day,0.45,92,23.0,-1.0981,0.0,20.0,area_core_08,3.712125981628413
day_1,Cold cloudy day,0.45,93,23.25,-1.1906,0.0,20.0,area_core_08,3.726696712082418
day_1,Cold cloudy day,0.45,94,23.5,-1.2716,0.0,20.0,area_core_08,3.739455946317816
day_1,Cold cloudy day,0.45,95,23.75,-1.3408,0.0,20.0,area_core_08,3.750356427911515
day_1,Cold cloudy day,0.45,0,0.0,-1.3978,0.0,20.0,area_old_01,4.10328367194007
day_1,Cold cloudy day,0.45,1,0.25,-1.4424,0.0,20.0,area_old_01,4.105868429499249
day_1,Cold cloudy day,0.45,2,0.5,-1.4743,0.0,20.0,area_old_01,4.10771716865032
day_1,Cold cloudy day,0.45,3,0.75,-1.4936,0.0,20.0,area_old_01,4.108835684813822
day_1,Cold cloudy day,0.45,4,1.0,-1.5,0.0,20.0,area_old_01,4.109206591728143
day_1,Cold cloudy day,0.45,5,1.25,-1.4936,0.0,20.0,area_old_01,4.108835684813822
day_1,Cold cloudy day,0.45,6,1.5,-1.4743,0.0,20.0,area_old_01,4.10771716865032
day_1,Cold cloudy day,0.45,7,1.75,-1.4424,0.0,20.0,area_old_01,4.105868429499249
day_1,Cold cloudy day,0.45,8,2.0,-1.3978,0.0,20.0,area_old_01,4.10328367194007
day_1,Cold cloudy day,0.45,9,2.25,-1.3408,0.0,20.0,area_old_01,4.099980282234394
day_1,Cold cloudy day,0.45,10,2.5,-1.2716,0.0,20.0,area_old_01,4.095969851223291
day_1,Cold cloudy day,0.45,11,2.75,-1.1906,0.0,20.0,area_old_01,4.091275560588908
day_1,Cold cloudy day,0.45,12,3.0,-1.0981,0.0,20.0,area_old_01,4.085914796592855
day_1,Cold cloudy day,0.45,13,3.25,-0.9944,0.0,20.0,area_old_01,4.079904945496737
day_1,Cold cloudy day,0.45,14,3.5,-0.8801,0.0,20.0,area_old_01,4.073280779823775
day_1,Cold cloudy day,0.45,15,3.75,-0.7555,0.0,20.0,area_old_01,4.066059685835576
day_1,Cold cloudy day,0.45,16,4.0,-0.6213,0.0,20.0,area_old_01,4.0582822314758955
day_1,Cold cloudy day,0.45,17,4.25,-0.478,0.0,20.0,area_old_01,4.0499773938474135
day_1,Cold cloudy day,0.45,18,4.5,-0.3263,0.0,20.0,area_old_01,4.0411857408938845
day_1,Cold cloudy day,0.45,19,4.75,-0.1667,0.0,20.0,area_old_01,4.031936249717989
day_1,Cold cloudy day,0.45,20,5.0,0.0,0.0,20.0,area_old_01,4.022275283684019
day_1,Cold cloudy day,0.45,21,5.25,0.1731,0.0,20.0,area_old_01,4.012243410735728
day_1,Cold cloudy day,0.45,22,5.5,0.3519,0.0,20.0,area_old_01,4.001881198816868
day_1,Cold cloudy day,0.45,23,5.75,0.5357,0.0,20.0,area_old_01,3.991229215871195
day_1,Cold cloudy day,0.45,24,6.0,0.7235,0.0,20.0,area_old_01,3.98034541610407
day_1,Cold cloudy day,0.45,25,6.25,0.9147,0.0,20.0,area_old_01,3.969264572038713
day_1,Cold cloudy day,0.45,26,6.5,1.1084,0.0,20.0,area_old_01,3.958038842459948
day_1,Cold cloudy day,0.45,27,6.75,1.3038,0.0,20.0,area_old_01,3.9467145907320673
day_1,Cold cloudy day,0.45,28,7.0,1.5,0.0,20.0,area_old_01,3.9353439756398956
day_1,Cold cloudy day,0.45,29,7.25,1.6962,4.5782,20.0,area_old_01,3.896190740410127
day_1,Cold cloudy day,0.45,30,7.5,1.8916,9.1368,20.0,area_old_01,3.857202810345945
day_1,Cold cloudy day,0.45,31,7.75,2.0853,13.6563,20.0,area_old_01,3.8185506791875485
day_1,Cold cloudy day,0.45,32,8.0,2.2765,18.1173,20.0,area_old_01,3.780398438408674
day_1,Cold cloudy day,0.45,33,8.25,2.4643,22.5008,20.0,area_old_01,3.7429135475198954
day_1,Cold cloudy day,0.45,34,8.5,2.6481,26.7878,20.0,area_old_01,3.7062460797701773
day_1,Cold cloudy day,0.45,35,8.75,2.8269,30.9602,20.0,area_old_01,3.6705638284773032
day_1,Cold cloudy day,0.45,36,9.0,3.0,35.0,20.0,area_old_01,3.6360165938515254
day_1,Cold cloudy day,0.45,37,9.25,3.1667,38.8899,20.0,area_old_01,3.6027499281816198
day_1,Cold cloudy day,0.45,38,9.5,3.3263,42.6133,20.0,area_old_01,3.570905135834887
day_1,Cold cloudy day,0.45,39,9.75,3.478,46.1542,20.0,area_old_01,3.5406256755236147
day_1,Cold cloudy day,0.45,40,10.0,3.6213,49.4975,20.0,area_old_01,3.512032158085157
day_1,Cold cloudy day,0.45,41,10.25,3.7555,52.6288,20.0,area_old_01,3.485252537276466
day_1,Cold cloudy day,0.45,42,10.5,3.8801,55.5347,20.0,area_old_01,3.4603971075541704
day_1,Cold cloudy day,0.45,43,10.75,3.9944,58.2029,20.0,area_old_01,3.437581078910797
day_1,Cold cloudy day,0.45,44,11.0,4.0981,60.6218,20.0,area_old_01,3.416892231735252
day_1,Cold cloudy day,0.45,45,11.25,4.1906,62.7811,20.0,area_old_01,3.398427843681028
day_1,Cold cloudy day,0.45,46,11.5,4.2716,64.6716,20.0,area_old_01,3.3822611308348307
day_1,Cold cloudy day,0.45,47,11.75,4.3408,66.2851,20.0,area_old_01,3.368459240824119
day_1,Cold cloudy day,0.45,48,12.0,4.3978,67.6148,20.0,area_old_01,3.3570866208539356
day_1,Cold cloudy day,0.45,49,12.25,4.4424,68.655,20.0,area_old_01,3.348189451983078
day_1,Cold cloudy day,0.45,50,12.5,4.4743,69.4011,20.0,area_old_01,3.3418130353857043
day_1,Cold cloudy day,0.45,51,12.75,4.4936,69.8501,20.0,area_old_01,3.337969781019027
day_1,Cold cloudy day,0.45,52,13.0,4.5,70.0,20.0,area_old_01,3.336689212063155
day_1,Cold cloudy day,0.45,53,13.25,4.4936,69.8501,20.0,area_old_01,3.337969781019027
day_1,Cold cloudy day,0.45,54,13.5,4.4743,69.4011,20.0,area_old_01,3.3418130353857043
day_1,Cold cloudy day,0.45,55,13.75,4.4424,68.655,20.0,area_old_01,3.348189451983078
day_1,Cold cloudy day,0.45,56,14.0,4.3978,67.6148,20.0,area_old_01,3.3570866208539356
day_1,Cold cloudy day,0.45,57,14.25,4.3408,66.2851,20.0,area_old_01,3.368459240824119
day_1,Cold cloudy day,0.45,58,14.5,4.2716,64.6716,20.0,area_old_01,3.3822611308348307
day_1,Cold cloudy day,0.45,59,14.75,4.1906,62.7811,20.0,area_old_01,3.398427843681028
day_1,Cold cloudy day,0.45,60,15.0,4.0981,60.6218,20.0,area_old_01,3.416892231735252
day_1,Cold cloudy day,0.45,61,15.25,3.9944,58.2029,20.0,area_old_01,3.437581078910797
day_1,Cold cloudy day,0.45,62,15.5,3.8801,55.5347,20.0,area_old_01,3.4603971075541704
day_1,Cold cloudy day,0.45,63,15.75,3.7555,52.6288,20.0,area_old_01,3.485252537276466
day_1,Cold cloudy day,0.45,64,16.0,3.6213,49.4975,20.0,area_old_01,3.512032158085157
day_1,Cold cloudy day,0.45,65,16.25,3.478,46.1542,20.0,area_old_01,3.5406256755236147
day_1,Cold cloudy day,0.45,66,16.5,3.3263,42.6133,20.0,area_old_01,3.570905135834887
day_1,Cold cloudy day,0.45,67,16.75,3.1667,38.8899,20.0,area_old_01,3.6027499281816198
day_1,Cold cloudy day,0.45,68,17.0,3.0,35.0,20.0,area_old_01,3.6360165938515254
day_1,Cold cloudy day,0.45,69,17.25,2.8269,30.9602,20.0,area_old_01,3.6705638284773032
day_1,Cold cloudy day,0.45,70,17.5,2.6481,26.7878,20.0,area_old_01,3.7062460797701773
day_1,Cold cloudy day,0.45,71,17.75,2.4643,22.5008,20.0,area_old_01,3.7429135475198954
day_1,Cold cloudy day,0.45,72,18.0,2.2765,18.1173,20.0,area_old_01,3.780398438408674
day_1,Cold cloudy day,0.45,73,18.25,2.0853,13.6563,20.0,area_old_01,3.8185506791875485
day_1,Cold cloudy day,0.45,74,18.5,1.8916,9.1368,20.0,area_old_01,3.857202810345945
day_1,Cold cloudy day,0.45,75,18.75,1.6962,4.5782,20.0,area_old_01,3.896190740410127
day_1,Cold cloudy day,0.45,76,19.0,1.5,0.0,20.0,area_old_01,3.9353439756398956
day_1,Cold cloudy day,0.45,77,19.25,1.3038,0.0,20.0,area_old_01,3.9467145907320673
day_1,Cold cloudy day,0.45,78,19.5,1.1084,0.0,20.0,area_old_01,3.958038842459948
day_1,Cold cloudy day,0.45,79,19.75,0.9147,0.0,20.0,area_old_01,3.969264572038713
day_1,Cold cloudy day,0.45,80,20.0,0.7235,0.0,20.0,area_old_01,3.98034541610407
day_1,Cold cloudy day,0.45,81,20.25,0.5357,0.0,20.0,area_old_01,3.991229215871195
day_1,Cold cloudy day,0.45,82,20.5,0.3519,0.0,20.0,area_old_01,4.001881198816868
day_1,Cold cloudy day,0.45,83,20.75,0.1731,0.0,20.0,area_old_01,4.012243410735728
day_1,Cold cloudy day,0.45,84,21.0,-0.0,0.0,20.0,area_old_01,4.022275283684019
day_1,Cold cloudy day,0.45,85,21.25,-0.1667,0.0,20.0,area_old_01,4.031936249717989
day_1,Cold cloudy day,0.45,86,21.5,-0.3263,0.0,20.0,area_old_01,4.0411857408938845
day_1,Cold cloudy day,0.45,87,21.75,-0.478,0.0,20.0,area_old_01,4.0499773938474135
day_1,Cold cloudy day,0.45,88,22.0,-0.6213,0.0,20.0,area_old_01,4.0582822314758955
day_1,Cold cloudy day,0.45,89,22.25,-0.7555,0.0,20.0,area_old_01,4.066059685835576
day_1,Cold cloudy day,0.45,90,22.5,-0.8801,0.0,20.0,area_old_01,4.073280779823775
day_1,Cold cloudy day,0.45,91,22.75,-0.9944,0.0,20.0,area_old_01,4.079904945496737
day_1,Cold cloudy day,0.45,92,23.0,-1.0981,0.0,20.0,area_old_01,4.085914796592855
day_1,Cold cloudy day,0.45,93,23.25,-1.1906,0.0,20.0,area_old_01,4.091275560588908
day_1,Cold cloudy day,0.45,94,23.5,-1.2716,0.0,20.0,area_old_01,4.095969851223291
day_1,Cold cloudy day,0.45,95,23.75,-1.3408,0.0,20.0,area_old_01,4.099980282234394
day_1,Cold cloudy day,0.45,0,0.0,-1.3978,0.0,20.0,area_old_02,7.000723300458411
day_1,Cold cloudy day,0.45,1,0.25,-1.4424,0.0,20.0,area_old_02,7.012545457159698
day_1,Cold cloudy day,0.45,2,0.5,-1.4743,0.0,20.0,area_old_02,7.021001214979677
day_1,Cold cloudy day,0.45,3,0.75,-1.4936,0.0,20.0,area_old_02,7.026117080996155
day_1,Cold cloudy day,0.45,4,1.0,-1.5,0.0,20.0,area_old_02,7.02781353397571
day_1,Cold cloudy day,0.45,5,1.25,-1.4936,0.0,20.0,area_old_02,7.026117080996155
day_1,Cold cloudy day,0.45,6,1.5,-1.4743,0.0,20.0,area_old_02,7.021001214979677
day_1,Cold cloudy day,0.45,7,1.75,-1.4424,0.0,20.0,area_old_02,7.012545457159698
day_1,Cold cloudy day,0.45,8,2.0,-1.3978,0.0,20.0,area_old_02,7.000723300458411
day_1,Cold cloudy day,0.45,9,2.25,-1.3408,0.0,20.0,area_old_02,6.985614266109232
day_1,Cold cloudy day,0.45,10,2.5,-1.2716,0.0,20.0,area_old_02,6.967271368267772
day_1,Cold cloudy day,0.45,11,2.75,-1.1906,0.0,20.0,area_old_02,6.945800635245254
day_1,Cold cloudy day,0.45,12,3.0,-1.0981,0.0,20.0,area_old_02,6.921281588275095
day_1,Cold cloudy day,0.45,13,3.25,-0.9944,0.0,20.0,area_old_02,6.893793748590712
day_1,Cold cloudy day,0.45,14,3.5,-0.8801,0.0,20.0,area_old_02,6.863496158658936
day_1,Cold cloudy day,0.45,15,3.75,-0.7555,0.0,20.0,area_old_02,6.830468339713187
day_1,Cold cloudy day,0.45,16,4.0,-0.6213,0.0,20.0,area_old_02,6.794895841298102
day_1,Cold cloudy day,0.45,17,4.25,-0.478,0.0,20.0,area_old_02,6.75691119880271
day_1,Cold cloudy day,0.45,18,4.5,-0.3263,0.0,20.0,area_old_02,6.716699961771647
day_1,Cold cloudy day,0.45,19,4.75,-0.1667,0.0,20.0,area_old_02,6.674394665593946
day_1,Cold cloudy day,0.45,20,5.0,0.0,0.0,20.0,area_old_02,6.63020736689205
day_1,Cold cloudy day,0.45,21,5.25,0.1731,0.0,20.0,area_old_02,6.584323615210595
day_1,Cold cloudy day,0.45,22,5.5,0.3519,0.0,20.0,area_old_02,6.536928960094222
day_1,Cold cloudy day,0.45,23,5.75,0.5357,0.0,20.0,area_old_02,6.488208951087572
day_1,Cold cloudy day,0.45,24,6.0,0.7235,0.0,20.0,area_old_02,6.4384286589686965
day_1,Cold cloudy day,0.45,25,6.25,0.9147,0.0,20.0,area_old_02,6.387747126204433
day_1,Cold cloudy day,0.45,26,6.5,1.1084,0.0,20.0,area_old_02,6.336402916495029
day_1,Cold cloudy day,0.45,27,6.75,1.3038,0.0,20.0,area_old_02,6.2846080864629315
day_1,Cold cloudy day,0.45,28,7.0,1.5,0.0,20.0,area_old_02,6.2326011998083874
day_1,Cold cloudy day,0.45,29,7.25,1.6962,4.5782,20.0,area_old_02,6.150086201279594
day_1,Cold cloudy day,0.45,30,7.5,1.8916,9.1368,20.0,area_old_02,6.067913869436749
day_1,Cold cloudy day,0.45,31,7.75,2.0853,13.6563,20.0,area_old_02,5.9864527116657325
day_1,Cold cloudy day,0.45,32,8.0,2.2765,18.1173,20.0,area_old_02,5.906044061896742
day_1,Cold cloudy day,0.45,33,8.25,2.4643,22.5008,20.0,area_old_02,5.827053095626283
day_1,Cold cloudy day,0.45,34,8.5,2.6481,26.7878,20.0,area_old_02,5.749765467117445
day_1,Cold cloudy day,0.45,35,8.75,2.8269,30.9602,20.0,area_old_02,5.67456686154366
day_1,Cold cloudy day,0.45,36,9.0,3.0,35.0,20.0,area_old_02,5.601762776467073
day_1,Cold cloudy day,0.45,37,9.25,3.1667,38.8899,20.0,area_old_02,5.5316540448047
day_1,Cold cloudy day,0.45,38,9.5,3.3263,42.6133,20.0,area_old_02,5.464536834828435
day_1,Cold cloudy day,0.45,39,9.75,3.478,46.1542,20.0,area_old_02,5.400729823620724
day_1,Cold cloudy day,0.45,40,10.0,3.6213,49.4975,20.0,area_old_02,5.340466169629725
day_1,Cold cloudy day,0.45,41,10.25,3.7555,52.6288,20.0,area_old_02,5.284027380814081
day_1,Cold cloudy day,0.45,42,10.5,3.8801,55.5347,20.0,area_old_02,5.231635287198071
day_1,Cold cloudy day,0.45,43,10.75,3.9944,58.2029,20.0,area_old_02,5.183557402804963
day_1,Cold cloudy day,0.45,44,11.0,4.0981,60.6218,20.0,area_old_02,5.139950548701675
day_1,Cold cloudy day,0.45,45,11.25,4.1906,62.7811,20.0,area_old_02,5.1010424042761695
day_1,Cold cloudy day,0.45,46,11.5,4.2716,64.6716,20.0,area_old_02,5.066973797526362
day_1,Cold cloudy day,0.45,47,11.75,4.3408,66.2851,20.0,area_old_02,5.037878892671426
day_1,Cold cloudy day,0.45,48,12.0,4.3978,67.6148,20.0,area_old_02,5.0139090317180806
day_1,Cold cloudy day,0.45,49,12.25,4.4424,68.655,20.0,area_old_02,4.995155212360816
day_1,Cold cloudy day,0.45,50,12.5,4.4743,69.4011,20.0,area_old_02,4.981727609215298
day_1,Cold cloudy day,0.45,51,12.75,4.4936,69.8501,20.0,area_old_02,4.973619706539973
day_1,Cold cloudy day,0.45,52,13.0,4.5,70.0,20.0,area_old_02,4.970924353125758
day_1,Cold cloudy day,0.45,53,13.25,4.4936,69.8501,20.0,area_old_02,4.973619706539973
day_1,Cold cloudy day,0.45,54,13.5,4.4743,69.4011,20.0,area_old_02,4.981727609215298
day_1,Cold cloudy day,0.45,55,13.75,4.4424,68.655,20.0,area_old_02,4.995155212360816
day_1,Cold cloudy day,0.45,56,14.0,4.3978,67.6148,20.0,area_old_02,5.0139090317180806
day_1,Cold cloudy day,0.45,57,14.25,4.3408,66.2851,20.0,area_old_02,5.037878892671426
day_1,Cold cloudy day,0.45,58,14.5,4.2716,64.6716,20.0,area_old_02,5.066973797526362
day_1,Cold cloudy day,0.45,59,14.75,4.1906,62.7811,20.0,area_old_02,5.1010424042761695
day_1,Cold cloudy day,0.45,60,15.0,4.0981,60.6218,20.0,area_old_02,5.139950548701675
day_1,Cold cloudy day,0.45,61,15.25,3.9944,58.2029,20.0,area_old_02,5.183557402804963
day_1,Cold cloudy day,0.45,62,15.5,3.8801,55.5347,20.0,area_old_02,5.231635287198071
day_1,Cold cloudy day,0.45,63,15.75,3.7555,52.6288,20.0,area_old_02,5.284027380814081
day_1,Cold cloudy day,0.45,64,16.0,3.6213,49.4975,20.0,area_old_02,5.340466169629725
day_1,Cold cloudy day,0.45,65,16.25,3.478,46.1542,20.0,area_old_02,5.400729823620724
day_1,Cold cloudy day,0.45,66,16.5,3.3263,42.6133,20.0,area_old_02,5.464536834828435
day_1,Cold cloudy day,0.45,67,16.75,3.1667,38.8899,20.0,area_old_02,5.5316540448047
day_1,Cold cloudy day,0.45,68,17.0,3.0,35.0,20.0,area_old_02,5.601762776467073
day_1,Cold cloudy day,0.45,69,17.25,2.8269,30.9602,20.0,area_old_02,5.67456686154366
day_1,Cold cloudy day,0.45,70,17.5,2.6481,26.7878,20.0,area_old_02,5.749765467117445
day_1,Cold cloudy day,0.45,71,17.75,2.4643,22.5008,20.0,area_old_02,5.827053095626283
day_1,Cold cloudy day,0.45,72,18.0,2.2765,18.1173,20.0,area_old_02,5.906044061896742
day_1,Cold cloudy day,0.45,73,18.25,2.0853,13.6563,20.0,area_old_02,5.9864527116657325
day_1,Cold cloudy day,0.45,74,18.5,1.8916,9.1368,20.0,area_old_02,6.067913869436749
day_1,Cold cloudy day,0.45,75,18.75,1.6962,4.5782,20.0,area_old_02,6.150086201279594
day_1,Cold cloudy day,0.45,76,19.0,1.5,0.0,20.0,area_old_02,6.2326011998083874
day_1,Cold cloudy day,0.45,77,19.25,1.3038,0.0,20.0,area_old_02,6.2846080864629315
day_1,Cold cloudy day,0.45,78,19.5,1.1084,0.0,20.0,area_old_02,6.336402916495029
day_1,Cold cloudy day,0.45,79,19.75,0.9147,0.0,20.0,area_old_02,6.387747126204433
day_1,Cold cloudy day,0.45,80,20.0,0.7235,0.0,20.0,area_old_02,6.4384286589686965
day_1,Cold cloudy day,0.45,81,20.25,0.5357,0.0,20.0,area_old_02,6.488208951087572
day_1,Cold cloudy day,0.45,82,20.5,0.3519,0.0,20.0,area_old_02,6.536928960094222
day_1,Cold cloudy day,0.45,83,20.75,0.1731,0.0,20.0,area_old_02,6.584323615210595
day_1,Cold cloudy day,0.45,84,21.0,-0.0,0.0,20.0,area_old_02,6.63020736689205
day_1,Cold cloudy day,0.45,85,21.25,-0.1667,0.0,20.0,area_old_02,6.674394665593946
day_1,Cold cloudy day,0.45,86,21.5,-0.3263,0.0,20.0,area_old_02,6.716699961771647
day_1,Cold cloudy day,0.45,87,21.75,-0.478,0.0,20.0,area_old_02,6.75691119880271
day_1,Cold cloudy day,0.45,88,22.0,-0.6213,0.0,20.0,area_old_02,6.794895841298102
day_1,Cold cloudy day,0.45,89,22.25,-0.7555,0.0,20.0,area_old_02,6.830468339713187
day_1,Cold cloudy day,0.45,90,22.5,-0.8801,0.0,20.0,area_old_02,6.863496158658936
day_1,Cold cloudy day,0.45,91,22.75,-0.9944,0.0,20.0,area_old_02,6.893793748590712
day_1,Cold cloudy day,0.45,92,23.0,-1.0981,0.0,20.0,area_old_02,6.921281588275095
day_1,Cold cloudy day,0.45,93,23.25,-1.1906,0.0,20.0,area_old_02,6.945800635245254
day_1,Cold cloudy day,0.45,94,23.5,-1.2716,0.0,20.0,area_old_02,6.967271368267772
day_1,Cold cloudy day,0.45,95,23.75,-1.3408,0.0,20.0,area_old_02,6.985614266109232
day_1,Cold cloudy day,0.45,0,0.0,-1.3978,0.0,20.0,area_old_03,0.9194915611340084
day_1,Cold cloudy day,0.45,1,0.25,-1.4424,0.0,20.0,area_old_03,0.9246958383743769
day_1,Cold cloudy day,0.45,2,0.5,-1.4743,0.0,20.0,area_old_03,0.9284181801673763
day_1,Cold cloudy day,0.45,3,0.75,-1.4936,0.0,20.0,area_old_03,0.930670255296056
day_1,Cold cloudy day,0.45,4,1.0,-1.5,0.0,20.0,area_old_03,0.9314170574112657
day_1,Cold cloudy day,0.45,5,1.25,-1.4936,0.0,20.0,area_old_03,0.930670255296056
day_1,Cold cloudy day,0.45,6,1.5,-1.4743,0.0,20.0,area_old_03,0.9284181801673763
day_1,Cold cloudy day,0.45,7,1.75,-1.4424,0.0,20.0,area_old_03,0.9246958383743769
day_1,Cold cloudy day,0.45,8,2.0,-1.3978,0.0,20.0,area_old_03,0.9194915611340084
day_1,Cold cloudy day,0.45,9,2.25,-1.3408,0.0,20.0,area_old_03,0.9128403547954207
day_1,Cold cloudy day,0.45,10,2.5,-1.2716,0.0,20.0,area_old_03,0.9047655569247137
day_1,Cold cloudy day,0.45,11,2.75,-1.1906,0.0,20.0,area_old_03,0.8953138426540885
day_1,Cold cloudy day,0.45,12,3.0,-1.0981,0.0,20.0,area_old_03,0.8845202183326957
day_1,Cold cloudy day,0.45,13,3.25,-0.9944,0.0,20.0,area_old_03,0.8724196903096861
day_1,Cold cloudy day,0.45,14,3.5,-0.8801,0.0,20.0,area_old_03,0.8590822712833597
day_1,Cold cloudy day,0.45,15,3.75,-0.7555,0.0,20.0,area_old_03,0.8445429676028677
day_1,Cold cloudy day,0.45,16,4.0,-0.6213,0.0,20.0,area_old_03,0.828883460749561
day_1,Cold cloudy day,0.45,17,4.25,-0.478,0.0,20.0,area_old_03,0.81216209463869
day_1,Cold cloudy day,0.45,18,4.5,-0.3263,0.0,20.0,area_old_03,0.7944605507516056
day_1,Cold cloudy day,0.45,19,4.75,-0.1667,0.0,20.0,area_old_03,0.7758371730035596
day_1,Cold cloudy day,0.45,20,5.0,0.0,0.0,20.0,area_old_03,0.7563853116589523
day_1,Cold cloudy day,0.45,21,5.25,0.1731,0.0,20.0,area_old_03,0.7361866481991353
day_1,Cold cloudy day,0.45,22,5.5,0.3519,0.0,20.0,area_old_03,0.7153228641054596
day_1,Cold cloudy day,0.45,23,5.75,0.5357,0.0,20.0,area_old_03,0.6938756408592766
day_1,Cold cloudy day,0.45,24,6.0,0.7235,0.0,20.0,area_old_03,0.6719616662910863
day_1,Cold cloudy day,0.45,25,6.25,0.9147,0.0,20.0,area_old_03,0.6496509530991919
day_1,Cold cloudy day,0.45,26,6.5,1.1084,0.0,20.0,area_old_03,0.627048520331043
day_1,Cold cloudy day,0.45,27,6.75,1.3038,0.0,20.0,area_old_03,0.6042477182510417
day_1,Cold cloudy day,0.45,28,7.0,1.5,0.0,20.0,area_old_03,0.5813535659066389
day_1,Cold cloudy day,0.45,29,7.25,1.6962,4.5782,20.0,area_old_03,0.5306676010773614
day_1,Cold cloudy day,0.45,30,7.5,1.8916,9.1368,20.0,area_old_03,0.4801939676676783
day_1,Cold cloudy day,0.45,31,7.75,2.0853,13.6563,20.0,area_old_03,0.4301560588335227
day_1,Cold cloudy day,0.45,32,8.0,2.2765,18.1173,20.0,area_old_03,0.3807649919010694
day_1,Cold cloudy day,0.45,33,8.25,2.4643,22.5008,20.0,area_old_03,0.33224112479269996
day_1,Cold cloudy day,0.45,34,8.5,2.6481,26.7878,20.0,area_old_03,0.28476980908164884
day_1,Cold cloudy day,0.45,35,8.75,2.8269,30.9602,20.0,area_old_03,0.23857760805295647
day_1,Cold cloudy day,0.45,36,9.0,3.0,35.0,20.0,area_old_03,0.19385547159580496
day_1,Cold cloudy day,0.45,37,9.25,3.1667,38.8899,20.0,area_old_03,0.15079010027240414
day_1,Cold cloudy day,0.45,38,9.5,3.3263,42.6133,20.0,area_old_03,0.1095639453179924
day_1,Cold cloudy day,0.45,39,9.75,3.478,46.1542,20.0,area_old_03,0.07036748447059771
day_1,Cold cloudy day,0.45,40,10.0,3.6213,49.4975,20.0,area_old_03,0.033350725698706674
day_1,Cold cloudy day,0.45,41,10.25,3.7555,52.6288,20.0,area_old_03,0.0
day_1,Cold cloudy day,0.45,42,10.5,3.8801,55.5347,20.0,area_old_03,0.0
day_1,Cold cloudy day,0.45,43,10.75,3.9944,58.2029,20.0,area_old_03,0.0
day_1,Cold cloudy day,0.45,44,11.0,4.0981,60.6218,20.0,area_old_03,0.0
day_1,Cold cloudy day,0.45,45,11.25,4.1906,62.7811,20.0,area_old_03,0.0
day_1,Cold cloudy day,0.45,46,11.5,4.2716,64.6716,20.0,area_old_03,0.0
day_1,Cold cloudy day,0.45,47,11.75,4.3408,66.2851,20.0,area_old_03,0.0
day_1,Cold cloudy day,0.45,48,12.0,4.3978,67.6148,20.0,area_old_03,0.0
day_1,Cold cloudy day,0.45,49,12.25,4.4424,68.655,20.0,area_old_03,0.0
day_1,Cold cloudy day,0.45,50,12.5,4.4743,69.4011,20.0,area_old_03,0.0
day_1,Cold cloudy day,0.45,51,12.75,4.4936,69.8501,20.0,area_old_03,0.0
day_1,Cold cloudy day,0.45,52,13.0,4.5,70.0,20.0,area_old_03,0.0
day_1,Cold cloudy day,0.45,53,13.25,4.4936,69.8501,20.0,area_old_03,0.0
day_1,Cold cloudy day,0.45,54,13.5,4.4743,69.4011,20.0,area_old_03,0.0
day_1,Cold cloudy day,0.45,55,13.75,4.4424,68.655,20.0,area_old_03,0.0
day_1,Cold cloudy day,0.45,56,14.0,4.3978,67.6148,20.0,area_old_03,0.0
day_1,Cold cloudy day,0.45,57,14.25,4.3408,66.2851,20.0,area_old_03,0.0
day_1,Cold cloudy day,0.45,58,14.5,4.2716,64.6716,20.0,area_old_03,0.0
day_1,Cold cloudy day,0.45,59,14.75,4.1906,62.7811,20.0,area_old_03,0.0
day_1,Cold cloudy day,0.45,60,15.0,4.0981,60.6218,20.0,area_old_03,0.0
day_1,Cold cloudy day,0.45,61,15.25,3.9944,58.2029,20.0,area_old_03,0.0
day_1,Cold cloudy day,0.45,62,15.5,3.8801,55.5347,20.0,area_old_03,0.0
day_1,Cold cloudy day,0.45,63,15.75,3.7555,52.6288,20.0,area_old_03,0.0
day_1,Cold cloudy day,0.45,64,16.0,3.6213,49.4975,20.0,area_old_03,0.033350725698706674
day_1,Cold cloudy day,0.45,65,16.25,3.478,46.1542,20.0,area_old_03,0.07036748447059771
day_1,Cold cloudy day,0.45,66,16.5,3.3263,42.6133,20.0,area_old_03,0.1095639453179924
day_1,Cold cloudy day,0.45,67,16.75,3.1667,38.8899,20.0,area_old_03,0.15079010027240414
day_1,Cold cloudy day,0.45,68,17.0,3.0,35.0,20.0,area_old_03,0.19385547159580496
day_1,Cold cloudy day,0.45,69,17.25,2.8269,30.9602,20.0,area_old_03,0.23857760805295647
day_1,Cold cloudy day,0.45,70,17.5,2.6481,26.7878,20.0,area_old_03,0.28476980908164884
day_1,Cold cloudy day,0.45,71,17.75,2.4643,22.5008,20.0,area_old_03,0.33224112479269996
day_1,Cold cloudy day,0.45,72,18.0,2.2765,18.1173,20.0,area_old_03,0.3807649919010694
day_1,Cold cloudy day,0.45,73,18.25,2.0853,13.6563,20.0,area_old_03,0.4301560588335227
day_1,Cold cloudy day,0.45,74,18.5,1.8916,9.1368,20.0,area_old_03,0.4801939676676783
day_1,Cold cloudy day,0.45,75,18.75,1.6962,4.5782,20.0,area_old_03,0.5306676010773614
day_1,Cold cloudy day,0.45,76,19.0,1.5,0.0,20.0,area_old_03,0.5813535659066389
day_1,Cold cloudy day,0.45,77,19.25,1.3038,0.0,20.0,area_old_03,0.6042477182510417
day_1,Cold cloudy day,0.45,78,19.5,1.1084,0.0,20.0,area_old_03,0.627048520331043
day_1,Cold cloudy day,0.45,79,19.75,0.9147,0.0,20.0,area_old_03,0.6496509530991919
day_1,Cold cloudy day,0.45,80,20.0,0.7235,0.0,20.0,area_old_03,0.6719616662910863
day_1,Cold cloudy day,0.45,81,20.25,0.5357,0.0,20.0,area_old_03,0.6938756408592766
day_1,Cold cloudy day,0.45,82,20.5,0.3519,0.0,20.0,area_old_03,0.7153228641054596
day_1,Cold cloudy day,0.45,83,20.75,0.1731,0.0,20.0,area_old_03,0.7361866481991353
day_1,Cold cloudy day,0.45,84,21.0,-0.0,0.0,20.0,area_old_03,0.7563853116589523
day_1,Cold cloudy day,0.45,85,21.25,-0.1667,0.0,20.0,area_old_03,0.7758371730035596
day_1,Cold cloudy day,0.45,86,21.5,-0.3263,0.0,20.0,area_old_03,0.7944605507516056
day_1,Cold cloudy day,0.45,87,21.75,-0.478,0.0,20.0,area_old_03,0.81216209463869
day_1,Cold cloudy day,0.45,88,22.0,-0.6213,0.0,20.0,area_old_03,0.828883460749561
day_1,Cold cloudy day,0.45,89,22.25,-0.7555,0.0,20.0,area_old_03,0.8445429676028677
day_1,Cold cloudy day,0.45,90,22.5,-0.8801,0.0,20.0,area_old_03,0.8590822712833597
day_1,Cold cloudy day,0.45,91,22.75,-0.9944,0.0,20.0,area_old_03,0.8724196903096861
day_1,Cold cloudy day,0.45,92,23.0,-1.0981,0.0,20.0,area_old_03,0.8845202183326957
day_1,Cold cloudy day,0.45,93,23.25,-1.1906,0.0,20.0,area_old_03,0.8953138426540885
day_1,Cold cloudy day,0.45,94,23.5,-1.2716,0.0,20.0,area_old_03,0.9047655569247137
day_1,Cold cloudy day,0.45,95,23.75,-1.3408,0.0,20.0,area_old_03,0.9128403547954207
day_1,Cold cloudy day,0.45,0,0.0,-1.3978,0.0,20.0,area_old_04,6.232531592819822
day_1,Cold cloudy day,0.45,1,0.25,-1.4424,0.0,20.0,area_old_04,6.247318326494962
day_1,Cold cloudy day,0.45,2,0.5,-1.4743,0.0,20.0,area_old_04,6.257894488024938
day_1,Cold cloudy day,0.45,3,0.75,-1.4936,0.0,20.0,area_old_04,6.2642932315211315
day_1,Cold cloudy day,0.45,4,1.0,-1.5,0.0,20.0,area_old_04,6.266415094649402
day_1,Cold cloudy day,0.45,5,1.25,-1.4936,0.0,20.0,area_old_04,6.2642932315211315
day_1,Cold cloudy day,0.45,6,1.5,-1.4743,0.0,20.0,area_old_04,6.257894488024938
day_1,Cold cloudy day,0.45,7,1.75,-1.4424,0.0,20.0,area_old_04,6.247318326494962
day_1,Cold cloudy day,0.45,8,2.0,-1.3978,0.0,20.0,area_old_04,6.232531592819822
day_1,Cold cloudy day,0.45,9,2.25,-1.3408,0.0,20.0,area_old_04,6.213633749333659
day_1,Cold cloudy day,0.45,10,2.5,-1.2716,0.0,20.0,area_old_04,6.190691104259226
day_1,Cold cloudy day,0.45,11,2.75,-1.1906,0.0,20.0,area_old_04,6.163836274042046
day_1,Cold cloudy day,0.45,12,3.0,-1.0981,0.0,20.0,area_old_04,6.1331687210162515
day_1,Cold cloudy day,0.45,13,3.25,-0.9944,0.0,20.0,area_old_04,6.098787907515984
day_1,Cold cloudy day,0.45,14,3.5,-0.8801,0.0,20.0,area_old_04,6.0608927582095165
day_1,Cold cloudy day,0.45,15,3.75,-0.7555,0.0,20.0,area_old_04,6.01958273543099
day_1,Cold cloudy day,0.45,16,4.0,-0.6213,0.0,20.0,area_old_04,5.975089917960054
day_1,Cold cloudy day,0.45,17,4.25,-0.478,0.0,20.0,area_old_04,5.9275800763536095
day_1,Cold cloudy day,0.45,18,4.5,-0.3263,0.0,20.0,area_old_04,5.877285289391307
day_1,Cold cloudy day,0.45,19,4.75,-0.1667,0.0,20.0,area_old_04,5.824371327630046
day_1,Cold cloudy day,0.45,20,5.0,0.0,0.0,20.0,area_old_04,5.76910342396086
day_1,Cold cloudy day,0.45,21,5.25,0.1731,0.0,20.0,area_old_04,5.7117136571634015
day_1,Cold cloudy day,0.45,22,5.5,0.3519,0.0,20.0,area_old_04,5.652434106017328
day_1,Cold cloudy day,0.45,23,5.75,0.5357,0.0,20.0,area_old_04,5.591496849302292
day_1,Cold cloudy day,0.45,24,6.0,0.7235,0.0,20.0,area_old_04,5.529233428132086
day_1,Cold cloudy day,0.45,25,6.25,0.9147,0.0,20.0,area_old_04,5.465842767174987
day_1,Cold cloudy day,0.45,26,6.5,1.1084,0.0,20.0,area_old_04,5.4016232534334065
day_1,Cold cloudy day,0.45,27,6.75,1.3038,0.0,20.0,area_old_04,5.33684011979838
day_1,Cold cloudy day,0.45,28,7.0,1.5,0.0,20.0,area_old_04,5.271791753272318
day_1,Cold cloudy day,0.45,29,7.25,1.6962,4.5782,20.0,area_old_04,5.176694753065234
day_1,Cold cloudy day,0.45,30,7.5,1.8916,9.1368,20.0,area_old_04,5.0819916287137
day_1,Cold cloudy day,0.45,31,7.75,2.0853,13.6563,20.0,area_old_04,4.98810875384299
day_1,Cold cloudy day,0.45,32,8.0,2.2765,18.1173,20.0,area_old_04,4.895438691625343
day_1,Cold cloudy day,0.45,33,8.25,2.4643,22.5008,20.0,area_old_04,4.804404533977752
day_1,Cold cloudy day,0.45,34,8.5,2.6481,26.7878,20.0,area_old_04,4.715329910483077
day_1,Cold cloudy day,0.45,35,8.75,2.8269,30.9602,20.0,area_old_04,4.628665160094789
day_1,Cold cloudy day,0.45,36,9.0,3.0,35.0,20.0,area_old_04,4.54476050309057
day_1,Cold cloudy day,0.45,37,9.25,3.1667,38.8899,20.0,area_old_04,4.4639615653565095
day_1,Cold cloudy day,0.45,38,9.5,3.3263,42.6133,20.0,area_old_04,4.386609378387106
day_1,Cold cloudy day,0.45,39,9.75,3.478,46.1542,20.0,area_old_04,4.3130741897383045
day_1,Cold cloudy day,0.45,40,10.0,3.6213,49.4975,20.0,area_old_04,4.243620877557012
day_1,Cold cloudy day,0.45,41,10.25,3.7555,52.6288,20.0,area_old_04,4.178576033821304
day_1,Cold cloudy day,0.45,42,10.5,3.8801,55.5347,20.0,area_old_04,4.118193378869939
day_1,Cold cloudy day,0.45,43,10.75,3.9944,58.2029,20.0,area_old_04,4.062785721506222
day_1,Cold cloudy day,0.45,44,11.0,4.0981,60.6218,20.0,area_old_04,4.012528659696351
day_1,Cold cloudy day,0.45,45,11.25,4.1906,62.7811,20.0,area_old_04,3.9676887212991376
day_1,Cold cloudy day,0.45,46,11.5,4.2716,64.6716,20.0,area_old_04,3.9284257520810444
day_1,Cold cloudy day,0.45,47,11.75,4.3408,66.2851,20.0,area_old_04,3.894893034391977
day_1,Cold cloudy day,0.45,48,12.0,4.3978,67.6148,20.0,area_old_04,3.8672678159100373
day_1,Cold cloudy day,0.45,49,12.25,4.4424,68.655,20.0,area_old_04,3.8456538163323595
day_1,Cold cloudy day,0.45,50,12.5,4.4743,69.4011,20.0,area_old_04,3.830180689709244
day_1,Cold cloudy day,0.45,51,12.75,4.4936,69.8501,20.0,area_old_04,3.8208349721789814
day_1,Cold cloudy day,0.45,52,13.0,4.5,70.0,20.0,area_old_04,3.8177292529088245
day_1,Cold cloudy day,0.45,53,13.25,4.4936,69.8501,20.0,area_old_04,3.8208349721789814
day_1,Cold cloudy day,0.45,54,13.5,4.4743,69.4011,20.0,area_old_04,3.830180689709244
day_1,Cold cloudy day,0.45,55,13.75,4.4424,68.655,20.0,area_old_04,3.8456538163323595
day_1,Cold cloudy day,0.45,56,14.0,4.3978,67.6148,20.0,area_old_04,3.8672678159100373
day_1,Cold cloudy day,0.45,57,14.25,4.3408,66.2851,20.0,area_old_04,3.894893034391977
day_1,Cold cloudy day,0.45,58,14.5,4.2716,64.6716,20.0,area_old_04,3.9284257520810444
day_1,Cold cloudy day,0.45,59,14.75,4.1906,62.7811,20.0,area_old_04,3.9676887212991376
day_1,Cold cloudy day,0.45,60,15.0,4.0981,60.6218,20.0,area_old_04,4.012528659696351
day_1,Cold cloudy day,0.45,61,15.25,3.9944,58.2029,20.0,area_old_04,4.062785721506222
day_1,Cold cloudy day,0.45,62,15.5,3.8801,55.5347,20.0,area_old_04,4.118193378869939
day_1,Cold cloudy day,0.45,63,15.75,3.7555,52.6288,20.0,area_old_04,4.178576033821304
day_1,Cold cloudy day,0.45,64,16.0,3.6213,49.4975,20.0,area_old_04,4.243620877557012
day_1,Cold cloudy day,0.45,65,16.25,3.478,46.1542,20.0,area_old_04,4.3130741897383045
day_1,Cold cloudy day,0.45,66,16.5,3.3263,42.6133,20.0,area_old_04,4.386609378387106
day_1,Cold cloudy day,0.45,67,16.75,3.1667,38.8899,20.0,area_old_04,4.4639615653565095
day_1,Cold cloudy day,0.45,68,17.0,3.0,35.0,20.0,area_old_04,4.54476050309057
day_1,Cold cloudy day,0.45,69,17.25,2.8269,30.9602,20.0,area_old_04,4.628665160094789
day_1,Cold cloudy day,0.45,70,17.5,2.6481,26.7878,20.0,area_old_04,4.715329910483077
day_1,Cold cloudy day,0.45,71,17.75,2.4643,22.5008,20.0,area_old_04,4.804404533977752
day_1,Cold cloudy day,0.45,72,18.0,2.2765,18.1173,20.0,area_old_04,4.895438691625343
day_1,Cold cloudy day,0.45,73,18.25,2.0853,13.6563,20.0,area_old_04,4.98810875384299
day_1,Cold cloudy day,0.45,74,18.5,1.8916,9.1368,20.0,area_old_04,5.0819916287137
day_1,Cold cloudy day,0.45,75,18.75,1.6962,4.5782,20.0,area_old_04,5.176694753065234
day_1,Cold cloudy day,0.45,76,19.0,1.5,0.0,20.0,area_old_04,5.271791753272318
day_1,Cold cloudy day,0.45,77,19.25,1.3038,0.0,20.0,area_old_04,5.33684011979838
day_1,Cold cloudy day,0.45,78,19.5,1.1084,0.0,20.0,area_old_04,5.4016232534334065
day_1,Cold cloudy day,0.45,79,19.75,0.9147,0.0,20.0,area_old_04,5.465842767174987
day_1,Cold cloudy day,0.45,80,20.0,0.7235,0.0,20.0,area_old_04,5.529233428132086
day_1,Cold cloudy day,0.45,81,20.25,0.5357,0.0,20.0,area_old_04,5.591496849302292
day_1,Cold cloudy day,0.45,82,20.5,0.3519,0.0,20.0,area_old_04,5.652434106017328
day_1,Cold cloudy day,0.45,83,20.75,0.1731,0.0,20.0,area_old_04,5.7117136571634015
day_1,Cold cloudy day,0.45,84,21.0,-0.0,0.0,20.0,area_old_04,5.76910342396086
day_1,Cold cloudy day,0.45,85,21.25,-0.1667,0.0,20.0,area_old_04,5.824371327630046
day_1,Cold cloudy day,0.45,86,21.5,-0.3263,0.0,20.0,area_old_04,5.877285289391307
day_1,Cold cloudy day,0.45,87,21.75,-0.478,0.0,20.0,area_old_04,5.9275800763536095
day_1,Cold cloudy day,0.45,88,22.0,-0.6213,0.0,20.0,area_old_04,5.975089917960054
day_1,Cold cloudy day,0.45,89,22.25,-0.7555,0.0,20.0,area_old_04,6.01958273543099
day_1,Cold cloudy day,0.45,90,22.5,-0.8801,0.0,20.0,area_old_04,6.0608927582095165
day_1,Cold cloudy day,0.45,91,22.75,-0.9944,0.0,20.0,area_old_04,6.098787907515984
day_1,Cold cloudy day,0.45,92,23.0,-1.0981,0.0,20.0,area_old_04,6.1331687210162515
day_1,Cold cloudy day,0.45,93,23.25,-1.1906,0.0,20.0,area_old_04,6.163836274042046
day_1,Cold cloudy day,0.45,94,23.5,-1.2716,0.0,20.0,area_old_04,6.190691104259226
day_1,Cold cloudy day,0.45,95,23.75,-1.3408,0.0,20.0,area_old_04,6.213633749333659
day_1,Cold cloudy day,0.45,0,0.0,-1.3978,0.0,20.0,area_old_05,3.803318331145154
day_1,Cold cloudy day,0.45,1,0.25,-1.4424,0.0,20.0,area_old_05,3.809083345927227
day_1,Cold cloudy day,0.45,2,0.5,-1.4743,0.0,20.0,area_old_05,3.8132067533610416
day_1,Cold cloudy day,0.45,3,0.75,-1.4936,0.0,20.0,area_old_05,3.8157014794887103
day_1,Cold cloudy day,0.45,4,1.0,-1.5,0.0,20.0,area_old_05,3.8165287461838955
day_1,Cold cloudy day,0.45,5,1.25,-1.4936,0.0,20.0,area_old_05,3.8157014794887103
day_1,Cold cloudy day,0.45,6,1.5,-1.4743,0.0,20.0,area_old_05,3.8132067533610416
day_1,Cold cloudy day,0.45,7,1.75,-1.4424,0.0,20.0,area_old_05,3.809083345927227
day_1,Cold cloudy day,0.45,8,2.0,-1.3978,0.0,20.0,area_old_05,3.803318331145154
day_1,Cold cloudy day,0.45,9,2.25,-1.3408,0.0,20.0,area_old_05,3.795950487141159
day_1,Cold cloudy day,0.45,10,2.5,-1.2716,0.0,20.0,area_old_05,3.7870056659994664
day_1,Cold cloudy day,0.45,11,2.75,-1.1906,0.0,20.0,area_old_05,3.7765355718885263
day_1,Cold cloudy day,0.45,12,3.0,-1.0981,0.0,20.0,area_old_05,3.7645789829346747
day_1,Cold cloudy day,0.45,13,3.25,-0.9944,0.0,20.0,area_old_05,3.751174677264249
day_1,Cold cloudy day,0.45,14,3.5,-0.8801,0.0,20.0,area_old_05,3.736400211129922
day_1,Cold cloudy day,0.45,15,3.75,-0.7555,0.0,20.0,area_old_05,3.7202943626580316
day_1,Cold cloudy day,0.45,16,4.0,-0.6213,0.0,20.0,area_old_05,3.702947614143363
day_1,Cold cloudy day,0.45,17,4.25,-0.478,0.0,20.0,area_old_05,3.6844245957964774
day_1,Cold cloudy day,0.45,18,4.5,-0.3263,0.0,20.0,area_old_05,3.664815789912161
day_1,Cold cloudy day,0.45,19,4.75,-0.1667,0.0,20.0,area_old_05,3.6441858267009746
day_1,Cold cloudy day,0.45,20,5.0,0.0,0.0,20.0,area_old_05,3.622638114499818
day_1,Cold cloudy day,0.45,21,5.25,0.1731,0.0,20.0,area_old_05,3.600263135603475
day_1,Cold cloudy day,0.45,22,5.5,0.3519,0.0,20.0,area_old_05,3.577151372306733
day_1,Cold cloudy day,0.45,23,5.75,0.5357,0.0,20.0,area_old_05,3.5533933069043777
day_1,Cold cloudy day,0.45,24,6.0,0.7235,0.0,20.0,area_old_05,3.529118199817531
day_1,Cold cloudy day,0.45,25,6.25,0.9147,0.0,20.0,area_old_05,3.504403607298867
day_1,Cold cloudy day,0.45,26,6.5,1.1084,0.0,20.0,area_old_05,3.4793658637273968
day_1,Cold cloudy day,0.45,27,6.75,1.3038,0.0,20.0,area_old_05,3.4541083774400176
day_1,Cold cloudy day,0.45,28,7.0,1.5,0.0,20.0,area_old_05,3.42874748281574
day_1,Cold cloudy day,0.45,29,7.25,1.6962,4.5782,20.0,area_old_05,3.3927878018609663
day_1,Cold cloudy day,0.45,30,7.5,1.8916,9.1368,20.0,area_old_05,3.356976904327639
day_1,Cold cloudy day,0.45,31,7.75,2.0853,13.6563,20.0,area_old_05,3.3214762681737833
day_1,Cold cloudy day,0.45,32,8.0,2.2765,18.1173,20.0,area_old_05,3.2864342138097777
day_1,Cold cloudy day,0.45,33,8.25,2.4643,22.5008,20.0,area_old_05,3.2520110616659803
day_1,Cold cloudy day,0.45,34,8.5,2.6481,26.7878,20.0,area_old_05,3.2183283540464136
day_1,Cold cloudy day,0.45,35,8.75,2.8269,30.9602,20.0,area_old_05,3.1855572538737458
day_1,Cold cloudy day,0.45,36,9.0,3.0,35.0,20.0,area_old_05,3.153829914438777
day_1,Cold cloudy day,0.45,37,9.25,3.1667,38.8899,20.0,area_old_05,3.1232768684935728
day_1,Cold cloudy day,0.45,38,9.5,3.3263,42.6133,20.0,area_old_05,3.0940270282514644
day_1,Cold cloudy day,0.45,39,9.75,3.478,46.1542,20.0,area_old_05,3.0662208429346953
day_1,Cold cloudy day,0.45,40,10.0,3.6213,49.4975,20.0,area_old_05,3.0399579000893717
day_1,Cold cloudy day,0.45,41,10.25,3.7555,52.6288,20.0,area_old_05,3.0153620188070906
day_1,Cold cloudy day,0.45,42,10.5,3.8801,55.5347,20.0,area_old_05,2.99252885103989
day_1,Cold cloudy day,0.45,43,10.75,3.9944,58.2029,20.0,area_old_05,2.971577354263165
day_1,Cold cloudy day,0.45,44,11.0,4.0981,60.6218,20.0,area_old_05,2.952573161245127
day_1,Cold cloudy day,0.45,45,11.25,4.1906,62.7811,20.0,area_old_05,2.9356176733083914
day_1,Cold cloudy day,0.45,46,11.5,4.2716,64.6716,20.0,area_old_05,2.9207709670883686
day_1,Cold cloudy day,0.45,47,11.75,4.3408,66.2851,20.0,area_old_05,2.908090804165134
day_1,Cold cloudy day,0.45,48,12.0,4.3978,67.6148,20.0,area_old_05,2.897644631083409
day_1,Cold cloudy day,0.45,49,12.25,4.4424,68.655,20.0,area_old_05,2.889471495742824
day_1,Cold cloudy day,0.45,50,12.5,4.4743,69.4011,20.0,area_old_05,2.8836208255242504
day_1,Cold cloudy day,0.45,51,12.75,4.4936,69.8501,20.0,area_old_05,2.8800866395515787
day_1,Cold cloudy day,0.45,52,13.0,4.5,70.0,20.0,area_old_05,2.8789123460618145
day_1,Cold cloudy day,0.45,53,13.25,4.4936,69.8501,20.0,area_old_05,2.8800866395515787
day_1,Cold cloudy day,0.45,54,13.5,4.4743,69.4011,20.0,area_old_05,2.8836208255242504
day_1,Cold cloudy day,0.45,55,13.75,4.4424,68.655,20.0,area_old_05,2.889471495742824
day_1,Cold cloudy day,0.45,56,14.0,4.3978,67.6148,20.0,area_old_05,2.897644631083409
day_1,Cold cloudy day,0.45,57,14.25,4.3408,66.2851,20.0,area_old_05,2.908090804165134
day_1,Cold cloudy day,0.45,58,14.5,4.2716,64.6716,20.0,area_old_05,2.9207709670883686
day_1,Cold cloudy day,0.45,59,14.75,4.1906,62.7811,20.0,area_old_05,2.9356176733083914
day_1,Cold cloudy day,0.45,60,15.0,4.0981,60.6218,20.0,area_old_05,2.952573161245127
day_1,Cold cloudy day,0.45,61,15.25,3.9944,58.2029,20.0,area_old_05,2.971577354263165
day_1,Cold cloudy day,0.45,62,15.5,3.8801,55.5347,20.0,area_old_05,2.99252885103989
day_1,Cold cloudy day,0.45,63,15.75,3.7555,52.6288,20.0,area_old_05,3.0153620188070906
day_1,Cold cloudy day,0.45,64,16.0,3.6213,49.4975,20.0,area_old_05,3.0399579000893717
day_1,Cold cloudy day,0.45,65,16.25,3.478,46.1542,20.0,area_old_05,3.0662208429346953
day_1,Cold cloudy day,0.45,66,16.5,3.3263,42.6133,20.0,area_old_05,3.0940270282514644
day_1,Cold cloudy day,0.45,67,16.75,3.1667,38.8899,20.0,area_old_05,3.1232768684935728
day_1,Cold cloudy day,0.45,68,17.0,3.0,35.0,20.0,area_old_05,3.153829914438777
day_1,Cold cloudy day,0.45,69,17.25,2.8269,30.9602,20.0,area_old_05,3.1855572538737458
day_1,Cold cloudy day,0.45,70,17.5,2.6481,26.7878,20.0,area_old_05,3.2183283540464136
day_1,Cold cloudy day,0.45,71,17.75,2.4643,22.5008,20.0,area_old_05,3.2520110616659803
day_1,Cold cloudy day,0.45,72,18.0,2.2765,18.1173,20.0,area_old_05,3.2864342138097777
day_1,Cold cloudy day,0.45,73,18.25,2.0853,13.6563,20.0,area_old_05,3.3214762681737833
day_1,Cold cloudy day,0.45,74,18.5,1.8916,9.1368,20.0,area_old_05,3.356976904327639
day_1,Cold cloudy day,0.45,75,18.75,1.6962,4.5782,20.0,area_old_05,3.3927878018609663
day_1,Cold cloudy day,0.45,76,19.0,1.5,0.0,20.0,area_old_05,3.42874748281574
day_1,Cold cloudy day,0.45,77,19.25,1.3038,0.0,20.0,area_old_05,3.4541083774400176
day_1,Cold cloudy day,0.45,78,19.5,1.1084,0.0,20.0,area_old_05,3.4793658637273968
day_1,Cold cloudy day,0.45,79,19.75,0.9147,0.0,20.0,area_old_05,3.504403607298867
day_1,Cold cloudy day,0.45,80,20.0,0.7235,0.0,20.0,area_old_05,3.529118199817531
day_1,Cold cloudy day,0.45,81,20.25,0.5357,0.0,20.0,area_old_05,3.5533933069043777
day_1,Cold cloudy day,0.45,82,20.5,0.3519,0.0,20.0,area_old_05,3.577151372306733
day_1,Cold cloudy day,0.45,83,20.75,0.1731,0.0,20.0,area_old_05,3.600263135603475
day_1,Cold cloudy day,0.45,84,21.0,-0.0,0.0,20.0,area_old_05,3.622638114499818
day_1,Cold cloudy day,0.45,85,21.25,-0.1667,0.0,20.0,area_old_05,3.6441858267009746
day_1,Cold cloudy day,0.45,86,21.5,-0.3263,0.0,20.0,area_old_05,3.664815789912161
day_1,Cold cloudy day,0.45,87,21.75,-0.478,0.0,20.0,area_old_05,3.6844245957964774
day_1,Cold cloudy day,0.45,88,22.0,-0.6213,0.0,20.0,area_old_05,3.702947614143363
day_1,Cold cloudy day,0.45,89,22.25,-0.7555,0.0,20.0,area_old_05,3.7202943626580316
day_1,Cold cloudy day,0.45,90,22.5,-0.8801,0.0,20.0,area_old_05,3.736400211129922
day_1,Cold cloudy day,0.45,91,22.75,-0.9944,0.0,20.0,area_old_05,3.751174677264249
day_1,Cold cloudy day,0.45,92,23.0,-1.0981,0.0,20.0,area_old_05,3.7645789829346747
day_1,Cold cloudy day,0.45,93,23.25,-1.1906,0.0,20.0,area_old_05,3.7765355718885263
day_1,Cold cloudy day,0.45,94,23.5,-1.2716,0.0,20.0,area_old_05,3.7870056659994664
day_1,Cold cloudy day,0.45,95,23.75,-1.3408,0.0,20.0,area_old_05,3.795950487141159
day_1,Cold cloudy day,0.45,0,0.0,-1.3978,0.0,20.0,area_old_06,2.1836293838188823
day_1,Cold cloudy day,0.45,1,0.25,-1.4424,0.0,20.0,area_old_06,2.1892087209534594
day_1,Cold cloudy day,0.45,2,0.5,-1.4743,0.0,20.0,area_old_06,2.1931993230743787
day_1,Cold cloudy day,0.45,3,0.75,-1.4936,0.0,20.0,area_old_06,2.195613699906157
day_1,Cold cloudy day,0.45,4,1.0,-1.5,0.0,20.0,area_old_06,2.1964143222752446
day_1,Cold cloudy day,0.45,5,1.25,-1.4936,0.0,20.0,area_old_06,2.195613699906157
day_1,Cold cloudy day,0.45,6,1.5,-1.4743,0.0,20.0,area_old_06,2.1931993230743787
day_1,Cold cloudy day,0.45,7,1.75,-1.4424,0.0,20.0,area_old_06,2.1892087209534594
day_1,Cold cloudy day,0.45,8,2.0,-1.3978,0.0,20.0,area_old_06,2.1836293838188823
day_1,Cold cloudy day,0.45,9,2.25,-1.3408,0.0,20.0,area_old_06,2.176498840844199
day_1,Cold cloudy day,0.45,10,2.5,-1.2716,0.0,20.0,area_old_06,2.1678421114784436
day_1,Cold cloudy day,0.45,11,2.75,-1.1906,0.0,20.0,area_old_06,2.1577092346196833
day_1,Cold cloudy day,0.45,12,3.0,-1.0981,0.0,20.0,area_old_06,2.1461377394414685
day_1,Cold cloudy day,0.45,13,3.25,-0.9944,0.0,20.0,area_old_06,2.133165155117352
day_1,Cold cloudy day,0.45,14,3.5,-0.8801,0.0,20.0,area_old_06,2.1188665399944346
day_1,Cold cloudy day,0.45,15,3.75,-0.7555,0.0,20.0,area_old_06,2.103279423246268
day_1,Cold cloudy day,0.45,16,4.0,-0.6213,0.0,20.0,area_old_06,2.0864913729444696
day_1,Cold cloudy day,0.45,17,4.25,-0.478,0.0,20.0,area_old_06,2.068564937711626
day_1,Cold cloudy day,0.45,18,4.5,-0.3263,0.0,20.0,area_old_06,2.049587685619355
day_1,Cold cloudy day,0.45,19,4.75,-0.1667,0.0,20.0,area_old_06,2.0296221652902418
day_1,Cold cloudy day,0.45,20,5.0,0.0,0.0,20.0,area_old_06,2.008768454520422
day_1,Cold cloudy day,0.45,21,5.25,0.1731,0.0,20.0,area_old_06,1.9871141213815158
day_1,Cold cloudy day,0.45,22,5.5,0.3519,0.0,20.0,area_old_06,1.9647467339451412
day_1,Cold cloudy day,0.45,23,5.75,0.5357,0.0,20.0,area_old_06,1.941753860282917
day_1,Cold cloudy day,0.45,24,6.0,0.7235,0.0,20.0,area_old_06,1.9182605976400129
day_1,Cold cloudy day,0.45,25,6.25,0.9147,0.0,20.0,area_old_06,1.894342004363532
day_1,Cold cloudy day,0.45,26,6.5,1.1084,0.0,20.0,area_old_06,1.870110667974126
day_1,Cold cloudy day,0.45,27,6.75,1.3038,0.0,20.0,area_old_06,1.8456666662679313
day_1,Cold cloudy day,0.45,28,7.0,1.5,0.0,20.0,area_old_06,1.8211225867656002
day_1,Cold cloudy day,0.45,29,7.25,1.6962,4.5782,20.0,area_old_06,1.7381654721165145
day_1,Cold cloudy day,0.45,30,7.5,1.8916,9.1368,20.0,area_old_06,1.6555585107274753
day_1,Cold cloudy day,0.45,31,7.75,2.0853,13.6563,20.0,area_old_06,1.5736630896878225
day_1,Cold cloudy day,0.45,32,8.0,2.2765,18.1173,20.0,area_old_06,1.4928268104671545
day_1,Cold cloudy day,0.45,33,8.25,2.4643,22.5008,20.0,area_old_06,1.4134046806786906
day_1,Cold cloudy day,0.45,34,8.5,2.6481,26.7878,20.0,area_old_06,1.3357141787621005
day_1,Cold cloudy day,0.45,35,8.75,2.8269,30.9602,20.0,area_old_06,1.260111338998103
day_1,Cold cloudy day,0.45,36,9.0,3.0,35.0,20.0,area_old_06,1.1869133905986444
day_1,Cold cloudy day,0.45,37,9.25,3.1667,38.8899,20.0,area_old_06,1.1164286315091005
day_1,Cold cloudy day,0.45,38,9.5,3.3263,42.6133,20.0,area_old_06,1.0489564284082806
day_1,Cold cloudy day,0.45,39,9.75,3.478,46.1542,20.0,area_old_06,0.9848010023281659
day_1,Cold cloudy day,0.45,40,10.0,3.6213,49.4975,20.0,area_old_06,0.9242175620701707
day_1,Cold cloudy day,0.45,41,10.25,3.7555,52.6288,20.0,area_old_06,0.8674774046181748
day_1,Cold cloudy day,0.45,42,10.5,3.8801,55.5347,20.0,area_old_06,0.8148140485547846
day_1,Cold cloudy day,0.45,43,10.75,3.9944,58.2029,20.0,area_old_06,0.7664719970641745
day_1,Cold cloudy day,0.45,44,11.0,4.0981,60.6218,20.0,area_old_06,0.7226367831658829
day_1,Cold cloudy day,0.45,45,11.25,4.1906,62.7811,20.0,area_old_06,0.6835148824150881
day_1,Cold cloudy day,0.45,46,11.5,4.2716,64.6716,20.0,area_old_06,0.6492612063459524
day_1,Cold cloudy day,0.45,47,11.75,4.3408,66.2851,20.0,area_old_06,0.6200179075403971
day_1,Cold cloudy day,0.45,48,12.0,4.3978,67.6148,20.0,area_old_06,0.5959217857717249
day_1,Cold cloudy day,0.45,49,12.25,4.4424,68.655,20.0,area_old_06,0.5770705865167394
day_1,Cold cloudy day,0.45,50,12.5,4.4743,69.4011,20.0,area_old_06,0.5635605301292976
day_1,Cold cloudy day,0.45,51,12.75,4.4936,69.8501,20.0,area_old_06,0.5554173837416032
day_1,Cold cloudy day,0.45,52,13.0,4.5,70.0,20.0,area_old_06,0.5527041944316882
day_1,Cold cloudy day,0.45,53,13.25,4.4936,69.8501,20.0,area_old_06,0.5554173837416032
day_1,Cold cloudy day,0.45,54,13.5,4.4743,69.4011,20.0,area_old_06,0.5635605301292976
day_1,Cold cloudy day,0.45,55,13.75,4.4424,68.655,20.0,area_old_06,0.5770705865167394
day_1,Cold cloudy day,0.45,56,14.0,4.3978,67.6148,20.0,area_old_06,0.5959217857717249
day_1,Cold cloudy day,0.45,57,14.25,4.3408,66.2851,20.0,area_old_06,0.6200179075403971
day_1,Cold cloudy day,0.45,58,14.5,4.2716,64.6716,20.0,area_old_06,0.6492612063459524
day_1,Cold cloudy day,0.45,59,14.75,4.1906,62.7811,20.0,area_old_06,0.6835148824150881
day_1,Cold cloudy day,0.45,60,15.0,4.0981,60.6218,20.0,area_old_06,0.7226367831658829
day_1,Cold cloudy day,0.45,61,15.25,3.9944,58.2029,20.0,area_old_06,0.7664719970641745
day_1,Cold cloudy day,0.45,62,15.5,3.8801,55.5347,20.0,area_old_06,0.8148140485547846
day_1,Cold cloudy day,0.45,63,15.75,3.7555,52.6288,20.0,area_old_06,0.8674774046181748
day_1,Cold cloudy day,0.45,64,16.0,3.6213,49.4975,20.0,area_old_06,0.9242175620701707
day_1,Cold cloudy day,0.45,65,16.25,3.478,46.1542,20.0,area_old_06,0.9848010023281659
day_1,Cold cloudy day,0.45,66,16.5,3.3263,42.6133,20.0,area_old_06,1.0489564284082806
day_1,Cold cloudy day,0.45,67,16.75,3.1667,38.8899,20.0,area_old_06,1.1164286315091005
day_1,Cold cloudy day,0.45,68,17.0,3.0,35.0,20.0,area_old_06,1.1869133905986444
day_1,Cold cloudy day,0.45,69,17.25,2.8269,30.9602,20.0,area_old_06,1.260111338998103
day_1,Cold cloudy day,0.45,70,17.5,2.6481,26.7878,20.0,area_old_06,1.3357141787621005
day_1,Cold cloudy day,0.45,71,17.75,2.4643,22.5008,20.0,area_old_06,1.4134046806786906
day_1,Cold cloudy day,0.45,72,18.0,2.2765,18.1173,20.0,area_old_06,1.4928268104671545
day_1,Cold cloudy day,0.45,73,18.25,2.0853,13.6563,20.0,area_old_06,1.5736630896878225
day_1,Cold cloudy day,0.45,74,18.5,1.8916,9.1368,20.0,area_old_06,1.6555585107274753
day_1,Cold cloudy day,0.45,75,18.75,1.6962,4.5782,20.0,area_old_06,1.7381654721165145
day_1,Cold cloudy day,0.45,76,19.0,1.5,0.0,20.0,area_old_06,1.8211225867656002
day_1,Cold cloudy day,0.45,77,19.25,1.3038,0.0,20.0,area_old_06,1.8456666662679313
day_1,Cold cloudy day,0.45,78,19.5,1.1084,0.0,20.0,area_old_06,1.870110667974126
day_1,Cold cloudy day,0.45,79,19.75,0.9147,0.0,20.0,area_old_06,1.894342004363532
day_1,Cold cloudy day,0.45,80,20.0,0.7235,0.0,20.0,area_old_06,1.9182605976400129
day_1,Cold cloudy day,0.45,81,20.25,0.5357,0.0,20.0,area_old_06,1.941753860282917
day_1,Cold cloudy day,0.45,82,20.5,0.3519,0.0,20.0,area_old_06,1.9647467339451412
day_1,Cold cloudy day,0.45,83,20.75,0.1731,0.0,20.0,area_old_06,1.9871141213815158
day_1,Cold cloudy day,0.45,84,21.0,-0.0,0.0,20.0,area_old_06,2.008768454520422
day_1,Cold cloudy day,0.45,85,21.25,-0.1667,0.0,20.0,area_old_06,2.0296221652902418
day_1,Cold cloudy day,0.45,86,21.5,-0.3263,0.0,20.0,area_old_06,2.049587685619355
day_1,Cold cloudy day,0.45,87,21.75,-0.478,0.0,20.0,area_old_06,2.068564937711626
day_1,Cold cloudy day,0.45,88,22.0,-0.6213,0.0,20.0,area_old_06,2.0864913729444696
day_1,Cold cloudy day,0.45,89,22.25,-0.7555,0.0,20.0,area_old_06,2.103279423246268
day_1,Cold cloudy day,0.45,90,22.5,-0.8801,0.0,20.0,area_old_06,2.1188665399944346
day_1,Cold cloudy day,0.45,91,22.75,-0.9944,0.0,20.0,area_old_06,2.133165155117352
day_1,Cold cloudy day,0.45,92,23.0,-1.0981,0.0,20.0,area_old_06,2.1461377394414685
day_1,Cold cloudy day,0.45,93,23.25,-1.1906,0.0,20.0,area_old_06,2.1577092346196833
day_1,Cold cloudy day,0.45,94,23.5,-1.2716,0.0,20.0,area_old_06,2.1678421114784436
day_1,Cold cloudy day,0.45,95,23.75,-1.3408,0.0,20.0,area_old_06,2.176498840844199
day_1,Cold cloudy day,0.45,0,0.0,-1.3978,0.0,20.0,area_old_07,6.01978871761383
day_1,Cold cloudy day,0.45,1,0.25,-1.4424,0.0,20.0,area_old_07,6.028946061179446
day_1,Cold cloudy day,0.45,2,0.5,-1.4743,0.0,20.0,area_old_07,6.0354958203665126
day_1,Cold cloudy day,0.45,3,0.75,-1.4936,0.0,20.0,area_old_07,6.03945852733549
day_1,Cold cloudy day,0.45,4,1.0,-1.5,0.0,20.0,area_old_07,6.040772585604995
day_1,Cold cloudy day,0.45,5,1.25,-1.4936,0.0,20.0,area_old_07,6.03945852733549
day_1,Cold cloudy day,0.45,6,1.5,-1.4743,0.0,20.0,area_old_07,6.0354958203665126
day_1,Cold cloudy day,0.45,7,1.75,-1.4424,0.0,20.0,area_old_07,6.028946061179446
day_1,Cold cloudy day,0.45,8,2.0,-1.3978,0.0,20.0,area_old_07,6.01978871761383
day_1,Cold cloudy day,0.45,9,2.25,-1.3408,0.0,20.0,area_old_07,6.008085386151047
day_1,Cold cloudy day,0.45,10,2.5,-1.2716,0.0,20.0,area_old_07,5.993877131112018
day_1,Cold cloudy day,0.45,11,2.75,-1.1906,0.0,20.0,area_old_07,5.977246081138589
day_1,Cold cloudy day,0.45,12,3.0,-1.0981,0.0,20.0,area_old_07,5.958253832712142
day_1,Cold cloudy day,0.45,13,3.25,-0.9944,0.0,20.0,area_old_07,5.9369619823140605
day_1,Cold cloudy day,0.45,14,3.5,-0.8801,0.0,20.0,area_old_07,5.913493722907111
day_1,Cold cloudy day,0.45,15,3.75,-0.7555,0.0,20.0,area_old_07,5.887910650972676
day_1,Cold cloudy day,0.45,16,4.0,-0.6213,0.0,20.0,area_old_07,5.860356491633983
day_1,Cold cloudy day,0.45,17,4.25,-0.478,0.0,20.0,area_old_07,5.830933905693336
day_1,Cold cloudy day,0.45,18,4.5,-0.3263,0.0,20.0,area_old_07,5.799786618273964
day_1,Cold cloudy day,0.45,19,4.75,-0.1667,0.0,20.0,area_old_07,5.76701729017817
day_1,Cold cloudy day,0.45,20,5.0,0.0,0.0,20.0,area_old_07,5.732790178689644
day_1,Cold cloudy day,0.45,21,5.25,0.1731,0.0,20.0,area_old_07,5.697249008931612
day_1,Cold cloudy day,0.45,22,5.5,0.3519,0.0,20.0,area_old_07,5.660537506027302
day_1,Cold cloudy day,0.45,23,5.75,0.5357,0.0,20.0,area_old_07,5.622799395099942
day_1,Cold cloudy day,0.45,24,6.0,0.7235,0.0,20.0,area_old_07,5.584239997754139
day_1,Cold cloudy day,0.45,25,6.25,0.9147,0.0,20.0,area_old_07,5.544982506952663
day_1,Cold cloudy day,0.45,26,6.5,1.1084,0.0,20.0,area_old_07,5.505211712139661
day_1,Cold cloudy day,0.45,27,6.75,1.3038,0.0,20.0,area_old_07,5.465091870598821
day_1,Cold cloudy day,0.45,28,7.0,1.5,0.0,20.0,area_old_07,5.424807771774293
day_1,Cold cloudy day,0.45,29,7.25,1.6962,4.5782,20.0,area_old_07,5.371036156915458
day_1,Cold cloudy day,0.45,30,7.5,1.8916,9.1368,20.0,area_old_07,5.317486541534682
day_1,Cold cloudy day,0.45,31,7.75,2.0853,13.6563,20.0,area_old_07,5.264401162667455
day_1,Cold cloudy day,0.45,32,8.0,2.2765,18.1173,20.0,area_old_07,5.2120014305857705
day_1,Cold cloudy day,0.45,33,8.25,2.4643,22.5008,20.0,area_old_07,5.160528109309955
day_1,Cold cloudy day,0.45,34,8.5,2.6481,26.7878,20.0,area_old_07,5.110160366378952
day_1,Cold cloudy day,0.45,35,8.75,2.8269,30.9602,20.0,area_old_07,5.061156846546254
day_1,Cold cloudy day,0.45,36,9.0,3.0,35.0,20.0,area_old_07,5.013714303480941
day_1,Cold cloudy day,0.45,37,9.25,3.1667,38.8899,20.0,area_old_07,4.968027428630864
day_1,Cold cloudy day,0.45,38,9.5,3.3263,42.6133,20.0,area_old_07,4.924288851222647
day_1,Cold cloudy day,0.45,39,9.75,3.478,46.1542,20.0,area_old_07,4.882709965025178
day_1,Cold cloudy day,0.45,40,10.0,3.6213,49.4975,20.0,area_old_07,4.843437915898672
day_1,Cold cloudy day,0.45,41,10.25,3.7555,52.6288,20.0,area_old_07,4.8066588518030375
day_1,Cold cloudy day,0.45,42,10.5,3.8801,55.5347,20.0,area_old_07,4.772514910346937
day_1,Cold cloudy day,0.45,43,10.75,3.9944,58.2029,20.0,area_old_07,4.741186052826594
day_1,Cold cloudy day,0.45,44,11.0,4.0981,60.6218,20.0,area_old_07,4.712768049675162
day_1,Cold cloudy day,0.45,45,11.25,4.1906,62.7811,20.0,area_old_07,4.687414437967758
day_1,Cold cloudy day,0.45,46,11.5,4.2716,64.6716,20.0,area_old_07,4.6652139176647545
day_1,Cold cloudy day,0.45,47,11.75,4.3408,66.2851,20.0,area_old_07,4.6462522426962005
day_1,Cold cloudy day,0.45,48,12.0,4.3978,67.6148,20.0,area_old_07,4.63063157471015
day_1,Cold cloudy day,0.45,49,12.25,4.4424,68.655,20.0,area_old_07,4.61840977040038
day_1,Cold cloudy day,0.45,50,12.5,4.4743,69.4011,20.0,area_old_07,4.609661977987766
day_1,Cold cloudy day,0.45,51,12.75,4.4936,69.8501,20.0,area_old_07,4.6043765034028254
day_1,Cold cloudy day,0.45,52,13.0,4.5,70.0,20.0,area_old_07,4.60262083518759
day_1,Cold cloudy day,0.45,53,13.25,4.4936,69.8501,20.0,area_old_07,4.6043765034028254
day_1,Cold cloudy day,0.45,54,13.5,4.4743,69.4011,20.0,area_old_07,4.609661977987766
day_1,Cold cloudy day,0.45,55,13.75,4.4424,68.655,20.0,area_old_07,4.61840977040038
day_1,Cold cloudy day,0.45,56,14.0,4.3978,67.6148,20.0,area_old_07,4.63063157471015
day_1,Cold cloudy day,0.45,57,14.25,4.3408,66.2851,20.0,area_old_07,4.6462522426962005
day_1,Cold cloudy day,0.45,58,14.5,4.2716,64.6716,20.0,area_old_07,4.6652139176647545
day_1,Cold cloudy day,0.45,59,14.75,4.1906,62.7811,20.0,area_old_07,4.687414437967758
day_1,Cold cloudy day,0.45,60,15.0,4.0981,60.6218,20.0,area_old_07,4.712768049675162
day_1,Cold cloudy day,0.45,61,15.25,3.9944,58.2029,20.0,area_old_07,4.741186052826594
day_1,Cold cloudy day,0.45,62,15.5,3.8801,55.5347,20.0,area_old_07,4.772514910346937
day_1,Cold cloudy day,0.45,63,15.75,3.7555,52.6288,20.0,area_old_07,4.8066588518030375
day_1,Cold cloudy day,0.45,64,16.0,3.6213,49.4975,20.0,area_old_07,4.843437915898672
day_1,Cold cloudy day,0.45,65,16.25,3.478,46.1542,20.0,area_old_07,4.882709965025178
day_1,Cold cloudy day,0.45,66,16.5,3.3263,42.6133,20.0,area_old_07,4.924288851222647
day_1,Cold cloudy day,0.45,67,16.75,3.1667,38.8899,20.0,area_old_07,4.968027428630864
day_1,Cold cloudy day,0.45,68,17.0,3.0,35.0,20.0,area_old_07,5.013714303480941
day_1,Cold cloudy day,0.45,69,17.25,2.8269,30.9602,20.0,area_old_07,5.061156846546254
day_1,Cold cloudy day,0.45,70,17.5,2.6481,26.7878,20.0,area_old_07,5.110160366378952
day_1,Cold cloudy day,0.45,71,17.75,2.4643,22.5008,20.0,area_old_07,5.160528109309955
day_1,Cold cloudy day,0.45,72,18.0,2.2765,18.1173,20.0,area_old_07,5.2120014305857705
day_1,Cold cloudy day,0.45,73,18.25,2.0853,13.6563,20.0,area_old_07,5.264401162667455
day_1,Cold cloudy day,0.45,74,18.5,1.8916,9.1368,20.0,area_old_07,5.317486541534682
day_1,Cold cloudy day,0.45,75,18.75,1.6962,4.5782,20.0,area_old_07,5.371036156915458
day_1,Cold cloudy day,0.45,76,19.0,1.5,0.0,20.0,area_old_07,5.424807771774293
day_1,Cold cloudy day,0.45,77,19.25,1.3038,0.0,20.0,area_old_07,5.465091870598821
day_1,Cold cloudy day,0.45,78,19.5,1.1084,0.0,20.0,area_old_07,5.505211712139661
day_1,Cold cloudy day,0.45,79,19.75,0.9147,0.0,20.0,area_old_07,5.544982506952663
day_1,Cold cloudy day,0.45,80,20.0,0.7235,0.0,20.0,area_old_07,5.584239997754139
day_1,Cold cloudy day,0.45,81,20.25,0.5357,0.0,20.0,area_old_07,5.622799395099942
day_1,Cold cloudy day,0.45,82,20.5,0.3519,0.0,20.0,area_old_07,5.660537506027302
day_1,Cold cloudy day,0.45,83,20.75,0.1731,0.0,20.0,area_old_07,5.697249008931612
day_1,Cold cloudy day,0.45,84,21.0,-0.0,0.0,20.0,area_old_07,5.732790178689644
day_1,Cold cloudy day,0.45,85,21.25,-0.1667,0.0,20.0,area_old_07,5.76701729017817
day_1,Cold cloudy day,0.45,86,21.5,-0.3263,0.0,20.0,area_old_07,5.799786618273964
day_1,Cold cloudy day,0.45,87,21.75,-0.478,0.0,20.0,area_old_07,5.830933905693336
day_1,Cold cloudy day,0.45,88,22.0,-0.6213,0.0,20.0,area_old_07,5.860356491633983
day_1,Cold cloudy day,0.45,89,22.25,-0.7555,0.0,20.0,area_old_07,5.887910650972676
day_1,Cold cloudy day,0.45,90,22.5,-0.8801,0.0,20.0,area_old_07,5.913493722907111
day_1,Cold cloudy day,0.45,91,22.75,-0.9944,0.0,20.0,area_old_07,5.9369619823140605
day_1,Cold cloudy day,0.45,92,23.0,-1.0981,0.0,20.0,area_old_07,5.958253832712142
day_1,Cold cloudy day,0.45,93,23.25,-1.1906,0.0,20.0,area_old_07,5.977246081138589
day_1,Cold cloudy day,0.45,94,23.5,-1.2716,0.0,20.0,area_old_07,5.993877131112018
day_1,Cold cloudy day,0.45,95,23.75,-1.3408,0.0,20.0,area_old_07,6.008085386151047
day_1,Cold cloudy day,0.45,0,0.0,-1.3978,0.0,20.0,area_old_08,7.224470820254568
day_1,Cold cloudy day,0.45,1,0.25,-1.4424,0.0,20.0,area_old_08,7.243446674653546
day_1,Cold cloudy day,0.45,2,0.5,-1.4743,0.0,20.0,area_old_08,7.2570190906922765
day_1,Cold cloudy day,0.45,3,0.75,-1.4936,0.0,20.0,area_old_08,7.265230615129502
day_1,Cold cloudy day,0.45,4,1.0,-1.5,0.0,20.0,area_old_08,7.267953607688996
day_1,Cold cloudy day,0.45,5,1.25,-1.4936,0.0,20.0,area_old_08,7.265230615129502
day_1,Cold cloudy day,0.45,6,1.5,-1.4743,0.0,20.0,area_old_08,7.2570190906922765
day_1,Cold cloudy day,0.45,7,1.75,-1.4424,0.0,20.0,area_old_08,7.243446674653546
day_1,Cold cloudy day,0.45,8,2.0,-1.3978,0.0,20.0,area_old_08,7.224470820254568
day_1,Cold cloudy day,0.45,9,2.25,-1.3408,0.0,20.0,area_old_08,7.2002191677715714
day_1,Cold cloudy day,0.45,10,2.5,-1.2716,0.0,20.0,area_old_08,7.170776810722037
day_1,Cold cloudy day,0.45,11,2.75,-1.1906,0.0,20.0,area_old_08,7.136313936140937
day_1,Cold cloudy day,0.45,12,3.0,-1.0981,0.0,20.0,area_old_08,7.096958184304492
day_1,Cold cloudy day,0.45,13,3.25,-0.9944,0.0,20.0,area_old_08,7.052837195488934
day_1,Cold cloudy day,0.45,14,3.5,-0.8801,0.0,20.0,area_old_08,7.004206250246712
day_1,Cold cloudy day,0.45,15,3.75,-0.7555,0.0,20.0,area_old_08,6.951192988854055
day_1,Cold cloudy day,0.45,16,4.0,-0.6213,0.0,20.0,area_old_08,6.894095238622157
day_1,Cold cloudy day,0.45,17,4.25,-0.478,0.0,20.0,area_old_08,6.833125733344726
day_1,Cold cloudy day,0.45,18,4.5,-0.3263,0.0,20.0,area_old_08,6.768582300332959
day_1,Cold cloudy day,0.45,19,4.75,-0.1667,0.0,20.0,area_old_08,6.700677673380564
day_1,Cold cloudy day,0.45,20,5.0,0.0,0.0,20.0,area_old_08,6.629752226557484
day_1,Cold cloudy day,0.45,21,5.25,0.1731,0.0,20.0,area_old_08,6.556103787174907
day_1,Cold cloudy day,0.45,22,5.5,0.3519,0.0,20.0,area_old_08,6.480030182544031
day_1,Cold cloudy day,0.45,23,5.75,0.5357,0.0,20.0,area_old_08,6.401829239976051
day_1,Cold cloudy day,0.45,24,6.0,0.7235,0.0,20.0,area_old_08,6.321926427058385
day_1,Cold cloudy day,0.45,25,6.25,0.9147,0.0,20.0,area_old_08,6.240577024343487
day_1,Cold cloudy day,0.45,26,6.5,1.1084,0.0,20.0,area_old_08,6.158163952660038
day_1,Cold cloudy day,0.45,27,6.75,1.3038,0.0,20.0,area_old_08,6.075027586077974
day_1,Cold cloudy day,0.45,28,7.0,1.5,0.0,20.0,area_old_08,5.991550845425971
day_1,Cold cloudy day,0.45,29,7.25,1.6962,4.5782,20.0,area_old_08,5.8754937452087255
day_1,Cold cloudy day,0.45,30,7.5,1.8916,9.1368,20.0,area_old_08,5.759916500745808
day_1,Cold cloudy day,0.45,31,7.75,2.0853,13.6563,20.0,area_old_08,5.645340802909041
day_1,Cold cloudy day,0.45,32,8.0,2.2765,18.1173,20.0,area_old_08,5.53224508417026
day_1,Cold cloudy day,0.45,33,8.25,2.4643,22.5008,20.0,area_old_08,5.42114747719505
day_1,Cold cloudy day,0.45,34,8.5,2.6481,26.7878,20.0,area_old_08,5.312438474372778
day_1,Cold cloudy day,0.45,35,8.75,2.8269,30.9602,20.0,area_old_08,5.2066723503565475
day_1,Cold cloudy day,0.45,36,9.0,3.0,35.0,20.0,area_old_08,5.104275027881998
day_1,Cold cloudy day,0.45,37,9.25,3.1667,38.8899,20.0,area_old_08,5.005667448196036
day_1,Cold cloudy day,0.45,38,9.5,3.3263,42.6133,20.0,area_old_08,4.911265571056838
day_1,Cold cloudy day,0.45,39,9.75,3.478,46.1542,20.0,area_old_08,4.821523633133845
day_1,Cold cloudy day,0.45,40,10.0,3.6213,49.4975,20.0,area_old_08,4.736761826049049
day_1,Cold cloudy day,0.45,41,10.25,3.7555,52.6288,20.0,area_old_08,4.6573804534531975
day_1,Cold cloudy day,0.45,42,10.5,3.8801,55.5347,20.0,area_old_08,4.583687609067085
day_1,Cold cloudy day,0.45,43,10.75,3.9944,58.2029,20.0,area_old_08,4.516068652075272
day_1,Cold cloudy day,0.45,44,11.0,4.0981,60.6218,20.0,area_old_08,4.454733773138624
day_1,Cold cloudy day,0.45,45,11.25,4.1906,62.7811,20.0,area_old_08,4.400011551858025
day_1,Cold cloudy day,0.45,46,11.5,4.2716,64.6716,20.0,area_old_08,4.352095099504417
day_1,Cold cloudy day,0.45,47,11.75,4.3408,66.2851,20.0,area_old_08,4.311170410936268
day_1,Cold cloudy day,0.45,48,12.0,4.3978,67.6148,20.0,area_old_08,4.277456064793338
day_1,Cold cloudy day,0.45,49,12.25,4.4424,68.655,20.0,area_old_08,4.251077718144184
day_1,Cold cloudy day,0.45,50,12.5,4.4743,69.4011,20.0,area_old_08,4.232195746762386
day_1,Cold cloudy day,0.45,51,12.75,4.4936,69.8501,20.0,area_old_08,4.220788953126611
day_1,Cold cloudy day,0.45,52,13.0,4.5,70.0,20.0,area_old_08,4.216999210338025
day_1,Cold cloudy day,0.45,53,13.25,4.4936,69.8501,20.0,area_old_08,4.220788953126611
day_1,Cold cloudy day,0.45,54,13.5,4.4743,69.4011,20.0,area_old_08,4.232195746762386
day_1,Cold cloudy day,0.45,55,13.75,4.4424,68.655,20.0,area_old_08,4.251077718144184
day_1,Cold cloudy day,0.45,56,14.0,4.3978,67.6148,20.0,area_old_08,4.277456064793338
day_1,Cold cloudy day,0.45,57,14.25,4.3408,66.2851,20.0,area_old_08,4.311170410936268
day_1,Cold cloudy day,0.45,58,14.5,4.2716,64.6716,20.0,area_old_08,4.352095099504417
day_1,Cold cloudy day,0.45,59,14.75,4.1906,62.7811,20.0,area_old_08,4.400011551858025
day_1,Cold cloudy day,0.45,60,15.0,4.0981,60.6218,20.0,area_old_08,4.454733773138624
day_1,Cold cloudy day,0.45,61,15.25,3.9944,58.2029,20.0,area_old_08,4.516068652075272
day_1,Cold cloudy day,0.45,62,15.5,3.8801,55.5347,20.0,area_old_08,4.583687609067085
day_1,Cold cloudy day,0.45,63,15.75,3.7555,52.6288,20.0,area_old_08,4.6573804534531975
day_1,Cold cloudy day,0.45,64,16.0,3.6213,49.4975,20.0,area_old_08,4.736761826049049
day_1,Cold cloudy day,0.45,65,16.25,3.478,46.1542,20.0,area_old_08,4.821523633133845
day_1,Cold cloudy day,0.45,66,16.5,3.3263,42.6133,20.0,area_old_08,4.911265571056838
day_1,Cold cloudy day,0.45,67,16.75,3.1667,38.8899,20.0,area_old_08,5.005667448196036
day_1,Cold cloudy day,0.45,68,17.0,3.0,35.0,20.0,area_old_08,5.104275027881998
day_1,Cold cloudy day,0.45,69,17.25,2.8269,30.9602,20.0,area_old_08,5.2066723503565475
day_1,Cold cloudy day,0.45,70,17.5,2.6481,26.7878,20.0,area_old_08,5.312438474372778
day_1,Cold cloudy day,0.45,71,17.75,2.4643,22.5008,20.0,area_old_08,5.42114747719505
day_1,Cold cloudy day,0.45,72,18.0,2.2765,18.1173,20.0,area_old_08,5.53224508417026
day_1,Cold cloudy day,0.45,73,18.25,2.0853,13.6563,20.0,area_old_08,5.645340802909041
day_1,Cold cloudy day,0.45,74,18.5,1.8916,9.1368,20.0,area_old_08,5.759916500745808
day_1,Cold cloudy day,0.45,75,18.75,1.6962,4.5782,20.0,area_old_08,5.8754937452087255
day_1,Cold cloudy day,0.45,76,19.0,1.5,0.0,20.0,area_old_08,5.991550845425971
day_1,Cold cloudy day,0.45,77,19.25,1.3038,0.0,20.0,area_old_08,6.075027586077974
day_1,Cold cloudy day,0.45,78,19.5,1.1084,0.0,20.0,area_old_08,6.158163952660038
day_1,Cold cloudy day,0.45,79,19.75,0.9147,0.0,20.0,area_old_08,6.240577024343487
day_1,Cold cloudy day,0.45,80,20.0,0.7235,0.0,20.0,area_old_08,6.321926427058385
day_1,Cold cloudy day,0.45,81,20.25,0.5357,0.0,20.0,area_old_08,6.401829239976051
day_1,Cold cloudy day,0.45,82,20.5,0.3519,0.0,20.0,area_old_08,6.480030182544031
day_1,Cold cloudy day,0.45,83,20.75,0.1731,0.0,20.0,area_old_08,6.556103787174907
day_1,Cold cloudy day,0.45,84,21.0,-0.0,0.0,20.0,area_old_08,6.629752226557484
day_1,Cold cloudy day,0.45,85,21.25,-0.1667,0.0,20.0,area_old_08,6.700677673380564
day_1,Cold cloudy day,0.45,86,21.5,-0.3263,0.0,20.0,area_old_08,6.768582300332959
day_1,Cold cloudy day,0.45,87,21.75,-0.478,0.0,20.0,area_old_08,6.833125733344726
day_1,Cold cloudy day,0.45,88,22.0,-0.6213,0.0,20.0,area_old_08,6.894095238622157
day_1,Cold cloudy day,0.45,89,22.25,-0.7555,0.0,20.0,area_old_08,6.951192988854055
day_1,Cold cloudy day,0.45,90,22.5,-0.8801,0.0,20.0,area_old_08,7.004206250246712
day_1,Cold cloudy day,0.45,91,22.75,-0.9944,0.0,20.0,area_old_08,7.052837195488934
day_1,Cold cloudy day,0.45,92,23.0,-1.0981,0.0,20.0,area_old_08,7.096958184304492
day_1,Cold cloudy day,0.45,93,23.25,-1.1906,0.0,20.0,area_old_08,7.136313936140937
day_1,Cold cloudy day,0.45,94,23.5,-1.2716,0.0,20.0,area_old_08,7.170776810722037
day_1,Cold cloudy day,0.45,95,23.75,-1.3408,0.0,20.0,area_old_08,7.2002191677715714
day_1,Cold cloudy day,0.45,0,0.0,-1.3978,0.0,20.0,area_weak_01,4.0255947816984
day_1,Cold cloudy day,0.45,1,0.25,-1.4424,0.0,20.0,area_weak_01,4.032379045421911
day_1,Cold cloudy day,0.45,2,0.5,-1.4743,0.0,20.0,area_weak_01,4.037231467233123
day_1,Cold cloudy day,0.45,3,0.75,-1.4936,0.0,20.0,area_weak_01,4.040167258485673
day_1,Cold cloudy day,0.45,4,1.0,-1.5,0.0,20.0,area_weak_01,4.041140785118643
day_1,Cold cloudy day,0.45,5,1.25,-1.4936,0.0,20.0,area_weak_01,4.040167258485673
day_1,Cold cloudy day,0.45,6,1.5,-1.4743,0.0,20.0,area_weak_01,4.037231467233123
day_1,Cold cloudy day,0.45,7,1.75,-1.4424,0.0,20.0,area_weak_01,4.032379045421911
day_1,Cold cloudy day,0.45,8,2.0,-1.3978,0.0,20.0,area_weak_01,4.0255947816984
day_1,Cold cloudy day,0.45,9,2.25,-1.3408,0.0,20.0,area_weak_01,4.016924310123509
day_1,Cold cloudy day,0.45,10,2.5,-1.2716,0.0,20.0,area_weak_01,4.006398053404517
day_1,Cold cloudy day,0.45,11,2.75,-1.1906,0.0,20.0,area_weak_01,3.9940768569559877
day_1,Cold cloudy day,0.45,12,3.0,-1.0981,0.0,20.0,area_weak_01,3.9800063548388387
day_1,Cold cloudy day,0.45,13,3.25,-0.9944,0.0,20.0,area_weak_01,3.964232181113993
day_1,Cold cloudy day,0.45,14,3.5,-0.8801,0.0,20.0,area_weak_01,3.9468456039032898
day_1,Cold cloudy day,0.45,15,3.75,-0.7555,0.0,20.0,area_weak_01,3.92789225726765
day_1,Cold cloudy day,0.45,16,4.0,-0.6213,0.0,20.0,area_weak_01,3.9074786206825554
day_1,Cold cloudy day,0.45,17,4.25,-0.478,0.0,20.0,area_weak_01,3.8856807509162055
day_1,Cold cloudy day,0.45,18,4.5,-0.3263,0.0,20.0,area_weak_01,3.8626051274440822
day_1,Cold cloudy day,0.45,19,4.75,-0.1667,0.0,20.0,area_weak_01,3.8383278070343856
day_1,Cold cloudy day,0.45,20,5.0,0.0,0.0,20.0,area_weak_01,3.8129704805162383
day_1,Cold cloudy day,0.45,21,5.25,0.1731,0.0,20.0,area_weak_01,3.786639627365121
day_1,Cold cloudy day,0.45,22,5.5,0.3519,0.0,20.0,area_weak_01,3.7594417270565144
day_1,Cold cloudy day,0.45,23,5.75,0.5357,0.0,20.0,area_weak_01,3.7314832590659
day_1,Cold cloudy day,0.45,24,6.0,0.7235,0.0,20.0,area_weak_01,3.702916336929679
day_1,Cold cloudy day,0.45,25,6.25,0.9147,0.0,20.0,area_weak_01,3.673832228769692
day_1,Cold cloudy day,0.45,26,6.5,1.1084,0.0,20.0,area_weak_01,3.6443678367687014
day_1,Cold cloudy day,0.45,27,6.75,1.3038,0.0,20.0,area_weak_01,3.6146448517558287
day_1,Cold cloudy day,0.45,28,7.0,1.5,0.0,20.0,area_weak_01,3.584800175913834
day_1,Cold cloudy day,0.45,29,7.25,1.6962,4.5782,20.0,area_weak_01,3.5355974944508395
day_1,Cold cloudy day,0.45,30,7.5,1.8916,9.1368,20.0,area_weak_01,3.4865993785079317
day_1,Cold cloudy day,0.45,31,7.75,2.0853,13.6563,20.0,area_weak_01,3.4380251821287784
day_1,Cold cloudy day,0.45,32,8.0,2.2765,18.1173,20.0,area_weak_01,3.390078625173353
day_1,Cold cloudy day,0.45,33,8.25,2.4643,22.5008,20.0,area_weak_01,3.342976947535046
day_1,Cold cloudy day,0.45,34,8.5,2.6481,26.7878,20.0,area_weak_01,3.2968917550463273
day_1,Cold cloudy day,0.45,35,8.75,2.8269,30.9602,20.0,area_weak_01,3.252051693483721
day_1,Cold cloudy day,0.45,36,9.0,3.0,35.0,20.0,area_weak_01,3.2086393517327805
day_1,Cold cloudy day,0.45,37,9.25,3.1667,38.8899,20.0,area_weak_01,3.1668343588686625
day_1,Cold cloudy day,0.45,38,9.5,3.3263,42.6133,20.0,area_weak_01,3.126813384156134
day_1,Cold cloudy day,0.45,39,9.75,3.478,46.1542,20.0,area_weak_01,3.088765771233266
day_1,Cold cloudy day,0.45,40,10.0,3.6213,49.4975,20.0,area_weak_01,3.0528314242067083
day_1,Cold cloudy day,0.45,41,10.25,3.7555,52.6288,20.0,area_weak_01,3.019177710079995
day_1,Cold cloudy day,0.45,42,10.5,3.8801,55.5347,20.0,area_weak_01,2.987937344848824
day_1,Cold cloudy day,0.45,43,10.75,3.9944,58.2029,20.0,area_weak_01,2.959268816085557
day_1,Cold cloudy day,0.45,44,11.0,4.0981,60.6218,20.0,area_weak_01,2.9332668061376017
day_1,Cold cloudy day,0.45,45,11.25,4.1906,62.7811,20.0,area_weak_01,2.9100661346225625
day_1,Cold cloudy day,0.45,46,11.5,4.2716,64.6716,20.0,area_weak_01,2.8897513359665066
day_1,Cold cloudy day,0.45,47,11.75,4.3408,66.2851,20.0,area_weak_01,2.87240271629494
day_1,Cold cloudy day,0.45,48,12.0,4.3978,67.6148,20.0,area_weak_01,2.858109873466227
day_1,Cold cloudy day,0.45,49,12.25,4.4424,68.655,20.0,area_weak_01,2.8469273315008383
day_1,Cold cloudy day,0.45,50,12.5,4.4743,69.4011,20.0,area_weak_01,2.8389201746422668
day_1,Cold cloudy day,0.45,51,12.75,4.4936,69.8501,20.0,area_weak_01,2.8340858764385493
day_1,Cold cloudy day,0.45,52,13.0,4.5,70.0,20.0,area_weak_01,2.832478527551727
day_1,Cold cloudy day,0.45,53,13.25,4.4936,69.8501,20.0,area_weak_01,2.8340858764385493
day_1,Cold cloudy day,0.45,54,13.5,4.4743,69.4011,20.0,area_weak_01,2.8389201746422668
day_1,Cold cloudy day,0.45,55,13.75,4.4424,68.655,20.0,area_weak_01,2.8469273315008383
day_1,Cold cloudy day,0.45,56,14.0,4.3978,67.6148,20.0,area_weak_01,2.858109873466227
day_1,Cold cloudy day,0.45,57,14.25,4.3408,66.2851,20.0,area_weak_01,2.87240271629494
day_1,Cold cloudy day,0.45,58,14.5,4.2716,64.6716,20.0,area_weak_01,2.8897513359665066
day_1,Cold cloudy day,0.45,59,14.75,4.1906,62.7811,20.0,area_weak_01,2.9100661346225625
day_1,Cold cloudy day,0.45,60,15.0,4.0981,60.6218,20.0,area_weak_01,2.9332668061376017
day_1,Cold cloudy day,0.45,61,15.25,3.9944,58.2029,20.0,area_weak_01,2.959268816085557
day_1,Cold cloudy day,0.45,62,15.5,3.8801,55.5347,20.0,area_weak_01,2.987937344848824
day_1,Cold cloudy day,0.45,63,15.75,3.7555,52.6288,20.0,area_weak_01,3.019177710079995
day_1,Cold cloudy day,0.45,64,16.0,3.6213,49.4975,20.0,area_weak_01,3.0528314242067083
day_1,Cold cloudy day,0.45,65,16.25,3.478,46.1542,20.0,area_weak_01,3.088765771233266
day_1,Cold cloudy day,0.45,66,16.5,3.3263,42.6133,20.0,area_weak_01,3.126813384156134
day_1,Cold cloudy day,0.45,67,16.75,3.1667,38.8899,20.0,area_weak_01,3.1668343588686625
day_1,Cold cloudy day,0.45,68,17.0,3.0,35.0,20.0,area_weak_01,3.2086393517327805
day_1,Cold cloudy day,0.45,69,17.25,2.8269,30.9602,20.0,area_weak_01,3.252051693483721
day_1,Cold cloudy day,0.45,70,17.5,2.6481,26.7878,20.0,area_weak_01,3.2968917550463273
day_1,Cold cloudy day,0.45,71,17.75,2.4643,22.5008,20.0,area_weak_01,3.342976947535046
day_1,Cold cloudy day,0.45,72,18.0,2.2765,18.1173,20.0,area_weak_01,3.390078625173353
day_1,Cold cloudy day,0.45,73,18.25,2.0853,13.6563,20.0,area_weak_01,3.4380251821287784
day_1,Cold cloudy day,0.45,74,18.5,1.8916,9.1368,20.0,area_weak_01,3.4865993785079317
day_1,Cold cloudy day,0.45,75,18.75,1.6962,4.5782,20.0,area_weak_01,3.5355974944508395
day_1,Cold cloudy day,0.45,76,19.0,1.5,0.0,20.0,area_weak_01,3.584800175913834
day_1,Cold cloudy day,0.45,77,19.25,1.3038,0.0,20.0,area_weak_01,3.6146448517558287
day_1,Cold cloudy day,0.45,78,19.5,1.1084,0.0,20.0,area_weak_01,3.6443678367687014
day_1,Cold cloudy day,0.45,79,19.75,0.9147,0.0,20.0,area_weak_01,3.673832228769692
day_1,Cold cloudy day,0.45,80,20.0,0.7235,0.0,20.0,area_weak_01,3.702916336929679
day_1,Cold cloudy day,0.45,81,20.25,0.5357,0.0,20.0,area_weak_01,3.7314832590659
day_1,Cold cloudy day,0.45,82,20.5,0.3519,0.0,20.0,area_weak_01,3.7594417270565144
day_1,Cold cloudy day,0.45,83,20.75,0.1731,0.0,20.0,area_weak_01,3.786639627365121
day_1,Cold cloudy day,0.45,84,21.0,-0.0,0.0,20.0,area_weak_01,3.8129704805162383
day_1,Cold cloudy day,0.45,85,21.25,-0.1667,0.0,20.0,area_weak_01,3.8383278070343856
day_1,Cold cloudy day,0.45,86,21.5,-0.3263,0.0,20.0,area_weak_01,3.8626051274440822
day_1,Cold cloudy day,0.45,87,21.75,-0.478,0.0,20.0,area_weak_01,3.8856807509162055
day_1,Cold cloudy day,0.45,88,22.0,-0.6213,0.0,20.0,area_weak_01,3.9074786206825554
day_1,Cold cloudy day,0.45,89,22.25,-0.7555,0.0,20.0,area_weak_01,3.92789225726765
day_1,Cold cloudy day,0.45,90,22.5,-0.8801,0.0,20.0,area_weak_01,3.9468456039032898
day_1,Cold cloudy day,0.45,91,22.75,-0.9944,0.0,20.0,area_weak_01,3.964232181113993
day_1,Cold cloudy day,0.45,92,23.0,-1.0981,0.0,20.0,area_weak_01,3.9800063548388387
day_1,Cold cloudy day,0.45,93,23.25,-1.1906,0.0,20.0,area_weak_01,3.9940768569559877
day_1,Cold cloudy day,0.45,94,23.5,-1.2716,0.0,20.0,area_weak_01,4.006398053404517
day_1,Cold cloudy day,0.45,95,23.75,-1.3408,0.0,20.0,area_weak_01,4.016924310123509
day_1,Cold cloudy day,0.45,0,0.0,-1.3978,0.0,20.0,area_weak_02,5.207881975235309
day_1,Cold cloudy day,0.45,1,0.25,-1.4424,0.0,20.0,area_weak_02,5.214175359841491
day_1,Cold cloudy day,0.45,2,0.5,-1.4743,0.0,20.0,area_weak_02,5.218676682014971
day_1,Cold cloudy day,0.45,3,0.75,-1.4936,0.0,20.0,area_weak_02,5.221400052483565
day_1,Cold cloudy day,0.45,4,1.0,-1.5,0.0,20.0,area_weak_02,5.222303139063825
day_1,Cold cloudy day,0.45,5,1.25,-1.4936,0.0,20.0,area_weak_02,5.221400052483565
day_1,Cold cloudy day,0.45,6,1.5,-1.4743,0.0,20.0,area_weak_02,5.218676682014971
day_1,Cold cloudy day,0.45,7,1.75,-1.4424,0.0,20.0,area_weak_02,5.214175359841491
day_1,Cold cloudy day,0.45,8,2.0,-1.3978,0.0,20.0,area_weak_02,5.207881975235309
day_1,Cold cloudy day,0.45,9,2.25,-1.3408,0.0,20.0,area_weak_02,5.199838860379875
day_1,Cold cloudy day,0.45,10,2.5,-1.2716,0.0,20.0,area_weak_02,5.190074236730821
day_1,Cold cloudy day,0.45,11,2.75,-1.1906,0.0,20.0,area_weak_02,5.178644547199414
day_1,Cold cloudy day,0.45,12,3.0,-1.0981,0.0,20.0,area_weak_02,5.165592123969104
day_1,Cold cloudy day,0.45,13,3.25,-0.9944,0.0,20.0,area_weak_02,5.15095929922334
day_1,Cold cloudy day,0.45,14,3.5,-0.8801,0.0,20.0,area_weak_02,5.134830737329022
day_1,Cold cloudy day,0.45,15,3.75,-0.7555,0.0,20.0,area_weak_02,5.117248770469599
day_1,Cold cloudy day,0.45,16,4.0,-0.6213,0.0,20.0,area_weak_02,5.098312173739787
day_1,Cold cloudy day,0.45,17,4.25,-0.478,0.0,20.0,area_weak_02,5.078091500778669
day_1,Cold cloudy day,0.45,18,4.5,-0.3263,0.0,20.0,area_weak_02,5.05668552668096
day_1,Cold cloudy day,0.45,19,4.75,-0.1667,0.0,20.0,area_weak_02,5.034164805085743
day_1,Cold cloudy day,0.45,20,5.0,0.0,0.0,20.0,area_weak_02,5.0106422218155515
day_1,Cold cloudy day,0.45,21,5.25,0.1731,0.0,20.0,area_weak_02,4.986216551965102
day_1,Cold cloudy day,0.45,22,5.5,0.3519,0.0,20.0,area_weak_02,4.960986570629107
day_1,Cold cloudy day,0.45,23,5.75,0.5357,0.0,20.0,area_weak_02,4.935051052902286
day_1,Cold cloudy day,0.45,24,6.0,0.7235,0.0,20.0,area_weak_02,4.908551106062802
day_1,Cold cloudy day,0.45,25,6.25,0.9147,0.0,20.0,area_weak_02,4.881571394477556
day_1,Cold cloudy day,0.45,26,6.5,1.1084,0.0,20.0,area_weak_02,4.854238914696895
day_1,Cold cloudy day,0.45,27,6.75,1.3038,0.0,20.0,area_weak_02,4.826666552543354
day_1,Cold cloudy day,0.45,28,7.0,1.5,0.0,20.0,area_weak_02,4.798981304567279
day_1,Cold cloudy day,0.45,29,7.25,1.6962,4.5782,20.0,area_weak_02,4.7678752393539465
day_1,Cold cloudy day,0.45,30,7.5,1.8916,9.1368,20.0,area_weak_02,4.736896705024055
day_1,Cold cloudy day,0.45,31,7.75,2.0853,13.6563,20.0,area_weak_02,4.706187268469162
day_1,Cold cloudy day,0.45,32,8.0,2.2765,18.1173,20.0,area_weak_02,4.675874311133313
day_1,Cold cloudy day,0.45,33,8.25,2.4643,22.5008,20.0,area_weak_02,4.646099026309573
day_1,Cold cloudy day,0.45,34,8.5,2.6481,26.7878,20.0,area_weak_02,4.616960275107559
day_1,Cold cloudy day,0.45,35,8.75,2.8269,30.9602,20.0,area_weak_02,4.588612689070866
day_1,Cold cloudy day,0.45,36,9.0,3.0,35.0,20.0,area_weak_02,4.561168492839943
day_1,Cold cloudy day,0.45,37,9.25,3.1667,38.8899,20.0,area_weak_02,4.534739388017348
day_1,Cold cloudy day,0.45,38,9.5,3.3263,42.6133,20.0,area_weak_02,4.509436553167751
day_1,Cold cloudy day,0.45,39,9.75,3.478,46.1542,20.0,area_weak_02,4.485384829265444
day_1,Cold cloudy day,0.45,40,10.0,3.6213,49.4975,20.0,area_weak_02,4.462666052623987
day_1,Cold cloudy day,0.45,41,10.25,3.7555,52.6288,20.0,area_weak_02,4.441389757974681
day_1,Cold cloudy day,0.45,42,10.5,3.8801,55.5347,20.0,area_weak_02,4.421636511396209
day_1,Cold cloudy day,0.45,43,10.75,3.9944,58.2029,20.0,area_weak_02,4.403514278506204
day_1,Cold cloudy day,0.45,44,11.0,4.0981,60.6218,20.0,area_weak_02,4.387074058973143
day_1,Cold cloudy day,0.45,45,11.25,4.1906,62.7811,20.0,area_weak_02,4.372408213292871
day_1,Cold cloudy day,0.45,46,11.5,4.2716,64.6716,20.0,area_weak_02,4.359565947861102
day_1,Cold cloudy day,0.45,47,11.75,4.3408,66.2851,20.0,area_weak_02,4.348595721876563
day_1,Cold cloudy day,0.45,48,12.0,4.3978,67.6148,20.0,area_weak_02,4.33955905919002
day_1,Cold cloudy day,0.45,49,12.25,4.4424,68.655,20.0,area_weak_02,4.332488440279921
day_1,Cold cloudy day,0.45,50,12.5,4.4743,69.4011,20.0,area_weak_02,4.327429634435846
day_1,Cold cloudy day,0.45,51,12.75,4.4936,69.8501,20.0,area_weak_02,4.324370772520934
day_1,Cold cloudy day,0.45,52,13.0,4.5,70.0,20.0,area_weak_02,4.323355681112606
day_1,Cold cloudy day,0.45,53,13.25,4.4936,69.8501,20.0,area_weak_02,4.324370772520934
day_1,Cold cloudy day,0.45,54,13.5,4.4743,69.4011,20.0,area_weak_02,4.327429634435846
day_1,Cold cloudy day,0.45,55,13.75,4.4424,68.655,20.0,area_weak_02,4.332488440279921
day_1,Cold cloudy day,0.45,56,14.0,4.3978,67.6148,20.0,area_weak_02,4.33955905919002
day_1,Cold cloudy day,0.45,57,14.25,4.3408,66.2851,20.0,area_weak_02,4.348595721876563
day_1,Cold cloudy day,0.45,58,14.5,4.2716,64.6716,20.0,area_weak_02,4.359565947861102
day_1,Cold cloudy day,0.45,59,14.75,4.1906,62.7811,20.0,area_weak_02,4.372408213292871
day_1,Cold cloudy day,0.45,60,15.0,4.0981,60.6218,20.0,area_weak_02,4.387074058973143
day_1,Cold cloudy day,0.45,61,15.25,3.9944,58.2029,20.0,area_weak_02,4.403514278506204
day_1,Cold cloudy day,0.45,62,15.5,3.8801,55.5347,20.0,area_weak_02,4.421636511396209
day_1,Cold cloudy day,0.45,63,15.75,3.7555,52.6288,20.0,area_weak_02,4.441389757974681
day_1,Cold cloudy day,0.45,64,16.0,3.6213,49.4975,20.0,area_weak_02,4.462666052623987
day_1,Cold cloudy day,0.45,65,16.25,3.478,46.1542,20.0,area_weak_02,4.485384829265444
day_1,Cold cloudy day,0.45,66,16.5,3.3263,42.6133,20.0,area_weak_02,4.509436553167751
day_1,Cold cloudy day,0.45,67,16.75,3.1667,38.8899,20.0,area_weak_02,4.534739388017348
day_1,Cold cloudy day,0.45,68,17.0,3.0,35.0,20.0,area_weak_02,4.561168492839943
day_1,Cold cloudy day,0.45,69,17.25,2.8269,30.9602,20.0,area_weak_02,4.588612689070866
day_1,Cold cloudy day,0.45,70,17.5,2.6481,26.7878,20.0,area_weak_02,4.616960275107559
day_1,Cold cloudy day,0.45,71,17.75,2.4643,22.5008,20.0,area_weak_02,4.646099026309573
day_1,Cold cloudy day,0.45,72,18.0,2.2765,18.1173,20.0,area_weak_02,4.675874311133313
day_1,Cold cloudy day,0.45,73,18.25,2.0853,13.6563,20.0,area_weak_02,4.706187268469162
day_1,Cold cloudy day,0.45,74,18.5,1.8916,9.1368,20.0,area_weak_02,4.736896705024055
day_1,Cold cloudy day,0.45,75,18.75,1.6962,4.5782,20.0,area_weak_02,4.7678752393539465
day_1,Cold cloudy day,0.45,76,19.0,1.5,0.0,20.0,area_weak_02,4.798981304567279
day_1,Cold cloudy day,0.45,77,19.25,1.3038,0.0,20.0,area_weak_02,4.826666552543354
day_1,Cold cloudy day,0.45,78,19.5,1.1084,0.0,20.0,area_weak_02,4.854238914696895
day_1,Cold cloudy day,0.45,79,19.75,0.9147,0.0,20.0,area_weak_02,4.881571394477556
day_1,Cold cloudy day,0.45,80,20.0,0.7235,0.0,20.0,area_weak_02,4.908551106062802
day_1,Cold cloudy day,0.45,81,20.25,0.5357,0.0,20.0,area_weak_02,4.935051052902286
day_1,Cold cloudy day,0.45,82,20.5,0.3519,0.0,20.0,area_weak_02,4.960986570629107
day_1,Cold cloudy day,0.45,83,20.75,0.1731,0.0,20.0,area_weak_02,4.986216551965102
day_1,Cold cloudy day,0.45,84,21.0,-0.0,0.0,20.0,area_weak_02,5.0106422218155515
day_1,Cold cloudy day,0.45,85,21.25,-0.1667,0.0,20.0,area_weak_02,5.034164805085743
day_1,Cold cloudy day,0.45,86,21.5,-0.3263,0.0,20.0,area_weak_02,5.05668552668096
day_1,Cold cloudy day,0.45,87,21.75,-0.478,0.0,20.0,area_weak_02,5.078091500778669
day_1,Cold cloudy day,0.45,88,22.0,-0.6213,0.0,20.0,area_weak_02,5.098312173739787
day_1,Cold cloudy day,0.45,89,22.25,-0.7555,0.0,20.0,area_weak_02,5.117248770469599
day_1,Cold cloudy day,0.45,90,22.5,-0.8801,0.0,20.0,area_weak_02,5.134830737329022
day_1,Cold cloudy day,0.45,91,22.75,-0.9944,0.0,20.0,area_weak_02,5.15095929922334
day_1,Cold cloudy day,0.45,92,23.0,-1.0981,0.0,20.0,area_weak_02,5.165592123969104
day_1,Cold cloudy day,0.45,93,23.25,-1.1906,0.0,20.0,area_weak_02,5.178644547199414
day_1,Cold cloudy day,0.45,94,23.5,-1.2716,0.0,20.0,area_weak_02,5.190074236730821
day_1,Cold cloudy day,0.45,95,23.75,-1.3408,0.0,20.0,area_weak_02,5.199838860379875
day_1,Cold cloudy day,0.45,0,0.0,-1.3978,0.0,20.0,area_weak_03,4.253052209720084
day_1,Cold cloudy day,0.45,1,0.25,-1.4424,0.0,20.0,area_weak_03,4.259108950914272
day_1,Cold cloudy day,0.45,2,0.5,-1.4743,0.0,20.0,area_weak_03,4.263441014683209
day_1,Cold cloudy day,0.45,3,0.75,-1.4936,0.0,20.0,area_weak_03,4.266061981164102
day_1,Cold cloudy day,0.45,4,1.0,-1.5,0.0,20.0,area_weak_03,4.266931109945331
day_1,Cold cloudy day,0.45,5,1.25,-1.4936,0.0,20.0,area_weak_03,4.266061981164102
day_1,Cold cloudy day,0.45,6,1.5,-1.4743,0.0,20.0,area_weak_03,4.263441014683209
day_1,Cold cloudy day,0.45,7,1.75,-1.4424,0.0,20.0,area_weak_03,4.259108950914272
day_1,Cold cloudy day,0.45,8,2.0,-1.3978,0.0,20.0,area_weak_03,4.253052209720084
day_1,Cold cloudy day,0.45,9,2.25,-1.3408,0.0,20.0,area_weak_03,4.245311531512265
day_1,Cold cloudy day,0.45,10,2.5,-1.2716,0.0,20.0,area_weak_03,4.23591407656523
day_1,Cold cloudy day,0.45,11,2.75,-1.1906,0.0,20.0,area_weak_03,4.224914165427804
day_1,Cold cloudy day,0.45,12,3.0,-1.0981,0.0,20.0,area_weak_03,4.212352538511607
day_1,Cold cloudy day,0.45,13,3.25,-0.9944,0.0,20.0,area_weak_03,4.19826993622826
day_1,Cold cloudy day,0.45,14,3.5,-0.8801,0.0,20.0,area_weak_03,4.182747839401003
day_1,Cold cloudy day,0.45,15,3.75,-0.7555,0.0,20.0,area_weak_03,4.165826988441456
day_1,Cold cloudy day,0.45,16,4.0,-0.6213,0.0,20.0,area_weak_03,4.147602444310066
day_1,Cold cloudy day,0.45,17,4.25,-0.478,0.0,20.0,area_weak_03,4.128142107692867
day_1,Cold cloudy day,0.45,18,4.5,-0.3263,0.0,20.0,area_weak_03,4.107541039550304
day_1,Cold cloudy day,0.45,19,4.75,-0.1667,0.0,20.0,area_weak_03,4.0858671405684115
day_1,Cold cloudy day,0.45,20,5.0,0.0,0.0,20.0,area_weak_03,4.063229051844845
day_1,Cold cloudy day,0.45,21,5.25,0.1731,0.0,20.0,area_weak_03,4.039721834340049
day_1,Cold cloudy day,0.45,22,5.5,0.3519,0.0,20.0,area_weak_03,4.01544054901447
day_1,Cold cloudy day,0.45,23,5.75,0.5357,0.0,20.0,area_weak_03,3.9904802568285582
day_1,Cold cloudy day,0.45,24,6.0,0.7235,0.0,20.0,area_weak_03,3.9649767591543768
day_1,Cold cloudy day,0.45,25,6.25,0.9147,0.0,20.0,area_weak_03,3.939011536815168
day_1,Cold cloudy day,0.45,26,6.5,1.1084,0.0,20.0,area_weak_03,3.9127068110457923
day_1,Cold cloudy day,0.45,27,6.75,1.3038,0.0,20.0,area_weak_03,3.8861712229439025
day_1,Cold cloudy day,0.45,28,7.0,1.5,0.0,20.0,area_weak_03,3.8595269937443586
day_1,Cold cloudy day,0.45,29,7.25,1.6962,4.5782,20.0,area_weak_03,3.812755657538701
day_1,Cold cloudy day,0.45,30,7.5,1.8916,9.1368,20.0,area_weak_03,3.766179129766619
day_1,Cold cloudy day,0.45,31,7.75,2.0853,13.6563,20.0,area_weak_03,3.7200053593696305
day_1,Cold cloudy day,0.45,32,8.0,2.2765,18.1173,20.0,area_weak_03,3.674428275522782
day_1,Cold cloudy day,0.45,33,8.25,2.4643,22.5008,20.0,area_weak_03,3.6296536290212664
day_1,Cold cloudy day,0.45,34,8.5,2.6481,26.7878,20.0,area_weak_03,3.585846430248658
day_1,Cold cloudy day,0.45,35,8.75,2.8269,30.9602,20.0,area_weak_03,3.5432220534739702
day_1,Cold cloudy day,0.45,36,9.0,3.0,35.0,20.0,area_weak_03,3.5019546929253362
day_1,Cold cloudy day,0.45,37,9.25,3.1667,38.8899,20.0,area_weak_03,3.4622154654260315
day_1,Cold cloudy day,0.45,38,9.5,3.3263,42.6133,20.0,area_weak_03,3.424172410394476
day_1,Cold cloudy day,0.45,39,9.75,3.478,46.1542,20.0,area_weak_03,3.3880045096107114
day_1,Cold cloudy day,0.45,40,10.0,3.6213,49.4975,20.0,area_weak_03,3.353846047779772
day_1,Cold cloudy day,0.45,41,10.25,3.7555,52.6288,20.0,area_weak_03,3.3218553924762526
day_1,Cold cloudy day,0.45,42,10.5,3.8801,55.5347,20.0,area_weak_03,3.2921593547076835
day_1,Cold cloudy day,0.45,43,10.75,3.9944,58.2029,20.0,area_weak_03,3.264907069834095
day_1,Cold cloudy day,0.45,44,11.0,4.0981,60.6218,20.0,area_weak_03,3.2401902752618374
day_1,Cold cloudy day,0.45,45,11.25,4.1906,62.7811,20.0,area_weak_03,3.2181357336284364
day_1,Cold cloudy day,0.45,46,11.5,4.2716,64.6716,20.0,area_weak_03,3.198824631237885
day_1,Cold cloudy day,0.45,47,11.75,4.3408,66.2851,20.0,area_weak_03,3.1823337581015245
day_1,Cold cloudy day,0.45,48,12.0,4.3978,67.6148,20.0,area_weak_03,3.1687473295581965
day_1,Cold cloudy day,0.45,49,12.25,4.4424,68.655,20.0,area_weak_03,3.1581175647504134
day_1,Cold cloudy day,0.45,50,12.5,4.4743,69.4011,20.0,area_weak_03,3.1505054270359825
day_1,Cold cloudy day,0.45,51,12.75,4.4936,69.8501,20.0,area_weak_03,3.145910525155643
day_1,Cold cloudy day,0.45,52,13.0,4.5,70.0,20.0,area_weak_03,3.144382392106314
day_1,Cold cloudy day,0.45,53,13.25,4.4936,69.8501,20.0,area_weak_03,3.145910525155643
day_1,Cold cloudy day,0.45,54,13.5,4.4743,69.4011,20.0,area_weak_03,3.1505054270359825
day_1,Cold cloudy day,0.45,55,13.75,4.4424,68.655,20.0,area_weak_03,3.1581175647504134
day_1,Cold cloudy day,0.45,56,14.0,4.3978,67.6148,20.0,area_weak_03,3.1687473295581965
day_1,Cold cloudy day,0.45,57,14.25,4.3408,66.2851,20.0,area_weak_03,3.1823337581015245
day_1,Cold cloudy day,0.45,58,14.5,4.2716,64.6716,20.0,area_weak_03,3.198824631237885
day_1,Cold cloudy day,0.45,59,14.75,4.1906,62.7811,20.0,area_weak_03,3.2181357336284364
day_1,Cold cloudy day,0.45,60,15.0,4.0981,60.6218,20.0,area_weak_03,3.2401902752618374
day_1,Cold cloudy day,0.45,61,15.25,3.9944,58.2029,20.0,area_weak_03,3.264907069834095
day_1,Cold cloudy day,0.45,62,15.5,3.8801,55.5347,20.0,area_weak_03,3.2921593547076835
day_1,Cold cloudy day,0.45,63,15.75,3.7555,52.6288,20.0,area_weak_03,3.3218553924762526
day_1,Cold cloudy day,0.45,64,16.0,3.6213,49.4975,20.0,area_weak_03,3.353846047779772
day_1,Cold cloudy day,0.45,65,16.25,3.478,46.1542,20.0,area_weak_03,3.3880045096107114
day_1,Cold cloudy day,0.45,66,16.5,3.3263,42.6133,20.0,area_weak_03,3.424172410394476
day_1,Cold cloudy day,0.45,67,16.75,3.1667,38.8899,20.0,area_weak_03,3.4622154654260315
day_1,Cold cloudy day,0.45,68,17.0,3.0,35.0,20.0,area_weak_03,3.5019546929253362
day_1,Cold cloudy day,0.45,69,17.25,2.8269,30.9602,20.0,area_weak_03,3.5432220534739702
day_1,Cold cloudy day,0.45,70,17.5,2.6481,26.7878,20.0,area_weak_03,3.585846430248658
day_1,Cold cloudy day,0.45,71,17.75,2.4643,22.5008,20.0,area_weak_03,3.6296536290212664
day_1,Cold cloudy day,0.45,72,18.0,2.2765,18.1173,20.0,area_weak_03,3.674428275522782
day_1,Cold cloudy day,0.45,73,18.25,2.0853,13.6563,20.0,area_weak_03,3.7200053593696305
day_1,Cold cloudy day,0.45,74,18.5,1.8916,9.1368,20.0,area_weak_03,3.766179129766619
day_1,Cold cloudy day,0.45,75,18.75,1.6962,4.5782,20.0,area_weak_03,3.812755657538701
day_1,Cold cloudy day,0.45,76,19.0,1.5,0.0,20.0,area_weak_03,3.8595269937443586
day_1,Cold cloudy day,0.45,77,19.25,1.3038,0.0,20.0,area_weak_03,3.8861712229439025
day_1,Cold cloudy day,0.45,78,19.5,1.1084,0.0,20.0,area_weak_03,3.9127068110457923
day_1,Cold cloudy day,0.45,79,19.75,0.9147,0.0,20.0,area_weak_03,3.939011536815168
day_1,Cold cloudy day,0.45,80,20.0,0.7235,0.0,20.0,area_weak_03,3.9649767591543768
day_1,Cold cloudy day,0.45,81,20.25,0.5357,0.0,20.0,area_weak_03,3.9904802568285582
day_1,Cold cloudy day,0.45,82,20.5,0.3519,0.0,20.0,area_weak_03,4.01544054901447
day_1,Cold cloudy day,0.45,83,20.75,0.1731,0.0,20.0,area_weak_03,4.039721834340049
day_1,Cold cloudy day,0.45,84,21.0,-0.0,0.0,20.0,area_weak_03,4.063229051844845
day_1,Cold cloudy day,0.45,85,21.25,-0.1667,0.0,20.0,area_weak_03,4.0858671405684115
day_1,Cold cloudy day,0.45,86,21.5,-0.3263,0.0,20.0,area_weak_03,4.107541039550304
day_1,Cold cloudy day,0.45,87,21.75,-0.478,0.0,20.0,area_weak_03,4.128142107692867
day_1,Cold cloudy day,0.45,88,22.0,-0.6213,0.0,20.0,area_weak_03,4.147602444310066
day_1,Cold cloudy day,0.45,89,22.25,-0.7555,0.0,20.0,area_weak_03,4.165826988441456
day_1,Cold cloudy day,0.45,90,22.5,-0.8801,0.0,20.0,area_weak_03,4.182747839401003
day_1,Cold cloudy day,0.45,91,22.75,-0.9944,0.0,20.0,area_weak_03,4.19826993622826
day_1,Cold cloudy day,0.45,92,23.0,-1.0981,0.0,20.0,area_weak_03,4.212352538511607
day_1,Cold cloudy day,0.45,93,23.25,-1.1906,0.0,20.0,area_weak_03,4.224914165427804
day_1,Cold cloudy day,0.45,94,23.5,-1.2716,0.0,20.0,area_weak_03,4.23591407656523
day_1,Cold cloudy day,0.45,95,23.75,-1.3408,0.0,20.0,area_weak_03,4.245311531512265
day_1,Cold cloudy day,0.45,0,0.0,-1.3978,0.0,20.0,area_weak_04,3.8129015174911887
day_1,Cold cloudy day,0.45,1,0.25,-1.4424,0.0,20.0,area_weak_04,3.818700849937753
day_1,Cold cloudy day,0.45,2,0.5,-1.4743,0.0,20.0,area_weak_04,3.8228488029656766
day_1,Cold cloudy day,0.45,3,0.75,-1.4936,0.0,20.0,area_weak_04,3.825358379562508
day_1,Cold cloudy day,0.45,4,1.0,-1.5,0.0,20.0,area_weak_04,3.8261905707656028
day_1,Cold cloudy day,0.45,5,1.25,-1.4936,0.0,20.0,area_weak_04,3.825358379562508
day_1,Cold cloudy day,0.45,6,1.5,-1.4743,0.0,20.0,area_weak_04,3.8228488029656766
day_1,Cold cloudy day,0.45,7,1.75,-1.4424,0.0,20.0,area_weak_04,3.818700849937753
day_1,Cold cloudy day,0.45,8,2.0,-1.3978,0.0,20.0,area_weak_04,3.8129015174911887
day_1,Cold cloudy day,0.45,9,2.25,-1.3408,0.0,20.0,area_weak_04,3.805489814588629
day_1,Cold cloudy day,0.45,10,2.5,-1.2716,0.0,20.0,area_weak_04,3.7964917472051707
day_1,Cold cloudy day,0.45,11,2.75,-1.1906,0.0,20.0,area_weak_04,3.785959327291007
day_1,Cold cloudy day,0.45,12,3.0,-1.0981,0.0,20.0,area_weak_04,3.773931563808783
day_1,Cold cloudy day,0.45,13,3.25,-0.9944,0.0,20.0,area_weak_04,3.7604474657211435
day_1,Cold cloudy day,0.45,14,3.5,-0.8801,0.0,20.0,area_weak_04,3.7455850509533795
day_1,Cold cloudy day,0.45,15,3.75,-0.7555,0.0,20.0,area_weak_04,3.7293833284681353
day_1,Cold cloudy day,0.45,16,4.0,-0.6213,0.0,20.0,area_weak_04,3.7119333191782493
day_1,Cold cloudy day,0.45,17,4.25,-0.478,0.0,20.0,area_weak_04,3.693300038021463
day_1,Cold cloudy day,0.45,18,4.5,-0.3263,0.0,20.0,area_weak_04,3.6735745059106155
day_1,Cold cloudy day,0.45,19,4.75,-0.1667,0.0,20.0,area_weak_04,3.6528217377834484
day_1,Cold cloudy day,0.45,20,5.0,0.0,0.0,20.0,area_weak_04,3.6311457575403487
day_1,Cold cloudy day,0.45,21,5.25,0.1731,0.0,20.0,area_weak_04,3.6086375860941544
day_1,Cold cloudy day,0.45,22,5.5,0.3519,0.0,20.0,area_weak_04,3.5853882443577043
day_1,Cold cloudy day,0.45,23,5.75,0.5357,0.0,20.0,area_weak_04,3.561488753243837
day_1,Cold cloudy day,0.45,24,6.0,0.7235,0.0,20.0,area_weak_04,3.5370691426280345
day_1,Cold cloudy day,0.45,25,6.25,0.9147,0.0,20.0,area_weak_04,3.512207430435589
day_1,Cold cloudy day,0.45,26,6.5,1.1084,0.0,20.0,area_weak_04,3.487020643554435
day_1,Cold cloudy day,0.45,27,6.75,1.3038,0.0,20.0,area_weak_04,3.4616128058849585
day_1,Cold cloudy day,0.45,28,7.0,1.5,0.0,20.0,area_weak_04,3.436100944315095
day_1,Cold cloudy day,0.45,29,7.25,1.6962,4.5782,20.0,area_weak_04,3.4080055435235908
day_1,Cold cloudy day,0.45,30,7.5,1.8916,9.1368,20.0,area_weak_04,3.3800252271734594
day_1,Cold cloudy day,0.45,31,7.75,2.0853,13.6563,20.0,area_weak_04,3.3522880262622916
day_1,Cold cloudy day,0.45,32,8.0,2.2765,18.1173,20.0,area_weak_04,3.324908912368797
day_1,Cold cloudy day,0.45,33,8.25,2.4643,22.5008,20.0,area_weak_04,3.2980156343339084
day_1,Cold cloudy day,0.45,34,8.5,2.6481,26.7878,20.0,area_weak_04,3.271696932035913
day_1,Cold cloudy day,0.45,35,8.75,2.8269,30.9602,20.0,area_weak_04,3.2460930494213054
day_1,Cold cloudy day,0.45,36,9.0,3.0,35.0,20.0,area_weak_04,3.221305165042608
day_1,Cold cloudy day,0.45,37,9.25,3.1667,38.8899,20.0,area_weak_04,3.197434062433019
day_1,Cold cloudy day,0.45,38,9.5,3.3263,42.6133,20.0,area_weak_04,3.1745801301064156
day_1,Cold cloudy day,0.45,39,9.75,3.478,46.1542,20.0,area_weak_04,3.1528564209762355
day_1,Cold cloudy day,0.45,40,10.0,3.6213,49.4975,20.0,area_weak_04,3.1323364711112864
day_1,Cold cloudy day,0.45,41,10.25,3.7555,52.6288,20.0,area_weak_04,3.113119427536152
day_1,Cold cloudy day,0.45,42,10.5,3.8801,55.5347,20.0,area_weak_04,3.0952778669870034
day_1,Cold cloudy day,0.45,43,10.75,3.9944,58.2029,20.0,area_weak_04,3.078909751430461
day_1,Cold cloudy day,0.45,44,11.0,4.0981,60.6218,20.0,area_weak_04,3.064060635863632
day_1,Cold cloudy day,0.45,45,11.25,4.1906,62.7811,20.0,area_weak_04,3.0508143506389565
day_1,Cold cloudy day,0.45,46,11.5,4.2716,64.6716,20.0,area_weak_04,3.0392150964015845
day_1,Cold cloudy day,0.45,47,11.75,4.3408,66.2851,20.0,area_weak_04,3.029306509483349
day_1,Cold cloudy day,0.45,48,12.0,4.3978,67.6148,20.0,area_weak_04,3.0211444391649884
day_1,Cold cloudy day,0.45,49,12.25,4.4424,68.655,20.0,area_weak_04,3.0147581080075003
day_1,Cold cloudy day,0.45,50,12.5,4.4743,69.4011,20.0,area_weak_04,3.0101891208147817
day_1,Cold cloudy day,0.45,51,12.75,4.4936,69.8501,20.0,area_weak_04,3.0074261675392293
day_1,Cold cloudy day,0.45,52,13.0,4.5,70.0,20.0,area_weak_04,3.006509385770122
day_1,Cold cloudy day,0.45,53,13.25,4.4936,69.8501,20.0,area_weak_04,3.0074261675392293
day_1,Cold cloudy day,0.45,54,13.5,4.4743,69.4011,20.0,area_weak_04,3.0101891208147817
day_1,Cold cloudy day,0.45,55,13.75,4.4424,68.655,20.0,area_weak_04,3.0147581080075003
day_1,Cold cloudy day,0.45,56,14.0,4.3978,67.6148,20.0,area_weak_04,3.0211444391649884
day_1,Cold cloudy day,0.45,57,14.25,4.3408,66.2851,20.0,area_weak_04,3.029306509483349
day_1,Cold cloudy day,0.45,58,14.5,4.2716,64.6716,20.0,area_weak_04,3.0392150964015845
day_1,Cold cloudy day,0.45,59,14.75,4.1906,62.7811,20.0,area_weak_04,3.0508143506389565
day_1,Cold cloudy day,0.45,60,15.0,4.0981,60.6218,20.0,area_weak_04,3.064060635863632
day_1,Cold cloudy day,0.45,61,15.25,3.9944,58.2029,20.0,area_weak_04,3.078909751430461
day_1,Cold cloudy day,0.45,62,15.5,3.8801,55.5347,20.0,area_weak_04,3.0952778669870034
day_1,Cold cloudy day,0.45,63,15.75,3.7555,52.6288,20.0,area_weak_04,3.113119427536152
day_1,Cold cloudy day,0.45,64,16.0,3.6213,49.4975,20.0,area_weak_04,3.1323364711112864
day_1,Cold cloudy day,0.45,65,16.25,3.478,46.1542,20.0,area_weak_04,3.1528564209762355
day_1,Cold cloudy day,0.45,66,16.5,3.3263,42.6133,20.0,area_weak_04,3.1745801301064156
day_1,Cold cloudy day,0.45,67,16.75,3.1667,38.8899,20.0,area_weak_04,3.197434062433019
day_1,Cold cloudy day,0.45,68,17.0,3.0,35.0,20.0,area_weak_04,3.221305165042608
day_1,Cold cloudy day,0.45,69,17.25,2.8269,30.9602,20.0,area_weak_04,3.2460930494213054
day_1,Cold cloudy day,0.45,70,17.5,2.6481,26.7878,20.0,area_weak_04,3.271696932035913
day_1,Cold cloudy day,0.45,71,17.75,2.4643,22.5008,20.0,area_weak_04,3.2980156343339084
day_1,Cold cloudy day,0.45,72,18.0,2.2765,18.1173,20.0,area_weak_04,3.324908912368797
day_1,Cold cloudy day,0.45,73,18.25,2.0853,13.6563,20.0,area_weak_04,3.3522880262622916
day_1,Cold cloudy day,0.45,74,18.5,1.8916,9.1368,20.0,area_weak_04,3.3800252271734594
day_1,Cold cloudy day,0.45,75,18.75,1.6962,4.5782,20.0,area_weak_04,3.4080055435235908
day_1,Cold cloudy day,0.45,76,19.0,1.5,0.0,20.0,area_weak_04,3.436100944315095
day_1,Cold cloudy day,0.45,77,19.25,1.3038,0.0,20.0,area_weak_04,3.4616128058849585
day_1,Cold cloudy day,0.45,78,19.5,1.1084,0.0,20.0,area_weak_04,3.487020643554435
day_1,Cold cloudy day,0.45,79,19.75,0.9147,0.0,20.0,area_weak_04,3.512207430435589
day_1,Cold cloudy day,0.45,80,20.0,0.7235,0.0,20.0,area_weak_04,3.5370691426280345
day_1,Cold cloudy day,0.45,81,20.25,0.5357,0.0,20.0,area_weak_04,3.561488753243837
day_1,Cold cloudy day,0.45,82,20.5,0.3519,0.0,20.0,area_weak_04,3.5853882443577043
day_1,Cold cloudy day,0.45,83,20.75,0.1731,0.0,20.0,area_weak_04,3.6086375860941544
day_1,Cold cloudy day,0.45,84,21.0,-0.0,0.0,20.0,area_weak_04,3.6311457575403487
day_1,Cold cloudy day,0.45,85,21.25,-0.1667,0.0,20.0,area_weak_04,3.6528217377834484
day_1,Cold cloudy day,0.45,86,21.5,-0.3263,0.0,20.0,area_weak_04,3.6735745059106155
day_1,Cold cloudy day,0.45,87,21.75,-0.478,0.0,20.0,area_weak_04,3.693300038021463
day_1,Cold cloudy day,0.45,88,22.0,-0.6213,0.0,20.0,area_weak_04,3.7119333191782493
day_1,Cold cloudy day,0.45,89,22.25,-0.7555,0.0,20.0,area_weak_04,3.7293833284681353
day_1,Cold cloudy day,0.45,90,22.5,-0.8801,0.0,20.0,area_weak_04,3.7455850509533795
day_1,Cold cloudy day,0.45,91,22.75,-0.9944,0.0,20.0,area_weak_04,3.7604474657211435
day_1,Cold cloudy day,0.45,92,23.0,-1.0981,0.0,20.0,area_weak_04,3.773931563808783
day_1,Cold cloudy day,0.45,93,23.25,-1.1906,0.0,20.0,area_weak_04,3.785959327291007
day_1,Cold cloudy day,0.45,94,23.5,-1.2716,0.0,20.0,area_weak_04,3.7964917472051707
day_1,Cold cloudy day,0.45,95,23.75,-1.3408,0.0,20.0,area_weak_04,3.805489814588629
day_1,Cold cloudy day,0.45,0,0.0,-1.3978,0.0,20.0,area_weak_05,2.7378948282127173
day_1,Cold cloudy day,0.45,1,0.25,-1.4424,0.0,20.0,area_weak_05,2.7439068791061194
day_1,Cold cloudy day,0.45,2,0.5,-1.4743,0.0,20.0,area_weak_05,2.748206978287723
day_1,Cold cloudy day,0.45,3,0.75,-1.4936,0.0,20.0,area_weak_05,2.750808605692267
day_1,Cold cloudy day,0.45,4,1.0,-1.5,0.0,20.0,area_weak_05,2.7516713215155355
day_1,Cold cloudy day,0.45,5,1.25,-1.4936,0.0,20.0,area_weak_05,2.750808605692267
day_1,Cold cloudy day,0.45,6,1.5,-1.4743,0.0,20.0,area_weak_05,2.748206978287723
day_1,Cold cloudy day,0.45,7,1.75,-1.4424,0.0,20.0,area_weak_05,2.7439068791061194
day_1,Cold cloudy day,0.45,8,2.0,-1.3978,0.0,20.0,area_weak_05,2.7378948282127173
day_1,Cold cloudy day,0.45,9,2.25,-1.3408,0.0,20.0,area_weak_05,2.730211265411733
day_1,Cold cloudy day,0.45,10,2.5,-1.2716,0.0,20.0,area_weak_05,2.7208831505726425
day_1,Cold cloudy day,0.45,11,2.75,-1.1906,0.0,20.0,area_weak_05,2.7099644034344013
day_1,Cold cloudy day,0.45,12,3.0,-1.0981,0.0,20.0,area_weak_05,2.6974954638012245
day_1,Cold cloudy day,0.45,13,3.25,-0.9944,0.0,20.0,area_weak_05,2.683516771477328
day_1,Cold cloudy day,0.45,14,3.5,-0.8801,0.0,20.0,area_weak_05,2.668109206071143
day_1,Cold cloudy day,0.45,15,3.75,-0.7555,0.0,20.0,area_weak_05,2.6513132073868855
day_1,Cold cloudy day,0.45,16,4.0,-0.6213,0.0,20.0,area_weak_05,2.6332231349677255
day_1,Cold cloudy day,0.45,17,4.25,-0.478,0.0,20.0,area_weak_05,2.6139063884873552
day_1,Cold cloudy day,0.45,18,4.5,-0.3263,0.0,20.0,area_weak_05,2.593457327488945
day_1,Cold cloudy day,0.45,19,4.75,-0.1667,0.0,20.0,area_weak_05,2.5719433516461883
day_1,Cold cloudy day,0.45,20,5.0,0.0,0.0,20.0,area_weak_05,2.549472300436993
day_1,Cold cloudy day,0.45,21,5.25,0.1731,0.0,20.0,area_weak_05,2.526138533404529
day_1,Cold cloudy day,0.45,22,5.5,0.3519,0.0,20.0,area_weak_05,2.5020364100919665
day_1,Cold cloudy day,0.45,23,5.75,0.5357,0.0,20.0,area_weak_05,2.477260290042476
day_1,Cold cloudy day,0.45,24,6.0,0.7235,0.0,20.0,area_weak_05,2.4519449726034424
day_1,Cold cloudy day,0.45,25,6.25,0.9147,0.0,20.0,area_weak_05,2.426171337383298
day_1,Cold cloudy day,0.45,26,6.5,1.1084,0.0,20.0,area_weak_05,2.4000607037946886
day_1,Cold cloudy day,0.45,27,6.75,1.3038,0.0,20.0,area_weak_05,2.373720911315524
day_1,Cold cloudy day,0.45,28,7.0,1.5,0.0,20.0,area_weak_05,2.3472732793584505
day_1,Cold cloudy day,0.45,29,7.25,1.6962,4.5782,20.0,area_weak_05,2.3035241741397177
day_1,Cold cloudy day,0.45,30,7.5,1.8916,9.1368,20.0,area_weak_05,2.2599569787487974
day_1,Cold cloudy day,0.45,31,7.75,2.0853,13.6563,20.0,area_weak_05,2.2167667050382915
day_1,Cold cloudy day,0.45,32,8.0,2.2765,18.1173,20.0,area_weak_05,2.1741345070161158
day_1,Cold cloudy day,0.45,33,8.25,2.4643,22.5008,20.0,area_weak_05,2.132253506985128
day_1,Cold cloudy day,0.45,34,8.5,2.6481,26.7878,20.0,area_weak_05,2.091276387443975
day_1,Cold cloudy day,0.45,35,8.75,2.8269,30.9602,20.0,area_weak_05,2.0514063494407155
day_1,Cold cloudy day,0.45,36,9.0,3.0,35.0,20.0,area_weak_05,2.0128057763092504
day_1,Cold cloudy day,0.45,37,9.25,3.1667,38.8899,20.0,area_weak_05,1.975634406013836
day_1,Cold cloudy day,0.45,38,9.5,3.3263,42.6133,20.0,area_weak_05,1.940049331149092
day_1,Cold cloudy day,0.45,39,9.75,3.478,46.1542,20.0,area_weak_05,1.9062188567846847
day_1,Cold cloudy day,0.45,40,10.0,3.6213,49.4975,20.0,area_weak_05,1.874267446996529
day_1,Cold cloudy day,0.45,41,10.25,3.7555,52.6288,20.0,area_weak_05,1.844343880360377
day_1,Cold cloudy day,0.45,42,10.5,3.8801,55.5347,20.0,area_weak_05,1.8165661964830184
day_1,Cold cloudy day,0.45,43,10.75,3.9944,58.2029,20.0,area_weak_05,1.7910752378312877
day_1,Cold cloudy day,0.45,44,11.0,4.0981,60.6218,20.0,area_weak_05,1.7679552817634245
day_1,Cold cloudy day,0.45,45,11.25,4.1906,62.7811,20.0,area_weak_05,1.7473261326125553
day_1,Cold cloudy day,0.45,46,11.5,4.2716,64.6716,20.0,area_weak_05,1.7292629978981562
day_1,Cold cloudy day,0.45,47,11.75,4.3408,66.2851,20.0,area_weak_05,1.7138373060402186
day_1,Cold cloudy day,0.45,48,12.0,4.3978,67.6148,20.0,area_weak_05,1.7011286746541943
day_1,Cold cloudy day,0.45,49,12.25,4.4424,68.655,20.0,area_weak_05,1.6911856044766245
day_1,Cold cloudy day,0.45,50,12.5,4.4743,69.4011,20.0,area_weak_05,1.684065919169355
day_1,Cold cloudy day,0.45,51,12.75,4.4936,69.8501,20.0,area_weak_05,1.6797674760961014
day_1,Cold cloudy day,0.45,52,13.0,4.5,70.0,20.0,area_weak_05,1.6783382732600503
day_1,Cold cloudy day,0.45,53,13.25,4.4936,69.8501,20.0,area_weak_05,1.6797674760961014
day_1,Cold cloudy day,0.45,54,13.5,4.4743,69.4011,20.0,area_weak_05,1.684065919169355
day_1,Cold cloudy day,0.45,55,13.75,4.4424,68.655,20.0,area_weak_05,1.6911856044766245
day_1,Cold cloudy day,0.45,56,14.0,4.3978,67.6148,20.0,area_weak_05,1.7011286746541943
day_1,Cold cloudy day,0.45,57,14.25,4.3408,66.2851,20.0,area_weak_05,1.7138373060402186
day_1,Cold cloudy day,0.45,58,14.5,4.2716,64.6716,20.0,area_weak_05,1.7292629978981562
day_1,Cold cloudy day,0.45,59,14.75,4.1906,62.7811,20.0,area_weak_05,1.7473261326125553
day_1,Cold cloudy day,0.45,60,15.0,4.0981,60.6218,20.0,area_weak_05,1.7679552817634245
day_1,Cold cloudy day,0.45,61,15.25,3.9944,58.2029,20.0,area_weak_05,1.7910752378312877
day_1,Cold cloudy day,0.45,62,15.5,3.8801,55.5347,20.0,area_weak_05,1.8165661964830184
day_1,Cold cloudy day,0.45,63,15.75,3.7555,52.6288,20.0,area_weak_05,1.844343880360377
day_1,Cold cloudy day,0.45,64,16.0,3.6213,49.4975,20.0,area_weak_05,1.874267446996529
day_1,Cold cloudy day,0.45,65,16.25,3.478,46.1542,20.0,area_weak_05,1.9062188567846847
day_1,Cold cloudy day,0.45,66,16.5,3.3263,42.6133,20.0,area_weak_05,1.940049331149092
day_1,Cold cloudy day,0.45,67,16.75,3.1667,38.8899,20.0,area_weak_05,1.975634406013836
day_1,Cold cloudy day,0.45,68,17.0,3.0,35.0,20.0,area_weak_05,2.0128057763092504
day_1,Cold cloudy day,0.45,69,17.25,2.8269,30.9602,20.0,area_weak_05,2.0514063494407155
day_1,Cold cloudy day,0.45,70,17.5,2.6481,26.7878,20.0,area_weak_05,2.091276387443975
day_1,Cold cloudy day,0.45,71,17.75,2.4643,22.5008,20.0,area_weak_05,2.132253506985128
day_1,Cold cloudy day,0.45,72,18.0,2.2765,18.1173,20.0,area_weak_05,2.1741345070161158
day_1,Cold cloudy day,0.45,73,18.25,2.0853,13.6563,20.0,area_weak_05,2.2167667050382915
day_1,Cold cloudy day,0.45,74,18.5,1.8916,9.1368,20.0,area_weak_05,2.2599569787487974
day_1,Cold cloudy day,0.45,75,18.75,1.6962,4.5782,20.0,area_weak_05,2.3035241741397177
day_1,Cold cloudy day,0.45,76,19.0,1.5,0.0,20.0,area_weak_05,2.3472732793584505
day_1,Cold cloudy day,0.45,77,19.25,1.3038,0.0,20.0,area_weak_05,2.373720911315524
day_1,Cold cloudy day,0.45,78,19.5,1.1084,0.0,20.0,area_weak_05,2.4000607037946886
day_1,Cold cloudy day,0.45,79,19.75,0.9147,0.0,20.0,area_weak_05,2.426171337383298
day_1,Cold cloudy day,0.45,80,20.0,0.7235,0.0,20.0,area_weak_05,2.4519449726034424
day_1,Cold cloudy day,0.45,81,20.25,0.5357,0.0,20.0,area_weak_05,2.477260290042476
day_1,Cold cloudy day,0.45,82,20.5,0.3519,0.0,20.0,area_weak_05,2.5020364100919665
day_1,Cold cloudy day,0.45,83,20.75,0.1731,0.0,20.0,area_weak_05,2.526138533404529
day_1,Cold cloudy day,0.45,84,21.0,-0.0,0.0,20.0,area_weak_05,2.549472300436993
day_1,Cold cloudy day,0.45,85,21.25,-0.1667,0.0,20.0,area_weak_05,2.5719433516461883
day_1,Cold cloudy day,0.45,86,21.5,-0.3263,0.0,20.0,area_weak_05,2.593457327488945
day_1,Cold cloudy day,0.45,87,21.75,-0.478,0.0,20.0,area_weak_05,2.6139063884873552
day_1,Cold cloudy day,0.45,88,22.0,-0.6213,0.0,20.0,area_weak_05,2.6332231349677255
day_1,Cold cloudy day,0.45,89,22.25,-0.7555,0.0,20.0,area_weak_05,2.6513132073868855
day_1,Cold cloudy day,0.45,90,22.5,-0.8801,0.0,20.0,area_weak_05,2.668109206071143
day_1,Cold cloudy day,0.45,91,22.75,-0.9944,0.0,20.0,area_weak_05,2.683516771477328
day_1,Cold cloudy day,0.45,92,23.0,-1.0981,0.0,20.0,area_weak_05,2.6974954638012245
day_1,Cold cloudy day,0.45,93,23.25,-1.1906,0.0,20.0,area_weak_05,2.7099644034344013
day_1,Cold cloudy day,0.45,94,23.5,-1.2716,0.0,20.0,area_weak_05,2.7208831505726425
day_1,Cold cloudy day,0.45,95,23.75,-1.3408,0.0,20.0,area_weak_05,2.730211265411733
day_1,Cold cloudy day,0.45,0,0.0,-1.3978,0.0,20.0,area_weak_06,10.153355047048642
day_1,Cold cloudy day,0.45,1,0.25,-1.4424,0.0,20.0,area_weak_06,10.173826753436677
day_1,Cold cloudy day,0.45,2,0.5,-1.4743,0.0,20.0,area_weak_06,10.18846907257969
day_1,Cold cloudy day,0.45,3,0.75,-1.4936,0.0,20.0,area_weak_06,10.197327905164645
day_1,Cold cloudy day,0.45,4,1.0,-1.5,0.0,20.0,area_weak_06,10.200265549130641
day_1,Cold cloudy day,0.45,5,1.25,-1.4936,0.0,20.0,area_weak_06,10.197327905164645
day_1,Cold cloudy day,0.45,6,1.5,-1.4743,0.0,20.0,area_weak_06,10.18846907257969
day_1,Cold cloudy day,0.45,7,1.75,-1.4424,0.0,20.0,area_weak_06,10.173826753436677
day_1,Cold cloudy day,0.45,8,2.0,-1.3978,0.0,20.0,area_weak_06,10.153355047048642
day_1,Cold cloudy day,0.45,9,2.25,-1.3408,0.0,20.0,area_weak_06,10.12719165547649
day_1,Cold cloudy day,0.45,10,2.5,-1.2716,0.0,20.0,area_weak_06,10.095428380094157
day_1,Cold cloudy day,0.45,11,2.75,-1.1906,0.0,20.0,area_weak_06,10.05824882364952
day_1,Cold cloudy day,0.45,12,3.0,-1.0981,0.0,20.0,area_weak_06,10.015790688203483
day_1,Cold cloudy day,0.45,13,3.25,-0.9944,0.0,20.0,area_weak_06,9.968191675816954
day_1,Cold cloudy day,0.45,14,3.5,-0.8801,0.0,20.0,area_weak_06,9.915727190611744
day_1,Cold cloudy day,0.45,15,3.75,-0.7555,0.0,20.0,area_weak_06,9.858534934648759
day_1,Cold cloudy day,0.45,16,4.0,-0.6213,0.0,20.0,area_weak_06,9.79693621273678
day_1,Cold cloudy day,0.45,17,4.25,-0.478,0.0,20.0,area_weak_06,9.73116052831065
day_1,Cold cloudy day,0.45,18,4.5,-0.3263,0.0,20.0,area_weak_06,9.661529186179148
day_1,Cold cloudy day,0.45,19,4.75,-0.1667,0.0,20.0,area_weak_06,9.588271689777121
day_1,Cold cloudy day,0.45,20,5.0,0.0,0.0,20.0,area_weak_06,9.51175524460032
day_1,Cold cloudy day,0.45,21,5.25,0.1731,0.0,20.0,area_weak_06,9.43230115545752
day_1,Cold cloudy day,0.45,22,5.5,0.3519,0.0,20.0,area_weak_06,9.350230727157506
day_1,Cold cloudy day,0.45,23,5.75,0.5357,0.0,20.0,area_weak_06,9.265865264509058
day_1,Cold cloudy day,0.45,24,6.0,0.7235,0.0,20.0,area_weak_06,9.17966377438186
day_1,Cold cloudy day,0.45,25,6.25,0.9147,0.0,20.0,area_weak_06,9.09190166089773
day_1,Cold cloudy day,0.45,26,6.5,1.1084,0.0,20.0,area_weak_06,9.00299203023938
day_1,Cold cloudy day,0.45,27,6.75,1.3038,0.0,20.0,area_weak_06,8.913302087902563
day_1,Cold cloudy day,0.45,28,7.0,1.5,0.0,20.0,area_weak_06,8.823244940069996
day_1,Cold cloudy day,0.45,29,7.25,1.6962,4.5782,20.0,area_weak_06,8.71497371873678
day_1,Cold cloudy day,0.45,30,7.5,1.8916,9.1368,20.0,area_weak_06,8.60714768023552
day_1,Cold cloudy day,0.45,31,7.75,2.0853,13.6563,20.0,area_weak_06,8.500257510241584
day_1,Cold cloudy day,0.45,32,8.0,2.2765,18.1173,20.0,area_weak_06,8.394747595899824
day_1,Cold cloudy day,0.45,33,8.25,2.4643,22.5008,20.0,area_weak_06,8.291106633667848
day_1,Cold cloudy day,0.45,34,8.5,2.6481,26.7878,20.0,area_weak_06,8.189685617942366
day_1,Cold cloudy day,0.45,35,8.75,2.8269,30.9602,20.0,area_weak_06,8.091015565275981
day_1,Cold cloudy day,0.45,36,9.0,3.0,35.0,20.0,area_weak_06,7.995489392316854
day_1,Cold cloudy day,0.45,37,9.25,3.1667,38.8899,20.0,area_weak_06,7.9034972308082665
day_1,Cold cloudy day,0.45,38,9.5,3.3263,42.6133,20.0,area_weak_06,7.815426427588645
day_1,Cold cloudy day,0.45,39,9.75,3.478,46.1542,20.0,area_weak_06,7.731707843122067
day_1,Cold cloudy day,0.45,40,10.0,3.6213,49.4975,20.0,area_weak_06,7.65263105521974
day_1,Cold cloudy day,0.45,41,10.25,3.7555,52.6288,20.0,area_weak_06,7.578574658161944
day_1,Cold cloudy day,0.45,42,10.5,3.8801,55.5347,20.0,area_weak_06,7.509821466419496
day_1,Cold cloudy day,0.45,43,10.75,3.9944,58.2029,20.0,area_weak_06,7.446741719558083
day_1,Cold cloudy day,0.45,44,11.0,4.0981,60.6218,20.0,area_weak_06,7.3895192694906475
day_1,Cold cloudy day,0.45,45,11.25,4.1906,62.7811,20.0,area_weak_06,7.338470498224867
day_1,Cold cloudy day,0.45,46,11.5,4.2716,64.6716,20.0,area_weak_06,7.293769709428437
day_1,Cold cloudy day,0.45,47,11.75,4.3408,66.2851,20.0,area_weak_06,7.255587228333533
day_1,Cold cloudy day,0.45,48,12.0,4.3978,67.6148,20.0,area_weak_06,7.224133711049569
day_1,Cold cloudy day,0.45,49,12.25,4.4424,68.655,20.0,area_weak_06,7.199523636032953
day_1,Cold cloudy day,0.45,50,12.5,4.4743,69.4011,20.0,area_weak_06,7.181913006147982
day_1,Cold cloudy day,0.45,51,12.75,4.4936,69.8501,20.0,area_weak_06,7.171267856014252
day_1,Cold cloudy day,0.45,52,13.0,4.5,70.0,20.0,area_weak_06,7.16773384456371
day_1,Cold cloudy day,0.45,53,13.25,4.4936,69.8501,20.0,area_weak_06,7.171267856014252
day_1,Cold cloudy day,0.45,54,13.5,4.4743,69.4011,20.0,area_weak_06,7.181913006147982
day_1,Cold cloudy day,0.45,55,13.75,4.4424,68.655,20.0,area_weak_06,7.199523636032953
day_1,Cold cloudy day,0.45,56,14.0,4.3978,67.6148,20.0,area_weak_06,7.224133711049569
day_1,Cold cloudy day,0.45,57,14.25,4.3408,66.2851,20.0,area_weak_06,7.255587228333533
day_1,Cold cloudy day,0.45,58,14.5,4.2716,64.6716,20.0,area_weak_06,7.293769709428437
day_1,Cold cloudy day,0.45,59,14.75,4.1906,62.7811,20.0,area_weak_06,7.338470498224867
day_1,Cold cloudy day,0.45,60,15.0,4.0981,60.6218,20.0,area_weak_06,7.3895192694906475
day_1,Cold cloudy day,0.45,61,15.25,3.9944,58.2029,20.0,area_weak_06,7.446741719558083
day_1,Cold cloudy day,0.45,62,15.5,3.8801,55.5347,20.0,area_weak_06,7.509821466419496
day_1,Cold cloudy day,0.45,63,15.75,3.7555,52.6288,20.0,area_weak_06,7.578574658161944
day_1,Cold cloudy day,0.45,64,16.0,3.6213,49.4975,20.0,area_weak_06,7.65263105521974
day_1,Cold cloudy day,0.45,65,16.25,3.478,46.1542,20.0,area_weak_06,7.731707843122067
day_1,Cold cloudy day,0.45,66,16.5,3.3263,42.6133,20.0,area_weak_06,7.815426427588645
day_1,Cold cloudy day,0.45,67,16.75,3.1667,38.8899,20.0,area_weak_06,7.9034972308082665
day_1,Cold cloudy day,0.45,68,17.0,3.0,35.0,20.0,area_weak_06,7.995489392316854
day_1,Cold cloudy day,0.45,69,17.25,2.8269,30.9602,20.0,area_weak_06,8.091015565275981
day_1,Cold cloudy day,0.45,70,17.5,2.6481,26.7878,20.0,area_weak_06,8.189685617942366
day_1,Cold cloudy day,0.45,71,17.75,2.4643,22.5008,20.0,area_weak_06,8.291106633667848
day_1,Cold cloudy day,0.45,72,18.0,2.2765,18.1173,20.0,area_weak_06,8.394747595899824
day_1,Cold cloudy day,0.45,73,18.25,2.0853,13.6563,20.0,area_weak_06,8.500257510241584
day_1,Cold cloudy day,0.45,74,18.5,1.8916,9.1368,20.0,area_weak_06,8.60714768023552
day_1,Cold cloudy day,0.45,75,18.75,1.6962,4.5782,20.0,area_weak_06,8.71497371873678
day_1,Cold cloudy day,0.45,76,19.0,1.5,0.0,20.0,area_weak_06,8.823244940069996
day_1,Cold cloudy day,0.45,77,19.25,1.3038,0.0,20.0,area_weak_06,8.913302087902563
day_1,Cold cloudy day,0.45,78,19.5,1.1084,0.0,20.0,area_weak_06,9.00299203023938
day_1,Cold cloudy day,0.45,79,19.75,0.9147,0.0,20.0,area_weak_06,9.09190166089773
day_1,Cold cloudy day,0.45,80,20.0,0.7235,0.0,20.0,area_weak_06,9.17966377438186
day_1,Cold cloudy day,0.45,81,20.25,0.5357,0.0,20.0,area_weak_06,9.265865264509058
day_1,Cold cloudy day,0.45,82,20.5,0.3519,0.0,20.0,area_weak_06,9.350230727157506
day_1,Cold cloudy day,0.45,83,20.75,0.1731,0.0,20.0,area_weak_06,9.43230115545752
day_1,Cold cloudy day,0.45,84,21.0,-0.0,0.0,20.0,area_weak_06,9.51175524460032
day_1,Cold cloudy day,0.45,85,21.25,-0.1667,0.0,20.0,area_weak_06,9.588271689777121
day_1,Cold cloudy day,0.45,86,21.5,-0.3263,0.0,20.0,area_weak_06,9.661529186179148
day_1,Cold cloudy day,0.45,87,21.75,-0.478,0.0,20.0,area_weak_06,9.73116052831065
day_1,Cold cloudy day,0.45,88,22.0,-0.6213,0.0,20.0,area_weak_06,9.79693621273678
day_1,Cold cloudy day,0.45,89,22.25,-0.7555,0.0,20.0,area_weak_06,9.858534934648759
day_1,Cold cloudy day,0.45,90,22.5,-0.8801,0.0,20.0,area_weak_06,9.915727190611744
day_1,Cold cloudy day,0.45,91,22.75,-0.9944,0.0,20.0,area_weak_06,9.968191675816954
day_1,Cold cloudy day,0.45,92,23.0,-1.0981,0.0,20.0,area_weak_06,10.015790688203483
day_1,Cold cloudy day,0.45,93,23.25,-1.1906,0.0,20.0,area_weak_06,10.05824882364952
day_1,Cold cloudy day,0.45,94,23.5,-1.2716,0.0,20.0,area_weak_06,10.095428380094157
day_1,Cold cloudy day,0.45,95,23.75,-1.3408,0.0,20.0,area_weak_06,10.12719165547649
day_1,Cold cloudy day,0.45,0,0.0,-1.3978,0.0,20.0,area_weak_07,5.9431492663089935
day_1,Cold cloudy day,0.45,1,0.25,-1.4424,0.0,20.0,area_weak_07,5.957712714593532
day_1,Cold cloudy day,0.45,2,0.5,-1.4743,0.0,20.0,area_weak_07,5.96812917199884
day_1,Cold cloudy day,0.45,3,0.75,-1.4936,0.0,20.0,area_weak_07,5.97443129199641
day_1,Cold cloudy day,0.45,4,1.0,-1.5,0.0,20.0,area_weak_07,5.97652111417177
day_1,Cold cloudy day,0.45,5,1.25,-1.4936,0.0,20.0,area_weak_07,5.97443129199641
day_1,Cold cloudy day,0.45,6,1.5,-1.4743,0.0,20.0,area_weak_07,5.96812917199884
day_1,Cold cloudy day,0.45,7,1.75,-1.4424,0.0,20.0,area_weak_07,5.957712714593532
day_1,Cold cloudy day,0.45,8,2.0,-1.3978,0.0,20.0,area_weak_07,5.9431492663089935
day_1,Cold cloudy day,0.45,9,2.25,-1.3408,0.0,20.0,area_weak_07,5.924536787559696
day_1,Cold cloudy day,0.45,10,2.5,-1.2716,0.0,20.0,area_weak_07,5.901940585288619
day_1,Cold cloudy day,0.45,11,2.75,-1.1906,0.0,20.0,area_weak_07,5.875491273381723
day_1,Cold cloudy day,0.45,12,3.0,-1.0981,0.0,20.0,area_weak_07,5.845286812253477
day_1,Cold cloudy day,0.45,13,3.25,-0.9944,0.0,20.0,area_weak_07,5.811425162318351
day_1,Cold cloudy day,0.45,14,3.5,-0.8801,0.0,20.0,area_weak_07,5.774102244405285
day_1,Cold cloudy day,0.45,15,3.75,-0.7555,0.0,20.0,area_weak_07,5.733416018928752
day_1,Cold cloudy day,0.45,16,4.0,-0.6213,0.0,20.0,area_weak_07,5.689595060189178
day_1,Cold cloudy day,0.45,17,4.25,-0.478,0.0,20.0,area_weak_07,5.6428026355440135
day_1,Cold cloudy day,0.45,18,4.5,-0.3263,0.0,20.0,area_weak_07,5.59326731929369
day_1,Cold cloudy day,0.45,19,4.75,-0.1667,0.0,20.0,area_weak_07,5.5411523787956565
day_1,Cold cloudy day,0.45,20,5.0,0.0,0.0,20.0,area_weak_07,5.486719041821834
day_1,Cold cloudy day,0.45,21,5.25,0.1731,0.0,20.0,area_weak_07,5.430195882672651
day_1,Cold cloudy day,0.45,22,5.5,0.3519,0.0,20.0,area_weak_07,5.371811475648539
day_1,Cold cloudy day,0.45,23,5.75,0.5357,0.0,20.0,area_weak_07,5.311794395049928
day_1,Cold cloudy day,0.45,24,6.0,0.7235,0.0,20.0,area_weak_07,5.250471175591715
day_1,Cold cloudy day,0.45,25,6.25,0.9147,0.0,20.0,area_weak_07,5.188037738102843
day_1,Cold cloudy day,0.45,26,6.5,1.1084,0.0,20.0,area_weak_07,5.124787963826722
day_1,Cold cloudy day,0.45,27,6.75,1.3038,0.0,20.0,area_weak_07,5.06098308053527
day_1,Cold cloudy day,0.45,28,7.0,1.5,0.0,20.0,area_weak_07,4.996916969471899
day_1,Cold cloudy day,0.45,29,7.25,1.6962,4.5782,20.0,area_weak_07,4.919993191309173
day_1,Cold cloudy day,0.45,30,7.5,1.8916,9.1368,20.0,area_weak_07,4.8433856866295955
day_1,Cold cloudy day,0.45,31,7.75,2.0853,13.6563,20.0,area_weak_07,4.767443101542341
day_1,Cold cloudy day,0.45,32,8.0,2.2765,18.1173,20.0,area_weak_07,4.692481147839626
day_1,Cold cloudy day,0.45,33,8.25,2.4643,22.5008,20.0,area_weak_07,4.618847067403294
day_1,Cold cloudy day,0.45,34,8.5,2.6481,26.7878,20.0,area_weak_07,4.546790141700728
day_1,Cold cloudy day,0.45,35,8.75,2.8269,30.9602,20.0,area_weak_07,4.476687738476067
day_1,Cold cloudy day,0.45,36,9.0,3.0,35.0,20.0,area_weak_07,4.408818984213529
day_1,Cold cloudy day,0.45,37,9.25,3.1667,38.8899,20.0,area_weak_07,4.343461039479062
day_1,Cold cloudy day,0.45,38,9.5,3.3263,42.6133,20.0,area_weak_07,4.280889098920364
day_1,Cold cloudy day,0.45,39,9.75,3.478,46.1542,20.0,area_weak_07,4.221409325583827
day_1,Cold cloudy day,0.45,40,10.0,3.6213,49.4975,20.0,area_weak_07,4.165227394492184
day_1,Cold cloudy day,0.45,41,10.25,3.7555,52.6288,20.0,area_weak_07,4.11261232169289
day_1,Cold cloudy day,0.45,42,10.5,3.8801,55.5347,20.0,area_weak_07,4.063765007835767
day_1,Cold cloudy day,0.45,43,10.75,3.9944,58.2029,20.0,area_weak_07,4.018948571213493
day_1,Cold cloudy day,0.45,44,11.0,4.0981,60.6218,20.0,area_weak_07,3.9782935503145342
day_1,Cold cloudy day,0.45,45,11.25,4.1906,62.7811,20.0,area_weak_07,3.9420247930507673
day_1,Cold cloudy day,0.45,46,11.5,4.2716,64.6716,20.0,area_weak_07,3.9102660976194885
day_1,Cold cloudy day,0.45,47,11.75,4.3408,66.2851,20.0,area_weak_07,3.8831384537633324
day_1,Cold cloudy day,0.45,48,12.0,4.3978,67.6148,20.0,area_weak_07,3.8607915728599105
day_1,Cold cloudy day,0.45,49,12.25,4.4424,68.655,20.0,area_weak_07,3.8433067700437338
day_1,Cold cloudy day,0.45,50,12.5,4.4743,69.4011,20.0,area_weak_07,3.830794924620683
day_1,Cold cloudy day,0.45,51,12.75,4.4936,69.8501,20.0,area_weak_07,3.8232318084832304
day_1,Cold cloudy day,0.45,52,13.0,4.5,70.0,20.0,area_weak_07,3.8207209989551574
day_1,Cold cloudy day,0.45,53,13.25,4.4936,69.8501,20.0,area_weak_07,3.8232318084832304
day_1,Cold cloudy day,0.45,54,13.5,4.4743,69.4011,20.0,area_weak_07,3.830794924620683
day_1,Cold cloudy day,0.45,55,13.75,4.4424,68.655,20.0,area_weak_07,3.8433067700437338
day_1,Cold cloudy day,0.45,56,14.0,4.3978,67.6148,20.0,area_weak_07,3.8607915728599105
day_1,Cold cloudy day,0.45,57,14.25,4.3408,66.2851,20.0,area_weak_07,3.8831384537633324
day_1,Cold cloudy day,0.45,58,14.5,4.2716,64.6716,20.0,area_weak_07,3.9102660976194885
day_1,Cold cloudy day,0.45,59,14.75,4.1906,62.7811,20.0,area_weak_07,3.9420247930507673
day_1,Cold cloudy day,0.45,60,15.0,4.0981,60.6218,20.0,area_weak_07,3.9782935503145342
day_1,Cold cloudy day,0.45,61,15.25,3.9944,58.2029,20.0,area_weak_07,4.018948571213493
day_1,Cold cloudy day,0.45,62,15.5,3.8801,55.5347,20.0,area_weak_07,4.063765007835767
day_1,Cold cloudy day,0.45,63,15.75,3.7555,52.6288,20.0,area_weak_07,4.11261232169289
day_1,Cold cloudy day,0.45,64,16.0,3.6213,49.4975,20.0,area_weak_07,4.165227394492184
day_1,Cold cloudy day,0.45,65,16.25,3.478,46.1542,20.0,area_weak_07,4.221409325583827
day_1,Cold cloudy day,0.45,66,16.5,3.3263,42.6133,20.0,area_weak_07,4.280889098920364
day_1,Cold cloudy day,0.45,67,16.75,3.1667,38.8899,20.0,area_weak_07,4.343461039479062
day_1,Cold cloudy day,0.45,68,17.0,3.0,35.0,20.0,area_weak_07,4.408818984213529
day_1,Cold cloudy day,0.45,69,17.25,2.8269,30.9602,20.0,area_weak_07,4.476687738476067
day_1,Cold cloudy day,0.45,70,17.5,2.6481,26.7878,20.0,area_weak_07,4.546790141700728
day_1,Cold cloudy day,0.45,71,17.75,2.4643,22.5008,20.0,area_weak_07,4.618847067403294
day_1,Cold cloudy day,0.45,72,18.0,2.2765,18.1173,20.0,area_weak_07,4.692481147839626
day_1,Cold cloudy day,0.45,73,18.25,2.0853,13.6563,20.0,area_weak_07,4.767443101542341
day_1,Cold cloudy day,0.45,74,18.5,1.8916,9.1368,20.0,area_weak_07,4.8433856866295955
day_1,Cold cloudy day,0.45,75,18.75,1.6962,4.5782,20.0,area_weak_07,4.919993191309173
day_1,Cold cloudy day,0.45,76,19.0,1.5,0.0,20.0,area_weak_07,4.996916969471899
day_1,Cold cloudy day,0.45,77,19.25,1.3038,0.0,20.0,area_weak_07,5.06098308053527
day_1,Cold cloudy day,0.45,78,19.5,1.1084,0.0,20.0,area_weak_07,5.124787963826722
day_1,Cold cloudy day,0.45,79,19.75,0.9147,0.0,20.0,area_weak_07,5.188037738102843
day_1,Cold cloudy day,0.45,80,20.0,0.7235,0.0,20.0,area_weak_07,5.250471175591715
day_1,Cold cloudy day,0.45,81,20.25,0.5357,0.0,20.0,area_weak_07,5.311794395049928
day_1,Cold cloudy day,0.45,82,20.5,0.3519,0.0,20.0,area_weak_07,5.371811475648539
day_1,Cold cloudy day,0.45,83,20.75,0.1731,0.0,20.0,area_weak_07,5.430195882672651
day_1,Cold cloudy day,0.45,84,21.0,-0.0,0.0,20.0,area_weak_07,5.486719041821834
day_1,Cold cloudy day,0.45,85,21.25,-0.1667,0.0,20.0,area_weak_07,5.5411523787956565
day_1,Cold cloudy day,0.45,86,21.5,-0.3263,0.0,20.0,area_weak_07,5.59326731929369
day_1,Cold cloudy day,0.45,87,21.75,-0.478,0.0,20.0,area_weak_07,5.6428026355440135
day_1,Cold cloudy day,0.45,88,22.0,-0.6213,0.0,20.0,area_weak_07,5.689595060189178
day_1,Cold cloudy day,0.45,89,22.25,-0.7555,0.0,20.0,area_weak_07,5.733416018928752
day_1,Cold cloudy day,0.45,90,22.5,-0.8801,0.0,20.0,area_weak_07,5.774102244405285
day_1,Cold cloudy day,0.45,91,22.75,-0.9944,0.0,20.0,area_weak_07,5.811425162318351
day_1,Cold cloudy day,0.45,92,23.0,-1.0981,0.0,20.0,area_weak_07,5.845286812253477
day_1,Cold cloudy day,0.45,93,23.25,-1.1906,0.0,20.0,area_weak_07,5.875491273381723
day_1,Cold cloudy day,0.45,94,23.5,-1.2716,0.0,20.0,area_weak_07,5.901940585288619
day_1,Cold cloudy day,0.45,95,23.75,-1.3408,0.0,20.0,area_weak_07,5.924536787559696
day_1,Cold cloudy day,0.45,0,0.0,-1.3978,0.0,20.0,area_weak_08,7.523762416293281
day_1,Cold cloudy day,0.45,1,0.25,-1.4424,0.0,20.0,area_weak_08,7.53676346420673
day_1,Cold cloudy day,0.45,2,0.5,-1.4743,0.0,20.0,area_weak_08,7.546062420001326
day_1,Cold cloudy day,0.45,3,0.75,-1.4936,0.0,20.0,area_weak_08,7.5516884340087165
day_1,Cold cloudy day,0.45,4,1.0,-1.5,0.0,20.0,area_weak_08,7.553554055233964
day_1,Cold cloudy day,0.45,5,1.25,-1.4936,0.0,20.0,area_weak_08,7.5516884340087165
day_1,Cold cloudy day,0.45,6,1.5,-1.4743,0.0,20.0,area_weak_08,7.546062420001326
day_1,Cold cloudy day,0.45,7,1.75,-1.4424,0.0,20.0,area_weak_08,7.53676346420673
day_1,Cold cloudy day,0.45,8,2.0,-1.3978,0.0,20.0,area_weak_08,7.523762416293281
day_1,Cold cloudy day,0.45,9,2.25,-1.3408,0.0,20.0,area_weak_08,7.507146727255915
day_1,Cold cloudy day,0.45,10,2.5,-1.2716,0.0,20.0,area_weak_08,7.486974697757917
day_1,Cold cloudy day,0.45,11,2.75,-1.1906,0.0,20.0,area_weak_08,7.46336292912587
day_1,Cold cloudy day,0.45,12,3.0,-1.0981,0.0,20.0,area_weak_08,7.436398872354703
day_1,Cold cloudy day,0.45,13,3.25,-0.9944,0.0,20.0,area_weak_08,7.406169978439353
day_1,Cold cloudy day,0.45,14,3.5,-0.8801,0.0,20.0,area_weak_08,7.372851149369685
day_1,Cold cloudy day,0.45,15,3.75,-0.7555,0.0,20.0,area_weak_08,7.336529836140634
day_1,Cold cloudy day,0.45,16,4.0,-0.6213,0.0,20.0,area_weak_08,7.2974100910737105
day_1,Cold cloudy day,0.45,17,4.25,-0.478,0.0,20.0,area_weak_08,7.255637665827137
day_1,Cold cloudy day,0.45,18,4.5,-0.3263,0.0,20.0,area_weak_08,7.211416612722424
day_1,Cold cloudy day,0.45,19,4.75,-0.1667,0.0,20.0,area_weak_08,7.164892683417795
day_1,Cold cloudy day,0.45,20,5.0,0.0,0.0,20.0,area_weak_08,7.1162990805664075
day_1,Cold cloudy day,0.45,21,5.25,0.1731,0.0,20.0,area_weak_08,7.065839856489771
day_1,Cold cloudy day,0.45,22,5.5,0.3519,0.0,20.0,area_weak_08,7.013719063509399
day_1,Cold cloudy day,0.45,23,5.75,0.5357,0.0,20.0,area_weak_08,6.960140753946802
day_1,Cold cloudy day,0.45,24,6.0,0.7235,0.0,20.0,area_weak_08,6.905396431118422
day_1,Cold cloudy day,0.45,25,6.25,0.9147,0.0,20.0,area_weak_08,6.849660997014132
day_1,Cold cloudy day,0.45,26,6.5,1.1084,0.0,20.0,area_weak_08,6.793196804618728
day_1,Cold cloudy day,0.45,27,6.75,1.3038,0.0,20.0,area_weak_08,6.736237056585368
day_1,Cold cloudy day,0.45,28,7.0,1.5,0.0,20.0,area_weak_08,6.679044105898852
day_1,Cold cloudy day,0.45,29,7.25,1.6962,4.5782,20.0,area_weak_08,6.621251633734319
day_1,Cold cloudy day,0.45,30,7.5,1.8916,9.1368,20.0,area_weak_08,6.563694930869435
day_1,Cold cloudy day,0.45,31,7.75,2.0853,13.6563,20.0,area_weak_08,6.506638903840355
day_1,Cold cloudy day,0.45,32,8.0,2.2765,18.1173,20.0,area_weak_08,6.450319295756459
day_1,Cold cloudy day,0.45,33,8.25,2.4643,22.5008,20.0,area_weak_08,6.395000947678226
day_1,Cold cloudy day,0.45,34,8.5,2.6481,26.7878,20.0,area_weak_08,6.340861249671206
day_1,Cold cloudy day,0.45,35,8.75,2.8269,30.9602,20.0,area_weak_08,6.288194075271306
day_1,Cold cloudy day,0.45,36,9.0,3.0,35.0,20.0,area_weak_08,6.237205833924371
day_1,Cold cloudy day,0.45,37,9.25,3.1667,38.8899,20.0,area_weak_08,6.1881028434102925
day_1,Cold cloudy day,0.45,38,9.5,3.3263,42.6133,20.0,area_weak_08,6.141091329843018
day_1,Cold cloudy day,0.45,39,9.75,3.478,46.1542,20.0,area_weak_08,6.096406591097331
day_1,Cold cloudy day,0.45,40,10.0,3.6213,49.4975,20.0,area_weak_08,6.054196356196864
day_1,Cold cloudy day,0.45,41,10.25,3.7555,52.6288,20.0,area_weak_08,6.014666563162593
day_1,Cold cloudy day,0.45,42,10.5,3.8801,55.5347,20.0,area_weak_08,5.977964718400851
day_1,Cold cloudy day,0.45,43,10.75,3.9944,58.2029,20.0,area_weak_08,5.944296484934774
day_1,Cold cloudy day,0.45,44,11.0,4.0981,60.6218,20.0,area_weak_08,5.913750832794974
day_1,Cold cloudy day,0.45,45,11.25,4.1906,62.7811,20.0,area_weak_08,5.88650401277024
day_1,Cold cloudy day,0.45,46,11.5,4.2716,64.6716,20.0,area_weak_08,5.862644680607944
day_1,Cold cloudy day,0.45,47,11.75,4.3408,66.2851,20.0,area_weak_08,5.842261361104097
day_1,Cold cloudy day,0.45,48,12.0,4.3978,67.6148,20.0,area_weak_08,5.825471546054473
day_1,Cold cloudy day,0.45,49,12.25,4.4424,68.655,20.0,area_weak_08,5.812334282545063
day_1,Cold cloudy day,0.45,50,12.5,4.4743,69.4011,20.0,area_weak_08,5.802937623947018
day_1,Cold cloudy day,0.45,51,12.75,4.4936,69.8501,20.0,area_weak_08,5.797252812782747
day_1,Cold cloudy day,0.45,52,13.0,4.5,70.0,20.0,area_weak_08,5.795367561949891
day_1,Cold cloudy day,0.45,53,13.25,4.4936,69.8501,20.0,area_weak_08,5.797252812782747
day_1,Cold cloudy day,0.45,54,13.5,4.4743,69.4011,20.0,area_weak_08,5.802937623947018
day_1,Cold cloudy day,0.45,55,13.75,4.4424,68.655,20.0,area_weak_08,5.812334282545063
day_1,Cold cloudy day,0.45,56,14.0,4.3978,67.6148,20.0,area_weak_08,5.825471546054473
day_1,Cold cloudy day,0.45,57,14.25,4.3408,66.2851,20.0,area_weak_08,5.842261361104097
day_1,Cold cloudy day,0.45,58,14.5,4.2716,64.6716,20.0,area_weak_08,5.862644680607944
day_1,Cold cloudy day,0.45,59,14.75,4.1906,62.7811,20.0,area_weak_08,5.88650401277024
day_1,Cold cloudy day,0.45,60,15.0,4.0981,60.6218,20.0,area_weak_08,5.913750832794974
day_1,Cold cloudy day,0.45,61,15.25,3.9944,58.2029,20.0,area_weak_08,5.944296484934774
day_1,Cold cloudy day,0.45,62,15.5,3.8801,55.5347,20.0,area_weak_08,5.977964718400851
day_1,Cold cloudy day,0.45,63,15.75,3.7555,52.6288,20.0,area_weak_08,6.014666563162593
day_1,Cold cloudy day,0.45,64,16.0,3.6213,49.4975,20.0,area_weak_08,6.054196356196864
day_1,Cold cloudy day,0.45,65,16.25,3.478,46.1542,20.0,area_weak_08,6.096406591097331
day_1,Cold cloudy day,0.45,66,16.5,3.3263,42.6133,20.0,area_weak_08,6.141091329843018
day_1,Cold cloudy day,0.45,67,16.75,3.1667,38.8899,20.0,area_weak_08,6.1881028434102925
day_1,Cold cloudy day,0.45,68,17.0,3.0,35.0,20.0,area_weak_08,6.237205833924371
day_1,Cold cloudy day,0.45,69,17.25,2.8269,30.9602,20.0,area_weak_08,6.288194075271306
day_1,Cold cloudy day,0.45,70,17.5,2.6481,26.7878,20.0,area_weak_08,6.340861249671206
day_1,Cold cloudy day,0.45,71,17.75,2.4643,22.5008,20.0,area_weak_08,6.395000947678226
day_1,Cold cloudy day,0.45,72,18.0,2.2765,18.1173,20.0,area_weak_08,6.450319295756459
day_1,Cold cloudy day,0.45,73,18.25,2.0853,13.6563,20.0,area_weak_08,6.506638903840355
day_1,Cold cloudy day,0.45,74,18.5,1.8916,9.1368,20.0,area_weak_08,6.563694930869435
day_1,Cold cloudy day,0.45,75,18.75,1.6962,4.5782,20.0,area_weak_08,6.621251633734319
day_1,Cold cloudy day,0.45,76,19.0,1.5,0.0,20.0,area_weak_08,6.679044105898852
day_1,Cold cloudy day,0.45,77,19.25,1.3038,0.0,20.0,area_weak_08,6.736237056585368
day_1,Cold cloudy day,0.45,78,19.5,1.1084,0.0,20.0,area_weak_08,6.793196804618728
day_1,Cold cloudy day,0.45,79,19.75,0.9147,0.0,20.0,area_weak_08,6.849660997014132
day_1,Cold cloudy day,0.45,80,20.0,0.7235,0.0,20.0,area_weak_08,6.905396431118422
day_1,Cold cloudy day,0.45,81,20.25,0.5357,0.0,20.0,area_weak_08,6.960140753946802
day_1,Cold cloudy day,0.45,82,20.5,0.3519,0.0,20.0,area_weak_08,7.013719063509399
day_1,Cold cloudy day,0.45,83,20.75,0.1731,0.0,20.0,area_weak_08,7.065839856489771
day_1,Cold cloudy day,0.45,84,21.0,-0.0,0.0,20.0,area_weak_08,7.1162990805664075
day_1,Cold cloudy day,0.45,85,21.25,-0.1667,0.0,20.0,area_weak_08,7.164892683417795
day_1,Cold cloudy day,0.45,86,21.5,-0.3263,0.0,20.0,area_weak_08,7.211416612722424
day_1,Cold cloudy day,0.45,87,21.75,-0.478,0.0,20.0,area_weak_08,7.255637665827137
day_1,Cold cloudy day,0.45,88,22.0,-0.6213,0.0,20.0,area_weak_08,7.2974100910737105
day_1,Cold cloudy day,0.45,89,22.25,-0.7555,0.0,20.0,area_weak_08,7.336529836140634
day_1,Cold cloudy day,0.45,90,22.5,-0.8801,0.0,20.0,area_weak_08,7.372851149369685
day_1,Cold cloudy day,0.45,91,22.75,-0.9944,0.0,20.0,area_weak_08,7.406169978439353
day_1,Cold cloudy day,0.45,92,23.0,-1.0981,0.0,20.0,area_weak_08,7.436398872354703
day_1,Cold cloudy day,0.45,93,23.25,-1.1906,0.0,20.0,area_weak_08,7.46336292912587
day_1,Cold cloudy day,0.45,94,23.5,-1.2716,0.0,20.0,area_weak_08,7.486974697757917
day_1,Cold cloudy day,0.45,95,23.75,-1.3408,0.0,20.0,area_weak_08,7.507146727255915
day_1,Cold cloudy day,0.45,0,0.0,-1.3978,0.0,20.0,year_area100_01,8.217230668581006
day_1,Cold cloudy day,0.45,1,0.25,-1.4424,0.0,20.0,year_area100_01,8.238354842409505
day_1,Cold cloudy day,0.45,2,0.5,-1.4743,0.0,20.0,year_area100_01,8.253463836694912
day_1,Cold cloudy day,0.45,3,0.75,-1.4936,0.0,20.0,year_area100_01,8.262605015055675
day_1,Cold cloudy day,0.45,4,1.0,-1.5,0.0,20.0,year_area100_01,8.265636286636447
day_1,Cold cloudy day,0.45,5,1.25,-1.4936,0.0,20.0,year_area100_01,8.262605015055675
day_1,Cold cloudy day,0.45,6,1.5,-1.4743,0.0,20.0,year_area100_01,8.253463836694912
day_1,Cold cloudy day,0.45,7,1.75,-1.4424,0.0,20.0,year_area100_01,8.238354842409505
day_1,Cold cloudy day,0.45,8,2.0,-1.3978,0.0,20.0,year_area100_01,8.217230668581006
day_1,Cold cloudy day,0.45,9,2.25,-1.3408,0.0,20.0,year_area100_01,8.190233406064763
day_1,Cold cloudy day,0.45,10,2.5,-1.2716,0.0,20.0,year_area100_01,8.157457782097673
day_1,Cold cloudy day,0.45,11,2.75,-1.1906,0.0,20.0,year_area100_01,8.119093251153538
day_1,Cold cloudy day,0.45,12,3.0,-1.0981,0.0,20.0,year_area100_01,8.075281904087703
day_1,Cold cloudy day,0.45,13,3.25,-0.9944,0.0,20.0,year_area100_01,8.02616583175552
day_1,Cold cloudy day,0.45,14,3.5,-0.8801,0.0,20.0,year_area100_01,7.972029215867684
day_1,Cold cloudy day,0.45,15,3.75,-0.7555,0.0,20.0,year_area100_01,7.913014147279545
day_1,Cold cloudy day,0.45,16,4.0,-0.6213,0.0,20.0,year_area100_01,7.84945217132025
day_1,Cold cloudy day,0.45,17,4.25,-0.478,0.0,20.0,year_area100_01,7.781580106082044
day_1,Cold cloudy day,0.45,18,4.5,-0.3263,0.0,20.0,year_area100_01,7.7097294968940755
day_1,Cold cloudy day,0.45,19,4.75,-0.1667,0.0,20.0,year_area100_01,7.634137161848592
day_1,Cold cloudy day,0.45,20,5.0,0.0,0.0,20.0,year_area100_01,7.555182009893192
day_1,Cold cloudy day,0.45,21,5.25,0.1731,0.0,20.0,year_area100_01,7.47319558635702
day_1,Cold cloudy day,0.45,22,5.5,0.3519,0.0,20.0,year_area100_01,7.388509436569224
day_1,Cold cloudy day,0.45,23,5.75,0.5357,0.0,20.0,year_area100_01,7.3014551058589525
day_1,Cold cloudy day,0.45,24,6.0,0.7235,0.0,20.0,year_area100_01,7.212506230410696
day_1,Cold cloudy day,0.45,25,6.25,0.9147,0.0,20.0,year_area100_01,7.1219469919351575
day_1,Cold cloudy day,0.45,26,6.5,1.1084,0.0,20.0,year_area100_01,7.030203662998378
day_1,Cold cloudy day,0.45,27,6.75,1.3038,0.0,20.0,year_area100_01,6.937655152547958
day_1,Cold cloudy day,0.45,28,7.0,1.5,0.0,20.0,year_area100_01,6.84472773314994
day_1,Cold cloudy day,0.45,29,7.25,1.6962,4.5782,20.0,year_area100_01,6.736173632023666
day_1,Cold cloudy day,0.45,30,7.5,1.8916,9.1368,20.0,year_area100_01,6.6280653401468275
day_1,Cold cloudy day,0.45,31,7.75,2.0853,13.6563,20.0,year_area100_01,6.5208956890592376
day_1,Cold cloudy day,0.45,32,8.0,2.2765,18.1173,20.0,year_area100_01,6.415109805354186
day_1,Cold cloudy day,0.45,33,8.25,2.4643,22.5008,20.0,year_area100_01,6.311198813931135
day_1,Cold cloudy day,0.45,34,8.5,2.6481,26.7878,20.0,year_area100_01,6.209511748834199
day_1,Cold cloudy day,0.45,35,8.75,2.8269,30.9602,20.0,year_area100_01,6.110584026628645
day_1,Cold cloudy day,0.45,36,9.0,3.0,35.0,20.0,year_area100_01,6.014808631696335
day_1,Cold cloudy day,0.45,37,9.25,3.1667,38.8899,20.0,year_area100_01,5.922576159122627
day_1,Cold cloudy day,0.45,38,9.5,3.3263,42.6133,20.0,year_area100_01,5.834274814696387
day_1,Cold cloudy day,0.45,39,9.75,3.478,46.1542,20.0,year_area100_01,5.750338119856508
day_1,Cold cloudy day,0.45,40,10.0,3.6213,49.4975,20.0,year_area100_01,5.6710544332339
day_1,Cold cloudy day,0.45,41,10.25,3.7555,52.6288,20.0,year_area100_01,5.5968044513998745
day_1,Cold cloudy day,0.45,42,10.5,3.8801,55.5347,20.0,year_area100_01,5.527870730408141
day_1,Cold cloudy day,0.45,43,10.75,3.9944,58.2029,20.0,year_area100_01,5.464626798940529
day_1,Cold cloudy day,0.45,44,11.0,4.0981,60.6218,20.0,year_area100_01,5.407254341908578
day_1,Cold cloudy day,0.45,45,11.25,4.1906,62.7811,20.0,year_area100_01,5.356072697814255
day_1,Cold cloudy day,0.45,46,11.5,4.2716,64.6716,20.0,year_area100_01,5.311255359695409
day_1,Cold cloudy day,0.45,47,11.75,4.3408,66.2851,20.0,year_area100_01,5.272972407309172
day_1,Cold cloudy day,0.45,48,12.0,4.3978,67.6148,20.0,year_area100_01,5.241436505438147
day_1,Cold cloudy day,0.45,49,12.25,4.4424,68.655,20.0,year_area100_01,5.216761837019257
day_1,Cold cloudy day,0.45,50,12.5,4.4743,69.4011,20.0,year_area100_01,5.199106193999096
day_1,Cold cloudy day,0.45,51,12.75,4.4936,69.8501,20.0,year_area100_01,5.188432452601333
day_1,Cold cloudy day,0.45,52,13.0,4.5,70.0,20.0,year_area100_01,5.184889530242732
day_1,Cold cloudy day,0.45,53,13.25,4.4936,69.8501,20.0,year_area100_01,5.188432452601333
day_1,Cold cloudy day,0.45,54,13.5,4.4743,69.4011,20.0,year_area100_01,5.199106193999096
day_1,Cold cloudy day,0.45,55,13.75,4.4424,68.655,20.0,year_area100_01,5.216761837019257
day_1,Cold cloudy day,0.45,56,14.0,4.3978,67.6148,20.0,year_area100_01,5.241436505438147
day_1,Cold cloudy day,0.45,57,14.25,4.3408,66.2851,20.0,year_area100_01,5.272972407309172
day_1,Cold cloudy day,0.45,58,14.5,4.2716,64.6716,20.0,year_area100_01,5.311255359695409
day_1,Cold cloudy day,0.45,59,14.75,4.1906,62.7811,20.0,year_area100_01,5.356072697814255
day_1,Cold cloudy day,0.45,60,15.0,4.0981,60.6218,20.0,year_area100_01,5.407254341908578
day_1,Cold cloudy day,0.45,61,15.25,3.9944,58.2029,20.0,year_area100_01,5.464626798940529
day_1,Cold cloudy day,0.45,62,15.5,3.8801,55.5347,20.0,year_area100_01,5.527870730408141
day_1,Cold cloudy day,0.45,63,15.75,3.7555,52.6288,20.0,year_area100_01,5.5968044513998745
day_1,Cold cloudy day,0.45,64,16.0,3.6213,49.4975,20.0,year_area100_01,5.6710544332339
day_1,Cold cloudy day,0.45,65,16.25,3.478,46.1542,20.0,year_area100_01,5.750338119856508
day_1,Cold cloudy day,0.45,66,16.5,3.3263,42.6133,20.0,year_area100_01,5.834274814696387
day_1,Cold cloudy day,0.45,67,16.75,3.1667,38.8899,20.0,year_area100_01,5.922576159122627
day_1,Cold cloudy day,0.45,68,17.0,3.0,35.0,20.0,year_area100_01,6.014808631696335
day_1,Cold cloudy day,0.45,69,17.25,2.8269,30.9602,20.0,year_area100_01,6.110584026628645
day_1,Cold cloudy day,0.45,70,17.5,2.6481,26.7878,20.0,year_area100_01,6.209511748834199
day_1,Cold cloudy day,0.45,71,17.75,2.4643,22.5008,20.0,year_area100_01,6.311198813931135
day_1,Cold cloudy day,0.45,72,18.0,2.2765,18.1173,20.0,year_area100_01,6.415109805354186
day_1,Cold cloudy day,0.45,73,18.25,2.0853,13.6563,20.0,year_area100_01,6.5208956890592376
day_1,Cold cloudy day,0.45,74,18.5,1.8916,9.1368,20.0,year_area100_01,6.6280653401468275
day_1,Cold cloudy day,0.45,75,18.75,1.6962,4.5782,20.0,year_area100_01,6.736173632023666
day_1,Cold cloudy day,0.45,76,19.0,1.5,0.0,20.0,year_area100_01,6.84472773314994
day_1,Cold cloudy day,0.45,77,19.25,1.3038,0.0,20.0,year_area100_01,6.937655152547958
day_1,Cold cloudy day,0.45,78,19.5,1.1084,0.0,20.0,year_area100_01,7.030203662998378
day_1,Cold cloudy day,0.45,79,19.75,0.9147,0.0,20.0,year_area100_01,7.1219469919351575
day_1,Cold cloudy day,0.45,80,20.0,0.7235,0.0,20.0,year_area100_01,7.212506230410696
day_1,Cold cloudy day,0.45,81,20.25,0.5357,0.0,20.0,year_area100_01,7.3014551058589525
day_1,Cold cloudy day,0.45,82,20.5,0.3519,0.0,20.0,year_area100_01,7.388509436569224
day_1,Cold cloudy day,0.45,83,20.75,0.1731,0.0,20.0,year_area100_01,7.47319558635702
day_1,Cold cloudy day,0.45,84,21.0,-0.0,0.0,20.0,year_area100_01,7.555182009893192
day_1,Cold cloudy day,0.45,85,21.25,-0.1667,0.0,20.0,year_area100_01,7.634137161848592
day_1,Cold cloudy day,0.45,86,21.5,-0.3263,0.0,20.0,year_area100_01,7.7097294968940755
day_1,Cold cloudy day,0.45,87,21.75,-0.478,0.0,20.0,year_area100_01,7.781580106082044
day_1,Cold cloudy day,0.45,88,22.0,-0.6213,0.0,20.0,year_area100_01,7.84945217132025
day_1,Cold cloudy day,0.45,89,22.25,-0.7555,0.0,20.0,year_area100_01,7.913014147279545
day_1,Cold cloudy day,0.45,90,22.5,-0.8801,0.0,20.0,year_area100_01,7.972029215867684
day_1,Cold cloudy day,0.45,91,22.75,-0.9944,0.0,20.0,year_area100_01,8.02616583175552
day_1,Cold cloudy day,0.45,92,23.0,-1.0981,0.0,20.0,year_area100_01,8.075281904087703
day_1,Cold cloudy day,0.45,93,23.25,-1.1906,0.0,20.0,year_area100_01,8.119093251153538
day_1,Cold cloudy day,0.45,94,23.5,-1.2716,0.0,20.0,year_area100_01,8.157457782097673
day_1,Cold cloudy day,0.45,95,23.75,-1.3408,0.0,20.0,year_area100_01,8.190233406064763
day_1,Cold cloudy day,0.45,0,0.0,-1.3978,0.0,20.0,year_area100_02,3.361231360076649
day_1,Cold cloudy day,0.45,1,0.25,-1.4424,0.0,20.0,year_area100_02,3.3639599075467563
day_1,Cold cloudy day,0.45,2,0.5,-1.4743,0.0,20.0,year_area100_02,3.3659114919480215
day_1,Cold cloudy day,0.45,3,0.75,-1.4936,0.0,20.0,year_area100_02,3.3670922310998845
day_1,Cold cloudy day,0.45,4,1.0,-1.5,0.0,20.0,year_area100_02,3.367483771544025
day_1,Cold cloudy day,0.45,5,1.25,-1.4936,0.0,20.0,year_area100_02,3.3670922310998845
day_1,Cold cloudy day,0.45,6,1.5,-1.4743,0.0,20.0,year_area100_02,3.3659114919480215
day_1,Cold cloudy day,0.45,7,1.75,-1.4424,0.0,20.0,year_area100_02,3.3639599075467563
day_1,Cold cloudy day,0.45,8,2.0,-1.3978,0.0,20.0,year_area100_02,3.361231360076649
day_1,Cold cloudy day,0.45,9,2.25,-1.3408,0.0,20.0,year_area100_02,3.3577442029960185
day_1,Cold cloudy day,0.45,10,2.5,-1.2716,0.0,20.0,year_area100_02,3.353510671943744
day_1,Cold cloudy day,0.45,11,2.75,-1.1906,0.0,20.0,year_area100_02,3.3485552381975854
day_1,Cold cloudy day,0.45,12,3.0,-1.0981,0.0,20.0,year_area100_02,3.3428962552158605
day_1,Cold cloudy day,0.45,13,3.25,-0.9944,0.0,20.0,year_area100_02,3.336552076456889
day_1,Cold cloudy day,0.45,14,3.5,-0.8801,0.0,20.0,year_area100_02,3.3295594088373086
day_1,Cold cloudy day,0.45,15,3.75,-0.7555,0.0,20.0,year_area100_02,3.3219366058154396
day_1,Cold cloudy day,0.45,16,4.0,-0.6213,0.0,20.0,year_area100_02,3.313726492127359
day_1,Cold cloudy day,0.45,17,4.25,-0.478,0.0,20.0,year_area100_02,3.304959656870265
day_1,Cold cloudy day,0.45,18,4.5,-0.3263,0.0,20.0,year_area100_02,3.295678924780236
day_1,Cold cloudy day,0.45,19,4.75,-0.1667,0.0,20.0,year_area100_02,3.2859148849544706
day_1,Cold cloudy day,0.45,20,5.0,0.0,0.0,20.0,year_area100_02,3.2757164799484864
day_1,Cold cloudy day,0.45,21,5.25,0.1731,0.0,20.0,year_area100_02,3.2651265344983615
day_1,Cold cloudy day,0.45,22,5.5,0.3519,0.0,20.0,year_area100_02,3.2541878733401735
day_1,Cold cloudy day,0.45,23,5.75,0.5357,0.0,20.0,year_area100_02,3.24294332121
day_1,Cold cloudy day,0.45,24,6.0,0.7235,0.0,20.0,year_area100_02,3.2314540563022383
day_1,Cold cloudy day,0.45,25,6.25,0.9147,0.0,20.0,year_area100_02,3.2197567855335274
day_1,Cold cloudy day,0.45,26,6.5,1.1084,0.0,20.0,year_area100_02,3.207906569278823
day_1,Cold cloudy day,0.45,27,6.75,1.3038,0.0,20.0,year_area100_02,3.1959523500936444
day_1,Cold cloudy day,0.45,28,7.0,1.5,0.0,20.0,year_area100_02,3.1839491883529476
day_1,Cold cloudy day,0.45,29,7.25,1.6962,4.5782,20.0,year_area100_02,3.1431874653034093
day_1,Cold cloudy day,0.45,30,7.5,1.8916,9.1368,20.0,year_area100_02,3.102597804769559
day_1,Cold cloudy day,0.45,31,7.75,2.0853,13.6563,20.0,year_area100_02,3.0623577589234627
day_1,Cold cloudy day,0.45,32,8.0,2.2765,18.1173,20.0,year_area100_02,3.022638133954685
day_1,Cold cloudy day,0.45,33,8.25,2.4643,22.5008,20.0,year_area100_02,2.9836133412199803
day_1,Cold cloudy day,0.45,34,8.5,2.6481,26.7878,20.0,year_area100_02,2.945439438617786
day_1,Cold cloudy day,0.45,35,8.75,2.8269,30.9602,20.0,year_area100_02,2.908291301856738
day_1,Cold cloudy day,0.45,36,9.0,3.0,35.0,20.0,year_area100_02,2.8723248250240916
day_1,Cold cloudy day,0.45,37,9.25,3.1667,38.8899,20.0,year_area100_02,2.837691505065666
day_1,Cold cloudy day,0.45,38,9.5,3.3263,42.6133,20.0,year_area100_02,2.8045384417858483
day_1,Cold cloudy day,0.45,39,9.75,3.478,46.1542,20.0,year_area100_02,2.7730150838300904
day_1,Cold cloudy day,0.45,40,10.0,3.6213,49.4975,20.0,year_area100_02,2.743246872917968
day_1,Cold cloudy day,0.45,41,10.25,3.7555,52.6288,20.0,year_area100_02,2.7153670892665005
day_1,Cold cloudy day,0.45,42,10.5,3.8801,55.5347,20.0,year_area100_02,2.689490495823207
day_1,Cold cloudy day,0.45,43,10.75,3.9944,58.2029,20.0,year_area100_02,2.6657371813808033
day_1,Cold cloudy day,0.45,44,11.0,4.0981,60.6218,20.0,year_area100_02,2.644198366312811
day_1,Cold cloudy day,0.45,45,11.25,4.1906,62.7811,20.0,year_area100_02,2.6249754583312646
day_1,Cold cloudy day,0.45,46,11.5,4.2716,64.6716,20.0,year_area100_02,2.608144601896196
day_1,Cold cloudy day,0.45,47,11.75,4.3408,66.2851,20.0,year_area100_02,2.5937756598370156
day_1,Cold cloudy day,0.45,48,12.0,4.3978,67.6148,20.0,year_area100_02,2.581935818519705
day_1,Cold cloudy day,0.45,49,12.25,4.4424,68.655,20.0,year_area100_02,2.5726731188776837
day_1,Cold cloudy day,0.45,50,12.5,4.4743,69.4011,20.0,year_area100_02,2.5660348098701267
day_1,Cold cloudy day,0.45,51,12.75,4.4936,69.8501,20.0,year_area100_02,2.5620336185694566
day_1,Cold cloudy day,0.45,52,13.0,4.5,70.0,20.0,year_area100_02,2.5607004616952347
day_1,Cold cloudy day,0.45,53,13.25,4.4936,69.8501,20.0,year_area100_02,2.5620336185694566
day_1,Cold cloudy day,0.45,54,13.5,4.4743,69.4011,20.0,year_area100_02,2.5660348098701267
day_1,Cold cloudy day,0.45,55,13.75,4.4424,68.655,20.0,year_area100_02,2.5726731188776837
day_1,Cold cloudy day,0.45,56,14.0,4.3978,67.6148,20.0,year_area100_02,2.581935818519705
day_1,Cold cloudy day,0.45,57,14.25,4.3408,66.2851,20.0,year_area100_02,2.5937756598370156
day_1,Cold cloudy day,0.45,58,14.5,4.2716,64.6716,20.0,year_area100_02,2.608144601896196
day_1,Cold cloudy day,0.45,59,14.75,4.1906,62.7811,20.0,year_area100_02,2.6249754583312646
day_1,Cold cloudy day,0.45,60,15.0,4.0981,60.6218,20.0,year_area100_02,2.644198366312811
day_1,Cold cloudy day,0.45,61,15.25,3.9944,58.2029,20.0,year_area100_02,2.6657371813808033
day_1,Cold cloudy day,0.45,62,15.5,3.8801,55.5347,20.0,year_area100_02,2.689490495823207
day_1,Cold cloudy day,0.45,63,15.75,3.7555,52.6288,20.0,year_area100_02,2.7153670892665005
day_1,Cold cloudy day,0.45,64,16.0,3.6213,49.4975,20.0,year_area100_02,2.743246872917968
day_1,Cold cloudy day,0.45,65,16.25,3.478,46.1542,20.0,year_area100_02,2.7730150838300904
day_1,Cold cloudy day,0.45,66,16.5,3.3263,42.6133,20.0,year_area100_02,2.8045384417858483
day_1,Cold cloudy day,0.45,67,16.75,3.1667,38.8899,20.0,year_area100_02,2.837691505065666
day_1,Cold cloudy day,0.45,68,17.0,3.0,35.0,20.0,year_area100_02,2.8723248250240916
day_1,Cold cloudy day,0.45,69,17.25,2.8269,30.9602,20.0,year_area100_02,2.908291301856738
day_1,Cold cloudy day,0.45,70,17.5,2.6481,26.7878,20.0,year_area100_02,2.945439438617786
day_1,Cold cloudy day,0.45,71,17.75,2.4643,22.5008,20.0,year_area100_02,2.9836133412199803
day_1,Cold cloudy day,0.45,72,18.0,2.2765,18.1173,20.0,year_area100_02,3.022638133954685
day_1,Cold cloudy day,0.45,73,18.25,2.0853,13.6563,20.0,year_area100_02,3.0623577589234627
day_1,Cold cloudy day,0.45,74,18.5,1.8916,9.1368,20.0,year_area100_02,3.102597804769559
day_1,Cold cloudy day,0.45,75,18.75,1.6962,4.5782,20.0,year_area100_02,3.1431874653034093
day_1,Cold cloudy day,0.45,76,19.0,1.5,0.0,20.0,year_area100_02,3.1839491883529476
day_1,Cold cloudy day,0.45,77,19.25,1.3038,0.0,20.0,year_area100_02,3.1959523500936444
day_1,Cold cloudy day,0.45,78,19.5,1.1084,0.0,20.0,year_area100_02,3.207906569278823
day_1,Cold cloudy day,0.45,79,19.75,0.9147,0.0,20.0,year_area100_02,3.2197567855335274
day_1,Cold cloudy day,0.45,80,20.0,0.7235,0.0,20.0,year_area100_02,3.2314540563022383
day_1,Cold cloudy day,0.45,81,20.25,0.5357,0.0,20.0,year_area100_02,3.24294332121
day_1,Cold cloudy day,0.45,82,20.5,0.3519,0.0,20.0,year_area100_02,3.2541878733401735
day_1,Cold cloudy day,0.45,83,20.75,0.1731,0.0,20.0,year_area100_02,3.2651265344983615
day_1,Cold cloudy day,0.45,84,21.0,-0.0,0.0,20.0,year_area100_02,3.2757164799484864
day_1,Cold cloudy day,0.45,85,21.25,-0.1667,0.0,20.0,year_area100_02,3.2859148849544706
day_1,Cold cloudy day,0.45,86,21.5,-0.3263,0.0,20.0,year_area100_02,3.295678924780236
day_1,Cold cloudy day,0.45,87,21.75,-0.478,0.0,20.0,year_area100_02,3.304959656870265
day_1,Cold cloudy day,0.45,88,22.0,-0.6213,0.0,20.0,year_area100_02,3.313726492127359
day_1,Cold cloudy day,0.45,89,22.25,-0.7555,0.0,20.0,year_area100_02,3.3219366058154396
day_1,Cold cloudy day,0.45,90,22.5,-0.8801,0.0,20.0,year_area100_02,3.3295594088373086
day_1,Cold cloudy day,0.45,91,22.75,-0.9944,0.0,20.0,year_area100_02,3.336552076456889
day_1,Cold cloudy day,0.45,92,23.0,-1.0981,0.0,20.0,year_area100_02,3.3428962552158605
day_1,Cold cloudy day,0.45,93,23.25,-1.1906,0.0,20.0,year_area100_02,3.3485552381975854
day_1,Cold cloudy day,0.45,94,23.5,-1.2716,0.0,20.0,year_area100_02,3.353510671943744
day_1,Cold cloudy day,0.45,95,23.75,-1.3408,0.0,20.0,year_area100_02,3.3577442029960185
day_1,Cold cloudy day,0.45,0,0.0,-1.3978,0.0,20.0,year_area100_03,5.784230824136064
day_1,Cold cloudy day,0.45,1,0.25,-1.4424,0.0,20.0,year_area100_03,5.7931600513071
day_1,Cold cloudy day,0.45,2,0.5,-1.4743,0.0,20.0,year_area100_03,5.799546651010151
day_1,Cold cloudy day,0.45,3,0.75,-1.4936,0.0,20.0,year_area100_03,5.803410643933941
day_1,Cold cloudy day,0.45,4,1.0,-1.5,0.0,20.0,year_area100_03,5.804691968012296
day_1,Cold cloudy day,0.45,5,1.25,-1.4936,0.0,20.0,year_area100_03,5.803410643933941
day_1,Cold cloudy day,0.45,6,1.5,-1.4743,0.0,20.0,year_area100_03,5.799546651010151
day_1,Cold cloudy day,0.45,7,1.75,-1.4424,0.0,20.0,year_area100_03,5.7931600513071
day_1,Cold cloudy day,0.45,8,2.0,-1.3978,0.0,20.0,year_area100_03,5.784230824136064
day_1,Cold cloudy day,0.45,9,2.25,-1.3408,0.0,20.0,year_area100_03,5.772819031563215
day_1,Cold cloudy day,0.45,10,2.5,-1.2716,0.0,20.0,year_area100_03,5.758964714966001
day_1,Cold cloudy day,0.45,11,2.75,-1.1906,0.0,20.0,year_area100_03,5.74274795709932
day_1,Cold cloudy day,0.45,12,3.0,-1.0981,0.0,20.0,year_area100_03,5.724228820029345
day_1,Cold cloudy day,0.45,13,3.25,-0.9944,0.0,20.0,year_area100_03,5.703467365822249
day_1,Cold cloudy day,0.45,14,3.5,-0.8801,0.0,20.0,year_area100_03,5.680583718610377
day_1,Cold cloudy day,0.45,15,3.75,-0.7555,0.0,20.0,year_area100_03,5.655637940459903
day_1,Cold cloudy day,0.45,16,4.0,-0.6213,0.0,20.0,year_area100_03,5.628770176191897
day_1,Cold cloudy day,0.45,17,4.25,-0.478,0.0,20.0,year_area100_03,5.600080529249978
day_1,Cold cloudy day,0.45,18,4.5,-0.3263,0.0,20.0,year_area100_03,5.56970914445522
day_1,Cold cloudy day,0.45,19,4.75,-0.1667,0.0,20.0,year_area100_03,5.53775612525124
day_1,Cold cloudy day,0.45,20,5.0,0.0,0.0,20.0,year_area100_03,5.504381637147838
day_1,Cold cloudy day,0.45,21,5.25,0.1731,0.0,20.0,year_area100_03,5.469725824966079
day_1,Cold cloudy day,0.45,22,5.5,0.3519,0.0,20.0,year_area100_03,5.433928833527036
day_1,Cold cloudy day,0.45,23,5.75,0.5357,0.0,20.0,year_area100_03,5.397130807651777
day_1,Cold cloudy day,0.45,24,6.0,0.7235,0.0,20.0,year_area100_03,5.359531954227546
day_1,Cold cloudy day,0.45,25,6.25,0.9147,0.0,20.0,year_area100_03,5.321252397386691
day_1,Cold cloudy day,0.45,26,6.5,1.1084,0.0,20.0,year_area100_03,5.282472323327727
day_1,Cold cloudy day,0.45,27,6.75,1.3038,0.0,20.0,year_area100_03,5.2433518975604505
day_1,Cold cloudy day,0.45,28,7.0,1.5,0.0,20.0,year_area100_03,5.204071306283379
day_1,Cold cloudy day,0.45,29,7.25,1.6962,4.5782,20.0,year_area100_03,5.164207188063239
day_1,Cold cloudy day,0.45,30,7.5,1.8916,9.1368,20.0,year_area100_03,5.124505733524246
day_1,Cold cloudy day,0.45,31,7.75,2.0853,13.6563,20.0,year_area100_03,5.085149614290498
day_1,Cold cloudy day,0.45,32,8.0,2.2765,18.1173,20.0,year_area100_03,5.046301468551597
day_1,Cold cloudy day,0.45,33,8.25,2.4643,22.5008,20.0,year_area100_03,5.00814390420278
day_1,Cold cloudy day,0.45,34,8.5,2.6481,26.7878,20.0,year_area100_03,4.970799467073113
day_1,Cold cloudy day,0.45,35,8.75,2.8269,30.9602,20.0,year_area100_03,4.934470671034607
day_1,Cold cloudy day,0.45,36,9.0,3.0,35.0,20.0,year_area100_03,4.899299955147329
day_1,Cold cloudy day,0.45,37,9.25,3.1667,38.8899,20.0,year_area100_03,4.865429669250942
day_1,Cold cloudy day,0.45,38,9.5,3.3263,42.6133,20.0,year_area100_03,4.833002073964699
day_1,Cold cloudy day,0.45,39,9.75,3.478,46.1542,20.0,year_area100_03,4.802179374121948
day_1,Cold cloudy day,0.45,40,10.0,3.6213,49.4975,20.0,year_area100_03,4.773063597777916
day_1,Cold cloudy day,0.45,41,10.25,3.7555,52.6288,20.0,year_area100_03,4.745796725144868
day_1,Cold cloudy day,0.45,42,10.5,3.8801,55.5347,20.0,year_area100_03,4.720480567599902
day_1,Cold cloudy day,0.45,43,10.75,3.9944,58.2029,20.0,year_area100_03,4.697256837694069
day_1,Cold cloudy day,0.45,44,11.0,4.0981,60.6218,20.0,year_area100_03,4.676187076003117
day_1,Cold cloudy day,0.45,45,11.25,4.1906,62.7811,20.0,year_area100_03,4.657392719473929
day_1,Cold cloudy day,0.45,46,11.5,4.2716,64.6716,20.0,year_area100_03,4.6409350027837215
day_1,Cold cloudy day,0.45,47,11.75,4.3408,66.2851,20.0,year_area100_03,4.626875033151988
day_1,Cold cloudy day,0.45,48,12.0,4.3978,67.6148,20.0,year_area100_03,4.615293760046134
day_1,Cold cloudy day,0.45,49,12.25,4.4424,68.655,20.0,year_area100_03,4.606231951352626
day_1,Cold cloudy day,0.45,50,12.5,4.4743,69.4011,20.0,year_area100_03,4.599750255443157
day_1,Cold cloudy day,0.45,51,12.75,4.4936,69.8501,20.0,year_area100_03,4.595829034002169
day_1,Cold cloudy day,0.45,52,13.0,4.5,70.0,20.0,year_area100_03,4.59452860401128
day_1,Cold cloudy day,0.45,53,13.25,4.4936,69.8501,20.0,year_area100_03,4.595829034002169
day_1,Cold cloudy day,0.45,54,13.5,4.4743,69.4011,20.0,year_area100_03,4.599750255443157
day_1,Cold cloudy day,0.45,55,13.75,4.4424,68.655,20.0,year_area100_03,4.606231951352626
day_1,Cold cloudy day,0.45,56,14.0,4.3978,67.6148,20.0,year_area100_03,4.615293760046134
day_1,Cold cloudy day,0.45,57,14.25,4.3408,66.2851,20.0,year_area100_03,4.626875033151988
day_1,Cold cloudy day,0.45,58,14.5,4.2716,64.6716,20.0,year_area100_03,4.6409350027837215
day_1,Cold cloudy day,0.45,59,14.75,4.1906,62.7811,20.0,year_area100_03,4.657392719473929
day_1,Cold cloudy day,0.45,60,15.0,4.0981,60.6218,20.0,year_area100_03,4.676187076003117
day_1,Cold cloudy day,0.45,61,15.25,3.9944,58.2029,20.0,year_area100_03,4.697256837694069
day_1,Cold cloudy day,0.45,62,15.5,3.8801,55.5347,20.0,year_area100_03,4.720480567599902
day_1,Cold cloudy day,0.45,63,15.75,3.7555,52.6288,20.0,year_area100_03,4.745796725144868
day_1,Cold cloudy day,0.45,64,16.0,3.6213,49.4975,20.0,year_area100_03,4.773063597777916
day_1,Cold cloudy day,0.45,65,16.25,3.478,46.1542,20.0,year_area100_03,4.802179374121948
day_1,Cold cloudy day,0.45,66,16.5,3.3263,42.6133,20.0,year_area100_03,4.833002073964699
day_1,Cold cloudy day,0.45,67,16.75,3.1667,38.8899,20.0,year_area100_03,4.865429669250942
day_1,Cold cloudy day,0.45,68,17.0,3.0,35.0,20.0,year_area100_03,4.899299955147329
day_1,Cold cloudy day,0.45,69,17.25,2.8269,30.9602,20.0,year_area100_03,4.934470671034607
day_1,Cold cloudy day,0.45,70,17.5,2.6481,26.7878,20.0,year_area100_03,4.970799467073113
day_1,Cold cloudy day,0.45,71,17.75,2.4643,22.5008,20.0,year_area100_03,5.00814390420278
day_1,Cold cloudy day,0.45,72,18.0,2.2765,18.1173,20.0,year_area100_03,5.046301468551597
day_1,Cold cloudy day,0.45,73,18.25,2.0853,13.6563,20.0,year_area100_03,5.085149614290498
day_1,Cold cloudy day,0.45,74,18.5,1.8916,9.1368,20.0,year_area100_03,5.124505733524246
day_1,Cold cloudy day,0.45,75,18.75,1.6962,4.5782,20.0,year_area100_03,5.164207188063239
day_1,Cold cloudy day,0.45,76,19.0,1.5,0.0,20.0,year_area100_03,5.204071306283379
day_1,Cold cloudy day,0.45,77,19.25,1.3038,0.0,20.0,year_area100_03,5.2433518975604505
day_1,Cold cloudy day,0.45,78,19.5,1.1084,0.0,20.0,year_area100_03,5.282472323327727
day_1,Cold cloudy day,0.45,79,19.75,0.9147,0.0,20.0,year_area100_03,5.321252397386691
day_1,Cold cloudy day,0.45,80,20.0,0.7235,0.0,20.0,year_area100_03,5.359531954227546
day_1,Cold cloudy day,0.45,81,20.25,0.5357,0.0,20.0,year_area100_03,5.397130807651777
day_1,Cold cloudy day,0.45,82,20.5,0.3519,0.0,20.0,year_area100_03,5.433928833527036
day_1,Cold cloudy day,0.45,83,20.75,0.1731,0.0,20.0,year_area100_03,5.469725824966079
day_1,Cold cloudy day,0.45,84,21.0,-0.0,0.0,20.0,year_area100_03,5.504381637147838
day_1,Cold cloudy day,0.45,85,21.25,-0.1667,0.0,20.0,year_area100_03,5.53775612525124
day_1,Cold cloudy day,0.45,86,21.5,-0.3263,0.0,20.0,year_area100_03,5.56970914445522
day_1,Cold cloudy day,0.45,87,21.75,-0.478,0.0,20.0,year_area100_03,5.600080529249978
day_1,Cold cloudy day,0.45,88,22.0,-0.6213,0.0,20.0,year_area100_03,5.628770176191897
day_1,Cold cloudy day,0.45,89,22.25,-0.7555,0.0,20.0,year_area100_03,5.655637940459903
day_1,Cold cloudy day,0.45,90,22.5,-0.8801,0.0,20.0,year_area100_03,5.680583718610377
day_1,Cold cloudy day,0.45,91,22.75,-0.9944,0.0,20.0,year_area100_03,5.703467365822249
day_1,Cold cloudy day,0.45,92,23.0,-1.0981,0.0,20.0,year_area100_03,5.724228820029345
day_1,Cold cloudy day,0.45,93,23.25,-1.1906,0.0,20.0,year_area100_03,5.74274795709932
day_1,Cold cloudy day,0.45,94,23.5,-1.2716,0.0,20.0,year_area100_03,5.758964714966001
day_1,Cold cloudy day,0.45,95,23.75,-1.3408,0.0,20.0,year_area100_03,5.772819031563215
day_1,Cold cloudy day,0.45,0,0.0,-1.3978,0.0,20.0,year_area100_04,5.122634364043701
day_1,Cold cloudy day,0.45,1,0.25,-1.4424,0.0,20.0,year_area100_04,5.132498575074965
day_1,Cold cloudy day,0.45,2,0.5,-1.4743,0.0,20.0,year_area100_04,5.139553918839479
day_1,Cold cloudy day,0.45,3,0.75,-1.4936,0.0,20.0,year_area100_04,5.143822512402337
day_1,Cold cloudy day,0.45,4,1.0,-1.5,0.0,20.0,year_area100_04,5.145238004568258
day_1,Cold cloudy day,0.45,5,1.25,-1.4936,0.0,20.0,year_area100_04,5.143822512402337
day_1,Cold cloudy day,0.45,6,1.5,-1.4743,0.0,20.0,year_area100_04,5.139553918839479
day_1,Cold cloudy day,0.45,7,1.75,-1.4424,0.0,20.0,year_area100_04,5.132498575074965
day_1,Cold cloudy day,0.45,8,2.0,-1.3978,0.0,20.0,year_area100_04,5.122634364043701
day_1,Cold cloudy day,0.45,9,2.25,-1.3408,0.0,20.0,year_area100_04,5.110027636940963
day_1,Cold cloudy day,0.45,10,2.5,-1.2716,0.0,20.0,year_area100_04,5.094722627896937
day_1,Cold cloudy day,0.45,11,2.75,-1.1906,0.0,20.0,year_area100_04,5.0768078051719945
day_1,Cold cloudy day,0.45,12,3.0,-1.0981,0.0,20.0,year_area100_04,5.056349519961411
day_1,Cold cloudy day,0.45,13,3.25,-0.9944,0.0,20.0,year_area100_04,5.0334141234604655
day_1,Cold cloudy day,0.45,14,3.5,-0.8801,0.0,20.0,year_area100_04,5.008134318059713
day_1,Cold cloudy day,0.45,15,3.75,-0.7555,0.0,20.0,year_area100_04,4.980576454954431
day_1,Cold cloudy day,0.45,16,4.0,-0.6213,0.0,20.0,year_area100_04,4.9508953536002664
day_1,Cold cloudy day,0.45,17,4.25,-0.478,0.0,20.0,year_area100_04,4.919201599322681
day_1,Cold cloudy day,0.45,18,4.5,-0.3263,0.0,20.0,year_area100_04,4.885650011577325
day_1,Cold cloudy day,0.45,19,4.75,-0.1667,0.0,20.0,year_area100_04,4.85035117568966
day_1,Cold cloudy day,0.45,20,5.0,0.0,0.0,20.0,year_area100_04,4.813482028180426
day_1,Cold cloudy day,0.45,21,5.25,0.1731,0.0,20.0,year_area100_04,4.775197388505269
day_1,Cold cloudy day,0.45,22,5.5,0.3519,0.0,20.0,year_area100_04,4.73565207611984
day_1,Cold cloudy day,0.45,23,5.75,0.5357,0.0,20.0,year_area100_04,4.695000910479784
day_1,Cold cloudy day,0.45,24,6.0,0.7235,0.0,20.0,year_area100_04,4.653465062236028
day_1,Cold cloudy day,0.45,25,6.25,0.9147,0.0,20.0,year_area100_04,4.6111772337791255
day_1,Cold cloudy day,0.45,26,6.5,1.1084,0.0,20.0,year_area100_04,4.56833647869491
day_1,Cold cloudy day,0.45,27,6.75,1.3038,0.0,20.0,year_area100_04,4.5251197335041216
day_1,Cold cloudy day,0.45,28,7.0,1.5,0.0,20.0,year_area100_04,4.4817260517925925
day_1,Cold cloudy day,0.45,29,7.25,1.6962,4.5782,20.0,year_area100_04,4.395848900960415
day_1,Cold cloudy day,0.45,30,7.5,1.8916,9.1368,20.0,year_area100_04,4.310330565115352
day_1,Cold cloudy day,0.45,31,7.75,2.0853,13.6563,20.0,year_area100_04,4.225551048358257
day_1,Cold cloudy day,0.45,32,8.0,2.2765,18.1173,20.0,year_area100_04,4.141867309773528
day_1,Cold cloudy day,0.45,33,8.25,2.4643,22.5008,20.0,year_area100_04,4.059654713705217
day_1,Cold cloudy day,0.45,34,8.5,2.6481,26.7878,20.0,year_area100_04,3.9792222733021045
day_1,Cold cloudy day,0.45,35,8.75,2.8269,30.9602,20.0,year_area100_04,3.9009591184111048
day_1,Cold cloudy day,0.45,36,9.0,3.0,35.0,20.0,year_area100_04,3.8251870997324975
day_1,Cold cloudy day,0.45,37,9.25,3.1667,38.8899,20.0,year_area100_04,3.752221572307048
day_1,Cold cloudy day,0.45,38,9.5,3.3263,42.6133,20.0,year_area100_04,3.6823713955160082
day_1,Cold cloudy day,0.45,39,9.75,3.478,46.1542,20.0,year_area100_04,3.6159619780975683
day_1,Cold cloudy day,0.45,40,10.0,3.6213,49.4975,20.0,year_area100_04,3.5532440260324107
day_1,Cold cloudy day,0.45,41,10.25,3.7555,52.6288,20.0,year_area100_04,3.494505983771887
day_1,Cold cloudy day,0.45,42,10.5,3.8801,55.5347,20.0,year_area100_04,3.4399827821235758
day_1,Cold cloudy day,0.45,43,10.75,3.9944,58.2029,20.0,year_area100_04,3.3899433785602877
day_1,Cold cloudy day,0.45,44,11.0,4.0981,60.6218,20.0,year_area100_04,3.344561766634953
day_1,Cold cloudy day,0.45,45,11.25,4.1906,62.7811,20.0,year_area100_04,3.304066227728109
day_1,Cold cloudy day,0.45,46,11.5,4.2716,64.6716,20.0,year_area100_04,3.2686084845600685
day_1,Cold cloudy day,0.45,47,11.75,4.3408,66.2851,20.0,year_area100_04,3.238330980337552
day_1,Cold cloudy day,0.45,48,12.0,4.3978,67.6148,20.0,year_area100_04,3.2133852840133454
day_1,Cold cloudy day,0.45,49,12.25,4.4424,68.655,20.0,year_area100_04,3.1938685229451007
day_1,Cold cloudy day,0.45,50,12.5,4.4743,69.4011,20.0,year_area100_04,3.179889734090613
day_1,Cold cloudy day,0.45,51,12.75,4.4936,69.8501,20.0,year_area100_04,3.17145463892556
day_1,Cold cloudy day,0.45,52,13.0,4.5,70.0,20.0,year_area100_04,3.168648147672403
day_1,Cold cloudy day,0.45,53,13.25,4.4936,69.8501,20.0,year_area100_04,3.17145463892556
day_1,Cold cloudy day,0.45,54,13.5,4.4743,69.4011,20.0,year_area100_04,3.179889734090613
day_1,Cold cloudy day,0.45,55,13.75,4.4424,68.655,20.0,year_area100_04,3.1938685229451007
day_1,Cold cloudy day,0.45,56,14.0,4.3978,67.6148,20.0,year_area100_04,3.2133852840133454
day_1,Cold cloudy day,0.45,57,14.25,4.3408,66.2851,20.0,year_area100_04,3.238330980337552
day_1,Cold cloudy day,0.45,58,14.5,4.2716,64.6716,20.0,year_area100_04,3.2686084845600685
day_1,Cold cloudy day,0.45,59,14.75,4.1906,62.7811,20.0,year_area100_04,3.304066227728109
day_1,Cold cloudy day,0.45,60,15.0,4.0981,60.6218,20.0,year_area100_04,3.344561766634953
day_1,Cold cloudy day,0.45,61,15.25,3.9944,58.2029,20.0,year_area100_04,3.3899433785602877
day_1,Cold cloudy day,0.45,62,15.5,3.8801,55.5347,20.0,year_area100_04,3.4399827821235758
day_1,Cold cloudy day,0.45,63,15.75,3.7555,52.6288,20.0,year_area100_04,3.494505983771887
day_1,Cold cloudy day,0.45,64,16.0,3.6213,49.4975,20.0,year_area100_04,3.5532440260324107
day_1,Cold cloudy day,0.45,65,16.25,3.478,46.1542,20.0,year_area100_04,3.6159619780975683
day_1,Cold cloudy day,0.45,66,16.5,3.3263,42.6133,20.0,year_area100_04,3.6823713955160082
day_1,Cold cloudy day,0.45,67,16.75,3.1667,38.8899,20.0,year_area100_04,3.752221572307048
day_1,Cold cloudy day,0.45,68,17.0,3.0,35.0,20.0,year_area100_04,3.8251870997324975
day_1,Cold cloudy day,0.45,69,17.25,2.8269,30.9602,20.0,year_area100_04,3.9009591184111048
day_1,Cold cloudy day,0.45,70,17.5,2.6481,26.7878,20.0,year_area100_04,3.9792222733021045
day_1,Cold cloudy day,0.45,71,17.75,2.4643,22.5008,20.0,year_area100_04,4.059654713705217
day_1,Cold cloudy day,0.45,72,18.0,2.2765,18.1173,20.0,year_area100_04,4.141867309773528
day_1,Cold cloudy day,0.45,73,18.25,2.0853,13.6563,20.0,year_area100_04,4.225551048358257
day_1,Cold cloudy day,0.45,74,18.5,1.8916,9.1368,20.0,year_area100_04,4.310330565115352
day_1,Cold cloudy day,0.45,75,18.75,1.6962,4.5782,20.0,year_area100_04,4.395848900960415
day_1,Cold cloudy day,0.45,76,19.0,1.5,0.0,20.0,year_area100_04,4.4817260517925925
day_1,Cold cloudy day,0.45,77,19.25,1.3038,0.0,20.0,year_area100_04,4.5251197335041216
day_1,Cold cloudy day,0.45,78,19.5,1.1084,0.0,20.0,year_area100_04,4.56833647869491
day_1,Cold cloudy day,0.45,79,19.75,0.9147,0.0,20.0,year_area100_04,4.6111772337791255
day_1,Cold cloudy day,0.45,80,20.0,0.7235,0.0,20.0,year_area100_04,4.653465062236028
day_1,Cold cloudy day,0.45,81,20.25,0.5357,0.0,20.0,year_area100_04,4.695000910479784
day_1,Cold cloudy day,0.45,82,20.5,0.3519,0.0,20.0,year_area100_04,4.73565207611984
day_1,Cold cloudy day,0.45,83,20.75,0.1731,0.0,20.0,year_area100_04,4.775197388505269
day_1,Cold cloudy day,0.45,84,21.0,-0.0,0.0,20.0,year_area100_04,4.813482028180426
day_1,Cold cloudy day,0.45,85,21.25,-0.1667,0.0,20.0,year_area100_04,4.85035117568966
day_1,Cold cloudy day,0.45,86,21.5,-0.3263,0.0,20.0,year_area100_04,4.885650011577325
day_1,Cold cloudy day,0.45,87,21.75,-0.478,0.0,20.0,year_area100_04,4.919201599322681
day_1,Cold cloudy day,0.45,88,22.0,-0.6213,0.0,20.0,year_area100_04,4.9508953536002664
day_1,Cold cloudy day,0.45,89,22.25,-0.7555,0.0,20.0,year_area100_04,4.980576454954431
day_1,Cold cloudy day,0.45,90,22.5,-0.8801,0.0,20.0,year_area100_04,5.008134318059713
day_1,Cold cloudy day,0.45,91,22.75,-0.9944,0.0,20.0,year_area100_04,5.0334141234604655
day_1,Cold cloudy day,0.45,92,23.0,-1.0981,0.0,20.0,year_area100_04,5.056349519961411
day_1,Cold cloudy day,0.45,93,23.25,-1.1906,0.0,20.0,year_area100_04,5.0768078051719945
day_1,Cold cloudy day,0.45,94,23.5,-1.2716,0.0,20.0,year_area100_04,5.094722627896937
day_1,Cold cloudy day,0.45,95,23.75,-1.3408,0.0,20.0,year_area100_04,5.110027636940963
day_1,Cold cloudy day,0.45,0,0.0,-1.3978,0.0,20.0,year_area100_05,5.067953705752826
day_1,Cold cloudy day,0.45,1,0.25,-1.4424,0.0,20.0,year_area100_05,5.080778381855873
day_1,Cold cloudy day,0.45,2,0.5,-1.4743,0.0,20.0,year_area100_05,5.089951188306259
day_1,Cold cloudy day,0.45,3,0.75,-1.4936,0.0,20.0,year_area100_05,5.095500879983138
day_1,Cold cloudy day,0.45,4,1.0,-1.5,0.0,20.0,year_area100_05,5.097341192249046
day_1,Cold cloudy day,0.45,5,1.25,-1.4936,0.0,20.0,year_area100_05,5.095500879983138
day_1,Cold cloudy day,0.45,6,1.5,-1.4743,0.0,20.0,year_area100_05,5.089951188306259
day_1,Cold cloudy day,0.45,7,1.75,-1.4424,0.0,20.0,year_area100_05,5.080778381855873
day_1,Cold cloudy day,0.45,8,2.0,-1.3978,0.0,20.0,year_area100_05,5.067953705752826
day_1,Cold cloudy day,0.45,9,2.25,-1.3408,0.0,20.0,year_area100_05,5.051563424634582
day_1,Cold cloudy day,0.45,10,2.5,-1.2716,0.0,20.0,year_area100_05,5.031665048259451
day_1,Cold cloudy day,0.45,11,2.75,-1.1906,0.0,20.0,year_area100_05,5.008373596144052
day_1,Cold cloudy day,0.45,12,3.0,-1.0981,0.0,20.0,year_area100_05,4.9817753329258485
day_1,Cold cloudy day,0.45,13,3.25,-0.9944,0.0,20.0,year_area100_05,4.951956523242306
day_1,Cold cloudy day,0.45,14,3.5,-0.8801,0.0,20.0,year_area100_05,4.919089696368354
day_1,Cold cloudy day,0.45,15,3.75,-0.7555,0.0,20.0,year_area100_05,4.883261116941457
day_1,Cold cloudy day,0.45,16,4.0,-0.6213,0.0,20.0,year_area100_05,4.844672069115696
day_1,Cold cloudy day,0.45,17,4.25,-0.478,0.0,20.0,year_area100_05,4.803466327286848
day_1,Cold cloudy day,0.45,18,4.5,-0.3263,0.0,20.0,year_area100_05,4.759845175608994
day_1,Cold cloudy day,0.45,19,4.75,-0.1667,0.0,20.0,year_area100_05,4.713952388477911
day_1,Cold cloudy day,0.45,20,5.0,0.0,0.0,20.0,year_area100_05,4.666018004926837
day_1,Cold cloudy day,0.45,21,5.25,0.1731,0.0,20.0,year_area100_05,4.616243309109853
day_1,Cold cloudy day,0.45,22,5.5,0.3519,0.0,20.0,year_area100_05,4.564829585181046
day_1,Cold cloudy day,0.45,23,5.75,0.5357,0.0,20.0,year_area100_05,4.511978117294499
day_1,Cold cloudy day,0.45,24,6.0,0.7235,0.0,20.0,year_area100_05,4.4579764542417575
day_1,Cold cloudy day,0.45,25,6.25,0.9147,0.0,20.0,year_area100_05,4.4029971252977536
day_1,Cold cloudy day,0.45,26,6.5,1.1084,0.0,20.0,year_area100_05,4.347298924374878
day_1,Cold cloudy day,0.45,27,6.75,1.3038,0.0,20.0,year_area100_05,4.2911118905063725
day_1,Cold cloudy day,0.45,28,7.0,1.5,0.0,20.0,year_area100_05,4.234694817604627
day_1,Cold cloudy day,0.45,29,7.25,1.6962,4.5782,20.0,year_area100_05,4.161460674751466
day_1,Cold cloudy day,0.45,30,7.5,1.8916,9.1368,20.0,year_area100_05,4.088528567474083
day_1,Cold cloudy day,0.45,31,7.75,2.0853,13.6563,20.0,year_area100_05,4.016228918898109
day_1,Cold cloudy day,0.45,32,8.0,2.2765,18.1173,20.0,year_area100_05,3.9448630299407226
day_1,Cold cloudy day,0.45,33,8.25,2.4643,22.5008,20.0,year_area100_05,3.8747594870810635
day_1,Cold cloudy day,0.45,34,8.5,2.6481,26.7878,20.0,year_area100_05,3.8061606121608094
day_1,Cold cloudy day,0.45,35,8.75,2.8269,30.9602,20.0,year_area100_05,3.7394204405745617
day_1,Cold cloudy day,0.45,36,9.0,3.0,35.0,20.0,year_area100_05,3.674806375750169
day_1,Cold cloudy day,0.45,37,9.25,3.1667,38.8899,20.0,year_area100_05,3.6125832498103803
day_1,Cold cloudy day,0.45,38,9.5,3.3263,42.6133,20.0,year_area100_05,3.5530133235728574
day_1,Cold cloudy day,0.45,39,9.75,3.478,46.1542,20.0,year_area100_05,3.496385408758626
day_1,Cold cloudy day,0.45,40,10.0,3.6213,49.4975,20.0,year_area100_05,3.4428987464875584
day_1,Cold cloudy day,0.45,41,10.25,3.7555,52.6288,20.0,year_area100_05,3.392807516332746
day_1,Cold cloudy day,0.45,42,10.5,3.8801,55.5347,20.0,year_area100_05,3.346304714815984
day_1,Cold cloudy day,0.45,43,10.75,3.9944,58.2029,20.0,year_area100_05,3.3036368075950895
day_1,Cold cloudy day,0.45,44,11.0,4.0981,60.6218,20.0,year_area100_05,3.264932669506175
day_1,Cold cloudy day,0.45,45,11.25,4.1906,62.7811,20.0,year_area100_05,3.2304026647419297
day_1,Cold cloudy day,0.45,46,11.5,4.2716,64.6716,20.0,year_area100_05,3.200166852235295
day_1,Cold cloudy day,0.45,47,11.75,4.3408,66.2851,20.0,year_area100_05,3.1743416176262267
day_1,Cold cloudy day,0.45,48,12.0,4.3978,67.6148,20.0,year_area100_05,3.153066958823654
day_1,Cold cloudy day,0.45,49,12.25,4.4424,68.655,20.0,year_area100_05,3.1364213233559086
day_1,Cold cloudy day,0.45,50,12.5,4.4743,69.4011,20.0,year_area100_05,3.124507873008194
day_1,Cold cloudy day,0.45,51,12.75,4.4936,69.8501,20.0,year_area100_05,3.117308872780315
day_1,Cold cloudy day,0.45,52,13.0,4.5,70.0,20.0,year_area100_05,3.1149179338957103
day_1,Cold cloudy day,0.45,53,13.25,4.4936,69.8501,20.0,year_area100_05,3.117308872780315
day_1,Cold cloudy day,0.45,54,13.5,4.4743,69.4011,20.0,year_area100_05,3.124507873008194
day_1,Cold cloudy day,0.45,55,13.75,4.4424,68.655,20.0,year_area100_05,3.1364213233559086
day_1,Cold cloudy day,0.45,56,14.0,4.3978,67.6148,20.0,year_area100_05,3.153066958823654
day_1,Cold cloudy day,0.45,57,14.25,4.3408,66.2851,20.0,year_area100_05,3.1743416176262267
day_1,Cold cloudy day,0.45,58,14.5,4.2716,64.6716,20.0,year_area100_05,3.200166852235295
day_1,Cold cloudy day,0.45,59,14.75,4.1906,62.7811,20.0,year_area100_05,3.2304026647419297
day_1,Cold cloudy day,0.45,60,15.0,4.0981,60.6218,20.0,year_area100_05,3.264932669506175
day_1,Cold cloudy day,0.45,61,15.25,3.9944,58.2029,20.0,year_area100_05,3.3036368075950895
day_1,Cold cloudy day,0.45,62,15.5,3.8801,55.5347,20.0,year_area100_05,3.346304714815984
day_1,Cold cloudy day,0.45,63,15.75,3.7555,52.6288,20.0,year_area100_05,3.392807516332746
day_1,Cold cloudy day,0.45,64,16.0,3.6213,49.4975,20.0,year_area100_05,3.4428987464875584
day_1,Cold cloudy day,0.45,65,16.25,3.478,46.1542,20.0,year_area100_05,3.496385408758626
day_1,Cold cloudy day,0.45,66,16.5,3.3263,42.6133,20.0,year_area100_05,3.5530133235728574
day_1,Cold cloudy day,0.45,67,16.75,3.1667,38.8899,20.0,year_area100_05,3.6125832498103803
day_1,Cold cloudy day,0.45,68,17.0,3.0,35.0,20.0,year_area100_05,3.674806375750169
day_1,Cold cloudy day,0.45,69,17.25,2.8269,30.9602,20.0,year_area100_05,3.7394204405745617
day_1,Cold cloudy day,0.45,70,17.5,2.6481,26.7878,20.0,year_area100_05,3.8061606121608094
day_1,Cold cloudy day,0.45,71,17.75,2.4643,22.5008,20.0,year_area100_05,3.8747594870810635
day_1,Cold cloudy day,0.45,72,18.0,2.2765,18.1173,20.0,year_area100_05,3.9448630299407226
day_1,Cold cloudy day,0.45,73,18.25,2.0853,13.6563,20.0,year_area100_05,4.016228918898109
day_1,Cold cloudy day,0.45,74,18.5,1.8916,9.1368,20.0,year_area100_05,4.088528567474083
day_1,Cold cloudy day,0.45,75,18.75,1.6962,4.5782,20.0,year_area100_05,4.161460674751466
day_1,Cold cloudy day,0.45,76,19.0,1.5,0.0,20.0,year_area100_05,4.234694817604627
day_1,Cold cloudy day,0.45,77,19.25,1.3038,0.0,20.0,year_area100_05,4.2911118905063725
day_1,Cold cloudy day,0.45,78,19.5,1.1084,0.0,20.0,year_area100_05,4.347298924374878
day_1,Cold cloudy day,0.45,79,19.75,0.9147,0.0,20.0,year_area100_05,4.4029971252977536
day_1,Cold cloudy day,0.45,80,20.0,0.7235,0.0,20.0,year_area100_05,4.4579764542417575
day_1,Cold cloudy day,0.45,81,20.25,0.5357,0.0,20.0,year_area100_05,4.511978117294499
day_1,Cold cloudy day,0.45,82,20.5,0.3519,0.0,20.0,year_area100_05,4.564829585181046
day_1,Cold cloudy day,0.45,83,20.75,0.1731,0.0,20.0,year_area100_05,4.616243309109853
day_1,Cold cloudy day,0.45,84,21.0,-0.0,0.0,20.0,year_area100_05,4.666018004926837
day_1,Cold cloudy day,0.45,85,21.25,-0.1667,0.0,20.0,year_area100_05,4.713952388477911
day_1,Cold cloudy day,0.45,86,21.5,-0.3263,0.0,20.0,year_area100_05,4.759845175608994
day_1,Cold cloudy day,0.45,87,21.75,-0.478,0.0,20.0,year_area100_05,4.803466327286848
day_1,Cold cloudy day,0.45,88,22.0,-0.6213,0.0,20.0,year_area100_05,4.844672069115696
day_1,Cold cloudy day,0.45,89,22.25,-0.7555,0.0,20.0,year_area100_05,4.883261116941457
day_1,Cold cloudy day,0.45,90,22.5,-0.8801,0.0,20.0,year_area100_05,4.919089696368354
day_1,Cold cloudy day,0.45,91,22.75,-0.9944,0.0,20.0,year_area100_05,4.951956523242306
day_1,Cold cloudy day,0.45,92,23.0,-1.0981,0.0,20.0,year_area100_05,4.9817753329258485
day_1,Cold cloudy day,0.45,93,23.25,-1.1906,0.0,20.0,year_area100_05,5.008373596144052
day_1,Cold cloudy day,0.45,94,23.5,-1.2716,0.0,20.0,year_area100_05,5.031665048259451
day_1,Cold cloudy day,0.45,95,23.75,-1.3408,0.0,20.0,year_area100_05,5.051563424634582
day_1,Cold cloudy day,0.45,0,0.0,-1.3978,0.0,20.0,year_area100_06,2.8667556687170412
day_1,Cold cloudy day,0.45,1,0.25,-1.4424,0.0,20.0,year_area100_06,2.8746580081023025
day_1,Cold cloudy day,0.45,2,0.5,-1.4743,0.0,20.0,year_area100_06,2.880310129770236
day_1,Cold cloudy day,0.45,3,0.75,-1.4936,0.0,20.0,year_area100_06,2.8837297519705847
day_1,Cold cloudy day,0.45,4,1.0,-1.5,0.0,20.0,year_area100_06,2.88486371995412
day_1,Cold cloudy day,0.45,5,1.25,-1.4936,0.0,20.0,year_area100_06,2.8837297519705847
day_1,Cold cloudy day,0.45,6,1.5,-1.4743,0.0,20.0,year_area100_06,2.880310129770236
day_1,Cold cloudy day,0.45,7,1.75,-1.4424,0.0,20.0,year_area100_06,2.8746580081023025
day_1,Cold cloudy day,0.45,8,2.0,-1.3978,0.0,20.0,year_area100_06,2.8667556687170412
day_1,Cold cloudy day,0.45,9,2.25,-1.3408,0.0,20.0,year_area100_06,2.8566562663636805
day_1,Cold cloudy day,0.45,10,2.5,-1.2716,0.0,20.0,year_area100_06,2.844395237541705
day_1,Cold cloudy day,0.45,11,2.75,-1.1906,0.0,20.0,year_area100_06,2.830043455250087
day_1,Cold cloudy day,0.45,12,3.0,-1.0981,0.0,20.0,year_area100_06,2.813654074238053
day_1,Cold cloudy day,0.45,13,3.25,-0.9944,0.0,20.0,year_area100_06,2.795280249254833
day_1,Cold cloudy day,0.45,14,3.5,-0.8801,0.0,20.0,year_area100_06,2.775028289798883
day_1,Cold cloudy day,0.45,15,3.75,-0.7555,0.0,20.0,year_area100_06,2.752951350619431
day_1,Cold cloudy day,0.45,16,4.0,-0.6213,0.0,20.0,year_area100_06,2.729173459464676
day_1,Cold cloudy day,0.45,17,4.25,-0.478,0.0,20.0,year_area100_06,2.7037832075833315
day_1,Cold cloudy day,0.45,18,4.5,-0.3263,0.0,20.0,year_area100_06,2.6769046227235966
day_1,Cold cloudy day,0.45,19,4.75,-0.1667,0.0,20.0,year_area100_06,2.6486262961341858
day_1,Cold cloudy day,0.45,20,5.0,0.0,0.0,20.0,year_area100_06,2.6190899738130407
day_1,Cold cloudy day,0.45,21,5.25,0.1731,0.0,20.0,year_area100_06,2.58841968350836
day_1,Cold cloudy day,0.45,22,5.5,0.3519,0.0,20.0,year_area100_06,2.5567394529683436
day_1,Cold cloudy day,0.45,23,5.75,0.5357,0.0,20.0,year_area100_06,2.5241733099411903
day_1,Cold cloudy day,0.45,24,6.0,0.7235,0.0,20.0,year_area100_06,2.4908984369243266
day_1,Cold cloudy day,0.45,25,6.25,0.9147,0.0,20.0,year_area100_06,2.4570211434162106
day_1,Cold cloudy day,0.45,26,6.5,1.1084,0.0,20.0,year_area100_06,2.4227008936645262
day_1,Cold cloudy day,0.45,27,6.75,1.3038,0.0,20.0,year_area100_06,2.388079433667215
day_1,Cold cloudy day,0.45,28,7.0,1.5,0.0,20.0,year_area100_06,2.3533162276719617
day_1,Cold cloudy day,0.45,29,7.25,1.6962,4.5782,20.0,year_area100_06,2.314526030993941
day_1,Cold cloudy day,0.45,30,7.5,1.8916,9.1368,20.0,year_area100_06,2.2758948204993907
day_1,Cold cloudy day,0.45,31,7.75,2.0853,13.6563,20.0,year_area100_06,2.2375992126613915
day_1,Cold cloudy day,0.45,32,8.0,2.2765,18.1173,20.0,year_area100_06,2.199798017743153
day_1,Cold cloudy day,0.45,33,8.25,2.4643,22.5008,20.0,year_area100_06,2.162667412417105
day_1,Cold cloudy day,0.45,34,8.5,2.6481,26.7878,20.0,year_area100_06,2.1263304186064516
day_1,Cold cloudy day,0.45,35,8.75,2.8269,30.9602,20.0,year_area100_06,2.090980139592192
day_1,Cold cloudy day,0.45,36,9.0,3.0,35.0,20.0,year_area100_06,2.056756435945971
day_1,Cold cloudy day,0.45,37,9.25,3.1667,38.8899,20.0,year_area100_06,2.0237985525185187
day_1,Cold cloudy day,0.45,38,9.5,3.3263,42.6133,20.0,year_area100_06,1.9922451184396546
day_1,Cold cloudy day,0.45,39,9.75,3.478,46.1542,20.0,year_area100_06,1.9622519533281597
day_1,Cold cloudy day,0.45,40,10.0,3.6213,49.4975,20.0,year_area100_06,1.9339209304124143
day_1,Cold cloudy day,0.45,41,10.25,3.7555,52.6288,20.0,year_area100_06,1.9073887436993724
day_1,Cold cloudy day,0.45,42,10.5,3.8801,55.5347,20.0,year_area100_06,1.8827557710952005
day_1,Cold cloudy day,0.45,43,10.75,3.9944,58.2029,20.0,year_area100_06,1.8601568594441171
day_1,Cold cloudy day,0.45,44,11.0,4.0981,60.6218,20.0,year_area100_06,1.839655366870459
day_1,Cold cloudy day,0.45,45,11.25,4.1906,62.7811,20.0,year_area100_06,1.821366662766097
day_1,Cold cloudy day,0.45,46,11.5,4.2716,64.6716,20.0,year_area100_06,1.8053519942122427
day_1,Cold cloudy day,0.45,47,11.75,4.3408,66.2851,20.0,year_area100_06,1.791671728688803
day_1,Cold cloudy day,0.45,48,12.0,4.3978,67.6148,20.0,year_area100_06,1.7804027204836061
day_1,Cold cloudy day,0.45,49,12.25,4.4424,68.655,20.0,year_area100_06,1.7715854198235612
day_1,Cold cloudy day,0.45,50,12.5,4.4743,69.4011,20.0,year_area100_06,1.765277027623887
day_1,Cold cloudy day,0.45,51,12.75,4.4936,69.8501,20.0,year_area100_06,1.761462464438749
day_1,Cold cloudy day,0.45,52,13.0,4.5,70.0,20.0,year_area100_06,1.7601966442199806
day_1,Cold cloudy day,0.45,53,13.25,4.4936,69.8501,20.0,year_area100_06,1.761462464438749
day_1,Cold cloudy day,0.45,54,13.5,4.4743,69.4011,20.0,year_area100_06,1.765277027623887
day_1,Cold cloudy day,0.45,55,13.75,4.4424,68.655,20.0,year_area100_06,1.7715854198235612
day_1,Cold cloudy day,0.45,56,14.0,4.3978,67.6148,20.0,year_area100_06,1.7804027204836061
day_1,Cold cloudy day,0.45,57,14.25,4.3408,66.2851,20.0,year_area100_06,1.791671728688803
day_1,Cold cloudy day,0.45,58,14.5,4.2716,64.6716,20.0,year_area100_06,1.8053519942122427
day_1,Cold cloudy day,0.45,59,14.75,4.1906,62.7811,20.0,year_area100_06,1.821366662766097
day_1,Cold cloudy day,0.45,60,15.0,4.0981,60.6218,20.0,year_area100_06,1.839655366870459
day_1,Cold cloudy day,0.45,61,15.25,3.9944,58.2029,20.0,year_area100_06,1.8601568594441171
day_1,Cold cloudy day,0.45,62,15.5,3.8801,55.5347,20.0,year_area100_06,1.8827557710952005
day_1,Cold cloudy day,0.45,63,15.75,3.7555,52.6288,20.0,year_area100_06,1.9073887436993724
day_1,Cold cloudy day,0.45,64,16.0,3.6213,49.4975,20.0,year_area100_06,1.9339209304124143
day_1,Cold cloudy day,0.45,65,16.25,3.478,46.1542,20.0,year_area100_06,1.9622519533281597
day_1,Cold cloudy day,0.45,66,16.5,3.3263,42.6133,20.0,year_area100_06,1.9922451184396546
day_1,Cold cloudy day,0.45,67,16.75,3.1667,38.8899,20.0,year_area100_06,2.0237985525185187
day_1,Cold cloudy day,0.45,68,17.0,3.0,35.0,20.0,year_area100_06,2.056756435945971
day_1,Cold cloudy day,0.45,69,17.25,2.8269,30.9602,20.0,year_area100_06,2.090980139592192
day_1,Cold cloudy day,0.45,70,17.5,2.6481,26.7878,20.0,year_area100_06,2.1263304186064516
day_1,Cold cloudy day,0.45,71,17.75,2.4643,22.5008,20.0,year_area100_06,2.162667412417105
day_1,Cold cloudy day,0.45,72,18.0,2.2765,18.1173,20.0,year_area100_06,2.199798017743153
day_1,Cold cloudy day,0.45,73,18.25,2.0853,13.6563,20.0,year_area100_06,2.2375992126613915
day_1,Cold cloudy day,0.45,74,18.5,1.8916,9.1368,20.0,year_area100_06,2.2758948204993907
day_1,Cold cloudy day,0.45,75,18.75,1.6962,4.5782,20.0,year_area100_06,2.314526030993941
day_1,Cold cloudy day,0.45,76,19.0,1.5,0.0,20.0,year_area100_06,2.3533162276719617
day_1,Cold cloudy day,0.45,77,19.25,1.3038,0.0,20.0,year_area100_06,2.388079433667215
day_1,Cold cloudy day,0.45,78,19.5,1.1084,0.0,20.0,year_area100_06,2.4227008936645262
day_1,Cold cloudy day,0.45,79,19.75,0.9147,0.0,20.0,year_area100_06,2.4570211434162106
day_1,Cold cloudy day,0.45,80,20.0,0.7235,0.0,20.0,year_area100_06,2.4908984369243266
day_1,Cold cloudy day,0.45,81,20.25,0.5357,0.0,20.0,year_area100_06,2.5241733099411903
day_1,Cold cloudy day,0.45,82,20.5,0.3519,0.0,20.0,year_area100_06,2.5567394529683436
day_1,Cold cloudy day,0.45,83,20.75,0.1731,0.0,20.0,year_area100_06,2.58841968350836
day_1,Cold cloudy day,0.45,84,21.0,-0.0,0.0,20.0,year_area100_06,2.6190899738130407
day_1,Cold cloudy day,0.45,85,21.25,-0.1667,0.0,20.0,year_area100_06,2.6486262961341858
day_1,Cold cloudy day,0.45,86,21.5,-0.3263,0.0,20.0,year_area100_06,2.6769046227235966
day_1,Cold cloudy day,0.45,87,21.75,-0.478,0.0,20.0,year_area100_06,2.7037832075833315
day_1,Cold cloudy day,0.45,88,22.0,-0.6213,0.0,20.0,year_area100_06,2.729173459464676
day_1,Cold cloudy day,0.45,89,22.25,-0.7555,0.0,20.0,year_area100_06,2.752951350619431
day_1,Cold cloudy day,0.45,90,22.5,-0.8801,0.0,20.0,year_area100_06,2.775028289798883
day_1,Cold cloudy day,0.45,91,22.75,-0.9944,0.0,20.0,year_area100_06,2.795280249254833
day_1,Cold cloudy day,0.45,92,23.0,-1.0981,0.0,20.0,year_area100_06,2.813654074238053
day_1,Cold cloudy day,0.45,93,23.25,-1.1906,0.0,20.0,year_area100_06,2.830043455250087
day_1,Cold cloudy day,0.45,94,23.5,-1.2716,0.0,20.0,year_area100_06,2.844395237541705
day_1,Cold cloudy day,0.45,95,23.75,-1.3408,0.0,20.0,year_area100_06,2.8566562663636805
day_1,Cold cloudy day,0.45,0,0.0,-1.3978,0.0,20.0,year_area100_07,3.9714494838449963
day_1,Cold cloudy day,0.45,1,0.25,-1.4424,0.0,20.0,year_area100_07,3.980429830214796
day_1,Cold cloudy day,0.45,2,0.5,-1.4743,0.0,20.0,year_area100_07,3.9868529927528376
day_1,Cold cloudy day,0.45,3,0.75,-1.4936,0.0,20.0,year_area100_07,3.9907391067648805
day_1,Cold cloudy day,0.45,4,1.0,-1.5,0.0,20.0,year_area100_07,3.9920277663336416
day_1,Cold cloudy day,0.45,5,1.25,-1.4936,0.0,20.0,year_area100_07,3.9907391067648805
day_1,Cold cloudy day,0.45,6,1.5,-1.4743,0.0,20.0,year_area100_07,3.9868529927528376
day_1,Cold cloudy day,0.45,7,1.75,-1.4424,0.0,20.0,year_area100_07,3.980429830214796
day_1,Cold cloudy day,0.45,8,2.0,-1.3978,0.0,20.0,year_area100_07,3.9714494838449963
day_1,Cold cloudy day,0.45,9,2.25,-1.3408,0.0,20.0,year_area100_07,3.9599723595607235
day_1,Cold cloudy day,0.45,10,2.5,-1.2716,0.0,20.0,year_area100_07,3.9460387279734994
day_1,Cold cloudy day,0.45,11,2.75,-1.1906,0.0,20.0,year_area100_07,3.9297291303063733
day_1,Cold cloudy day,0.45,12,3.0,-1.0981,0.0,20.0,year_area100_07,3.911103972476631
day_1,Cold cloudy day,0.45,13,3.25,-0.9944,0.0,20.0,year_area100_07,3.8902236604015576
day_1,Cold cloudy day,0.45,14,3.5,-0.8801,0.0,20.0,year_area100_07,3.867209005915725
day_1,Cold cloudy day,0.45,15,3.75,-0.7555,0.0,20.0,year_area100_07,3.8421204149364185
day_1,Cold cloudy day,0.45,16,4.0,-0.6213,0.0,20.0,year_area100_07,3.815098834603971
day_1,Cold cloudy day,0.45,17,4.25,-0.478,0.0,20.0,year_area100_07,3.7862449414471917
day_1,Cold cloudy day,0.45,18,4.5,-0.3263,0.0,20.0,year_area100_07,3.7556996826064144
day_1,Cold cloudy day,0.45,19,4.75,-0.1667,0.0,20.0,year_area100_07,3.723563734610448
day_1,Cold cloudy day,0.45,20,5.0,0.0,0.0,20.0,year_area100_07,3.689998179905388
day_1,Cold cloudy day,0.45,21,5.25,0.1731,0.0,20.0,year_area100_07,3.6551439656315674
day_1,Cold cloudy day,0.45,22,5.5,0.3519,0.0,20.0,year_area100_07,3.61914203892932
day_1,Cold cloudy day,0.45,23,5.75,0.5357,0.0,20.0,year_area100_07,3.5821333469389782
day_1,Cold cloudy day,0.45,24,6.0,0.7235,0.0,20.0,year_area100_07,3.5443192427181605
day_1,Cold cloudy day,0.45,25,6.25,0.9147,0.0,20.0,year_area100_07,3.5058205381014393
day_1,Cold cloudy day,0.45,26,6.5,1.1084,0.0,20.0,year_area100_07,3.466818450840671
day_1,Cold cloudy day,0.45,27,6.75,1.3038,0.0,20.0,year_area100_07,3.4274740633819505
day_1,Cold cloudy day,0.45,28,7.0,1.5,0.0,20.0,year_area100_07,3.387968593477135
day_1,Cold cloudy day,0.45,29,7.25,1.6962,4.5782,20.0,year_area100_07,3.3362497752773272
day_1,Cold cloudy day,0.45,30,7.5,1.8916,9.1368,20.0,year_area100_07,3.2847443268038967
day_1,Cold cloudy day,0.45,31,7.75,2.0853,13.6563,20.0,year_area100_07,3.2336854863171416
day_1,Cold cloudy day,0.45,32,8.0,2.2765,18.1173,20.0,year_area100_07,3.1832860899997613
day_1,Cold cloudy day,0.45,33,8.25,2.4643,22.5008,20.0,year_area100_07,3.1337780422528647
day_1,Cold cloudy day,0.45,34,8.5,2.6481,26.7878,20.0,year_area100_07,3.085332841560276
day_1,Cold cloudy day,0.45,35,8.75,2.8269,30.9602,20.0,year_area100_07,3.03820012668232
day_1,Cold cloudy day,0.45,36,9.0,3.0,35.0,20.0,year_area100_07,2.9925688636902033
day_1,Cold cloudy day,0.45,37,9.25,3.1667,38.8899,20.0,year_area100_07,2.94862615125226
day_1,Cold cloudy day,0.45,38,9.5,3.3263,42.6133,20.0,year_area100_07,2.9065572206339594
day_1,Cold cloudy day,0.45,39,9.75,3.478,46.1542,20.0,year_area100_07,2.8665658377755032
day_1,Cold cloudy day,0.45,40,10.0,3.6213,49.4975,20.0,year_area100_07,2.828792961753265
day_1,Cold cloudy day,0.45,41,10.25,3.7555,52.6288,20.0,year_area100_07,2.793417954852274
day_1,Cold cloudy day,0.45,42,10.5,3.8801,55.5347,20.0,year_area100_07,2.760577241027654
day_1,Cold cloudy day,0.45,43,10.75,3.9944,58.2029,20.0,year_area100_07,2.7304445803558317
day_1,Cold cloudy day,0.45,44,11.0,4.0981,60.6218,20.0,year_area100_07,2.703111324287321
day_1,Cold cloudy day,0.45,45,11.25,4.1906,62.7811,20.0,year_area100_07,2.6787257621560245
day_1,Cold cloudy day,0.45,46,11.5,4.2716,64.6716,20.0,year_area100_07,2.657372842888339
day_1,Cold cloudy day,0.45,47,11.75,4.3408,66.2851,20.0,year_area100_07,2.6391348476922807
day_1,Cold cloudy day,0.45,48,12.0,4.3978,67.6148,20.0,year_area100_07,2.624110458275892
day_1,Cold cloudy day,0.45,49,12.25,4.4424,68.655,20.0,year_area100_07,2.612355151245472
day_1,Cold cloudy day,0.45,50,12.5,4.4743,69.4011,20.0,year_area100_07,2.6039416040228622
day_1,Cold cloudy day,0.45,51,12.75,4.4936,69.8501,20.0,year_area100_07,2.5988576844574456
day_1,Cold cloudy day,0.45,52,13.0,4.5,70.0,20.0,year_area100_07,2.597169133903272
day_1,Cold cloudy day,0.45,53,13.25,4.4936,69.8501,20.0,year_area100_07,2.5988576844574456
day_1,Cold cloudy day,0.45,54,13.5,4.4743,69.4011,20.0,year_area100_07,2.6039416040228622
day_1,Cold cloudy day,0.45,55,13.75,4.4424,68.655,20.0,year_area100_07,2.612355151245472
day_1,Cold cloudy day,0.45,56,14.0,4.3978,67.6148,20.0,year_area100_07,2.624110458275892
day_1,Cold cloudy day,0.45,57,14.25,4.3408,66.2851,20.0,year_area100_07,2.6391348476922807
day_1,Cold cloudy day,0.45,58,14.5,4.2716,64.6716,20.0,year_area100_07,2.657372842888339
day_1,Cold cloudy day,0.45,59,14.75,4.1906,62.7811,20.0,year_area100_07,2.6787257621560245
day_1,Cold cloudy day,0.45,60,15.0,4.0981,60.6218,20.0,year_area100_07,2.703111324287321
day_1,Cold cloudy day,0.45,61,15.25,3.9944,58.2029,20.0,year_area100_07,2.7304445803558317
day_1,Cold cloudy day,0.45,62,15.5,3.8801,55.5347,20.0,year_area100_07,2.760577241027654
day_1,Cold cloudy day,0.45,63,15.75,3.7555,52.6288,20.0,year_area100_07,2.793417954852274
day_1,Cold cloudy day,0.45,64,16.0,3.6213,49.4975,20.0,year_area100_07,2.828792961753265
day_1,Cold cloudy day,0.45,65,16.25,3.478,46.1542,20.0,year_area100_07,2.8665658377755032
day_1,Cold cloudy day,0.45,66,16.5,3.3263,42.6133,20.0,year_area100_07,2.9065572206339594
day_1,Cold cloudy day,0.45,67,16.75,3.1667,38.8899,20.0,year_area100_07,2.94862615125226
day_1,Cold cloudy day,0.45,68,17.0,3.0,35.0,20.0,year_area100_07,2.9925688636902033
day_1,Cold cloudy day,0.45,69,17.25,2.8269,30.9602,20.0,year_area100_07,3.03820012668232
day_1,Cold cloudy day,0.45,70,17.5,2.6481,26.7878,20.0,year_area100_07,3.085332841560276
day_1,Cold cloudy day,0.45,71,17.75,2.4643,22.5008,20.0,year_area100_07,3.1337780422528647
day_1,Cold cloudy day,0.45,72,18.0,2.2765,18.1173,20.0,year_area100_07,3.1832860899997613
day_1,Cold cloudy day,0.45,73,18.25,2.0853,13.6563,20.0,year_area100_07,3.2336854863171416
day_1,Cold cloudy day,0.45,74,18.5,1.8916,9.1368,20.0,year_area100_07,3.2847443268038967
day_1,Cold cloudy day,0.45,75,18.75,1.6962,4.5782,20.0,year_area100_07,3.3362497752773272
day_1,Cold cloudy day,0.45,76,19.0,1.5,0.0,20.0,year_area100_07,3.387968593477135
day_1,Cold cloudy day,0.45,77,19.25,1.3038,0.0,20.0,year_area100_07,3.4274740633819505
day_1,Cold cloudy day,0.45,78,19.5,1.1084,0.0,20.0,year_area100_07,3.466818450840671
day_1,Cold cloudy day,0.45,79,19.75,0.9147,0.0,20.0,year_area100_07,3.5058205381014393
day_1,Cold cloudy day,0.45,80,20.0,0.7235,0.0,20.0,year_area100_07,3.5443192427181605
day_1,Cold cloudy day,0.45,81,20.25,0.5357,0.0,20.0,year_area100_07,3.5821333469389782
day_1,Cold cloudy day,0.45,82,20.5,0.3519,0.0,20.0,year_area100_07,3.61914203892932
day_1,Cold cloudy day,0.45,83,20.75,0.1731,0.0,20.0,year_area100_07,3.6551439656315674
day_1,Cold cloudy day,0.45,84,21.0,-0.0,0.0,20.0,year_area100_07,3.689998179905388
day_1,Cold cloudy day,0.45,85,21.25,-0.1667,0.0,20.0,year_area100_07,3.723563734610448
day_1,Cold cloudy day,0.45,86,21.5,-0.3263,0.0,20.0,year_area100_07,3.7556996826064144
day_1,Cold cloudy day,0.45,87,21.75,-0.478,0.0,20.0,year_area100_07,3.7862449414471917
day_1,Cold cloudy day,0.45,88,22.0,-0.6213,0.0,20.0,year_area100_07,3.815098834603971
day_1,Cold cloudy day,0.45,89,22.25,-0.7555,0.0,20.0,year_area100_07,3.8421204149364185
day_1,Cold cloudy day,0.45,90,22.5,-0.8801,0.0,20.0,year_area100_07,3.867209005915725
day_1,Cold cloudy day,0.45,91,22.75,-0.9944,0.0,20.0,year_area100_07,3.8902236604015576
day_1,Cold cloudy day,0.45,92,23.0,-1.0981,0.0,20.0,year_area100_07,3.911103972476631
day_1,Cold cloudy day,0.45,93,23.25,-1.1906,0.0,20.0,year_area100_07,3.9297291303063733
day_1,Cold cloudy day,0.45,94,23.5,-1.2716,0.0,20.0,year_area100_07,3.9460387279734994
day_1,Cold cloudy day,0.45,95,23.75,-1.3408,0.0,20.0,year_area100_07,3.9599723595607235
day_1,Cold cloudy day,0.45,0,0.0,-1.3978,0.0,20.0,year_area100_08,2.4749636246757505
day_1,Cold cloudy day,0.45,1,0.25,-1.4424,0.0,20.0,year_area100_08,2.481640411260738
day_1,Cold cloudy day,0.45,2,0.5,-1.4743,0.0,20.0,year_area100_08,2.48641596041009
day_1,Cold cloudy day,0.45,3,0.75,-1.4936,0.0,20.0,year_area100_08,2.489305242497316
day_1,Cold cloudy day,0.45,4,1.0,-1.5,0.0,20.0,year_area100_08,2.4902633464018877
day_1,Cold cloudy day,0.45,5,1.25,-1.4936,0.0,20.0,year_area100_08,2.489305242497316
day_1,Cold cloudy day,0.45,6,1.5,-1.4743,0.0,20.0,year_area100_08,2.48641596041009
day_1,Cold cloudy day,0.45,7,1.75,-1.4424,0.0,20.0,year_area100_08,2.481640411260738
day_1,Cold cloudy day,0.45,8,2.0,-1.3978,0.0,20.0,year_area100_08,2.4749636246757505
day_1,Cold cloudy day,0.45,9,2.25,-1.3408,0.0,20.0,year_area100_08,2.466430511775654
day_1,Cold cloudy day,0.45,10,2.5,-1.2716,0.0,20.0,year_area100_08,2.456071013307467
day_1,Cold cloudy day,0.45,11,2.75,-1.1906,0.0,20.0,year_area100_08,2.4439450107652245
day_1,Cold cloudy day,0.45,12,3.0,-1.0981,0.0,20.0,year_area100_08,2.430097415269454
day_1,Cold cloudy day,0.45,13,3.25,-0.9944,0.0,20.0,year_area100_08,2.4145731379406823
day_1,Cold cloudy day,0.45,14,3.5,-0.8801,0.0,20.0,year_area100_08,2.3974620010199628
day_1,Cold cloudy day,0.45,15,3.75,-0.7555,0.0,20.0,year_area100_08,2.3788089156278227
day_1,Cold cloudy day,0.45,16,4.0,-0.6213,0.0,20.0,year_area100_08,2.358718674378824
day_1,Cold cloudy day,0.45,17,4.25,-0.478,0.0,20.0,year_area100_08,2.3372661291405112
day_1,Cold cloudy day,0.45,18,4.5,-0.3263,0.0,20.0,year_area100_08,2.3145560725274477
day_1,Cold cloudy day,0.45,19,4.75,-0.1667,0.0,20.0,year_area100_08,2.290663356407178
day_1,Cold cloudy day,0.45,20,5.0,0.0,0.0,20.0,year_area100_08,2.2657077437677735
day_1,Cold cloudy day,0.45,21,5.25,0.1731,0.0,20.0,year_area100_08,2.2397940272237964
day_1,Cold cloudy day,0.45,22,5.5,0.3519,0.0,20.0,year_area100_08,2.2130269993898097
day_1,Cold cloudy day,0.45,23,5.75,0.5357,0.0,20.0,year_area100_08,2.1855114528803767
day_1,Cold cloudy day,0.45,24,6.0,0.7235,0.0,20.0,year_area100_08,2.1573970914305853
day_1,Cold cloudy day,0.45,25,6.25,0.9147,0.0,20.0,year_area100_08,2.1287737372814903
day_1,Cold cloudy day,0.45,26,6.5,1.1084,0.0,20.0,year_area100_08,2.0997761237946717
day_1,Cold cloudy day,0.45,27,6.75,1.3038,0.0,20.0,year_area100_08,2.070524013958201
day_1,Cold cloudy day,0.45,28,7.0,1.5,0.0,20.0,year_area100_08,2.041152141133659
day_1,Cold cloudy day,0.45,29,7.25,1.6962,4.5782,20.0,year_area100_08,1.9896844491765555
day_1,Cold cloudy day,0.45,30,7.5,1.8916,9.1368,20.0,year_area100_08,1.9384311159121683
day_1,Cold cloudy day,0.45,31,7.75,2.0853,13.6563,20.0,year_area100_08,1.8876209877755725
day_1,Cold cloudy day,0.45,32,8.0,2.2765,18.1173,20.0,year_area100_08,1.8374674581971928
day_1,Cold cloudy day,0.45,33,8.25,2.4643,22.5008,20.0,year_area100_08,1.788196960456374
day_1,Cold cloudy day,0.45,34,8.5,2.6481,26.7878,20.0,year_area100_08,1.7399910167119388
day_1,Cold cloudy day,0.45,35,8.75,2.8269,30.9602,20.0,year_area100_08,1.6930866869364256
day_1,Cold cloudy day,0.45,36,9.0,3.0,35.0,20.0,year_area100_08,1.6476756373507042
day_1,Cold cloudy day,0.45,37,9.25,3.1667,38.8899,20.0,year_area100_08,1.6039461557576176
day_1,Cold cloudy day,0.45,38,9.5,3.3263,42.6133,20.0,year_area100_08,1.5620831515419877
day_1,Cold cloudy day,0.45,39,9.75,3.478,46.1542,20.0,year_area100_08,1.5222836086752691
day_1,Cold cloudy day,0.45,40,10.0,3.6213,49.4975,20.0,year_area100_08,1.4846952563280733
day_1,Cold cloudy day,0.45,41,10.25,3.7555,52.6288,20.0,year_area100_08,1.4494923860000068
day_1,Cold cloudy day,0.45,42,10.5,3.8801,55.5347,20.0,year_area100_08,1.4168145221321975
day_1,Cold cloudy day,0.45,43,10.75,3.9944,58.2029,20.0,year_area100_08,1.386825820970183
day_1,Cold cloudy day,0.45,44,11.0,4.0981,60.6218,20.0,year_area100_08,1.3596271788474419
day_1,Cold cloudy day,0.45,45,11.25,4.1906,62.7811,20.0,year_area100_08,1.33535812901308
day_1,Cold cloudy day,0.45,46,11.5,4.2716,64.6716,20.0,year_area100_08,1.31410798465307
day_1,Cold cloudy day,0.45,47,11.75,4.3408,66.2851,20.0,year_area100_08,1.295961232641921
day_1,Cold cloudy day,0.45,48,12.0,4.3978,67.6148,20.0,year_area100_08,1.2810105733916073
day_1,Cold cloudy day,0.45,49,12.25,4.4424,68.655,20.0,year_area100_08,1.2693134576244764
day_1,Cold cloudy day,0.45,50,12.5,4.4743,69.4011,20.0,year_area100_08,1.2609369974937765
day_1,Cold cloudy day,0.45,51,12.75,4.4936,69.8501,20.0,year_area100_08,1.2558807015603843
day_1,Cold cloudy day,0.45,52,13.0,4.5,70.0,20.0,year_area100_08,1.2541991335677496
day_1,Cold cloudy day,0.45,53,13.25,4.4936,69.8501,20.0,year_area100_08,1.2558807015603843
day_1,Cold cloudy day,0.45,54,13.5,4.4743,69.4011,20.0,year_area100_08,1.2609369974937765
day_1,Cold cloudy day,0.45,55,13.75,4.4424,68.655,20.0,year_area100_08,1.2693134576244764
day_1,Cold cloudy day,0.45,56,14.0,4.3978,67.6148,20.0,year_area100_08,1.2810105733916073
day_1,Cold cloudy day,0.45,57,14.25,4.3408,66.2851,20.0,year_area100_08,1.295961232641921
day_1,Cold cloudy day,0.45,58,14.5,4.2716,64.6716,20.0,year_area100_08,1.31410798465307
day_1,Cold cloudy day,0.45,59,14.75,4.1906,62.7811,20.0,year_area100_08,1.33535812901308
day_1,Cold cloudy day,0.45,60,15.0,4.0981,60.6218,20.0,year_area100_08,1.3596271788474419
day_1,Cold cloudy day,0.45,61,15.25,3.9944,58.2029,20.0,year_area100_08,1.386825820970183
day_1,Cold cloudy day,0.45,62,15.5,3.8801,55.5347,20.0,year_area100_08,1.4168145221321975
day_1,Cold cloudy day,0.45,63,15.75,3.7555,52.6288,20.0,year_area100_08,1.4494923860000068
day_1,Cold cloudy day,0.45,64,16.0,3.6213,49.4975,20.0,year_area100_08,1.4846952563280733
day_1,Cold cloudy day,0.45,65,16.25,3.478,46.1542,20.0,year_area100_08,1.5222836086752691
day_1,Cold cloudy day,0.45,66,16.5,3.3263,42.6133,20.0,year_area100_08,1.5620831515419877
day_1,Cold cloudy day,0.45,67,16.75,3.1667,38.8899,20.0,year_area100_08,1.6039461557576176
day_1,Cold cloudy day,0.45,68,17.0,3.0,35.0,20.0,year_area100_08,1.6476756373507042
day_1,Cold cloudy day,0.45,69,17.25,2.8269,30.9602,20.0,year_area100_08,1.6930866869364256
day_1,Cold cloudy day,0.45,70,17.5,2.6481,26.7878,20.0,year_area100_08,1.7399910167119388
day_1,Cold cloudy day,0.45,71,17.75,2.4643,22.5008,20.0,year_area100_08,1.788196960456374
day_1,Cold cloudy day,0.45,72,18.0,2.2765,18.1173,20.0,year_area100_08,1.8374674581971928
day_1,Cold cloudy day,0.45,73,18.25,2.0853,13.6563,20.0,year_area100_08,1.8876209877755725
day_1,Cold cloudy day,0.45,74,18.5,1.8916,9.1368,20.0,year_area100_08,1.9384311159121683
day_1,Cold cloudy day,0.45,75,18.75,1.6962,4.5782,20.0,year_area100_08,1.9896844491765555
day_1,Cold cloudy day,0.45,76,19.0,1.5,0.0,20.0,year_area100_08,2.041152141133659
day_1,Cold cloudy day,0.45,77,19.25,1.3038,0.0,20.0,year_area100_08,2.070524013958201
day_1,Cold cloudy day,0.45,78,19.5,1.1084,0.0,20.0,year_area100_08,2.0997761237946717
day_1,Cold cloudy day,0.45,79,19.75,0.9147,0.0,20.0,year_area100_08,2.1287737372814903
day_1,Cold cloudy day,0.45,80,20.0,0.7235,0.0,20.0,year_area100_08,2.1573970914305853
day_1,Cold cloudy day,0.45,81,20.25,0.5357,0.0,20.0,year_area100_08,2.1855114528803767
day_1,Cold cloudy day,0.45,82,20.5,0.3519,0.0,20.0,year_area100_08,2.2130269993898097
day_1,Cold cloudy day,0.45,83,20.75,0.1731,0.0,20.0,year_area100_08,2.2397940272237964
day_1,Cold cloudy day,0.45,84,21.0,-0.0,0.0,20.0,year_area100_08,2.2657077437677735
day_1,Cold cloudy day,0.45,85,21.25,-0.1667,0.0,20.0,year_area100_08,2.290663356407178
day_1,Cold cloudy day,0.45,86,21.5,-0.3263,0.0,20.0,year_area100_08,2.3145560725274477
day_1,Cold cloudy day,0.45,87,21.75,-0.478,0.0,20.0,year_area100_08,2.3372661291405112
day_1,Cold cloudy day,0.45,88,22.0,-0.6213,0.0,20.0,year_area100_08,2.358718674378824
day_1,Cold cloudy day,0.45,89,22.25,-0.7555,0.0,20.0,year_area100_08,2.3788089156278227
day_1,Cold cloudy day,0.45,90,22.5,-0.8801,0.0,20.0,year_area100_08,2.3974620010199628
day_1,Cold cloudy day,0.45,91,22.75,-0.9944,0.0,20.0,year_area100_08,2.4145731379406823
day_1,Cold cloudy day,0.45,92,23.0,-1.0981,0.0,20.0,year_area100_08,2.430097415269454
day_1,Cold cloudy day,0.45,93,23.25,-1.1906,0.0,20.0,year_area100_08,2.4439450107652245
day_1,Cold cloudy day,0.45,94,23.5,-1.2716,0.0,20.0,year_area100_08,2.456071013307467
day_1,Cold cloudy day,0.45,95,23.75,-1.3408,0.0,20.0,year_area100_08,2.466430511775654
day_1,Cold cloudy day,0.45,0,0.0,-1.3978,0.0,20.0,year_area140_01,1.7720574837103351
day_1,Cold cloudy day,0.45,1,0.25,-1.4424,0.0,20.0,year_area140_01,1.7775468554450211
day_1,Cold cloudy day,0.45,2,0.5,-1.4743,0.0,20.0,year_area140_01,1.7814731101162429
day_1,Cold cloudy day,0.45,3,0.75,-1.4936,0.0,20.0,year_area140_01,1.7838485557323742
day_1,Cold cloudy day,0.45,4,1.0,-1.5,0.0,20.0,year_area140_01,1.7846362682682932
day_1,Cold cloudy day,0.45,5,1.25,-1.4936,0.0,20.0,year_area140_01,1.7838485557323742
day_1,Cold cloudy day,0.45,6,1.5,-1.4743,0.0,20.0,year_area140_01,1.7814731101162429
day_1,Cold cloudy day,0.45,7,1.75,-1.4424,0.0,20.0,year_area140_01,1.7775468554450211
day_1,Cold cloudy day,0.45,8,2.0,-1.3978,0.0,20.0,year_area140_01,1.7720574837103351
day_1,Cold cloudy day,0.45,9,2.25,-1.3408,0.0,20.0,year_area140_01,1.7650419189373059
day_1,Cold cloudy day,0.45,10,2.5,-1.2716,0.0,20.0,year_area140_01,1.7565247771426802
day_1,Cold cloudy day,0.45,11,2.75,-1.1906,0.0,20.0,year_area140_01,1.7465552903599546
day_1,Cold cloudy day,0.45,12,3.0,-1.0981,0.0,20.0,year_area140_01,1.7351703826142488
day_1,Cold cloudy day,0.45,13,3.25,-0.9944,0.0,20.0,year_area140_01,1.7224069779306848
day_1,Cold cloudy day,0.45,14,3.5,-0.8801,0.0,20.0,year_area140_01,1.7083389243595044
day_1,Cold cloudy day,0.45,15,3.75,-0.7555,0.0,20.0,year_area140_01,1.6930031459258301
day_1,Cold cloudy day,0.45,16,4.0,-0.6213,0.0,20.0,year_area140_01,1.6764857986882764
day_1,Cold cloudy day,0.45,17,4.25,-0.478,0.0,20.0,year_area140_01,1.6588484226887132
day_1,Cold cloudy day,0.45,18,4.5,-0.3263,0.0,20.0,year_area140_01,1.6401771739857556
day_1,Cold cloudy day,0.45,19,4.75,-0.1667,0.0,20.0,year_area140_01,1.6205335926212734
day_1,Cold cloudy day,0.45,20,5.0,0.0,0.0,20.0,year_area140_01,1.600016142662256
day_1,Cold cloudy day,0.45,21,5.25,0.1731,0.0,20.0,year_area140_01,1.578710980167319
day_1,Cold cloudy day,0.45,22,5.5,0.3519,0.0,20.0,year_area140_01,1.5567042611950792
day_1,Cold cloudy day,0.45,23,5.75,0.5357,0.0,20.0,year_area140_01,1.534082141804153
day_1,Cold cloudy day,0.45,24,6.0,0.7235,0.0,20.0,year_area140_01,1.5109677020782768
day_1,Cold cloudy day,0.45,25,6.25,0.9147,0.0,20.0,year_area140_01,1.4874347900676943
day_1,Cold cloudy day,0.45,26,6.5,1.1084,0.0,20.0,year_area140_01,1.4635941778477681
day_1,Cold cloudy day,0.45,27,6.75,1.3038,0.0,20.0,year_area140_01,1.4395443294854884
day_1,Cold cloudy day,0.45,28,7.0,1.5,0.0,20.0,year_area140_01,1.4153960170562185
day_1,Cold cloudy day,0.45,29,7.25,1.6962,4.5782,20.0,year_area140_01,1.3508333450643621
day_1,Cold cloudy day,0.45,30,7.5,1.8916,9.1368,20.0,year_area140_01,1.28654215741983
day_1,Cold cloudy day,0.45,31,7.75,2.0853,13.6563,20.0,year_area140_01,1.222805363721788
day_1,Cold cloudy day,0.45,32,8.0,2.2765,18.1173,20.0,year_area140_01,1.1598926828044953
day_1,Cold cloudy day,0.45,33,8.25,2.4643,22.5008,20.0,year_area140_01,1.0980826104844557
day_1,Cold cloudy day,0.45,34,8.5,2.6481,26.7878,20.0,year_area140_01,1.0376167185530532
day_1,Cold cloudy day,0.45,35,8.75,2.8269,30.9602,20.0,year_area140_01,0.9787778660263737
day_1,Cold cloudy day,0.45,36,9.0,3.0,35.0,20.0,year_area140_01,0.9218111051388511
day_1,Cold cloudy day,0.45,37,9.25,3.1667,38.8899,20.0,year_area140_01,0.8669553088291924
day_1,Cold cloudy day,0.45,38,9.5,3.3263,42.6133,20.0,year_area140_01,0.8144431707403781
day_1,Cold cloudy day,0.45,39,9.75,3.478,46.1542,20.0,year_area140_01,0.7645143959845697
day_1,Cold cloudy day,0.45,40,10.0,3.6213,49.4975,20.0,year_area140_01,0.7173638208400157
day_1,Cold cloudy day,0.45,41,10.25,3.7555,52.6288,20.0,year_area140_01,0.6732047183059859
day_1,Cold cloudy day,0.45,42,10.5,3.8801,55.5347,20.0,year_area140_01,0.6322169177996801
day_1,Cold cloudy day,0.45,43,10.75,3.9944,58.2029,20.0,year_area140_01,0.5945951544331889
day_1,Cold cloudy day,0.45,44,11.0,4.0981,60.6218,20.0,year_area140_01,0.5604787519893828
day_1,Cold cloudy day,0.45,45,11.25,4.1906,62.7811,20.0,year_area140_01,0.5300324824413325
day_1,Cold cloudy day,0.45,46,11.5,4.2716,64.6716,20.0,year_area140_01,0.5033744834151332
day_1,Cold cloudy day,0.45,47,11.75,4.3408,66.2851,20.0,year_area140_01,0.48061406497155557
day_1,Cold cloudy day,0.45,48,12.0,4.3978,67.6148,20.0,year_area140_01,0.4618604865882925
day_1,Cold cloudy day,0.45,49,12.25,4.4424,68.655,20.0,year_area140_01,0.4471886814044339
day_1,Cold cloudy day,0.45,50,12.5,4.4743,69.4011,20.0,year_area140_01,0.43667618024558674
day_1,Cold cloudy day,0.45,51,12.75,4.4936,69.8501,20.0,year_area140_01,0.43033715779934734
day_1,Cold cloudy day,0.45,52,13.0,4.5,70.0,20.0,year_area140_01,0.4282261932214837
day_1,Cold cloudy day,0.45,53,13.25,4.4936,69.8501,20.0,year_area140_01,0.43033715779934734
day_1,Cold cloudy day,0.45,54,13.5,4.4743,69.4011,20.0,year_area140_01,0.43667618024558674
day_1,Cold cloudy day,0.45,55,13.75,4.4424,68.655,20.0,year_area140_01,0.4471886814044339
day_1,Cold cloudy day,0.45,56,14.0,4.3978,67.6148,20.0,year_area140_01,0.4618604865882925
day_1,Cold cloudy day,0.45,57,14.25,4.3408,66.2851,20.0,year_area140_01,0.48061406497155557
day_1,Cold cloudy day,0.45,58,14.5,4.2716,64.6716,20.0,year_area140_01,0.5033744834151332
day_1,Cold cloudy day,0.45,59,14.75,4.1906,62.7811,20.0,year_area140_01,0.5300324824413325
day_1,Cold cloudy day,0.45,60,15.0,4.0981,60.6218,20.0,year_area140_01,0.5604787519893828
day_1,Cold cloudy day,0.45,61,15.25,3.9944,58.2029,20.0,year_area140_01,0.5945951544331889
day_1,Cold cloudy day,0.45,62,15.5,3.8801,55.5347,20.0,year_area140_01,0.6322169177996801
day_1,Cold cloudy day,0.45,63,15.75,3.7555,52.6288,20.0,year_area140_01,0.6732047183059859
day_1,Cold cloudy day,0.45,64,16.0,3.6213,49.4975,20.0,year_area140_01,0.7173638208400157
day_1,Cold cloudy day,0.45,65,16.25,3.478,46.1542,20.0,year_area140_01,0.7645143959845697
day_1,Cold cloudy day,0.45,66,16.5,3.3263,42.6133,20.0,year_area140_01,0.8144431707403781
day_1,Cold cloudy day,0.45,67,16.75,3.1667,38.8899,20.0,year_area140_01,0.8669553088291924
day_1,Cold cloudy day,0.45,68,17.0,3.0,35.0,20.0,year_area140_01,0.9218111051388511
day_1,Cold cloudy day,0.45,69,17.25,2.8269,30.9602,20.0,year_area140_01,0.9787778660263737
day_1,Cold cloudy day,0.45,70,17.5,2.6481,26.7878,20.0,year_area140_01,1.0376167185530532
day_1,Cold cloudy day,0.45,71,17.75,2.4643,22.5008,20.0,year_area140_01,1.0980826104844557
day_1,Cold cloudy day,0.45,72,18.0,2.2765,18.1173,20.0,year_area140_01,1.1598926828044953
day_1,Cold cloudy day,0.45,73,18.25,2.0853,13.6563,20.0,year_area140_01,1.222805363721788
day_1,Cold cloudy day,0.45,74,18.5,1.8916,9.1368,20.0,year_area140_01,1.28654215741983
day_1,Cold cloudy day,0.45,75,18.75,1.6962,4.5782,20.0,year_area140_01,1.3508333450643621
day_1,Cold cloudy day,0.45,76,19.0,1.5,0.0,20.0,year_area140_01,1.4153960170562185
day_1,Cold cloudy day,0.45,77,19.25,1.3038,0.0,20.0,year_area140_01,1.4395443294854884
day_1,Cold cloudy day,0.45,78,19.5,1.1084,0.0,20.0,year_area140_01,1.4635941778477681
day_1,Cold cloudy day,0.45,79,19.75,0.9147,0.0,20.0,year_area140_01,1.4874347900676943
day_1,Cold cloudy day,0.45,80,20.0,0.7235,0.0,20.0,year_area140_01,1.5109677020782768
day_1,Cold cloudy day,0.45,81,20.25,0.5357,0.0,20.0,year_area140_01,1.534082141804153
day_1,Cold cloudy day,0.45,82,20.5,0.3519,0.0,20.0,year_area140_01,1.5567042611950792
day_1,Cold cloudy day,0.45,83,20.75,0.1731,0.0,20.0,year_area140_01,1.578710980167319
day_1,Cold cloudy day,0.45,84,21.0,-0.0,0.0,20.0,year_area140_01,1.600016142662256
day_1,Cold cloudy day,0.45,85,21.25,-0.1667,0.0,20.0,year_area140_01,1.6205335926212734
day_1,Cold cloudy day,0.45,86,21.5,-0.3263,0.0,20.0,year_area140_01,1.6401771739857556
day_1,Cold cloudy day,0.45,87,21.75,-0.478,0.0,20.0,year_area140_01,1.6588484226887132
day_1,Cold cloudy day,0.45,88,22.0,-0.6213,0.0,20.0,year_area140_01,1.6764857986882764
day_1,Cold cloudy day,0.45,89,22.25,-0.7555,0.0,20.0,year_area140_01,1.6930031459258301
day_1,Cold cloudy day,0.45,90,22.5,-0.8801,0.0,20.0,year_area140_01,1.7083389243595044
day_1,Cold cloudy day,0.45,91,22.75,-0.9944,0.0,20.0,year_area140_01,1.7224069779306848
day_1,Cold cloudy day,0.45,92,23.0,-1.0981,0.0,20.0,year_area140_01,1.7351703826142488
day_1,Cold cloudy day,0.45,93,23.25,-1.1906,0.0,20.0,year_area140_01,1.7465552903599546
day_1,Cold cloudy day,0.45,94,23.5,-1.2716,0.0,20.0,year_area140_01,1.7565247771426802
day_1,Cold cloudy day,0.45,95,23.75,-1.3408,0.0,20.0,year_area140_01,1.7650419189373059
day_1,Cold cloudy day,0.45,0,0.0,-1.3978,0.0,20.0,year_area140_02,5.915617229091681
day_1,Cold cloudy day,0.45,1,0.25,-1.4424,0.0,20.0,year_area140_02,5.929742126518547
day_1,Cold cloudy day,0.45,2,0.5,-1.4743,0.0,20.0,year_area140_02,5.939844911897853
day_1,Cold cloudy day,0.45,3,0.75,-1.4936,0.0,20.0,year_area140_02,5.945957255403202
day_1,Cold cloudy day,0.45,4,1.0,-1.5,0.0,20.0,year_area140_02,5.947984146513783
day_1,Cold cloudy day,0.45,5,1.25,-1.4936,0.0,20.0,year_area140_02,5.945957255403202
day_1,Cold cloudy day,0.45,6,1.5,-1.4743,0.0,20.0,year_area140_02,5.939844911897853
day_1,Cold cloudy day,0.45,7,1.75,-1.4424,0.0,20.0,year_area140_02,5.929742126518547
day_1,Cold cloudy day,0.45,8,2.0,-1.3978,0.0,20.0,year_area140_02,5.915617229091681
day_1,Cold cloudy day,0.45,9,2.25,-1.3408,0.0,20.0,year_area140_02,5.8975652301380626
day_1,Cold cloudy day,0.45,10,2.5,-1.2716,0.0,20.0,year_area140_02,5.8756494700048965
day_1,Cold cloudy day,0.45,11,2.75,-1.1906,0.0,20.0,year_area140_02,5.849996629386597
day_1,Cold cloudy day,0.45,12,3.0,-1.0981,0.0,20.0,year_area140_02,5.82070171880397
day_1,Cold cloudy day,0.45,13,3.25,-0.9944,0.0,20.0,year_area140_02,5.787859748777825
day_1,Cold cloudy day,0.45,14,3.5,-0.8801,0.0,20.0,year_area140_02,5.751660740349779
day_1,Cold cloudy day,0.45,15,3.75,-0.7555,0.0,20.0,year_area140_02,5.712199704040641
day_1,Cold cloudy day,0.45,16,4.0,-0.6213,0.0,20.0,year_area140_02,5.66969833106563
day_1,Cold cloudy day,0.45,17,4.25,-0.478,0.0,20.0,year_area140_02,5.62431497229276
day_1,Cold cloudy day,0.45,18,4.5,-0.3263,0.0,20.0,year_area140_02,5.576271318937252
day_1,Cold cloudy day,0.45,19,4.75,-0.1667,0.0,20.0,year_area140_02,5.525725721867119
day_1,Cold cloudy day,0.45,20,5.0,0.0,0.0,20.0,year_area140_02,5.472931542471185
day_1,Cold cloudy day,0.45,21,5.25,0.1731,0.0,20.0,year_area140_02,5.4181104719646696
day_1,Cold cloudy day,0.45,22,5.5,0.3519,0.0,20.0,year_area140_02,5.361484201562792
day_1,Cold cloudy day,0.45,23,5.75,0.5357,0.0,20.0,year_area140_02,5.303274422480773
day_1,Cold cloudy day,0.45,24,6.0,0.7235,0.0,20.0,year_area140_02,5.243797836454639
day_1,Cold cloudy day,0.45,25,6.25,0.9147,0.0,20.0,year_area140_02,5.18324446452601
day_1,Cold cloudy day,0.45,26,6.5,1.1084,0.0,20.0,year_area140_02,5.121899338257309
day_1,Cold cloudy day,0.45,27,6.75,1.3038,0.0,20.0,year_area140_02,5.06001581903736
day_1,Cold cloudy day,0.45,28,7.0,1.5,0.0,20.0,year_area140_02,4.997878938428588
day_1,Cold cloudy day,0.45,29,7.25,1.6962,4.5782,20.0,year_area140_02,4.895535165242253
day_1,Cold cloudy day,0.45,30,7.5,1.8916,9.1368,20.0,year_area140_02,4.793616885526023
day_1,Cold cloudy day,0.45,31,7.75,2.0853,13.6563,20.0,year_area140_02,4.692580384698699
day_1,Cold cloudy day,0.45,32,8.0,2.2765,18.1173,20.0,year_area140_02,4.592849399780574
day_1,Cold cloudy day,0.45,33,8.25,2.4643,22.5008,20.0,year_area140_02,4.494875825065928
day_1,Cold cloudy day,0.45,34,8.5,2.6481,26.7878,20.0,year_area140_02,4.399016544328235
day_1,Cold cloudy day,0.45,35,8.75,2.8269,30.9602,20.0,year_area140_02,4.305747218011232
day_1,Cold cloudy day,0.45,36,9.0,3.0,35.0,20.0,year_area140_02,4.215447617812953
day_1,Cold cloudy day,0.45,37,9.25,3.1667,38.8899,20.0,year_area140_02,4.128491367857093
day_1,Cold cloudy day,0.45,38,9.5,3.3263,42.6133,20.0,year_area140_02,4.045245944693015
day_1,Cold cloudy day,0.45,39,9.75,3.478,46.1542,20.0,year_area140_02,3.9661052256942644
day_1,Cold cloudy day,0.45,40,10.0,3.6213,49.4975,20.0,year_area140_02,3.8913601736894337
day_1,Cold cloudy day,0.45,41,10.25,3.7555,52.6288,20.0,year_area140_02,3.82135894427999
day_1,Cold cloudy day,0.45,42,10.5,3.8801,55.5347,20.0,year_area140_02,3.7563775704711495
day_1,Cold cloudy day,0.45,43,10.75,3.9944,58.2029,20.0,year_area140_02,3.6967457651413844
day_1,Cold cloudy day,0.45,44,11.0,4.0981,60.6218,20.0,year_area140_02,3.6426604129004247
day_1,Cold cloudy day,0.45,45,11.25,4.1906,62.7811,20.0,year_area140_02,3.5944019919550496
day_1,Cold cloudy day,0.45,46,11.5,4.2716,64.6716,20.0,year_area140_02,3.552146309517283
day_1,Cold cloudy day,0.45,47,11.75,4.3408,66.2851,20.0,year_area140_02,3.5160603905501007
day_1,Cold cloudy day,0.45,48,12.0,4.3978,67.6148,20.0,year_area140_02,3.4863306350414196
day_1,Cold cloudy day,0.45,49,12.25,4.4424,68.655,20.0,year_area140_02,3.463070442158003
day_1,Cold cloudy day,0.45,50,12.5,4.4743,69.4011,20.0,year_area140_02,3.4464152207662644
day_1,Cold cloudy day,0.45,51,12.75,4.4936,69.8501,20.0,year_area140_02,3.4363596474397355
day_1,Cold cloudy day,0.45,52,13.0,4.5,70.0,20.0,year_area140_02,3.433016297197318
day_1,Cold cloudy day,0.45,53,13.25,4.4936,69.8501,20.0,year_area140_02,3.4363596474397355
day_1,Cold cloudy day,0.45,54,13.5,4.4743,69.4011,20.0,year_area140_02,3.4464152207662644
day_1,Cold cloudy day,0.45,55,13.75,4.4424,68.655,20.0,year_area140_02,3.463070442158003
day_1,Cold cloudy day,0.45,56,14.0,4.3978,67.6148,20.0,year_area140_02,3.4863306350414196
day_1,Cold cloudy day,0.45,57,14.25,4.3408,66.2851,20.0,year_area140_02,3.5160603905501007
day_1,Cold cloudy day,0.45,58,14.5,4.2716,64.6716,20.0,year_area140_02,3.552146309517283
day_1,Cold cloudy day,0.45,59,14.75,4.1906,62.7811,20.0,year_area140_02,3.5944019919550496
day_1,Cold cloudy day,0.45,60,15.0,4.0981,60.6218,20.0,year_area140_02,3.6426604129004247
day_1,Cold cloudy day,0.45,61,15.25,3.9944,58.2029,20.0,year_area140_02,3.6967457651413844
day_1,Cold cloudy day,0.45,62,15.5,3.8801,55.5347,20.0,year_area140_02,3.7563775704711495
day_1,Cold cloudy day,0.45,63,15.75,3.7555,52.6288,20.0,year_area140_02,3.82135894427999
day_1,Cold cloudy day,0.45,64,16.0,3.6213,49.4975,20.0,year_area140_02,3.8913601736894337
day_1,Cold cloudy day,0.45,65,16.25,3.478,46.1542,20.0,year_area140_02,3.9661052256942644
day_1,Cold cloudy day,0.45,66,16.5,3.3263,42.6133,20.0,year_area140_02,4.045245944693015
day_1,Cold cloudy day,0.45,67,16.75,3.1667,38.8899,20.0,year_area140_02,4.128491367857093
day_1,Cold cloudy day,0.45,68,17.0,3.0,35.0,20.0,year_area140_02,4.215447617812953
day_1,Cold cloudy day,0.45,69,17.25,2.8269,30.9602,20.0,year_area140_02,4.305747218011232
day_1,Cold cloudy day,0.45,70,17.5,2.6481,26.7878,20.0,year_area140_02,4.399016544328235
day_1,Cold cloudy day,0.45,71,17.75,2.4643,22.5008,20.0,year_area140_02,4.494875825065928
day_1,Cold cloudy day,0.45,72,18.0,2.2765,18.1173,20.0,year_area140_02,4.592849399780574
day_1,Cold cloudy day,0.45,73,18.25,2.0853,13.6563,20.0,year_area140_02,4.692580384698699
day_1,Cold cloudy day,0.45,74,18.5,1.8916,9.1368,20.0,year_area140_02,4.793616885526023
day_1,Cold cloudy day,0.45,75,18.75,1.6962,4.5782,20.0,year_area140_02,4.895535165242253
day_1,Cold cloudy day,0.45,76,19.0,1.5,0.0,20.0,year_area140_02,4.997878938428588
day_1,Cold cloudy day,0.45,77,19.25,1.3038,0.0,20.0,year_area140_02,5.06001581903736
day_1,Cold cloudy day,0.45,78,19.5,1.1084,0.0,20.0,year_area140_02,5.121899338257309
day_1,Cold cloudy day,0.45,79,19.75,0.9147,0.0,20.0,year_area140_02,5.18324446452601
day_1,Cold cloudy day,0.45,80,20.0,0.7235,0.0,20.0,year_area140_02,5.243797836454639
day_1,Cold cloudy day,0.45,81,20.25,0.5357,0.0,20.0,year_area140_02,5.303274422480773
day_1,Cold cloudy day,0.45,82,20.5,0.3519,0.0,20.0,year_area140_02,5.361484201562792
day_1,Cold cloudy day,0.45,83,20.75,0.1731,0.0,20.0,year_area140_02,5.4181104719646696
day_1,Cold cloudy day,0.45,84,21.0,-0.0,0.0,20.0,year_area140_02,5.472931542471185
day_1,Cold cloudy day,0.45,85,21.25,-0.1667,0.0,20.0,year_area140_02,5.525725721867119
day_1,Cold cloudy day,0.45,86,21.5,-0.3263,0.0,20.0,year_area140_02,5.576271318937252
day_1,Cold cloudy day,0.45,87,21.75,-0.478,0.0,20.0,year_area140_02,5.62431497229276
day_1,Cold cloudy day,0.45,88,22.0,-0.6213,0.0,20.0,year_area140_02,5.66969833106563
day_1,Cold cloudy day,0.45,89,22.25,-0.7555,0.0,20.0,year_area140_02,5.712199704040641
day_1,Cold cloudy day,0.45,90,22.5,-0.8801,0.0,20.0,year_area140_02,5.751660740349779
day_1,Cold cloudy day,0.45,91,22.75,-0.9944,0.0,20.0,year_area140_02,5.787859748777825
day_1,Cold cloudy day,0.45,92,23.0,-1.0981,0.0,20.0,year_area140_02,5.82070171880397
day_1,Cold cloudy day,0.45,93,23.25,-1.1906,0.0,20.0,year_area140_02,5.849996629386597
day_1,Cold cloudy day,0.45,94,23.5,-1.2716,0.0,20.0,year_area140_02,5.8756494700048965
day_1,Cold cloudy day,0.45,95,23.75,-1.3408,0.0,20.0,year_area140_02,5.8975652301380626
day_1,Cold cloudy day,0.45,0,0.0,-1.3978,0.0,20.0,year_area140_03,6.704662526846069
day_1,Cold cloudy day,0.45,1,0.25,-1.4424,0.0,20.0,year_area140_03,6.719974934003639
day_1,Cold cloudy day,0.45,2,0.5,-1.4743,0.0,20.0,year_area140_03,6.730927081723964
day_1,Cold cloudy day,0.45,3,0.75,-1.4936,0.0,20.0,year_area140_03,6.737553302758519
day_1,Cold cloudy day,0.45,4,1.0,-1.5,0.0,20.0,year_area140_03,6.739750598852878
day_1,Cold cloudy day,0.45,5,1.25,-1.4936,0.0,20.0,year_area140_03,6.737553302758519
day_1,Cold cloudy day,0.45,6,1.5,-1.4743,0.0,20.0,year_area140_03,6.730927081723964
day_1,Cold cloudy day,0.45,7,1.75,-1.4424,0.0,20.0,year_area140_03,6.719974934003639
day_1,Cold cloudy day,0.45,8,2.0,-1.3978,0.0,20.0,year_area140_03,6.704662526846069
day_1,Cold cloudy day,0.45,9,2.25,-1.3408,0.0,20.0,year_area140_03,6.685092858505676
day_1,Cold cloudy day,0.45,10,2.5,-1.2716,0.0,20.0,year_area140_03,6.661334594485409
day_1,Cold cloudy day,0.45,11,2.75,-1.1906,0.0,20.0,year_area140_03,6.633525065791168
day_1,Cold cloudy day,0.45,12,3.0,-1.0981,0.0,20.0,year_area140_03,6.601767270677372
day_1,Cold cloudy day,0.45,13,3.25,-0.9944,0.0,20.0,year_area140_03,6.566164207398447
day_1,Cold cloudy day,0.45,14,3.5,-0.8801,0.0,20.0,year_area140_03,6.526921872463238
day_1,Cold cloudy day,0.45,15,3.75,-0.7555,0.0,20.0,year_area140_03,6.48414326412617
day_1,Cold cloudy day,0.45,16,4.0,-0.6213,0.0,20.0,year_area140_03,6.438068711647562
day_1,Cold cloudy day,0.45,17,4.25,-0.478,0.0,20.0,year_area140_03,6.388869878784785
day_1,Cold cloudy day,0.45,18,4.5,-0.3263,0.0,20.0,year_area140_03,6.336787094798161
day_1,Cold cloudy day,0.45,19,4.75,-0.1667,0.0,20.0,year_area140_03,6.281992023445061
day_1,Cold cloudy day,0.45,20,5.0,0.0,0.0,20.0,year_area140_03,6.2247593267372805
day_1,Cold cloudy day,0.45,21,5.25,0.1731,0.0,20.0,year_area140_03,6.16532933393514
day_1,Cold cloudy day,0.45,22,5.5,0.3519,0.0,20.0,year_area140_03,6.103942374298962
day_1,Cold cloudy day,0.45,23,5.75,0.5357,0.0,20.0,year_area140_03,6.040838777089064
day_1,Cold cloudy day,0.45,24,6.0,0.7235,0.0,20.0,year_area140_03,5.976361869820191
day_1,Cold cloudy day,0.45,25,6.25,0.9147,0.0,20.0,year_area140_03,5.91071764900119
day_1,Cold cloudy day,0.45,26,6.5,1.1084,0.0,20.0,year_area140_03,5.8442151093953285
day_1,Cold cloudy day,0.45,27,6.75,1.3038,0.0,20.0,year_area140_03,5.777128913014404
day_1,Cold cloudy day,0.45,28,7.0,1.5,0.0,20.0,year_area140_03,5.709768054621684
day_1,Cold cloudy day,0.45,29,7.25,1.6962,4.5782,20.0,year_area140_03,5.6271220588443684
day_1,Cold cloudy day,0.45,30,7.5,1.8916,9.1368,20.0,year_area140_03,5.544816163175206
day_1,Cold cloudy day,0.45,31,7.75,2.0853,13.6563,20.0,year_area140_03,5.463224466605982
day_1,Cold cloudy day,0.45,32,8.0,2.2765,18.1173,20.0,year_area140_03,5.38268640150917
day_1,Cold cloudy day,0.45,33,8.25,2.4643,22.5008,20.0,year_area140_03,5.303574397537363
day_1,Cold cloudy day,0.45,34,8.5,2.6481,26.7878,20.0,year_area140_03,5.226157886088735
day_1,Cold cloudy day,0.45,35,8.75,2.8269,30.9602,20.0,year_area140_03,5.150840624756806
day_1,Cold cloudy day,0.45,36,9.0,3.0,35.0,20.0,year_area140_03,5.0779230390128385
day_1,Cold cloudy day,0.45,37,9.25,3.1667,38.8899,20.0,year_area140_03,5.007703217253219
day_1,Cold cloudy day,0.45,38,9.5,3.3263,42.6133,20.0,year_area140_03,4.940476910799469
day_1,Cold cloudy day,0.45,39,9.75,3.478,46.1542,20.0,year_area140_03,4.876572200517551
day_1,Cold cloudy day,0.45,40,10.0,3.6213,49.4975,20.0,year_area140_03,4.816211164208461
day_1,Cold cloudy day,0.45,41,10.25,3.7555,52.6288,20.0,year_area140_03,4.759682208101269
day_1,Cold cloudy day,0.45,42,10.5,3.8801,55.5347,20.0,year_area140_03,4.707201734243715
day_1,Cold cloudy day,0.45,43,10.75,3.9944,58.2029,20.0,year_area140_03,4.659051137640258
day_1,Cold cloudy day,0.45,44,11.0,4.0981,60.6218,20.0,year_area140_03,4.615372145214596
day_1,Cold cloudy day,0.45,45,11.25,4.1906,62.7811,20.0,year_area140_03,4.576405141862943
day_1,Cold cloudy day,0.45,46,11.5,4.2716,64.6716,20.0,year_area140_03,4.542283841680874
day_1,Cold cloudy day,0.45,47,11.75,4.3408,66.2851,20.0,year_area140_03,4.513138620085568
day_1,Cold cloudy day,0.45,48,12.0,4.3978,67.6148,20.0,year_area140_03,4.489129511095948
day_1,Cold cloudy day,0.45,49,12.25,4.4424,68.655,20.0,year_area140_03,4.470344210681758
day_1,Cold cloudy day,0.45,50,12.5,4.4743,69.4011,20.0,year_area140_03,4.456901075017996
day_1,Cold cloudy day,0.45,51,12.75,4.4936,69.8501,20.0,year_area140_03,4.448775787388342
day_1,Cold cloudy day,0.45,52,13.0,4.5,70.0,20.0,year_area140_03,4.4460780234039925
day_1,Cold cloudy day,0.45,53,13.25,4.4936,69.8501,20.0,year_area140_03,4.448775787388342
day_1,Cold cloudy day,0.45,54,13.5,4.4743,69.4011,20.0,year_area140_03,4.456901075017996
day_1,Cold cloudy day,0.45,55,13.75,4.4424,68.655,20.0,year_area140_03,4.470344210681758
day_1,Cold cloudy day,0.45,56,14.0,4.3978,67.6148,20.0,year_area140_03,4.489129511095948
day_1,Cold cloudy day,0.45,57,14.25,4.3408,66.2851,20.0,year_area140_03,4.513138620085568
day_1,Cold cloudy day,0.45,58,14.5,4.2716,64.6716,20.0,year_area140_03,4.542283841680874
day_1,Cold cloudy day,0.45,59,14.75,4.1906,62.7811,20.0,year_area140_03,4.576405141862943
day_1,Cold cloudy day,0.45,60,15.0,4.0981,60.6218,20.0,year_area140_03,4.615372145214596
day_1,Cold cloudy day,0.45,61,15.25,3.9944,58.2029,20.0,year_area140_03,4.659051137640258
day_1,Cold cloudy day,0.45,62,15.5,3.8801,55.5347,20.0,year_area140_03,4.707201734243715
day_1,Cold cloudy day,0.45,63,15.75,3.7555,52.6288,20.0,year_area140_03,4.759682208101269
day_1,Cold cloudy day,0.45,64,16.0,3.6213,49.4975,20.0,year_area140_03,4.816211164208461
day_1,Cold cloudy day,0.45,65,16.25,3.478,46.1542,20.0,year_area140_03,4.876572200517551
day_1,Cold cloudy day,0.45,66,16.5,3.3263,42.6133,20.0,year_area140_03,4.940476910799469
day_1,Cold cloudy day,0.45,67,16.75,3.1667,38.8899,20.0,year_area140_03,5.007703217253219
day_1,Cold cloudy day,0.45,68,17.0,3.0,35.0,20.0,year_area140_03,5.0779230390128385
day_1,Cold cloudy day,0.45,69,17.25,2.8269,30.9602,20.0,year_area140_03,5.150840624756806
day_1,Cold cloudy day,0.45,70,17.5,2.6481,26.7878,20.0,year_area140_03,5.226157886088735
day_1,Cold cloudy day,0.45,71,17.75,2.4643,22.5008,20.0,year_area140_03,5.303574397537363
day_1,Cold cloudy day,0.45,72,18.0,2.2765,18.1173,20.0,year_area140_03,5.38268640150917
day_1,Cold cloudy day,0.45,73,18.25,2.0853,13.6563,20.0,year_area140_03,5.463224466605982
day_1,Cold cloudy day,0.45,74,18.5,1.8916,9.1368,20.0,year_area140_03,5.544816163175206
day_1,Cold cloudy day,0.45,75,18.75,1.6962,4.5782,20.0,year_area140_03,5.6271220588443684
day_1,Cold cloudy day,0.45,76,19.0,1.5,0.0,20.0,year_area140_03,5.709768054621684
day_1,Cold cloudy day,0.45,77,19.25,1.3038,0.0,20.0,year_area140_03,5.777128913014404
day_1,Cold cloudy day,0.45,78,19.5,1.1084,0.0,20.0,year_area140_03,5.8442151093953285
day_1,Cold cloudy day,0.45,79,19.75,0.9147,0.0,20.0,year_area140_03,5.91071764900119
day_1,Cold cloudy day,0.45,80,20.0,0.7235,0.0,20.0,year_area140_03,5.976361869820191
day_1,Cold cloudy day,0.45,81,20.25,0.5357,0.0,20.0,year_area140_03,6.040838777089064
day_1,Cold cloudy day,0.45,82,20.5,0.3519,0.0,20.0,year_area140_03,6.103942374298962
day_1,Cold cloudy day,0.45,83,20.75,0.1731,0.0,20.0,year_area140_03,6.16532933393514
day_1,Cold cloudy day,0.45,84,21.0,-0.0,0.0,20.0,year_area140_03,6.2247593267372805
day_1,Cold cloudy day,0.45,85,21.25,-0.1667,0.0,20.0,year_area140_03,6.281992023445061
day_1,Cold cloudy day,0.45,86,21.5,-0.3263,0.0,20.0,year_area140_03,6.336787094798161
day_1,Cold cloudy day,0.45,87,21.75,-0.478,0.0,20.0,year_area140_03,6.388869878784785
day_1,Cold cloudy day,0.45,88,22.0,-0.6213,0.0,20.0,year_area140_03,6.438068711647562
day_1,Cold cloudy day,0.45,89,22.25,-0.7555,0.0,20.0,year_area140_03,6.48414326412617
day_1,Cold cloudy day,0.45,90,22.5,-0.8801,0.0,20.0,year_area140_03,6.526921872463238
day_1,Cold cloudy day,0.45,91,22.75,-0.9944,0.0,20.0,year_area140_03,6.566164207398447
day_1,Cold cloudy day,0.45,92,23.0,-1.0981,0.0,20.0,year_area140_03,6.601767270677372
day_1,Cold cloudy day,0.45,93,23.25,-1.1906,0.0,20.0,year_area140_03,6.633525065791168
day_1,Cold cloudy day,0.45,94,23.5,-1.2716,0.0,20.0,year_area140_03,6.661334594485409
day_1,Cold cloudy day,0.45,95,23.75,-1.3408,0.0,20.0,year_area140_03,6.685092858505676
day_1,Cold cloudy day,0.45,0,0.0,-1.3978,0.0,20.0,year_area140_04,3.452225322563791
day_1,Cold cloudy day,0.45,1,0.25,-1.4424,0.0,20.0,year_area140_04,3.45833193667918
day_1,Cold cloudy day,0.45,2,0.5,-1.4743,0.0,20.0,year_area140_04,3.4626996718872713
day_1,Cold cloudy day,0.45,3,0.75,-1.4936,0.0,20.0,year_area140_04,3.4653422201479667
day_1,Cold cloudy day,0.45,4,1.0,-1.5,0.0,20.0,year_area140_04,3.466218505581565
day_1,Cold cloudy day,0.45,5,1.25,-1.4936,0.0,20.0,year_area140_04,3.4653422201479667
day_1,Cold cloudy day,0.45,6,1.5,-1.4743,0.0,20.0,year_area140_04,3.4626996718872713
day_1,Cold cloudy day,0.45,7,1.75,-1.4424,0.0,20.0,year_area140_04,3.45833193667918
day_1,Cold cloudy day,0.45,8,2.0,-1.3978,0.0,20.0,year_area140_04,3.452225322563791
day_1,Cold cloudy day,0.45,9,2.25,-1.3408,0.0,20.0,year_area140_04,3.4444209054208064
day_1,Cold cloudy day,0.45,10,2.5,-1.2716,0.0,20.0,year_area140_04,3.4349460691700235
day_1,Cold cloudy day,0.45,11,2.75,-1.1906,0.0,20.0,year_area140_04,3.4238555816510448
day_1,Cold cloudy day,0.45,12,3.0,-1.0981,0.0,20.0,year_area140_04,3.4111905187435685
day_1,Cold cloudy day,0.45,13,3.25,-0.9944,0.0,20.0,year_area140_04,3.396991956327295
day_1,Cold cloudy day,0.45,14,3.5,-0.8801,0.0,20.0,year_area140_04,3.381342046161625
day_1,Cold cloudy day,0.45,15,3.75,-0.7555,0.0,20.0,year_area140_04,3.3642818641262573
day_1,Cold cloudy day,0.45,16,4.0,-0.6213,0.0,20.0,year_area140_04,3.3459072539404917
day_1,Cold cloudy day,0.45,17,4.25,-0.478,0.0,20.0,year_area140_04,3.326286675403829
day_1,Cold cloudy day,0.45,18,4.5,-0.3263,0.0,20.0,year_area140_04,3.305515972235568
day_1,Cold cloudy day,0.45,19,4.75,-0.1667,0.0,20.0,year_area140_04,3.2836636042352088
day_1,Cold cloudy day,0.45,20,5.0,0.0,0.0,20.0,year_area140_04,3.260839107081952
day_1,Cold cloudy day,0.45,21,5.25,0.1731,0.0,20.0,year_area140_04,3.2371383244950964
day_1,Cold cloudy day,0.45,22,5.5,0.3519,0.0,20.0,year_area140_04,3.2126571001939426
day_1,Cold cloudy day,0.45,23,5.75,0.5357,0.0,20.0,year_area140_04,3.18749127789779
day_1,Cold cloudy day,0.45,24,6.0,0.7235,0.0,20.0,year_area140_04,3.1617777772056384
day_1,Cold cloudy day,0.45,25,6.25,0.9147,0.0,20.0,year_area140_04,3.135598749876888
day_1,Cold cloudy day,0.45,26,6.5,1.1084,0.0,20.0,year_area140_04,3.1090774235506378
day_1,Cold cloudy day,0.45,27,6.75,1.3038,0.0,20.0,year_area140_04,3.0823233339060883
day_1,Cold cloudy day,0.45,28,7.0,1.5,0.0,20.0,year_area140_04,3.055459708582339
day_1,Cold cloudy day,0.45,29,7.25,1.6962,4.5782,20.0,year_area140_04,3.0235767680333994
day_1,Cold cloudy day,0.45,30,7.5,1.8916,9.1368,20.0,year_area140_04,2.991824851647871
day_1,Cold cloudy day,0.45,31,7.75,2.0853,13.6563,20.0,year_area140_04,2.9603485659139404
day_1,Cold cloudy day,0.45,32,8.0,2.2765,18.1173,20.0,year_area140_04,2.9292787157247706
day_1,Cold cloudy day,0.45,33,8.25,2.4643,22.5008,20.0,year_area140_04,2.8987593593929306
day_1,Cold cloudy day,0.45,34,8.5,2.6481,26.7878,20.0,year_area140_04,2.868893479351292
day_1,Cold cloudy day,0.45,35,8.75,2.8269,30.9602,20.0,year_area140_04,2.8398378391562096
day_1,Cold cloudy day,0.45,36,9.0,3.0,35.0,20.0,year_area140_04,2.8117080168492192
day_1,Cold cloudy day,0.45,37,9.25,3.1667,38.8899,20.0,year_area140_04,2.784618823025991
day_1,Cold cloudy day,0.45,38,9.5,3.3263,42.6133,20.0,year_area140_04,2.758684300836328
day_1,Cold cloudy day,0.45,39,9.75,3.478,46.1542,20.0,year_area140_04,2.7340315275791944
day_1,Cold cloudy day,0.45,40,10.0,3.6213,49.4975,20.0,year_area140_04,2.7107455179577435
day_1,Cold cloudy day,0.45,41,10.25,3.7555,52.6288,20.0,year_area140_04,2.6889379031490614
day_1,Cold cloudy day,0.45,42,10.5,3.8801,55.5347,20.0,year_area140_04,2.668691834059201
day_1,Cold cloudy day,0.45,43,10.75,3.9944,58.2029,20.0,year_area140_04,2.6501166395276554
day_1,Cold cloudy day,0.45,44,11.0,4.0981,60.6218,20.0,year_area140_04,2.6332661131084527
day_1,Cold cloudy day,0.45,45,11.25,4.1906,62.7811,20.0,year_area140_04,2.6182336989787163
day_1,Cold cloudy day,0.45,46,11.5,4.2716,64.6716,20.0,year_area140_04,2.60507055944951
day_1,Cold cloudy day,0.45,47,11.75,4.3408,66.2851,20.0,year_area140_04,2.5938267604806633
day_1,Cold cloudy day,0.45,48,12.0,4.3978,67.6148,20.0,year_area140_04,2.584564525100175
day_1,Cold cloudy day,0.45,49,12.25,4.4424,68.655,20.0,year_area140_04,2.577317486429887
day_1,Cold cloudy day,0.45,50,12.5,4.4743,69.4011,20.0,year_area140_04,2.5721317635651806
day_1,Cold cloudy day,0.45,51,12.75,4.4936,69.8501,20.0,year_area140_04,2.568996953599861
day_1,Cold cloudy day,0.45,52,13.0,4.5,70.0,20.0,year_area140_04,2.5679563251161
day_1,Cold cloudy day,0.45,53,13.25,4.4936,69.8501,20.0,year_area140_04,2.568996953599861
day_1,Cold cloudy day,0.45,54,13.5,4.4743,69.4011,20.0,year_area140_04,2.5721317635651806
day_1,Cold cloudy day,0.45,55,13.75,4.4424,68.655,20.0,year_area140_04,2.577317486429887
day_1,Cold cloudy day,0.45,56,14.0,4.3978,67.6148,20.0,year_area140_04,2.584564525100175
day_1,Cold cloudy day,0.45,57,14.25,4.3408,66.2851,20.0,year_area140_04,2.5938267604806633
day_1,Cold cloudy day,0.45,58,14.5,4.2716,64.6716,20.0,year_area140_04,2.60507055944951
day_1,Cold cloudy day,0.45,59,14.75,4.1906,62.7811,20.0,year_area140_04,2.6182336989787163
day_1,Cold cloudy day,0.45,60,15.0,4.0981,60.6218,20.0,year_area140_04,2.6332661131084527
day_1,Cold cloudy day,0.45,61,15.25,3.9944,58.2029,20.0,year_area140_04,2.6501166395276554
day_1,Cold cloudy day,0.45,62,15.5,3.8801,55.5347,20.0,year_area140_04,2.668691834059201
day_1,Cold cloudy day,0.45,63,15.75,3.7555,52.6288,20.0,year_area140_04,2.6889379031490614
day_1,Cold cloudy day,0.45,64,16.0,3.6213,49.4975,20.0,year_area140_04,2.7107455179577435
day_1,Cold cloudy day,0.45,65,16.25,3.478,46.1542,20.0,year_area140_04,2.7340315275791944
day_1,Cold cloudy day,0.45,66,16.5,3.3263,42.6133,20.0,year_area140_04,2.758684300836328
day_1,Cold cloudy day,0.45,67,16.75,3.1667,38.8899,20.0,year_area140_04,2.784618823025991
day_1,Cold cloudy day,0.45,68,17.0,3.0,35.0,20.0,year_area140_04,2.8117080168492192
day_1,Cold cloudy day,0.45,69,17.25,2.8269,30.9602,20.0,year_area140_04,2.8398378391562096
day_1,Cold cloudy day,0.45,70,17.5,2.6481,26.7878,20.0,year_area140_04,2.868893479351292
day_1,Cold cloudy day,0.45,71,17.75,2.4643,22.5008,20.0,year_area140_04,2.8987593593929306
day_1,Cold cloudy day,0.45,72,18.0,2.2765,18.1173,20.0,year_area140_04,2.9292787157247706
day_1,Cold cloudy day,0.45,73,18.25,2.0853,13.6563,20.0,year_area140_04,2.9603485659139404
day_1,Cold cloudy day,0.45,74,18.5,1.8916,9.1368,20.0,year_area140_04,2.991824851647871
day_1,Cold cloudy day,0.45,75,18.75,1.6962,4.5782,20.0,year_area140_04,3.0235767680333994
day_1,Cold cloudy day,0.45,76,19.0,1.5,0.0,20.0,year_area140_04,3.055459708582339
day_1,Cold cloudy day,0.45,77,19.25,1.3038,0.0,20.0,year_area140_04,3.0823233339060883
day_1,Cold cloudy day,0.45,78,19.5,1.1084,0.0,20.0,year_area140_04,3.1090774235506378
day_1,Cold cloudy day,0.45,79,19.75,0.9147,0.0,20.0,year_area140_04,3.135598749876888
day_1,Cold cloudy day,0.45,80,20.0,0.7235,0.0,20.0,year_area140_04,3.1617777772056384
day_1,Cold cloudy day,0.45,81,20.25,0.5357,0.0,20.0,year_area140_04,3.18749127789779
day_1,Cold cloudy day,0.45,82,20.5,0.3519,0.0,20.0,year_area140_04,3.2126571001939426
day_1,Cold cloudy day,0.45,83,20.75,0.1731,0.0,20.0,year_area140_04,3.2371383244950964
day_1,Cold cloudy day,0.45,84,21.0,-0.0,0.0,20.0,year_area140_04,3.260839107081952
day_1,Cold cloudy day,0.45,85,21.25,-0.1667,0.0,20.0,year_area140_04,3.2836636042352088
day_1,Cold cloudy day,0.45,86,21.5,-0.3263,0.0,20.0,year_area140_04,3.305515972235568
day_1,Cold cloudy day,0.45,87,21.75,-0.478,0.0,20.0,year_area140_04,3.326286675403829
day_1,Cold cloudy day,0.45,88,22.0,-0.6213,0.0,20.0,year_area140_04,3.3459072539404917
day_1,Cold cloudy day,0.45,89,22.25,-0.7555,0.0,20.0,year_area140_04,3.3642818641262573
day_1,Cold cloudy day,0.45,90,22.5,-0.8801,0.0,20.0,year_area140_04,3.381342046161625
day_1,Cold cloudy day,0.45,91,22.75,-0.9944,0.0,20.0,year_area140_04,3.396991956327295
day_1,Cold cloudy day,0.45,92,23.0,-1.0981,0.0,20.0,year_area140_04,3.4111905187435685
day_1,Cold cloudy day,0.45,93,23.25,-1.1906,0.0,20.0,year_area140_04,3.4238555816510448
day_1,Cold cloudy day,0.45,94,23.5,-1.2716,0.0,20.0,year_area140_04,3.4349460691700235
day_1,Cold cloudy day,0.45,95,23.75,-1.3408,0.0,20.0,year_area140_04,3.4444209054208064
day_1,Cold cloudy day,0.45,0,0.0,-1.3978,0.0,20.0,year_area140_05,6.176937989720136
day_1,Cold cloudy day,0.45,1,0.25,-1.4424,0.0,20.0,year_area140_05,6.19213692995427
day_1,Cold cloudy day,0.45,2,0.5,-1.4743,0.0,20.0,year_area140_05,6.203007920839223
day_1,Cold cloudy day,0.45,3,0.75,-1.4936,0.0,20.0,year_area140_05,6.209585040716327
day_1,Cold cloudy day,0.45,4,1.0,-1.5,0.0,20.0,year_area140_05,6.211766054561583
day_1,Cold cloudy day,0.45,5,1.25,-1.4936,0.0,20.0,year_area140_05,6.209585040716327
day_1,Cold cloudy day,0.45,6,1.5,-1.4743,0.0,20.0,year_area140_05,6.203007920839223
day_1,Cold cloudy day,0.45,7,1.75,-1.4424,0.0,20.0,year_area140_05,6.19213692995427
day_1,Cold cloudy day,0.45,8,2.0,-1.3978,0.0,20.0,year_area140_05,6.176937989720136
day_1,Cold cloudy day,0.45,9,2.25,-1.3408,0.0,20.0,year_area140_05,6.157513335160816
day_1,Cold cloudy day,0.45,10,2.5,-1.2716,0.0,20.0,year_area140_05,6.133931122958973
day_1,Cold cloudy day,0.45,11,2.75,-1.1906,0.0,20.0,year_area140_05,6.10632766647994
day_1,Cold cloudy day,0.45,12,3.0,-1.0981,0.0,20.0,year_area140_05,6.07480520074771
day_1,Cold cloudy day,0.45,13,3.25,-0.9944,0.0,20.0,year_area140_05,6.039465960786279
day_1,Cold cloudy day,0.45,14,3.5,-0.8801,0.0,20.0,year_area140_05,6.000514416643641
day_1,Cold cloudy day,0.45,15,3.75,-0.7555,0.0,20.0,year_area140_05,5.958052803343795
day_1,Cold cloudy day,0.45,16,4.0,-0.6213,0.0,20.0,year_area140_05,5.912319669276062
day_1,Cold cloudy day,0.45,17,4.25,-0.478,0.0,20.0,year_area140_05,5.863485406147104
day_1,Cold cloudy day,0.45,18,4.5,-0.3263,0.0,20.0,year_area140_05,5.811788562346246
day_1,Cold cloudy day,0.45,19,4.75,-0.1667,0.0,20.0,year_area140_05,5.75739952958015
day_1,Cold cloudy day,0.45,20,5.0,0.0,0.0,20.0,year_area140_05,5.700590934579472
day_1,Cold cloudy day,0.45,21,5.25,0.1731,0.0,20.0,year_area140_05,5.641601325733534
day_1,Cold cloudy day,0.45,22,5.5,0.3519,0.0,20.0,year_area140_05,5.580669251431667
day_1,Cold cloudy day,0.45,23,5.75,0.5357,0.0,20.0,year_area140_05,5.518033260063193
day_1,Cold cloudy day,0.45,24,6.0,0.7235,0.0,20.0,year_area140_05,5.4540341350414305
day_1,Cold cloudy day,0.45,25,6.25,0.9147,0.0,20.0,year_area140_05,5.388876346414378
day_1,Cold cloudy day,0.45,26,6.5,1.1084,0.0,20.0,year_area140_05,5.322866599254022
day_1,Cold cloudy day,0.45,27,6.75,1.3038,0.0,20.0,year_area140_05,5.256277520291018
day_1,Cold cloudy day,0.45,28,7.0,1.5,0.0,20.0,year_area140_05,5.189415814597359
day_1,Cold cloudy day,0.45,29,7.25,1.6962,4.5782,20.0,year_area140_05,5.10575437256094
day_1,Cold cloudy day,0.45,30,7.5,1.8916,9.1368,20.0,year_area140_05,5.022437479589792
day_1,Cold cloudy day,0.45,31,7.75,2.0853,13.6563,20.0,year_area140_05,4.9398433961398265
day_1,Cold cloudy day,0.45,32,8.0,2.2765,18.1173,20.0,year_area140_05,4.858315937374938
day_1,Cold cloudy day,0.45,33,8.25,2.4643,22.5008,20.0,year_area140_05,4.7782315289976065
day_1,Cold cloudy day,0.45,34,8.5,2.6481,26.7878,20.0,year_area140_05,4.699864361686316
day_1,Cold cloudy day,0.45,35,8.75,2.8269,30.9602,20.0,year_area140_05,4.623621636928696
day_1,Cold cloudy day,0.45,36,9.0,3.0,35.0,20.0,year_area140_05,4.549807954237698
day_1,Cold cloudy day,0.45,37,9.25,3.1667,38.8899,20.0,year_area140_05,4.478725344471458
day_1,Cold cloudy day,0.45,38,9.5,3.3263,42.6133,20.0,year_area140_05,4.410673269833312
day_1,Cold cloudy day,0.45,39,9.75,3.478,46.1542,20.0,year_area140_05,4.3459830691638
day_1,Cold cloudy day,0.45,40,10.0,3.6213,49.4975,20.0,year_area140_05,4.2848805437232915
day_1,Cold cloudy day,0.45,41,10.25,3.7555,52.6288,20.0,year_area140_05,4.227657082800009
day_1,Cold cloudy day,0.45,42,10.5,3.8801,55.5347,20.0,year_area140_05,4.174532249492646
day_1,Cold cloudy day,0.45,43,10.75,3.9944,58.2029,20.0,year_area140_05,4.125789727124998
day_1,Cold cloudy day,0.45,44,11.0,4.0981,60.6218,20.0,year_area140_05,4.081574317000733
day_1,Cold cloudy day,0.45,45,11.25,4.1906,62.7811,20.0,year_area140_05,4.042128285088582
day_1,Cold cloudy day,0.45,46,11.5,4.2716,64.6716,20.0,year_area140_05,4.0075876258757255
day_1,Cold cloudy day,0.45,47,11.75,4.3408,66.2851,20.0,year_area140_05,3.978084664342479
day_1,Cold cloudy day,0.45,48,12.0,4.3978,67.6148,20.0,year_area140_05,3.953780666500873
day_1,Cold cloudy day,0.45,49,12.25,4.4424,68.655,20.0,year_area140_05,3.9347647052227175
day_1,Cold cloudy day,0.45,50,12.5,4.4743,69.4011,20.0,year_area140_05,3.921155895263601
day_1,Cold cloudy day,0.45,51,12.75,4.4936,69.8501,20.0,year_area140_05,3.912931166802798
day_1,Cold cloudy day,0.45,52,13.0,4.5,70.0,20.0,year_area140_05,3.910200093878038
day_1,Cold cloudy day,0.45,53,13.25,4.4936,69.8501,20.0,year_area140_05,3.912931166802798
day_1,Cold cloudy day,0.45,54,13.5,4.4743,69.4011,20.0,year_area140_05,3.921155895263601
day_1,Cold cloudy day,0.45,55,13.75,4.4424,68.655,20.0,year_area140_05,3.9347647052227175
day_1,Cold cloudy day,0.45,56,14.0,4.3978,67.6148,20.0,year_area140_05,3.953780666500873
day_1,Cold cloudy day,0.45,57,14.25,4.3408,66.2851,20.0,year_area140_05,3.978084664342479
day_1,Cold cloudy day,0.45,58,14.5,4.2716,64.6716,20.0,year_area140_05,4.0075876258757255
day_1,Cold cloudy day,0.45,59,14.75,4.1906,62.7811,20.0,year_area140_05,4.042128285088582
day_1,Cold cloudy day,0.45,60,15.0,4.0981,60.6218,20.0,year_area140_05,4.081574317000733
day_1,Cold cloudy day,0.45,61,15.25,3.9944,58.2029,20.0,year_area140_05,4.125789727124998
day_1,Cold cloudy day,0.45,62,15.5,3.8801,55.5347,20.0,year_area140_05,4.174532249492646
day_1,Cold cloudy day,0.45,63,15.75,3.7555,52.6288,20.0,year_area140_05,4.227657082800009
day_1,Cold cloudy day,0.45,64,16.0,3.6213,49.4975,20.0,year_area140_05,4.2848805437232915
day_1,Cold cloudy day,0.45,65,16.25,3.478,46.1542,20.0,year_area140_05,4.3459830691638
day_1,Cold cloudy day,0.45,66,16.5,3.3263,42.6133,20.0,year_area140_05,4.410673269833312
day_1,Cold cloudy day,0.45,67,16.75,3.1667,38.8899,20.0,year_area140_05,4.478725344471458
day_1,Cold cloudy day,0.45,68,17.0,3.0,35.0,20.0,year_area140_05,4.549807954237698
day_1,Cold cloudy day,0.45,69,17.25,2.8269,30.9602,20.0,year_area140_05,4.623621636928696
day_1,Cold cloudy day,0.45,70,17.5,2.6481,26.7878,20.0,year_area140_05,4.699864361686316
day_1,Cold cloudy day,0.45,71,17.75,2.4643,22.5008,20.0,year_area140_05,4.7782315289976065
day_1,Cold cloudy day,0.45,72,18.0,2.2765,18.1173,20.0,year_area140_05,4.858315937374938
day_1,Cold cloudy day,0.45,73,18.25,2.0853,13.6563,20.0,year_area140_05,4.9398433961398265
day_1,Cold cloudy day,0.45,74,18.5,1.8916,9.1368,20.0,year_area140_05,5.022437479589792
day_1,Cold cloudy day,0.45,75,18.75,1.6962,4.5782,20.0,year_area140_05,5.10575437256094
day_1,Cold cloudy day,0.45,76,19.0,1.5,0.0,20.0,year_area140_05,5.189415814597359
day_1,Cold cloudy day,0.45,77,19.25,1.3038,0.0,20.0,year_area140_05,5.256277520291018
day_1,Cold cloudy day,0.45,78,19.5,1.1084,0.0,20.0,year_area140_05,5.322866599254022
day_1,Cold cloudy day,0.45,79,19.75,0.9147,0.0,20.0,year_area140_05,5.388876346414378
day_1,Cold cloudy day,0.45,80,20.0,0.7235,0.0,20.0,year_area140_05,5.4540341350414305
day_1,Cold cloudy day,0.45,81,20.25,0.5357,0.0,20.0,year_area140_05,5.518033260063193
day_1,Cold cloudy day,0.45,82,20.5,0.3519,0.0,20.0,year_area140_05,5.580669251431667
day_1,Cold cloudy day,0.45,83,20.75,0.1731,0.0,20.0,year_area140_05,5.641601325733534
day_1,Cold cloudy day,0.45,84,21.0,-0.0,0.0,20.0,year_area140_05,5.700590934579472
day_1,Cold cloudy day,0.45,85,21.25,-0.1667,0.0,20.0,year_area140_05,5.75739952958015
day_1,Cold cloudy day,0.45,86,21.5,-0.3263,0.0,20.0,year_area140_05,5.811788562346246
day_1,Cold cloudy day,0.45,87,21.75,-0.478,0.0,20.0,year_area140_05,5.863485406147104
day_1,Cold cloudy day,0.45,88,22.0,-0.6213,0.0,20.0,year_area140_05,5.912319669276062
day_1,Cold cloudy day,0.45,89,22.25,-0.7555,0.0,20.0,year_area140_05,5.958052803343795
day_1,Cold cloudy day,0.45,90,22.5,-0.8801,0.0,20.0,year_area140_05,6.000514416643641
day_1,Cold cloudy day,0.45,91,22.75,-0.9944,0.0,20.0,year_area140_05,6.039465960786279
day_1,Cold cloudy day,0.45,92,23.0,-1.0981,0.0,20.0,year_area140_05,6.07480520074771
day_1,Cold cloudy day,0.45,93,23.25,-1.1906,0.0,20.0,year_area140_05,6.10632766647994
day_1,Cold cloudy day,0.45,94,23.5,-1.2716,0.0,20.0,year_area140_05,6.133931122958973
day_1,Cold cloudy day,0.45,95,23.75,-1.3408,0.0,20.0,year_area140_05,6.157513335160816
day_1,Cold cloudy day,0.45,0,0.0,-1.3978,0.0,20.0,year_area140_06,3.6797611645840145
day_1,Cold cloudy day,0.45,1,0.25,-1.4424,0.0,20.0,year_area140_06,3.685382307166679
day_1,Cold cloudy day,0.45,2,0.5,-1.4743,0.0,20.0,year_area140_06,3.689402810493742
day_1,Cold cloudy day,0.45,3,0.75,-1.4936,0.0,20.0,year_area140_06,3.691835278023909
day_1,Cold cloudy day,0.45,4,1.0,-1.5,0.0,20.0,year_area140_06,3.6926418993810626
day_1,Cold cloudy day,0.45,5,1.25,-1.4936,0.0,20.0,year_area140_06,3.691835278023909
day_1,Cold cloudy day,0.45,6,1.5,-1.4743,0.0,20.0,year_area140_06,3.689402810493742
day_1,Cold cloudy day,0.45,7,1.75,-1.4424,0.0,20.0,year_area140_06,3.685382307166679
day_1,Cold cloudy day,0.45,8,2.0,-1.3978,0.0,20.0,year_area140_06,3.6797611645840145
day_1,Cold cloudy day,0.45,9,2.25,-1.3408,0.0,20.0,year_area140_06,3.6725771931218643
day_1,Cold cloudy day,0.45,10,2.5,-1.2716,0.0,20.0,year_area140_06,3.6638555996976394
day_1,Cold cloudy day,0.45,11,2.75,-1.1906,0.0,20.0,year_area140_06,3.6536467981461627
day_1,Cold cloudy day,0.45,12,3.0,-1.0981,0.0,20.0,year_area140_06,3.6419885988435503
day_1,Cold cloudy day,0.45,13,3.25,-0.9944,0.0,20.0,year_area140_06,3.628918812165919
day_1,Cold cloudy day,0.45,14,3.5,-0.8801,0.0,20.0,year_area140_06,3.614513058865502
day_1,Cold cloudy day,0.45,15,3.75,-0.7555,0.0,20.0,year_area140_06,3.598809149318416
day_1,Cold cloudy day,0.45,16,4.0,-0.6213,0.0,20.0,year_area140_06,3.581895307735599
day_1,Cold cloudy day,0.45,17,4.25,-0.478,0.0,20.0,year_area140_06,3.5638345514105794
day_1,Cold cloudy day,0.45,18,4.5,-0.3263,0.0,20.0,year_area140_06,3.544715104554295
day_1,Cold cloudy day,0.45,19,4.75,-0.1667,0.0,20.0,year_area140_06,3.524599984460274
day_1,Cold cloudy day,0.45,20,5.0,0.0,0.0,20.0,year_area140_06,3.5035900187981612
day_1,Cold cloudy day,0.45,21,5.25,0.1731,0.0,20.0,year_area140_06,3.481773431778894
day_1,Cold cloudy day,0.45,22,5.5,0.3519,0.0,20.0,year_area140_06,3.459238447613412
day_1,Cold cloudy day,0.45,23,5.75,0.5357,0.0,20.0,year_area140_06,3.4360732905126543
day_1,Cold cloudy day,0.45,24,6.0,0.7235,0.0,20.0,year_area140_06,3.412403995063675
day_1,Cold cloudy day,0.45,25,6.25,0.9147,0.0,20.0,year_area140_06,3.3883061820187077
day_1,Cold cloudy day,0.45,26,6.5,1.1084,0.0,20.0,year_area140_06,3.3638932825061025
day_1,Cold cloudy day,0.45,27,6.75,1.3038,0.0,20.0,year_area140_06,3.339266124195503
day_1,Cold cloudy day,0.45,28,7.0,1.5,0.0,20.0,year_area140_06,3.3145381382152594
day_1,Cold cloudy day,0.45,29,7.25,1.6962,4.5782,20.0,year_area140_06,3.2547263716353445
day_1,Cold cloudy day,0.45,30,7.5,1.8916,9.1368,20.0,year_area140_06,3.1951656319517907
day_1,Cold cloudy day,0.45,31,7.75,2.0853,13.6563,20.0,year_area140_06,3.1361187831970785
day_1,Cold cloudy day,0.45,32,8.0,2.2765,18.1173,20.0,year_area140_06,3.077835319622398
day_1,Cold cloudy day,0.45,33,8.25,2.4643,22.5008,20.0,year_area140_06,3.020574273647304
day_1,Cold cloudy day,0.45,34,8.5,2.6481,26.7878,20.0,year_area140_06,2.9645568673152343
day_1,Cold cloudy day,0.45,35,8.75,2.8269,30.9602,20.0,year_area140_06,2.910047839601181
day_1,Cold cloudy day,0.45,36,9.0,3.0,35.0,20.0,year_area140_06,2.857273352781436
day_1,Cold cloudy day,0.45,37,9.25,3.1667,38.8899,20.0,year_area140_06,2.806454204874191
day_1,Cold cloudy day,0.45,38,9.5,3.3263,42.6133,20.0,year_area140_06,2.757805829639544
day_1,Cold cloudy day,0.45,39,9.75,3.478,46.1542,20.0,year_area140_06,2.7115516663607844
day_1,Cold cloudy day,0.45,40,10.0,3.6213,49.4975,20.0,year_area140_06,2.6678704470418193
day_1,Cold cloudy day,0.45,41,10.25,3.7555,52.6288,20.0,year_area140_06,2.6269607463458686
day_1,Cold cloudy day,0.45,42,10.5,3.8801,55.5347,20.0,year_area140_06,2.588988268792888
day_1,Cold cloudy day,0.45,43,10.75,3.9944,58.2029,20.0,year_area140_06,2.5541354962718072
day_1,Cold cloudy day,0.45,44,11.0,4.0981,60.6218,20.0,year_area140_06,2.522529132578636
day_1,Cold cloudy day,0.45,45,11.25,4.1906,62.7811,20.0,year_area140_06,2.4943237296918923
day_1,Cold cloudy day,0.45,46,11.5,4.2716,64.6716,20.0,year_area140_06,2.4696275996655395
day_1,Cold cloudy day,0.45,47,11.75,4.3408,66.2851,20.0,year_area140_06,2.4485413913276872
day_1,Cold cloudy day,0.45,48,12.0,4.3978,67.6148,20.0,year_area140_06,2.431167628448958
day_1,Cold cloudy day,0.45,49,12.25,4.4424,68.655,20.0,year_area140_06,2.4175751983341236
day_1,Cold cloudy day,0.45,50,12.5,4.4743,69.4011,20.0,year_area140_06,2.4078371621982244
day_1,Cold cloudy day,0.45,51,12.75,4.4936,69.8501,20.0,year_area140_06,2.401963906260113
day_1,Cold cloudy day,0.45,52,13.0,4.5,70.0,20.0,year_area140_06,2.400008567347612
day_1,Cold cloudy day,0.45,53,13.25,4.4936,69.8501,20.0,year_area140_06,2.401963906260113
day_1,Cold cloudy day,0.45,54,13.5,4.4743,69.4011,20.0,year_area140_06,2.4078371621982244
day_1,Cold cloudy day,0.45,55,13.75,4.4424,68.655,20.0,year_area140_06,2.4175751983341236
day_1,Cold cloudy day,0.45,56,14.0,4.3978,67.6148,20.0,year_area140_06,2.431167628448958
day_1,Cold cloudy day,0.45,57,14.25,4.3408,66.2851,20.0,year_area140_06,2.4485413913276872
day_1,Cold cloudy day,0.45,58,14.5,4.2716,64.6716,20.0,year_area140_06,2.4696275996655395
day_1,Cold cloudy day,0.45,59,14.75,4.1906,62.7811,20.0,year_area140_06,2.4943237296918923
day_1,Cold cloudy day,0.45,60,15.0,4.0981,60.6218,20.0,year_area140_06,2.522529132578636
day_1,Cold cloudy day,0.45,61,15.25,3.9944,58.2029,20.0,year_area140_06,2.5541354962718072
day_1,Cold cloudy day,0.45,62,15.5,3.8801,55.5347,20.0,year_area140_06,2.588988268792888
day_1,Cold cloudy day,0.45,63,15.75,3.7555,52.6288,20.0,year_area140_06,2.6269607463458686
day_1,Cold cloudy day,0.45,64,16.0,3.6213,49.4975,20.0,year_area140_06,2.6678704470418193
day_1,Cold cloudy day,0.45,65,16.25,3.478,46.1542,20.0,year_area140_06,2.7115516663607844
day_1,Cold cloudy day,0.45,66,16.5,3.3263,42.6133,20.0,year_area140_06,2.757805829639544
day_1,Cold cloudy day,0.45,67,16.75,3.1667,38.8899,20.0,year_area140_06,2.806454204874191
day_1,Cold cloudy day,0.45,68,17.0,3.0,35.0,20.0,year_area140_06,2.857273352781436
day_1,Cold cloudy day,0.45,69,17.25,2.8269,30.9602,20.0,year_area140_06,2.910047839601181
day_1,Cold cloudy day,0.45,70,17.5,2.6481,26.7878,20.0,year_area140_06,2.9645568673152343
day_1,Cold cloudy day,0.45,71,17.75,2.4643,22.5008,20.0,year_area140_06,3.020574273647304
day_1,Cold cloudy day,0.45,72,18.0,2.2765,18.1173,20.0,year_area140_06,3.077835319622398
day_1,Cold cloudy day,0.45,73,18.25,2.0853,13.6563,20.0,year_area140_06,3.1361187831970785
day_1,Cold cloudy day,0.45,74,18.5,1.8916,9.1368,20.0,year_area140_06,3.1951656319517907
day_1,Cold cloudy day,0.45,75,18.75,1.6962,4.5782,20.0,year_area140_06,3.2547263716353445
day_1,Cold cloudy day,0.45,76,19.0,1.5,0.0,20.0,year_area140_06,3.3145381382152594
day_1,Cold cloudy day,0.45,77,19.25,1.3038,0.0,20.0,year_area140_06,3.339266124195503
day_1,Cold cloudy day,0.45,78,19.5,1.1084,0.0,20.0,year_area140_06,3.3638932825061025
day_1,Cold cloudy day,0.45,79,19.75,0.9147,0.0,20.0,year_area140_06,3.3883061820187077
day_1,Cold cloudy day,0.45,80,20.0,0.7235,0.0,20.0,year_area140_06,3.412403995063675
day_1,Cold cloudy day,0.45,81,20.25,0.5357,0.0,20.0,year_area140_06,3.4360732905126543
day_1,Cold cloudy day,0.45,82,20.5,0.3519,0.0,20.0,year_area140_06,3.459238447613412
day_1,Cold cloudy day,0.45,83,20.75,0.1731,0.0,20.0,year_area140_06,3.481773431778894
day_1,Cold cloudy day,0.45,84,21.0,-0.0,0.0,20.0,year_area140_06,3.5035900187981612
day_1,Cold cloudy day,0.45,85,21.25,-0.1667,0.0,20.0,year_area140_06,3.524599984460274
day_1,Cold cloudy day,0.45,86,21.5,-0.3263,0.0,20.0,year_area140_06,3.544715104554295
day_1,Cold cloudy day,0.45,87,21.75,-0.478,0.0,20.0,year_area140_06,3.5638345514105794
day_1,Cold cloudy day,0.45,88,22.0,-0.6213,0.0,20.0,year_area140_06,3.581895307735599
day_1,Cold cloudy day,0.45,89,22.25,-0.7555,0.0,20.0,year_area140_06,3.598809149318416
day_1,Cold cloudy day,0.45,90,22.5,-0.8801,0.0,20.0,year_area140_06,3.614513058865502
day_1,Cold cloudy day,0.45,91,22.75,-0.9944,0.0,20.0,year_area140_06,3.628918812165919
day_1,Cold cloudy day,0.45,92,23.0,-1.0981,0.0,20.0,year_area140_06,3.6419885988435503
day_1,Cold cloudy day,0.45,93,23.25,-1.1906,0.0,20.0,year_area140_06,3.6536467981461627
day_1,Cold cloudy day,0.45,94,23.5,-1.2716,0.0,20.0,year_area140_06,3.6638555996976394
day_1,Cold cloudy day,0.45,95,23.75,-1.3408,0.0,20.0,year_area140_06,3.6725771931218643
day_1,Cold cloudy day,0.45,0,0.0,-1.3978,0.0,20.0,year_area140_07,4.202064835144461
day_1,Cold cloudy day,0.45,1,0.25,-1.4424,0.0,20.0,year_area140_07,4.208131575368499
day_1,Cold cloudy day,0.45,2,0.5,-1.4743,0.0,20.0,year_area140_07,4.212470790909908
day_1,Cold cloudy day,0.45,3,0.75,-1.4936,0.0,20.0,year_area140_07,4.215096084325244
day_1,Cold cloudy day,0.45,4,1.0,-1.5,0.0,20.0,year_area140_07,4.215966647944836
day_1,Cold cloudy day,0.45,5,1.25,-1.4936,0.0,20.0,year_area140_07,4.215096084325244
day_1,Cold cloudy day,0.45,6,1.5,-1.4743,0.0,20.0,year_area140_07,4.212470790909908
day_1,Cold cloudy day,0.45,7,1.75,-1.4424,0.0,20.0,year_area140_07,4.208131575368499
day_1,Cold cloudy day,0.45,8,2.0,-1.3978,0.0,20.0,year_area140_07,4.202064835144461
day_1,Cold cloudy day,0.45,9,2.25,-1.3408,0.0,20.0,year_area140_07,4.194311377907461
day_1,Cold cloudy day,0.45,10,2.5,-1.2716,0.0,20.0,year_area140_07,4.184898408770612
day_1,Cold cloudy day,0.45,11,2.75,-1.1906,0.0,20.0,year_area140_07,4.173880337960139
day_1,Cold cloudy day,0.45,12,3.0,-1.0981,0.0,20.0,year_area140_07,4.161297973145708
day_1,Cold cloudy day,0.45,13,3.25,-0.9944,0.0,20.0,year_area140_07,4.147192121996991
day_1,Cold cloudy day,0.45,14,3.5,-0.8801,0.0,20.0,year_area140_07,4.1316443998533225
day_1,Cold cloudy day,0.45,15,3.75,-0.7555,0.0,20.0,year_area140_07,4.114695614384372
day_1,Cold cloudy day,0.45,16,4.0,-0.6213,0.0,20.0,year_area140_07,4.096440983486032
day_1,Cold cloudy day,0.45,17,4.25,-0.478,0.0,20.0,year_area140_07,4.076948519941083
day_1,Cold cloudy day,0.45,18,4.5,-0.3263,0.0,20.0,year_area140_07,4.056313441645418
day_1,Cold cloudy day,0.45,19,4.75,-0.1667,0.0,20.0,year_area140_07,4.034603761381818
day_1,Cold cloudy day,0.45,20,5.0,0.0,0.0,20.0,year_area140_07,4.011928299602732
day_1,Cold cloudy day,0.45,21,5.25,0.1731,0.0,20.0,year_area140_07,3.988382274204053
day_1,Cold cloudy day,0.45,22,5.5,0.3519,0.0,20.0,year_area140_07,3.9640609030816742
day_1,Cold cloudy day,0.45,23,5.75,0.5357,0.0,20.0,year_area140_07,3.9390594041314895
day_1,Cold cloudy day,0.45,24,6.0,0.7235,0.0,20.0,year_area140_07,3.9135138029190575
day_1,Cold cloudy day,0.45,25,6.25,0.9147,0.0,20.0,year_area140_07,3.8875057147837175
day_1,Cold cloudy day,0.45,26,6.5,1.1084,0.0,20.0,year_area140_07,3.8611575627344736
day_1,Cold cloudy day,0.45,27,6.75,1.3038,0.0,20.0,year_area140_07,3.8345781672237758
day_1,Cold cloudy day,0.45,28,7.0,1.5,0.0,20.0,year_area140_07,3.807889951260628
day_1,Cold cloudy day,0.45,29,7.25,1.6962,4.5782,20.0,year_area140_07,3.7139292454781474
day_1,Cold cloudy day,0.45,30,7.5,1.8916,9.1368,20.0,year_area140_07,3.620365364342004
day_1,Cold cloudy day,0.45,31,7.75,2.0853,13.6563,20.0,year_area140_07,3.5276072656459387
day_1,Cold cloudy day,0.45,32,8.0,2.2765,18.1173,20.0,year_area140_07,3.436048835217984
day_1,Cold cloudy day,0.45,33,8.25,2.4643,22.5008,20.0,year_area140_07,3.3460916838061188
day_1,Cold cloudy day,0.45,34,8.5,2.6481,26.7878,20.0,year_area140_07,3.258096614488653
day_1,Cold cloudy day,0.45,35,8.75,2.8269,30.9602,20.0,year_area140_07,3.1724656158877473
day_1,Cold cloudy day,0.45,36,9.0,3.0,35.0,20.0,year_area140_07,3.089558399546746
day_1,Cold cloudy day,0.45,37,9.25,3.1667,38.8899,20.0,year_area140_07,3.0097243911449207
day_1,Cold cloudy day,0.45,38,9.5,3.3263,42.6133,20.0,year_area140_07,2.933302730497478
day_1,Cold cloudy day,0.45,39,9.75,3.478,46.1542,20.0,year_area140_07,2.8606373435212666
day_1,Cold cloudy day,0.45,40,10.0,3.6213,49.4975,20.0,year_area140_07,2.7920181237810935
day_1,Cold cloudy day,0.45,41,10.25,3.7555,52.6288,20.0,year_area140_07,2.727751884090808
day_1,Cold cloudy day,0.45,42,10.5,3.8801,55.5347,20.0,year_area140_07,2.6681035380596283
day_1,Cold cloudy day,0.45,43,10.75,3.9944,58.2029,20.0,year_area140_07,2.6133490409092
day_1,Cold cloudy day,0.45,44,11.0,4.0981,60.6218,20.0,year_area140_07,2.563699651770883
day_1,Cold cloudy day,0.45,45,11.25,4.1906,62.7811,20.0,year_area140_07,2.5193883351267194
day_1,Cold cloudy day,0.45,46,11.5,4.2716,64.6716,20.0,year_area140_07,2.4805910842884074
day_1,Cold cloudy day,0.45,47,11.75,4.3408,66.2851,20.0,year_area140_07,2.447469198476119
day_1,Cold cloudy day,0.45,48,12.0,4.3978,67.6148,20.0,year_area140_07,2.420177007738449
day_1,Cold cloudy day,0.45,49,12.25,4.4424,68.655,20.0,year_area140_07,2.3988254735102013
day_1,Cold cloudy day,0.45,50,12.5,4.4743,69.4011,20.0,year_area140_07,2.3835229962820588
day_1,Cold cloudy day,0.45,51,12.75,4.4936,69.8501,20.0,year_area140_07,2.37430005577204
day_1,Cold cloudy day,0.45,52,13.0,4.5,70.0,20.0,year_area140_07,2.3712268478328635
day_1,Cold cloudy day,0.45,53,13.25,4.4936,69.8501,20.0,year_area140_07,2.37430005577204
day_1,Cold cloudy day,0.45,54,13.5,4.4743,69.4011,20.0,year_area140_07,2.3835229962820588
day_1,Cold cloudy day,0.45,55,13.75,4.4424,68.655,20.0,year_area140_07,2.3988254735102013
day_1,Cold cloudy day,0.45,56,14.0,4.3978,67.6148,20.0,year_area140_07,2.420177007738449
day_1,Cold cloudy day,0.45,57,14.25,4.3408,66.2851,20.0,year_area140_07,2.447469198476119
day_1,Cold cloudy day,0.45,58,14.5,4.2716,64.6716,20.0,year_area140_07,2.4805910842884074
day_1,Cold cloudy day,0.45,59,14.75,4.1906,62.7811,20.0,year_area140_07,2.5193883351267194
day_1,Cold cloudy day,0.45,60,15.0,4.0981,60.6218,20.0,year_area140_07,2.563699651770883
day_1,Cold cloudy day,0.45,61,15.25,3.9944,58.2029,20.0,year_area140_07,2.6133490409092
day_1,Cold cloudy day,0.45,62,15.5,3.8801,55.5347,20.0,year_area140_07,2.6681035380596283
day_1,Cold cloudy day,0.45,63,15.75,3.7555,52.6288,20.0,year_area140_07,2.727751884090808
day_1,Cold cloudy day,0.45,64,16.0,3.6213,49.4975,20.0,year_area140_07,2.7920181237810935
day_1,Cold cloudy day,0.45,65,16.25,3.478,46.1542,20.0,year_area140_07,2.8606373435212666
day_1,Cold cloudy day,0.45,66,16.5,3.3263,42.6133,20.0,year_area140_07,2.933302730497478
day_1,Cold cloudy day,0.45,67,16.75,3.1667,38.8899,20.0,year_area140_07,3.0097243911449207
day_1,Cold cloudy day,0.45,68,17.0,3.0,35.0,20.0,year_area140_07,3.089558399546746
day_1,Cold cloudy day,0.45,69,17.25,2.8269,30.9602,20.0,year_area140_07,3.1724656158877473
day_1,Cold cloudy day,0.45,70,17.5,2.6481,26.7878,20.0,year_area140_07,3.258096614488653
day_1,Cold cloudy day,0.45,71,17.75,2.4643,22.5008,20.0,year_area140_07,3.3460916838061188
day_1,Cold cloudy day,0.45,72,18.0,2.2765,18.1173,20.0,year_area140_07,3.436048835217984
day_1,Cold cloudy day,0.45,73,18.25,2.0853,13.6563,20.0,year_area140_07,3.5276072656459387
day_1,Cold cloudy day,0.45,74,18.5,1.8916,9.1368,20.0,year_area140_07,3.620365364342004
day_1,Cold cloudy day,0.45,75,18.75,1.6962,4.5782,20.0,year_area140_07,3.7139292454781474
day_1,Cold cloudy day,0.45,76,19.0,1.5,0.0,20.0,year_area140_07,3.807889951260628
day_1,Cold cloudy day,0.45,77,19.25,1.3038,0.0,20.0,year_area140_07,3.8345781672237758
day_1,Cold cloudy day,0.45,78,19.5,1.1084,0.0,20.0,year_area140_07,3.8611575627344736
day_1,Cold cloudy day,0.45,79,19.75,0.9147,0.0,20.0,year_area140_07,3.8875057147837175
day_1,Cold cloudy day,0.45,80,20.0,0.7235,0.0,20.0,year_area140_07,3.9135138029190575
day_1,Cold cloudy day,0.45,81,20.25,0.5357,0.0,20.0,year_area140_07,3.9390594041314895
day_1,Cold cloudy day,0.45,82,20.5,0.3519,0.0,20.0,year_area140_07,3.9640609030816742
day_1,Cold cloudy day,0.45,83,20.75,0.1731,0.0,20.0,year_area140_07,3.988382274204053
day_1,Cold cloudy day,0.45,84,21.0,-0.0,0.0,20.0,year_area140_07,4.011928299602732
day_1,Cold cloudy day,0.45,85,21.25,-0.1667,0.0,20.0,year_area140_07,4.034603761381818
day_1,Cold cloudy day,0.45,86,21.5,-0.3263,0.0,20.0,year_area140_07,4.056313441645418
day_1,Cold cloudy day,0.45,87,21.75,-0.478,0.0,20.0,year_area140_07,4.076948519941083
day_1,Cold cloudy day,0.45,88,22.0,-0.6213,0.0,20.0,year_area140_07,4.096440983486032
day_1,Cold cloudy day,0.45,89,22.25,-0.7555,0.0,20.0,year_area140_07,4.114695614384372
day_1,Cold cloudy day,0.45,90,22.5,-0.8801,0.0,20.0,year_area140_07,4.1316443998533225
day_1,Cold cloudy day,0.45,91,22.75,-0.9944,0.0,20.0,year_area140_07,4.147192121996991
day_1,Cold cloudy day,0.45,92,23.0,-1.0981,0.0,20.0,year_area140_07,4.161297973145708
day_1,Cold cloudy day,0.45,93,23.25,-1.1906,0.0,20.0,year_area140_07,4.173880337960139
day_1,Cold cloudy day,0.45,94,23.5,-1.2716,0.0,20.0,year_area140_07,4.184898408770612
day_1,Cold cloudy day,0.45,95,23.75,-1.3408,0.0,20.0,year_area140_07,4.194311377907461
day_1,Cold cloudy day,0.45,0,0.0,-1.3978,0.0,20.0,year_area140_08,5.46182205710909
day_1,Cold cloudy day,0.45,1,0.25,-1.4424,0.0,20.0,year_area140_08,5.470678446929546
day_1,Cold cloudy day,0.45,2,0.5,-1.4743,0.0,20.0,year_area140_08,5.477012949962564
day_1,Cold cloudy day,0.45,3,0.75,-1.4936,0.0,20.0,year_area140_08,5.480845423584421
day_1,Cold cloudy day,0.45,4,1.0,-1.5,0.0,20.0,year_area140_08,5.48211629566628
day_1,Cold cloudy day,0.45,5,1.25,-1.4936,0.0,20.0,year_area140_08,5.480845423584421
day_1,Cold cloudy day,0.45,6,1.5,-1.4743,0.0,20.0,year_area140_08,5.477012949962564
day_1,Cold cloudy day,0.45,7,1.75,-1.4424,0.0,20.0,year_area140_08,5.470678446929546
day_1,Cold cloudy day,0.45,8,2.0,-1.3978,0.0,20.0,year_area140_08,5.46182205710909
day_1,Cold cloudy day,0.45,9,2.25,-1.3408,0.0,20.0,year_area140_08,5.45050335263003
day_1,Cold cloudy day,0.45,10,2.5,-1.2716,0.0,20.0,year_area140_08,5.436762048244927
day_1,Cold cloudy day,0.45,11,2.75,-1.1906,0.0,20.0,year_area140_08,5.420677573458895
day_1,Cold cloudy day,0.45,12,3.0,-1.0981,0.0,20.0,year_area140_08,5.402309500400772
day_1,Cold cloudy day,0.45,13,3.25,-0.9944,0.0,20.0,year_area140_08,5.381717401199396
day_1,Cold cloudy day,0.45,14,3.5,-0.8801,0.0,20.0,year_area140_08,5.35902042011244
day_1,Cold cloudy day,0.45,15,3.75,-0.7555,0.0,20.0,year_area140_08,5.334278129268742
day_1,Cold cloudy day,0.45,16,4.0,-0.6213,0.0,20.0,year_area140_08,5.307629530302255
day_1,Cold cloudy day,0.45,17,4.25,-0.478,0.0,20.0,year_area140_08,5.279173910094374
day_1,Cold cloudy day,0.45,18,4.5,-0.3263,0.0,20.0,year_area140_08,5.249050270279053
day_1,Cold cloudy day,0.45,19,4.75,-0.1667,0.0,20.0,year_area140_08,5.217357897737687
day_1,Cold cloudy day,0.45,20,5.0,0.0,0.0,20.0,year_area140_08,5.184255651480507
day_1,Cold cloudy day,0.45,21,5.25,0.1731,0.0,20.0,year_area140_08,5.149882533141469
day_1,Cold cloudy day,0.45,22,5.5,0.3519,0.0,20.0,year_area140_08,5.114377544354525
day_1,Cold cloudy day,0.45,23,5.75,0.5357,0.0,20.0,year_area140_08,5.077879686753629
day_1,Cold cloudy day,0.45,24,6.0,0.7235,0.0,20.0,year_area140_08,5.04058753410157
day_1,Cold cloudy day,0.45,25,6.25,0.9147,0.0,20.0,year_area140_08,5.0026202306560235
day_1,Cold cloudy day,0.45,26,6.5,1.1084,0.0,20.0,year_area140_08,4.9641564928035
day_1,Cold cloudy day,0.45,27,6.75,1.3038,0.0,20.0,year_area140_08,4.925355179554234
day_1,Cold cloudy day,0.45,28,7.0,1.5,0.0,20.0,year_area140_08,4.886395007294735
day_1,Cold cloudy day,0.45,29,7.25,1.6962,4.5782,20.0,year_area140_08,4.814520320195729
day_1,Cold cloudy day,0.45,30,7.5,1.8916,9.1368,20.0,year_area140_08,4.74294540436305
day_1,Cold cloudy day,0.45,31,7.75,2.0853,13.6563,20.0,year_area140_08,4.6719891694992235
day_1,Cold cloudy day,0.45,32,8.0,2.2765,18.1173,20.0,year_area140_08,4.601949948990412
day_1,Cold cloudy day,0.45,33,8.25,2.4643,22.5008,20.0,year_area140_08,4.533143057838728
day_1,Cold cloudy day,0.45,34,8.5,2.6481,26.7878,20.0,year_area140_08,4.465824238917452
day_1,Cold cloudy day,0.45,35,8.75,2.8269,30.9602,20.0,year_area140_08,4.400322194144233
day_1,Cold cloudy day,0.45,36,9.0,3.0,35.0,20.0,year_area140_08,4.33690533436781
day_1,Cold cloudy day,0.45,37,9.25,3.1667,38.8899,20.0,year_area140_08,4.2758370378563395
day_1,Cold cloudy day,0.45,38,9.5,3.3263,42.6133,20.0,year_area140_08,4.217375650297406
day_1,Cold cloudy day,0.45,39,9.75,3.478,46.1542,20.0,year_area140_08,4.1617950611143835
day_1,Cold cloudy day,0.45,40,10.0,3.6213,49.4975,20.0,year_area140_08,4.109303117141065
day_1,Cold cloudy day,0.45,41,10.25,3.7555,52.6288,20.0,year_area140_08,4.0601423473832305
day_1,Cold cloudy day,0.45,42,10.5,3.8801,55.5347,20.0,year_area140_08,4.0145083766932785
day_1,Cold cloudy day,0.45,43,10.75,3.9944,58.2029,20.0,year_area140_08,3.972628636335261
day_1,Cold cloudy day,0.45,44,11.0,4.0981,60.6218,20.0,year_area140_08,3.9346460954875426
day_1,Cold cloudy day,0.45,45,11.25,4.1906,62.7811,20.0,year_area140_08,3.900753949236255
day_1,Cold cloudy day,0.45,46,11.5,4.2716,64.6716,20.0,year_area140_08,3.8710779121977903
day_1,Cold cloudy day,0.45,47,11.75,4.3408,66.2851,20.0,year_area140_08,3.845736509587719
day_1,Cold cloudy day,0.45,48,12.0,4.3978,67.6148,20.0,year_area140_08,3.8248580588367425
day_1,Cold cloudy day,0.45,49,12.25,4.4424,68.655,20.0,year_area140_08,3.8085232542820986
day_1,Cold cloudy day,0.45,50,12.5,4.4743,69.4011,20.0,year_area140_08,3.796824739296402
day_1,Cold cloudy day,0.45,51,12.75,4.4936,69.8501,20.0,year_area140_08,3.7897642247058365
day_1,Cold cloudy day,0.45,52,13.0,4.5,70.0,20.0,year_area140_08,3.7874156614408836
day_1,Cold cloudy day,0.45,53,13.25,4.4936,69.8501,20.0,year_area140_08,3.7897642247058365
day_1,Cold cloudy day,0.45,54,13.5,4.4743,69.4011,20.0,year_area140_08,3.796824739296402
day_1,Cold cloudy day,0.45,55,13.75,4.4424,68.655,20.0,year_area140_08,3.8085232542820986
day_1,Cold cloudy day,0.45,56,14.0,4.3978,67.6148,20.0,year_area140_08,3.8248580588367425
day_1,Cold cloudy day,0.45,57,14.25,4.3408,66.2851,20.0,year_area140_08,3.845736509587719
day_1,Cold cloudy day,0.45,58,14.5,4.2716,64.6716,20.0,year_area140_08,3.8710779121977903
day_1,Cold cloudy day,0.45,59,14.75,4.1906,62.7811,20.0,year_area140_08,3.900753949236255
day_1,Cold cloudy day,0.45,60,15.0,4.0981,60.6218,20.0,year_area140_08,3.9346460954875426
day_1,Cold cloudy day,0.45,61,15.25,3.9944,58.2029,20.0,year_area140_08,3.972628636335261
day_1,Cold cloudy day,0.45,62,15.5,3.8801,55.5347,20.0,year_area140_08,4.0145083766932785
day_1,Cold cloudy day,0.45,63,15.75,3.7555,52.6288,20.0,year_area140_08,4.0601423473832305
day_1,Cold cloudy day,0.45,64,16.0,3.6213,49.4975,20.0,year_area140_08,4.109303117141065
day_1,Cold cloudy day,0.45,65,16.25,3.478,46.1542,20.0,year_area140_08,4.1617950611143835
day_1,Cold cloudy day,0.45,66,16.5,3.3263,42.6133,20.0,year_area140_08,4.217375650297406
day_1,Cold cloudy day,0.45,67,16.75,3.1667,38.8899,20.0,year_area140_08,4.2758370378563395
day_1,Cold cloudy day,0.45,68,17.0,3.0,35.0,20.0,year_area140_08,4.33690533436781
day_1,Cold cloudy day,0.45,69,17.25,2.8269,30.9602,20.0,year_area140_08,4.400322194144233
day_1,Cold cloudy day,0.45,70,17.5,2.6481,26.7878,20.0,year_area140_08,4.465824238917452
day_1,Cold cloudy day,0.45,71,17.75,2.4643,22.5008,20.0,year_area140_08,4.533143057838728
day_1,Cold cloudy day,0.45,72,18.0,2.2765,18.1173,20.0,year_area140_08,4.601949948990412
day_1,Cold cloudy day,0.45,73,18.25,2.0853,13.6563,20.0,year_area140_08,4.6719891694992235
day_1,Cold cloudy day,0.45,74,18.5,1.8916,9.1368,20.0,year_area140_08,4.74294540436305
day_1,Cold cloudy day,0.45,75,18.75,1.6962,4.5782,20.0,year_area140_08,4.814520320195729
day_1,Cold cloudy day,0.45,76,19.0,1.5,0.0,20.0,year_area140_08,4.886395007294735
day_1,Cold cloudy day,0.45,77,19.25,1.3038,0.0,20.0,year_area140_08,4.925355179554234
day_1,Cold cloudy day,0.45,78,19.5,1.1084,0.0,20.0,year_area140_08,4.9641564928035
day_1,Cold cloudy day,0.45,79,19.75,0.9147,0.0,20.0,year_area140_08,5.0026202306560235
day_1,Cold cloudy day,0.45,80,20.0,0.7235,0.0,20.0,year_area140_08,5.04058753410157
day_1,Cold cloudy day,0.45,81,20.25,0.5357,0.0,20.0,year_area140_08,5.077879686753629
day_1,Cold cloudy day,0.45,82,20.5,0.3519,0.0,20.0,year_area140_08,5.114377544354525
day_1,Cold cloudy day,0.45,83,20.75,0.1731,0.0,20.0,year_area140_08,5.149882533141469
day_1,Cold cloudy day,0.45,84,21.0,-0.0,0.0,20.0,year_area140_08,5.184255651480507
day_1,Cold cloudy day,0.45,85,21.25,-0.1667,0.0,20.0,year_area140_08,5.217357897737687
day_1,Cold cloudy day,0.45,86,21.5,-0.3263,0.0,20.0,year_area140_08,5.249050270279053
day_1,Cold cloudy day,0.45,87,21.75,-0.478,0.0,20.0,year_area140_08,5.279173910094374
day_1,Cold cloudy day,0.45,88,22.0,-0.6213,0.0,20.0,year_area140_08,5.307629530302255
day_1,Cold cloudy day,0.45,89,22.25,-0.7555,0.0,20.0,year_area140_08,5.334278129268742
day_1,Cold cloudy day,0.45,90,22.5,-0.8801,0.0,20.0,year_area140_08,5.35902042011244
day_1,Cold cloudy day,0.45,91,22.75,-0.9944,0.0,20.0,year_area140_08,5.381717401199396
day_1,Cold cloudy day,0.45,92,23.0,-1.0981,0.0,20.0,year_area140_08,5.402309500400772
day_1,Cold cloudy day,0.45,93,23.25,-1.1906,0.0,20.0,year_area140_08,5.420677573458895
day_1,Cold cloudy day,0.45,94,23.5,-1.2716,0.0,20.0,year_area140_08,5.436762048244927
day_1,Cold cloudy day,0.45,95,23.75,-1.3408,0.0,20.0,year_area140_08,5.45050335263003
day_2,Mild cloudy day,0.35,0,0.0,5.6022,0.0,20.0,area_core_01,1.7153958012288486
day_2,Mild cloudy day,0.35,1,0.25,5.5576,0.0,20.0,area_core_01,1.719512398504711
day_2,Mild cloudy day,0.35,2,0.5,5.5257,0.0,20.0,area_core_01,1.7224567808612132
day_2,Mild cloudy day,0.35,3,0.75,5.5064,0.0,20.0,area_core_01,1.724238178337091
day_2,Mild cloudy day,0.35,4,1.0,5.5,0.0,20.0,area_core_01,1.7248289008161386
day_2,Mild cloudy day,0.35,5,1.25,5.5064,0.0,20.0,area_core_01,1.724238178337091
day_2,Mild cloudy day,0.35,6,1.5,5.5257,0.0,20.0,area_core_01,1.7224567808612132
day_2,Mild cloudy day,0.35,7,1.75,5.5576,0.0,20.0,area_core_01,1.719512398504711
day_2,Mild cloudy day,0.35,8,2.0,5.6022,0.0,20.0,area_core_01,1.7153958012288486
day_2,Mild cloudy day,0.35,9,2.25,5.6592,0.0,20.0,area_core_01,1.710134679149832
day_2,Mild cloudy day,0.35,10,2.5,5.7284,0.0,20.0,area_core_01,1.7037474923451312
day_2,Mild cloudy day,0.35,11,2.75,5.8094,0.0,20.0,area_core_01,1.6962711609696863
day_2,Mild cloudy day,0.35,12,3.0,5.9019,0.0,20.0,area_core_01,1.687733375139703
day_2,Mild cloudy day,0.35,13,3.25,6.0056,0.0,20.0,area_core_01,1.6781618249713866
day_2,Mild cloudy day,0.35,14,3.5,6.1199,0.0,20.0,area_core_01,1.667611890697148
day_2,Mild cloudy day,0.35,15,3.75,6.2445,0.0,20.0,area_core_01,1.6561112624331922
day_2,Mild cloudy day,0.35,16,4.0,6.3787,0.0,20.0,area_core_01,1.6437245504506652
day_2,Mild cloudy day,0.35,17,4.25,6.522,0.0,20.0,area_core_01,1.6304979049432422
day_2,Mild cloudy day,0.35,18,4.5,6.6737,0.0,20.0,area_core_01,1.61649593618207
day_2,Mild cloudy day,0.35,19,4.75,6.8333,0.0,20.0,area_core_01,1.601764794360823
day_2,Mild cloudy day,0.35,20,5.0,7.0,0.0,20.0,area_core_01,1.5863783197893833
day_2,Mild cloudy day,0.35,21,5.25,7.1731,0.0,20.0,area_core_01,1.5704011227388954
day_2,Mild cloudy day,0.35,22,5.5,7.3519,0.0,20.0,area_core_01,1.5538978134805062
day_2,Mild cloudy day,0.35,23,5.75,7.5357,0.0,20.0,area_core_01,1.5369330022853611
day_2,Mild cloudy day,0.35,24,6.0,7.7235,0.0,20.0,area_core_01,1.5195989895408113
day_2,Mild cloudy day,0.35,25,6.25,7.9147,0.0,20.0,area_core_01,1.5019511554792677
day_2,Mild cloudy day,0.35,26,6.5,8.1084,0.0,20.0,area_core_01,1.4840725704493458
day_2,Mild cloudy day,0.35,27,6.75,8.3038,0.0,20.0,area_core_01,1.4660370747609273
day_2,Mild cloudy day,0.35,28,7.0,8.5,0.0,20.0,area_core_01,1.447927738762628
day_2,Mild cloudy day,0.35,29,7.25,8.6962,4.5782,20.0,area_core_01,1.421323241700163
day_2,Mild cloudy day,0.35,30,7.5,8.8916,9.1368,20.0,area_core_01,1.3948289540788656
day_2,Mild cloudy day,0.35,31,7.75,9.0853,13.6563,20.0,area_core_01,1.3685641298218472
day_2,Mild cloudy day,0.35,32,8.0,9.2765,18.1173,20.0,area_core_01,1.3426386072566903
day_2,Mild cloudy day,0.35,33,8.25,9.4643,22.5008,20.0,area_core_01,1.3171707125225447
day_2,Mild cloudy day,0.35,34,8.5,9.6481,26.7878,20.0,area_core_01,1.2922510816423538
day_2,Mild cloudy day,0.35,35,8.75,9.8269,30.9602,20.0,area_core_01,1.2680056007828717
day_2,Mild cloudy day,0.35,36,9.0,10.0,35.0,20.0,area_core_01,1.2445322804378547
day_2,Mild cloudy day,0.35,37,9.25,10.1667,38.8899,20.0,area_core_01,1.2219278322035128
day_2,Mild cloudy day,0.35,38,9.5,10.3263,42.6133,20.0,area_core_01,1.2002876687785107
day_2,Mild cloudy day,0.35,39,9.75,10.478,46.1542,20.0,area_core_01,1.1797153195594938
day_2,Mild cloudy day,0.35,40,10.0,10.6213,49.4975,20.0,area_core_01,1.1602849538157725
day_2,Mild cloudy day,0.35,41,10.25,10.7555,52.6288,20.0,area_core_01,1.1420879019965802
day_2,Mild cloudy day,0.35,42,10.5,10.8801,55.5347,20.0,area_core_01,1.1251951789057582
day_2,Mild cloudy day,0.35,43,10.75,10.9944,58.2029,20.0,area_core_01,1.1096942182999032
day_2,Mild cloudy day,0.35,44,11.0,11.0981,60.6218,20.0,area_core_01,1.0956342348831245
day_2,Mild cloudy day,0.35,45,11.25,11.1906,62.7811,20.0,area_core_01,1.0830897212374384
day_2,Mild cloudy day,0.35,46,11.5,11.2716,64.6716,20.0,area_core_01,1.072105438703939
day_2,Mild cloudy day,0.35,47,11.75,11.3408,66.2851,20.0,area_core_01,1.0627242930557994
day_2,Mild cloudy day,0.35,48,12.0,11.3978,67.6148,20.0,area_core_01,1.054995822309835
day_2,Mild cloudy day,0.35,49,12.25,11.4424,68.655,20.0,area_core_01,1.0489490632806757
day_2,Mild cloudy day,0.35,50,12.5,11.4743,69.4011,20.0,area_core_01,1.0446202416969719
day_2,Mild cloudy day,0.35,51,12.75,11.4936,69.8501,20.0,area_core_01,1.0420056942237568
day_2,Mild cloudy day,0.35,52,13.0,11.5,70.0,20.0,area_core_01,1.0411368221130815
day_2,Mild cloudy day,0.35,53,13.25,11.4936,69.8501,20.0,area_core_01,1.0420056942237568
day_2,Mild cloudy day,0.35,54,13.5,11.4743,69.4011,20.0,area_core_01,1.0446202416969719
day_2,Mild cloudy day,0.35,55,13.75,11.4424,68.655,20.0,area_core_01,1.0489490632806757
day_2,Mild cloudy day,0.35,56,14.0,11.3978,67.6148,20.0,area_core_01,1.054995822309835
day_2,Mild cloudy day,0.35,57,14.25,11.3408,66.2851,20.0,area_core_01,1.0627242930557994
day_2,Mild cloudy day,0.35,58,14.5,11.2716,64.6716,20.0,area_core_01,1.072105438703939
day_2,Mild cloudy day,0.35,59,14.75,11.1906,62.7811,20.0,area_core_01,1.0830897212374384
day_2,Mild cloudy day,0.35,60,15.0,11.0981,60.6218,20.0,area_core_01,1.0956342348831245
day_2,Mild cloudy day,0.35,61,15.25,10.9944,58.2029,20.0,area_core_01,1.1096942182999032
day_2,Mild cloudy day,0.35,62,15.5,10.8801,55.5347,20.0,area_core_01,1.1251951789057582
day_2,Mild cloudy day,0.35,63,15.75,10.7555,52.6288,20.0,area_core_01,1.1420879019965802
day_2,Mild cloudy day,0.35,64,16.0,10.6213,49.4975,20.0,area_core_01,1.1602849538157725
day_2,Mild cloudy day,0.35,65,16.25,10.478,46.1542,20.0,area_core_01,1.1797153195594938
day_2,Mild cloudy day,0.35,66,16.5,10.3263,42.6133,20.0,area_core_01,1.2002876687785107
day_2,Mild cloudy day,0.35,67,16.75,10.1667,38.8899,20.0,area_core_01,1.2219278322035128
day_2,Mild cloudy day,0.35,68,17.0,10.0,35.0,20.0,area_core_01,1.2445322804378547
day_2,Mild cloudy day,0.35,69,17.25,9.8269,30.9602,20.0,area_core_01,1.2680056007828717
day_2,Mild cloudy day,0.35,70,17.5,9.6481,26.7878,20.0,area_core_01,1.2922510816423538
day_2,Mild cloudy day,0.35,71,17.75,9.4643,22.5008,20.0,area_core_01,1.3171707125225447
day_2,Mild cloudy day,0.35,72,18.0,9.2765,18.1173,20.0,area_core_01,1.3426386072566903
day_2,Mild cloudy day,0.35,73,18.25,9.0853,13.6563,20.0,area_core_01,1.3685641298218472
day_2,Mild cloudy day,0.35,74,18.5,8.8916,9.1368,20.0,area_core_01,1.3948289540788656
day_2,Mild cloudy day,0.35,75,18.75,8.6962,4.5782,20.0,area_core_01,1.421323241700163
day_2,Mild cloudy day,0.35,76,19.0,8.5,0.0,20.0,area_core_01,1.447927738762628
day_2,Mild cloudy day,0.35,77,19.25,8.3038,0.0,20.0,area_core_01,1.4660370747609273
day_2,Mild cloudy day,0.35,78,19.5,8.1084,0.0,20.0,area_core_01,1.4840725704493458
day_2,Mild cloudy day,0.35,79,19.75,7.9147,0.0,20.0,area_core_01,1.5019511554792677
day_2,Mild cloudy day,0.35,80,20.0,7.7235,0.0,20.0,area_core_01,1.5195989895408113
day_2,Mild cloudy day,0.35,81,20.25,7.5357,0.0,20.0,area_core_01,1.5369330022853611
day_2,Mild cloudy day,0.35,82,20.5,7.3519,0.0,20.0,area_core_01,1.5538978134805062
day_2,Mild cloudy day,0.35,83,20.75,7.1731,0.0,20.0,area_core_01,1.5704011227388954
day_2,Mild cloudy day,0.35,84,21.0,7.0,0.0,20.0,area_core_01,1.5863783197893833
day_2,Mild cloudy day,0.35,85,21.25,6.8333,0.0,20.0,area_core_01,1.601764794360823
day_2,Mild cloudy day,0.35,86,21.5,6.6737,0.0,20.0,area_core_01,1.61649593618207
day_2,Mild cloudy day,0.35,87,21.75,6.522,0.0,20.0,area_core_01,1.6304979049432422
day_2,Mild cloudy day,0.35,88,22.0,6.3787,0.0,20.0,area_core_01,1.6437245504506652
day_2,Mild cloudy day,0.35,89,22.25,6.2445,0.0,20.0,area_core_01,1.6561112624331922
day_2,Mild cloudy day,0.35,90,22.5,6.1199,0.0,20.0,area_core_01,1.667611890697148
day_2,Mild cloudy day,0.35,91,22.75,6.0056,0.0,20.0,area_core_01,1.6781618249713866
day_2,Mild cloudy day,0.35,92,23.0,5.9019,0.0,20.0,area_core_01,1.687733375139703
day_2,Mild cloudy day,0.35,93,23.25,5.8094,0.0,20.0,area_core_01,1.6962711609696863
day_2,Mild cloudy day,0.35,94,23.5,5.7284,0.0,20.0,area_core_01,1.7037474923451312
day_2,Mild cloudy day,0.35,95,23.75,5.6592,0.0,20.0,area_core_01,1.710134679149832
day_2,Mild cloudy day,0.35,0,0.0,5.6022,0.0,20.0,area_core_02,2.6878843240966406
day_2,Mild cloudy day,0.35,1,0.25,5.5576,0.0,20.0,area_core_02,2.6936475289263404
day_2,Mild cloudy day,0.35,2,0.5,5.5257,0.0,20.0,area_core_02,2.6977696417978074
day_2,Mild cloudy day,0.35,3,0.75,5.5064,0.0,20.0,area_core_02,2.700263584694965
day_2,Mild cloudy day,0.35,4,1.0,5.5,0.0,20.0,area_core_02,2.7010905916660426
day_2,Mild cloudy day,0.35,5,1.25,5.5064,0.0,20.0,area_core_02,2.700263584694965
day_2,Mild cloudy day,0.35,6,1.5,5.5257,0.0,20.0,area_core_02,2.6977696417978074
day_2,Mild cloudy day,0.35,7,1.75,5.5576,0.0,20.0,area_core_02,2.6936475289263404
day_2,Mild cloudy day,0.35,8,2.0,5.6022,0.0,20.0,area_core_02,2.6878843240966406
day_2,Mild cloudy day,0.35,9,2.25,5.6592,0.0,20.0,area_core_02,2.680518793260477
day_2,Mild cloudy day,0.35,10,2.5,5.7284,0.0,20.0,area_core_02,2.671576780385696
day_2,Mild cloudy day,0.35,11,2.75,5.8094,0.0,20.0,area_core_02,2.66110997340799
day_2,Mild cloudy day,0.35,12,3.0,5.9019,0.0,20.0,area_core_02,2.649157138279128
day_2,Mild cloudy day,0.35,13,3.25,6.0056,0.0,20.0,area_core_02,2.6357570409508795
day_2,Mild cloudy day,0.35,14,3.5,6.1199,0.0,20.0,area_core_02,2.620987213326783
day_2,Mild cloudy day,0.35,15,3.75,6.2445,0.0,20.0,area_core_02,2.604886421358608
day_2,Mild cloudy day,0.35,16,4.0,6.3787,0.0,20.0,area_core_02,2.5875451189338157
day_2,Mild cloudy day,0.35,17,4.25,6.522,0.0,20.0,area_core_02,2.569027915972022
day_2,Mild cloudy day,0.35,18,4.5,6.6737,0.0,20.0,area_core_02,2.5494252663606884
day_2,Mild cloudy day,0.35,19,4.75,6.8333,0.0,20.0,area_core_02,2.5288017800194305
day_2,Mild cloudy day,0.35,20,5.0,7.0,0.0,20.0,area_core_02,2.507260832819633
day_2,Mild cloudy day,0.35,21,5.25,7.1731,0.0,20.0,area_core_02,2.484892878648757
day_2,Mild cloudy day,0.35,22,5.5,7.3519,0.0,20.0,area_core_02,2.461788371394265
day_2,Mild cloudy day,0.35,23,5.75,7.5357,0.0,20.0,area_core_02,2.4380377649436182
day_2,Mild cloudy day,0.35,24,6.0,7.7235,0.0,20.0,area_core_02,2.413770279136048
day_2,Mild cloudy day,0.35,25,6.25,7.9147,0.0,20.0,area_core_02,2.389063445875092
day_2,Mild cloudy day,0.35,26,6.5,8.1084,0.0,20.0,area_core_02,2.364033563016059
day_2,Mild cloudy day,0.35,27,6.75,8.3038,0.0,20.0,area_core_02,2.338784006430333
day_2,Mild cloudy day,0.35,28,7.0,8.5,0.0,20.0,area_core_02,2.313431073973223
day_2,Mild cloudy day,0.35,29,7.25,8.6962,4.5782,20.0,area_core_02,2.275752914410861
day_2,Mild cloudy day,0.35,30,7.5,8.8916,9.1368,20.0,area_core_02,2.238230896971088
day_2,Mild cloudy day,0.35,31,7.75,9.0853,13.6563,20.0,area_core_02,2.2010338165448484
day_2,Mild cloudy day,0.35,32,8.0,9.2765,18.1173,20.0,area_core_02,2.164317276823597
day_2,Mild cloudy day,0.35,33,8.25,9.4643,22.5008,20.0,area_core_02,2.128248726620441
day_2,Mild cloudy day,0.35,34,8.5,9.6481,26.7878,20.0,area_core_02,2.0929568487967187
day_2,Mild cloudy day,0.35,35,8.75,9.8269,30.9602,20.0,area_core_02,2.058619591209355
day_2,Mild cloudy day,0.35,36,9.0,10.0,35.0,20.0,area_core_02,2.025375866547938
day_2,Mild cloudy day,0.35,37,9.25,10.1667,38.8899,20.0,area_core_02,1.9933627029930845
day_2,Mild cloudy day,0.35,38,9.5,10.3263,42.6133,20.0,area_core_02,1.9627152442164384
day_2,Mild cloudy day,0.35,39,9.75,10.478,46.1542,20.0,area_core_02,1.933579940580164
day_2,Mild cloudy day,0.35,40,10.0,10.6213,49.4975,20.0,area_core_02,1.9060620535545487
day_2,Mild cloudy day,0.35,41,10.25,10.7555,52.6288,20.0,area_core_02,1.8802908040687556
day_2,Mild cloudy day,0.35,42,10.5,10.8801,55.5347,20.0,area_core_02,1.8563668769284276
day_2,Mild cloudy day,0.35,43,10.75,10.9944,58.2029,20.0,area_core_02,1.8344138395358125
day_2,Mild cloudy day,0.35,44,11.0,11.0981,60.6218,20.0,area_core_02,1.8145016868484942
day_2,Mild cloudy day,0.35,45,11.25,11.1906,62.7811,20.0,area_core_02,1.7967356799734504
day_2,Mild cloudy day,0.35,46,11.5,11.2716,64.6716,20.0,area_core_02,1.7811793526946484
day_2,Mild cloudy day,0.35,47,11.75,11.3408,66.2851,20.0,area_core_02,1.7678935466403813
day_2,Mild cloudy day,0.35,48,12.0,11.3978,67.6148,20.0,area_core_02,1.7569482564049226
day_2,Mild cloudy day,0.35,49,12.25,11.4424,68.655,20.0,area_core_02,1.7483846712434583
day_2,Mild cloudy day,0.35,50,12.5,11.4743,69.4011,20.0,area_core_02,1.7422539410238573
day_2,Mild cloudy day,0.35,51,12.75,11.4936,69.8501,20.0,area_core_02,1.7385512202292168
day_2,Mild cloudy day,0.35,52,13.0,11.5,70.0,20.0,area_core_02,1.7373206591226538
day_2,Mild cloudy day,0.35,53,13.25,11.4936,69.8501,20.0,area_core_02,1.7385512202292168
day_2,Mild cloudy day,0.35,54,13.5,11.4743,69.4011,20.0,area_core_02,1.7422539410238573
day_2,Mild cloudy day,0.35,55,13.75,11.4424,68.655,20.0,area_core_02,1.7483846712434583
day_2,Mild cloudy day,0.35,56,14.0,11.3978,67.6148,20.0,area_core_02,1.7569482564049226
day_2,Mild cloudy day,0.35,57,14.25,11.3408,66.2851,20.0,area_core_02,1.7678935466403813
day_2,Mild cloudy day,0.35,58,14.5,11.2716,64.6716,20.0,area_core_02,1.7811793526946484
day_2,Mild cloudy day,0.35,59,14.75,11.1906,62.7811,20.0,area_core_02,1.7967356799734504
day_2,Mild cloudy day,0.35,60,15.0,11.0981,60.6218,20.0,area_core_02,1.8145016868484942
day_2,Mild cloudy day,0.35,61,15.25,10.9944,58.2029,20.0,area_core_02,1.8344138395358125
day_2,Mild cloudy day,0.35,62,15.5,10.8801,55.5347,20.0,area_core_02,1.8563668769284276
day_2,Mild cloudy day,0.35,63,15.75,10.7555,52.6288,20.0,area_core_02,1.8802908040687556
day_2,Mild cloudy day,0.35,64,16.0,10.6213,49.4975,20.0,area_core_02,1.9060620535545487
day_2,Mild cloudy day,0.35,65,16.25,10.478,46.1542,20.0,area_core_02,1.933579940580164
day_2,Mild cloudy day,0.35,66,16.5,10.3263,42.6133,20.0,area_core_02,1.9627152442164384
day_2,Mild cloudy day,0.35,67,16.75,10.1667,38.8899,20.0,area_core_02,1.9933627029930845
day_2,Mild cloudy day,0.35,68,17.0,10.0,35.0,20.0,area_core_02,2.025375866547938
day_2,Mild cloudy day,0.35,69,17.25,9.8269,30.9602,20.0,area_core_02,2.058619591209355
day_2,Mild cloudy day,0.35,70,17.5,9.6481,26.7878,20.0,area_core_02,2.0929568487967187
day_2,Mild cloudy day,0.35,71,17.75,9.4643,22.5008,20.0,area_core_02,2.128248726620441
day_2,Mild cloudy day,0.35,72,18.0,9.2765,18.1173,20.0,area_core_02,2.164317276823597
day_2,Mild cloudy day,0.35,73,18.25,9.0853,13.6563,20.0,area_core_02,2.2010338165448484
day_2,Mild cloudy day,0.35,74,18.5,8.8916,9.1368,20.0,area_core_02,2.238230896971088
day_2,Mild cloudy day,0.35,75,18.75,8.6962,4.5782,20.0,area_core_02,2.275752914410861
day_2,Mild cloudy day,0.35,76,19.0,8.5,0.0,20.0,area_core_02,2.313431073973223
day_2,Mild cloudy day,0.35,77,19.25,8.3038,0.0,20.0,area_core_02,2.338784006430333
day_2,Mild cloudy day,0.35,78,19.5,8.1084,0.0,20.0,area_core_02,2.364033563016059
day_2,Mild cloudy day,0.35,79,19.75,7.9147,0.0,20.0,area_core_02,2.389063445875092
day_2,Mild cloudy day,0.35,80,20.0,7.7235,0.0,20.0,area_core_02,2.413770279136048
day_2,Mild cloudy day,0.35,81,20.25,7.5357,0.0,20.0,area_core_02,2.4380377649436182
day_2,Mild cloudy day,0.35,82,20.5,7.3519,0.0,20.0,area_core_02,2.461788371394265
day_2,Mild cloudy day,0.35,83,20.75,7.1731,0.0,20.0,area_core_02,2.484892878648757
day_2,Mild cloudy day,0.35,84,21.0,7.0,0.0,20.0,area_core_02,2.507260832819633
day_2,Mild cloudy day,0.35,85,21.25,6.8333,0.0,20.0,area_core_02,2.5288017800194305
day_2,Mild cloudy day,0.35,86,21.5,6.6737,0.0,20.0,area_core_02,2.5494252663606884
day_2,Mild cloudy day,0.35,87,21.75,6.522,0.0,20.0,area_core_02,2.569027915972022
day_2,Mild cloudy day,0.35,88,22.0,6.3787,0.0,20.0,area_core_02,2.5875451189338157
day_2,Mild cloudy day,0.35,89,22.25,6.2445,0.0,20.0,area_core_02,2.604886421358608
day_2,Mild cloudy day,0.35,90,22.5,6.1199,0.0,20.0,area_core_02,2.620987213326783
day_2,Mild cloudy day,0.35,91,22.75,6.0056,0.0,20.0,area_core_02,2.6357570409508795
day_2,Mild cloudy day,0.35,92,23.0,5.9019,0.0,20.0,area_core_02,2.649157138279128
day_2,Mild cloudy day,0.35,93,23.25,5.8094,0.0,20.0,area_core_02,2.66110997340799
day_2,Mild cloudy day,0.35,94,23.5,5.7284,0.0,20.0,area_core_02,2.671576780385696
day_2,Mild cloudy day,0.35,95,23.75,5.6592,0.0,20.0,area_core_02,2.680518793260477
day_2,Mild cloudy day,0.35,0,0.0,5.6022,0.0,20.0,area_core_03,3.214402107973093
day_2,Mild cloudy day,0.35,1,0.25,5.5576,0.0,20.0,area_core_03,3.2271658528373934
day_2,Mild cloudy day,0.35,2,0.5,5.5257,0.0,20.0,area_core_03,3.2362950784241913
day_2,Mild cloudy day,0.35,3,0.75,5.5064,0.0,20.0,area_core_03,3.241818402995515
day_2,Mild cloudy day,0.35,4,1.0,5.5,0.0,20.0,area_core_03,3.24364997176528
day_2,Mild cloudy day,0.35,5,1.25,5.5064,0.0,20.0,area_core_03,3.241818402995515
day_2,Mild cloudy day,0.35,6,1.5,5.5257,0.0,20.0,area_core_03,3.2362950784241913
day_2,Mild cloudy day,0.35,7,1.75,5.5576,0.0,20.0,area_core_03,3.2271658528373934
day_2,Mild cloudy day,0.35,8,2.0,5.6022,0.0,20.0,area_core_03,3.214402107973093
day_2,Mild cloudy day,0.35,9,2.25,5.6592,0.0,20.0,area_core_03,3.198089698617372
day_2,Mild cloudy day,0.35,10,2.5,5.7284,0.0,20.0,area_core_03,3.178285861294287
day_2,Mild cloudy day,0.35,11,2.75,5.8094,0.0,20.0,area_core_03,3.1551050690519467
day_2,Mild cloudy day,0.35,12,3.0,5.9019,0.0,20.0,area_core_03,3.1286331766764346
day_2,Mild cloudy day,0.35,13,3.25,6.0056,0.0,20.0,area_core_03,3.0989560389538338
day_2,Mild cloudy day,0.35,14,3.5,6.1199,0.0,20.0,area_core_03,3.0662453654563095
day_2,Mild cloudy day,0.35,15,3.75,6.2445,0.0,20.0,area_core_03,3.030587010969945
day_2,Mild cloudy day,0.35,16,4.0,6.3787,0.0,20.0,area_core_03,2.992181303328932
day_2,Mild cloudy day,0.35,17,4.25,6.522,0.0,20.0,area_core_03,2.95117133384341
day_2,Mild cloudy day,0.35,18,4.5,6.6737,0.0,20.0,area_core_03,2.9077574303475706
day_2,Mild cloudy day,0.35,19,4.75,6.8333,0.0,20.0,area_core_03,2.8620826841515523
day_2,Mild cloudy day,0.35,20,5.0,7.0,0.0,20.0,area_core_03,2.8143760413515766
day_2,Mild cloudy day,0.35,21,5.25,7.1731,0.0,20.0,area_core_03,2.7648378297818352
day_2,Mild cloudy day,0.35,22,5.5,7.3519,0.0,20.0,area_core_03,2.7136683772765213
day_2,Mild cloudy day,0.35,23,5.75,7.5357,0.0,20.0,area_core_03,2.661068011669829
day_2,Mild cloudy day,0.35,24,6.0,7.7235,0.0,20.0,area_core_03,2.6073229155820337
day_2,Mild cloudy day,0.35,25,6.25,7.9147,0.0,20.0,area_core_03,2.5526047985853
day_2,Mild cloudy day,0.35,26,6.5,8.1084,0.0,20.0,area_core_03,2.497171225037877
day_2,Mild cloudy day,0.35,27,6.75,8.3038,0.0,20.0,area_core_03,2.441251141035985
day_2,Mild cloudy day,0.35,28,7.0,8.5,0.0,20.0,area_core_03,2.385102110937873
day_2,Mild cloudy day,0.35,29,7.25,8.6962,4.5782,20.0,area_core_03,2.31265256500355
day_2,Mild cloudy day,0.35,30,7.5,8.8916,9.1368,20.0,area_core_03,2.2405017502579265
day_2,Mild cloudy day,0.35,31,7.75,9.0853,13.6563,20.0,area_core_03,2.1689766601053404
day_2,Mild cloudy day,0.35,32,8.0,9.2765,18.1173,20.0,area_core_03,2.0983753136417125
day_2,Mild cloudy day,0.35,33,8.25,9.4643,22.5008,20.0,area_core_03,2.029022924039429
day_2,Mild cloudy day,0.35,34,8.5,9.6481,26.7878,20.0,area_core_03,1.9611588496847925
day_2,Mild cloudy day,0.35,35,8.75,9.8269,30.9602,20.0,area_core_03,1.8951337175947058
day_2,Mild cloudy day,0.35,36,9.0,10.0,35.0,20.0,area_core_03,1.831211943953599
day_2,Mild cloudy day,0.35,37,9.25,10.1667,38.8899,20.0,area_core_03,1.7696554526211696
day_2,Mild cloudy day,0.35,38,9.5,10.3263,42.6133,20.0,area_core_03,1.7107236751323844
day_2,Mild cloudy day,0.35,39,9.75,10.478,46.1542,20.0,area_core_03,1.6547025250058955
day_2,Mild cloudy day,0.35,40,10.0,10.6213,49.4975,20.0,area_core_03,1.601788856556762
day_2,Mild cloudy day,0.35,41,10.25,10.7555,52.6288,20.0,area_core_03,1.5522342682993657
day_2,Mild cloudy day,0.35,42,10.5,10.8801,55.5347,20.0,area_core_03,1.5062295617601316
day_2,Mild cloudy day,0.35,43,10.75,10.9944,58.2029,20.0,area_core_03,1.464018858479247
day_2,Mild cloudy day,0.35,44,11.0,11.0981,60.6218,20.0,area_core_03,1.4257293146240593
day_2,Mild cloudy day,0.35,45,11.25,11.1906,62.7811,20.0,area_core_03,1.3915693125449242
day_2,Mild cloudy day,0.35,46,11.5,11.2716,64.6716,20.0,area_core_03,1.3616574632958227
day_2,Mild cloudy day,0.35,47,11.75,11.3408,66.2851,20.0,area_core_03,1.3361088174668336
day_2,Mild cloudy day,0.35,48,12.0,11.3978,67.6148,20.0,area_core_03,1.3150620592606015
day_2,Mild cloudy day,0.35,49,12.25,11.4424,68.655,20.0,area_core_03,1.2985947198454237
day_2,Mild cloudy day,0.35,50,12.5,11.4743,69.4011,20.0,area_core_03,1.2868090321413312
day_2,Mild cloudy day,0.35,51,12.75,11.4936,69.8501,20.0,area_core_03,1.2796870592780025
day_2,Mild cloudy day,0.35,52,13.0,11.5,70.0,20.0,area_core_03,1.2773217769693255
day_2,Mild cloudy day,0.35,53,13.25,11.4936,69.8501,20.0,area_core_03,1.2796870592780025
day_2,Mild cloudy day,0.35,54,13.5,11.4743,69.4011,20.0,area_core_03,1.2868090321413312
day_2,Mild cloudy day,0.35,55,13.75,11.4424,68.655,20.0,area_core_03,1.2985947198454237
day_2,Mild cloudy day,0.35,56,14.0,11.3978,67.6148,20.0,area_core_03,1.3150620592606015
day_2,Mild cloudy day,0.35,57,14.25,11.3408,66.2851,20.0,area_core_03,1.3361088174668336
day_2,Mild cloudy day,0.35,58,14.5,11.2716,64.6716,20.0,area_core_03,1.3616574632958227
day_2,Mild cloudy day,0.35,59,14.75,11.1906,62.7811,20.0,area_core_03,1.3915693125449242
day_2,Mild cloudy day,0.35,60,15.0,11.0981,60.6218,20.0,area_core_03,1.4257293146240593
day_2,Mild cloudy day,0.35,61,15.25,10.9944,58.2029,20.0,area_core_03,1.464018858479247
day_2,Mild cloudy day,0.35,62,15.5,10.8801,55.5347,20.0,area_core_03,1.5062295617601316
day_2,Mild cloudy day,0.35,63,15.75,10.7555,52.6288,20.0,area_core_03,1.5522342682993657
day_2,Mild cloudy day,0.35,64,16.0,10.6213,49.4975,20.0,area_core_03,1.601788856556762
day_2,Mild cloudy day,0.35,65,16.25,10.478,46.1542,20.0,area_core_03,1.6547025250058955
day_2,Mild cloudy day,0.35,66,16.5,10.3263,42.6133,20.0,area_core_03,1.7107236751323844
day_2,Mild cloudy day,0.35,67,16.75,10.1667,38.8899,20.0,area_core_03,1.7696554526211696
day_2,Mild cloudy day,0.35,68,17.0,10.0,35.0,20.0,area_core_03,1.831211943953599
day_2,Mild cloudy day,0.35,69,17.25,9.8269,30.9602,20.0,area_core_03,1.8951337175947058
day_2,Mild cloudy day,0.35,70,17.5,9.6481,26.7878,20.0,area_core_03,1.9611588496847925
day_2,Mild cloudy day,0.35,71,17.75,9.4643,22.5008,20.0,area_core_03,2.029022924039429
day_2,Mild cloudy day,0.35,72,18.0,9.2765,18.1173,20.0,area_core_03,2.0983753136417125
day_2,Mild cloudy day,0.35,73,18.25,9.0853,13.6563,20.0,area_core_03,2.1689766601053404
day_2,Mild cloudy day,0.35,74,18.5,8.8916,9.1368,20.0,area_core_03,2.2405017502579265
day_2,Mild cloudy day,0.35,75,18.75,8.6962,4.5782,20.0,area_core_03,2.31265256500355
day_2,Mild cloudy day,0.35,76,19.0,8.5,0.0,20.0,area_core_03,2.385102110937873
day_2,Mild cloudy day,0.35,77,19.25,8.3038,0.0,20.0,area_core_03,2.441251141035985
day_2,Mild cloudy day,0.35,78,19.5,8.1084,0.0,20.0,area_core_03,2.497171225037877
day_2,Mild cloudy day,0.35,79,19.75,7.9147,0.0,20.0,area_core_03,2.5526047985853
day_2,Mild cloudy day,0.35,80,20.0,7.7235,0.0,20.0,area_core_03,2.6073229155820337
day_2,Mild cloudy day,0.35,81,20.25,7.5357,0.0,20.0,area_core_03,2.661068011669829
day_2,Mild cloudy day,0.35,82,20.5,7.3519,0.0,20.0,area_core_03,2.7136683772765213
day_2,Mild cloudy day,0.35,83,20.75,7.1731,0.0,20.0,area_core_03,2.7648378297818352
day_2,Mild cloudy day,0.35,84,21.0,7.0,0.0,20.0,area_core_03,2.8143760413515766
day_2,Mild cloudy day,0.35,85,21.25,6.8333,0.0,20.0,area_core_03,2.8620826841515523
day_2,Mild cloudy day,0.35,86,21.5,6.6737,0.0,20.0,area_core_03,2.9077574303475706
day_2,Mild cloudy day,0.35,87,21.75,6.522,0.0,20.0,area_core_03,2.95117133384341
day_2,Mild cloudy day,0.35,88,22.0,6.3787,0.0,20.0,area_core_03,2.992181303328932
day_2,Mild cloudy day,0.35,89,22.25,6.2445,0.0,20.0,area_core_03,3.030587010969945
day_2,Mild cloudy day,0.35,90,22.5,6.1199,0.0,20.0,area_core_03,3.0662453654563095
day_2,Mild cloudy day,0.35,91,22.75,6.0056,0.0,20.0,area_core_03,3.0989560389538338
day_2,Mild cloudy day,0.35,92,23.0,5.9019,0.0,20.0,area_core_03,3.1286331766764346
day_2,Mild cloudy day,0.35,93,23.25,5.8094,0.0,20.0,area_core_03,3.1551050690519467
day_2,Mild cloudy day,0.35,94,23.5,5.7284,0.0,20.0,area_core_03,3.178285861294287
day_2,Mild cloudy day,0.35,95,23.75,5.6592,0.0,20.0,area_core_03,3.198089698617372
day_2,Mild cloudy day,0.35,0,0.0,5.6022,0.0,20.0,area_core_04,1.6528653510330655
day_2,Mild cloudy day,0.35,1,0.25,5.5576,0.0,20.0,area_core_04,1.6555860938928024
day_2,Mild cloudy day,0.35,2,0.5,5.5257,0.0,20.0,area_core_04,1.6575320960727487
day_2,Mild cloudy day,0.35,3,0.75,5.5064,0.0,20.0,area_core_04,1.658709457893218
day_2,Mild cloudy day,0.35,4,1.0,5.5,0.0,20.0,area_core_04,1.6590998783932698
day_2,Mild cloudy day,0.35,5,1.25,5.5064,0.0,20.0,area_core_04,1.658709457893218
day_2,Mild cloudy day,0.35,6,1.5,5.5257,0.0,20.0,area_core_04,1.6575320960727487
day_2,Mild cloudy day,0.35,7,1.75,5.5576,0.0,20.0,area_core_04,1.6555860938928024
day_2,Mild cloudy day,0.35,8,2.0,5.6022,0.0,20.0,area_core_04,1.6528653510330655
day_2,Mild cloudy day,0.35,9,2.25,5.6592,0.0,20.0,area_core_04,1.649388168454478
day_2,Mild cloudy day,0.35,10,2.5,5.7284,0.0,20.0,area_core_04,1.6451667467976665
day_2,Mild cloudy day,0.35,11,2.75,5.8094,0.0,20.0,area_core_04,1.6402254873438844
day_2,Mild cloudy day,0.35,12,3.0,5.9019,0.0,20.0,area_core_04,1.6345826910540713
day_2,Mild cloudy day,0.35,13,3.25,6.0056,0.0,20.0,area_core_04,1.6282566588891676
day_2,Mild cloudy day,0.35,14,3.5,6.1199,0.0,20.0,area_core_04,1.6212839927710525
day_2,Mild cloudy day,0.35,15,3.75,6.2445,0.0,20.0,area_core_04,1.6136829936606667
day_2,Mild cloudy day,0.35,16,4.0,6.3787,0.0,20.0,area_core_04,1.6054963638002029
day_2,Mild cloudy day,0.35,17,4.25,6.522,0.0,20.0,area_core_04,1.5967546047912275
day_2,Mild cloudy day,0.35,18,4.5,6.6737,0.0,20.0,area_core_04,1.5875004188759343
day_2,Mild cloudy day,0.35,19,4.75,6.8333,0.0,20.0,area_core_04,1.5777643076558894
day_2,Mild cloudy day,0.35,20,5.0,7.0,0.0,20.0,area_core_04,1.5675950736935993
day_2,Mild cloudy day,0.35,21,5.25,7.1731,0.0,20.0,area_core_04,1.5570354192312574
day_2,Mild cloudy day,0.35,22,5.5,7.3519,0.0,20.0,area_core_04,1.5461280465110567
day_2,Mild cloudy day,0.35,23,5.75,7.5357,0.0,20.0,area_core_04,1.5349156577751903
day_2,Mild cloudy day,0.35,24,6.0,7.7235,0.0,20.0,area_core_04,1.5234592562267917
day_2,Mild cloudy day,0.35,25,6.25,7.9147,0.0,20.0,area_core_04,1.5117954437877403
day_2,Mild cloudy day,0.35,26,6.5,8.1084,0.0,20.0,area_core_04,1.4999791233408564
day_2,Mild cloudy day,0.35,27,6.75,8.3038,0.0,20.0,area_core_04,1.4880590974486458
day_2,Mild cloudy day,0.35,28,7.0,8.5,0.0,20.0,area_core_04,1.476090268993929
day_2,Mild cloudy day,0.35,29,7.25,8.6962,4.5782,20.0,area_core_04,1.4130901477972755
day_2,Mild cloudy day,0.35,30,7.5,8.8916,9.1368,20.0,area_core_04,1.3503573022175477
day_2,Mild cloudy day,0.35,31,7.75,9.0853,13.6563,20.0,area_core_04,1.2881639935335438
day_2,Mild cloudy day,0.35,32,8.0,9.2765,18.1173,20.0,area_core_04,1.2267752680453077
day_2,Mild cloudy day,0.35,33,8.25,9.4643,22.5008,20.0,area_core_04,1.1664578137394324
day_2,Mild cloudy day,0.35,34,8.5,9.6481,26.7878,20.0,area_core_04,1.107460017641572
day_2,Mild cloudy day,0.35,35,8.75,9.8269,30.9602,20.0,area_core_04,1.050044636132665
day_2,Mild cloudy day,0.35,36,9.0,10.0,35.0,20.0,area_core_04,0.9944550099742688
day_2,Mild cloudy day,0.35,37,9.25,10.1667,38.8899,20.0,area_core_04,0.9409266773188552
day_2,Mild cloudy day,0.35,38,9.5,10.3263,42.6133,20.0,area_core_04,0.8896873737098088
day_2,Mild cloudy day,0.35,39,9.75,10.478,46.1542,20.0,area_core_04,0.8409642470601825
day_2,Mild cloudy day,0.35,40,10.0,10.6213,49.4975,20.0,area_core_04,0.794956112396121
day_2,Mild cloudy day,0.35,41,10.25,10.7555,52.6288,20.0,area_core_04,0.7518661827753093
day_2,Mild cloudy day,0.35,42,10.5,10.8801,55.5347,20.0,area_core_04,0.7118743240303957
day_2,Mild cloudy day,0.35,43,10.75,10.9944,58.2029,20.0,area_core_04,0.6751603413918066
day_2,Mild cloudy day,0.35,44,11.0,11.0981,60.6218,20.0,area_core_04,0.6418718361996278
day_2,Mild cloudy day,0.35,45,11.25,11.1906,62.7811,20.0,area_core_04,0.6121602201951534
day_2,Mild cloudy day,0.35,46,11.5,11.2716,64.6716,20.0,area_core_04,0.5861463429158871
day_2,Mild cloudy day,0.35,47,11.75,11.3408,66.2851,20.0,area_core_04,0.5639399073149242
day_2,Mild cloudy day,0.35,48,12.0,11.3978,67.6148,20.0,area_core_04,0.5456411114474998
day_2,Mild cloudy day,0.35,49,12.25,11.4424,68.655,20.0,area_core_04,0.531325691485373
day_2,Mild cloudy day,0.35,50,12.5,11.4743,69.4011,20.0,area_core_04,0.5210632226777653
day_2,Mild cloudy day,0.35,51,12.75,11.4936,69.8501,20.0,area_core_04,0.5148810444575912
day_2,Mild cloudy day,0.35,52,13.0,11.5,70.0,20.0,area_core_04,0.5128197509546087
day_2,Mild cloudy day,0.35,53,13.25,11.4936,69.8501,20.0,area_core_04,0.5148810444575912
day_2,Mild cloudy day,0.35,54,13.5,11.4743,69.4011,20.0,area_core_04,0.5210632226777653
day_2,Mild cloudy day,0.35,55,13.75,11.4424,68.655,20.0,area_core_04,0.531325691485373
day_2,Mild cloudy day,0.35,56,14.0,11.3978,67.6148,20.0,area_core_04,0.5456411114474998
day_2,Mild cloudy day,0.35,57,14.25,11.3408,66.2851,20.0,area_core_04,0.5639399073149242
day_2,Mild cloudy day,0.35,58,14.5,11.2716,64.6716,20.0,area_core_04,0.5861463429158871
day_2,Mild cloudy day,0.35,59,14.75,11.1906,62.7811,20.0,area_core_04,0.6121602201951534
day_2,Mild cloudy day,0.35,60,15.0,11.0981,60.6218,20.0,area_core_04,0.6418718361996278
day_2,Mild cloudy day,0.35,61,15.25,10.9944,58.2029,20.0,area_core_04,0.6751603413918066
day_2,Mild cloudy day,0.35,62,15.5,10.8801,55.5347,20.0,area_core_04,0.7118743240303957
day_2,Mild cloudy day,0.35,63,15.75,10.7555,52.6288,20.0,area_core_04,0.7518661827753093
day_2,Mild cloudy day,0.35,64,16.0,10.6213,49.4975,20.0,area_core_04,0.794956112396121
day_2,Mild cloudy day,0.35,65,16.25,10.478,46.1542,20.0,area_core_04,0.8409642470601825
day_2,Mild cloudy day,0.35,66,16.5,10.3263,42.6133,20.0,area_core_04,0.8896873737098088
day_2,Mild cloudy day,0.35,67,16.75,10.1667,38.8899,20.0,area_core_04,0.9409266773188552
day_2,Mild cloudy day,0.35,68,17.0,10.0,35.0,20.0,area_core_04,0.9944550099742688
day_2,Mild cloudy day,0.35,69,17.25,9.8269,30.9602,20.0,area_core_04,1.050044636132665
day_2,Mild cloudy day,0.35,70,17.5,9.6481,26.7878,20.0,area_core_04,1.107460017641572
day_2,Mild cloudy day,0.35,71,17.75,9.4643,22.5008,20.0,area_core_04,1.1664578137394324
day_2,Mild cloudy day,0.35,72,18.0,9.2765,18.1173,20.0,area_core_04,1.2267752680453077
day_2,Mild cloudy day,0.35,73,18.25,9.0853,13.6563,20.0,area_core_04,1.2881639935335438
day_2,Mild cloudy day,0.35,74,18.5,8.8916,9.1368,20.0,area_core_04,1.3503573022175477
day_2,Mild cloudy day,0.35,75,18.75,8.6962,4.5782,20.0,area_core_04,1.4130901477972755
day_2,Mild cloudy day,0.35,76,19.0,8.5,0.0,20.0,area_core_04,1.476090268993929
day_2,Mild cloudy day,0.35,77,19.25,8.3038,0.0,20.0,area_core_04,1.4880590974486458
day_2,Mild cloudy day,0.35,78,19.5,8.1084,0.0,20.0,area_core_04,1.4999791233408564
day_2,Mild cloudy day,0.35,79,19.75,7.9147,0.0,20.0,area_core_04,1.5117954437877403
day_2,Mild cloudy day,0.35,80,20.0,7.7235,0.0,20.0,area_core_04,1.5234592562267917
day_2,Mild cloudy day,0.35,81,20.25,7.5357,0.0,20.0,area_core_04,1.5349156577751903
day_2,Mild cloudy day,0.35,82,20.5,7.3519,0.0,20.0,area_core_04,1.5461280465110567
day_2,Mild cloudy day,0.35,83,20.75,7.1731,0.0,20.0,area_core_04,1.5570354192312574
day_2,Mild cloudy day,0.35,84,21.0,7.0,0.0,20.0,area_core_04,1.5675950736935993
day_2,Mild cloudy day,0.35,85,21.25,6.8333,0.0,20.0,area_core_04,1.5777643076558894
day_2,Mild cloudy day,0.35,86,21.5,6.6737,0.0,20.0,area_core_04,1.5875004188759343
day_2,Mild cloudy day,0.35,87,21.75,6.522,0.0,20.0,area_core_04,1.5967546047912275
day_2,Mild cloudy day,0.35,88,22.0,6.3787,0.0,20.0,area_core_04,1.6054963638002029
day_2,Mild cloudy day,0.35,89,22.25,6.2445,0.0,20.0,area_core_04,1.6136829936606667
day_2,Mild cloudy day,0.35,90,22.5,6.1199,0.0,20.0,area_core_04,1.6212839927710525
day_2,Mild cloudy day,0.35,91,22.75,6.0056,0.0,20.0,area_core_04,1.6282566588891676
day_2,Mild cloudy day,0.35,92,23.0,5.9019,0.0,20.0,area_core_04,1.6345826910540713
day_2,Mild cloudy day,0.35,93,23.25,5.8094,0.0,20.0,area_core_04,1.6402254873438844
day_2,Mild cloudy day,0.35,94,23.5,5.7284,0.0,20.0,area_core_04,1.6451667467976665
day_2,Mild cloudy day,0.35,95,23.75,5.6592,0.0,20.0,area_core_04,1.649388168454478
day_2,Mild cloudy day,0.35,0,0.0,5.6022,0.0,20.0,area_core_05,3.718897294792394
day_2,Mild cloudy day,0.35,1,0.25,5.5576,0.0,20.0,area_core_05,3.7288023668480985
day_2,Mild cloudy day,0.35,2,0.5,5.5257,0.0,20.0,area_core_05,3.7358869363229195
day_2,Mild cloudy day,0.35,3,0.75,5.5064,0.0,20.0,area_core_05,3.740173211898594
day_2,Mild cloudy day,0.35,4,1.0,5.5,0.0,20.0,area_core_05,3.741594567529906
day_2,Mild cloudy day,0.35,5,1.25,5.5064,0.0,20.0,area_core_05,3.740173211898594
day_2,Mild cloudy day,0.35,6,1.5,5.5257,0.0,20.0,area_core_05,3.7358869363229195
day_2,Mild cloudy day,0.35,7,1.75,5.5576,0.0,20.0,area_core_05,3.7288023668480985
day_2,Mild cloudy day,0.35,8,2.0,5.6022,0.0,20.0,area_core_05,3.718897294792394
day_2,Mild cloudy day,0.35,9,2.25,5.6592,0.0,20.0,area_core_05,3.7062383462010224
day_2,Mild cloudy day,0.35,10,2.5,5.7284,0.0,20.0,area_core_05,3.690869938437463
day_2,Mild cloudy day,0.35,11,2.75,5.8094,0.0,20.0,area_core_05,3.672880906228672
day_2,Mild cloudy day,0.35,12,3.0,5.9019,0.0,20.0,area_core_05,3.6523378756198666
day_2,Mild cloudy day,0.35,13,3.25,6.0056,0.0,20.0,area_core_05,3.629307472656267
day_2,Mild cloudy day,0.35,14,3.5,6.1199,0.0,20.0,area_core_05,3.6039229494283056
day_2,Mild cloudy day,0.35,15,3.75,6.2445,0.0,20.0,area_core_05,3.5762509319812024
day_2,Mild cloudy day,0.35,16,4.0,6.3787,0.0,20.0,area_core_05,3.5464468810871317
day_2,Mild cloudy day,0.35,17,4.25,6.522,0.0,20.0,area_core_05,3.5146218401547884
day_2,Mild cloudy day,0.35,18,4.5,6.6737,0.0,20.0,area_core_05,3.480931269956349
day_2,Mild cloudy day,0.35,19,4.75,6.8333,0.0,20.0,area_core_05,3.4454862139005087
day_2,Mild cloudy day,0.35,20,5.0,7.0,0.0,20.0,area_core_05,3.4084643414411815
day_2,Mild cloudy day,0.35,21,5.25,7.1731,0.0,20.0,area_core_05,3.3700211133505436
day_2,Mild cloudy day,0.35,22,5.5,7.3519,0.0,20.0,area_core_05,3.3303119904007668
day_2,Mild cloudy day,0.35,23,5.75,7.5357,0.0,20.0,area_core_05,3.289492433364029
day_2,Mild cloudy day,0.35,24,6.0,7.7235,0.0,20.0,area_core_05,3.2477845290577205
day_2,Mild cloudy day,0.35,25,6.25,7.9147,0.0,20.0,area_core_05,3.205321529572278
day_2,Mild cloudy day,0.35,26,6.5,8.1084,0.0,20.0,area_core_05,3.1623033130433544
day_2,Mild cloudy day,0.35,27,6.75,8.3038,0.0,20.0,area_core_05,3.118907548924863
day_2,Mild cloudy day,0.35,28,7.0,8.5,0.0,20.0,area_core_05,3.075334115352458
day_2,Mild cloudy day,0.35,29,7.25,8.6962,4.5782,20.0,area_core_05,3.0311044680737416
day_2,Mild cloudy day,0.35,30,7.5,8.8916,9.1368,20.0,area_core_05,2.9870552996038473
day_2,Mild cloudy day,0.35,31,7.75,9.0853,13.6563,20.0,area_core_05,2.9433892830998953
day_2,Mild cloudy day,0.35,32,8.0,9.2765,18.1173,20.0,area_core_05,2.9002868687038204
day_2,Mild cloudy day,0.35,33,8.25,9.4643,22.5008,20.0,area_core_05,2.8579506579055254
day_2,Mild cloudy day,0.35,34,8.5,9.6481,26.7878,20.0,area_core_05,2.816516626149692
day_2,Mild cloudy day,0.35,35,8.75,9.8269,30.9602,20.0,area_core_05,2.776209454606973
day_2,Mild cloudy day,0.35,36,9.0,10.0,35.0,20.0,area_core_05,2.737187184069356
day_2,Mild cloudy day,0.35,37,9.25,10.1667,38.8899,20.0,area_core_05,2.6996077549947257
day_2,Mild cloudy day,0.35,38,9.5,10.3263,42.6133,20.0,area_core_05,2.6636290075068647
day_2,Mild cloudy day,0.35,39,9.75,10.478,46.1542,20.0,area_core_05,2.629430904410632
day_2,Mild cloudy day,0.35,40,10.0,10.6213,49.4975,20.0,area_core_05,2.597126653464678
day_2,Mild cloudy day,0.35,41,10.25,10.7555,52.6288,20.0,area_core_05,2.5668737794570315
day_2,Mild cloudy day,0.35,42,10.5,10.8801,55.5347,20.0,area_core_05,2.5387852464778033
day_2,Mild cloudy day,0.35,43,10.75,10.9944,58.2029,20.0,area_core_05,2.5130182783127104
day_2,Mild cloudy day,0.35,44,11.0,11.0981,60.6218,20.0,area_core_05,2.4896411636864046
day_2,Mild cloudy day,0.35,45,11.25,11.1906,62.7811,20.0,area_core_05,2.468788631033994
day_2,Mild cloudy day,0.35,46,11.5,11.2716,64.6716,20.0,area_core_05,2.4505286250774896
day_2,Mild cloudy day,0.35,47,11.75,11.3408,66.2851,20.0,area_core_05,2.434928947204469
day_2,Mild cloudy day,0.35,48,12.0,11.3978,67.6148,20.0,area_core_05,2.422079406816041
day_2,Mild cloudy day,0.35,49,12.25,11.4424,68.655,20.0,area_core_05,2.4120252382819594
day_2,Mild cloudy day,0.35,50,12.5,11.4743,69.4011,20.0,area_core_05,2.4048337269858386
day_2,Mild cloudy day,0.35,51,12.75,11.4936,69.8501,20.0,area_core_05,2.400483094249241
day_2,Mild cloudy day,0.35,52,13.0,11.5,70.0,20.0,area_core_05,2.399040252786254
day_2,Mild cloudy day,0.35,53,13.25,11.4936,69.8501,20.0,area_core_05,2.400483094249241
day_2,Mild cloudy day,0.35,54,13.5,11.4743,69.4011,20.0,area_core_05,2.4048337269858386
day_2,Mild cloudy day,0.35,55,13.75,11.4424,68.655,20.0,area_core_05,2.4120252382819594
day_2,Mild cloudy day,0.35,56,14.0,11.3978,67.6148,20.0,area_core_05,2.422079406816041
day_2,Mild cloudy day,0.35,57,14.25,11.3408,66.2851,20.0,area_core_05,2.434928947204469
day_2,Mild cloudy day,0.35,58,14.5,11.2716,64.6716,20.0,area_core_05,2.4505286250774896
day_2,Mild cloudy day,0.35,59,14.75,11.1906,62.7811,20.0,area_core_05,2.468788631033994
day_2,Mild cloudy day,0.35,60,15.0,11.0981,60.6218,20.0,area_core_05,2.4896411636864046
day_2,Mild cloudy day,0.35,61,15.25,10.9944,58.2029,20.0,area_core_05,2.5130182783127104
day_2,Mild cloudy day,0.35,62,15.5,10.8801,55.5347,20.0,area_core_05,2.5387852464778033
day_2,Mild cloudy day,0.35,63,15.75,10.7555,52.6288,20.0,area_core_05,2.5668737794570315
day_2,Mild cloudy day,0.35,64,16.0,10.6213,49.4975,20.0,area_core_05,2.597126653464678
day_2,Mild cloudy day,0.35,65,16.25,10.478,46.1542,20.0,area_core_05,2.629430904410632
day_2,Mild cloudy day,0.35,66,16.5,10.3263,42.6133,20.0,area_core_05,2.6636290075068647
day_2,Mild cloudy day,0.35,67,16.75,10.1667,38.8899,20.0,area_core_05,2.6996077549947257
day_2,Mild cloudy day,0.35,68,17.0,10.0,35.0,20.0,area_core_05,2.737187184069356
day_2,Mild cloudy day,0.35,69,17.25,9.8269,30.9602,20.0,area_core_05,2.776209454606973
day_2,Mild cloudy day,0.35,70,17.5,9.6481,26.7878,20.0,area_core_05,2.816516626149692
day_2,Mild cloudy day,0.35,71,17.75,9.4643,22.5008,20.0,area_core_05,2.8579506579055254
day_2,Mild cloudy day,0.35,72,18.0,9.2765,18.1173,20.0,area_core_05,2.9002868687038204
day_2,Mild cloudy day,0.35,73,18.25,9.0853,13.6563,20.0,area_core_05,2.9433892830998953
day_2,Mild cloudy day,0.35,74,18.5,8.8916,9.1368,20.0,area_core_05,2.9870552996038473
day_2,Mild cloudy day,0.35,75,18.75,8.6962,4.5782,20.0,area_core_05,3.0311044680737416
day_2,Mild cloudy day,0.35,76,19.0,8.5,0.0,20.0,area_core_05,3.075334115352458
day_2,Mild cloudy day,0.35,77,19.25,8.3038,0.0,20.0,area_core_05,3.118907548924863
day_2,Mild cloudy day,0.35,78,19.5,8.1084,0.0,20.0,area_core_05,3.1623033130433544
day_2,Mild cloudy day,0.35,79,19.75,7.9147,0.0,20.0,area_core_05,3.205321529572278
day_2,Mild cloudy day,0.35,80,20.0,7.7235,0.0,20.0,area_core_05,3.2477845290577205
day_2,Mild cloudy day,0.35,81,20.25,7.5357,0.0,20.0,area_core_05,3.289492433364029
day_2,Mild cloudy day,0.35,82,20.5,7.3519,0.0,20.0,area_core_05,3.3303119904007668
day_2,Mild cloudy day,0.35,83,20.75,7.1731,0.0,20.0,area_core_05,3.3700211133505436
day_2,Mild cloudy day,0.35,84,21.0,7.0,0.0,20.0,area_core_05,3.4084643414411815
day_2,Mild cloudy day,0.35,85,21.25,6.8333,0.0,20.0,area_core_05,3.4454862139005087
day_2,Mild cloudy day,0.35,86,21.5,6.6737,0.0,20.0,area_core_05,3.480931269956349
day_2,Mild cloudy day,0.35,87,21.75,6.522,0.0,20.0,area_core_05,3.5146218401547884
day_2,Mild cloudy day,0.35,88,22.0,6.3787,0.0,20.0,area_core_05,3.5464468810871317
day_2,Mild cloudy day,0.35,89,22.25,6.2445,0.0,20.0,area_core_05,3.5762509319812024
day_2,Mild cloudy day,0.35,90,22.5,6.1199,0.0,20.0,area_core_05,3.6039229494283056
day_2,Mild cloudy day,0.35,91,22.75,6.0056,0.0,20.0,area_core_05,3.629307472656267
day_2,Mild cloudy day,0.35,92,23.0,5.9019,0.0,20.0,area_core_05,3.6523378756198666
day_2,Mild cloudy day,0.35,93,23.25,5.8094,0.0,20.0,area_core_05,3.672880906228672
day_2,Mild cloudy day,0.35,94,23.5,5.7284,0.0,20.0,area_core_05,3.690869938437463
day_2,Mild cloudy day,0.35,95,23.75,5.6592,0.0,20.0,area_core_05,3.7062383462010224
day_2,Mild cloudy day,0.35,0,0.0,5.6022,0.0,20.0,area_core_06,4.525107975304658
day_2,Mild cloudy day,0.35,1,0.25,5.5576,0.0,20.0,area_core_06,4.54076265053612
day_2,Mild cloudy day,0.35,2,0.5,5.5257,0.0,20.0,area_core_06,4.55195960434517
day_2,Mild cloudy day,0.35,3,0.75,5.5064,0.0,20.0,area_core_06,4.55873393690049
day_2,Mild cloudy day,0.35,4,1.0,5.5,0.0,20.0,area_core_06,4.560980347696036
day_2,Mild cloudy day,0.35,5,1.25,5.5064,0.0,20.0,area_core_06,4.55873393690049
day_2,Mild cloudy day,0.35,6,1.5,5.5257,0.0,20.0,area_core_06,4.55195960434517
day_2,Mild cloudy day,0.35,7,1.75,5.5576,0.0,20.0,area_core_06,4.54076265053612
day_2,Mild cloudy day,0.35,8,2.0,5.6022,0.0,20.0,area_core_06,4.525107975304658
day_2,Mild cloudy day,0.35,9,2.25,5.6592,0.0,20.0,area_core_06,4.5051008791568234
day_2,Mild cloudy day,0.35,10,2.5,5.7284,0.0,20.0,area_core_06,4.48081156242998
day_2,Mild cloudy day,0.35,11,2.75,5.8094,0.0,20.0,area_core_06,4.452380425798848
day_2,Mild cloudy day,0.35,12,3.0,5.9019,0.0,20.0,area_core_06,4.419912769769469
day_2,Mild cloudy day,0.35,13,3.25,6.0056,0.0,20.0,area_core_06,4.3835138948478845
day_2,Mild cloudy day,0.35,14,3.5,6.1199,0.0,20.0,area_core_06,4.343394402046176
day_2,Mild cloudy day,0.35,15,3.75,6.2445,0.0,20.0,area_core_06,4.299659591870386
day_2,Mild cloudy day,0.35,16,4.0,6.3787,0.0,20.0,area_core_06,4.252555165501276
day_2,Mild cloudy day,0.35,17,4.25,6.522,0.0,20.0,area_core_06,4.202256623782248
day_2,Mild cloudy day,0.35,18,4.5,6.6737,0.0,20.0,area_core_06,4.1490096678940676
day_2,Mild cloudy day,0.35,19,4.75,6.8333,0.0,20.0,area_core_06,4.092989798680133
day_2,Mild cloudy day,0.35,20,5.0,7.0,0.0,20.0,area_core_06,4.03447781748989
day_2,Mild cloudy day,0.35,21,5.25,7.1731,0.0,20.0,area_core_06,3.9737194255041013
day_2,Mild cloudy day,0.35,22,5.5,7.3519,0.0,20.0,area_core_06,3.910960323903528
day_2,Mild cloudy day,0.35,23,5.75,7.5357,0.0,20.0,area_core_06,3.8464462138689353
day_2,Mild cloudy day,0.35,24,6.0,7.7235,0.0,20.0,area_core_06,3.7805280970871262
day_2,Mild cloudy day,0.35,25,6.25,7.9147,0.0,20.0,area_core_06,3.713416574570183
day_2,Mild cloudy day,0.35,26,6.5,8.1084,0.0,20.0,area_core_06,3.6454275478362295
day_2,Mild cloudy day,0.35,27,6.75,8.3038,0.0,20.0,area_core_06,3.5768418182347084
day_2,Mild cloudy day,0.35,28,7.0,8.5,0.0,20.0,area_core_06,3.5079752872837444
day_2,Mild cloudy day,0.35,29,7.25,8.6962,4.5782,20.0,area_core_06,3.4096096723593927
day_2,Mild cloudy day,0.35,30,7.5,8.8916,9.1368,20.0,area_core_06,3.311651149039579
day_2,Mild cloudy day,0.35,31,7.75,9.0853,13.6563,20.0,area_core_06,3.2145412647594873
day_2,Mild cloudy day,0.35,32,8.0,9.2765,18.1173,20.0,area_core_06,3.1186858224475844
day_2,Mild cloudy day,0.35,33,8.25,9.4643,22.5008,20.0,area_core_06,3.024523147848871
day_2,Mild cloudy day,0.35,34,8.5,9.6481,26.7878,20.0,area_core_06,2.9323862662023097
day_2,Mild cloudy day,0.35,35,8.75,9.8269,30.9602,20.0,area_core_06,2.8427428043792555
day_2,Mild cloudy day,0.35,36,9.0,10.0,35.0,20.0,area_core_06,2.755954444406988
day_2,Mild cloudy day,0.35,37,9.25,10.1667,38.8899,20.0,area_core_06,2.672378357946533
day_2,Mild cloudy day,0.35,38,9.5,10.3263,42.6133,20.0,area_core_06,2.592367206292664
day_2,Mild cloudy day,0.35,39,9.75,10.478,46.1542,20.0,area_core_06,2.516304884880615
day_2,Mild cloudy day,0.35,40,10.0,10.6213,49.4975,20.0,area_core_06,2.4444641895972548
day_2,Mild cloudy day,0.35,41,10.25,10.7555,52.6288,20.0,area_core_06,2.3771836063005596
day_2,Mild cloudy day,0.35,42,10.5,10.8801,55.5347,20.0,area_core_06,2.314724977130782
day_2,Mild cloudy day,0.35,43,10.75,10.9944,58.2029,20.0,area_core_06,2.2574132568471392
day_2,Mild cloudy day,0.35,44,11.0,11.0981,60.6218,20.0,area_core_06,2.2054284891678706
day_2,Mild cloudy day,0.35,45,11.25,11.1906,62.7811,20.0,area_core_06,2.1590476419227875
day_2,Mild cloudy day,0.35,46,11.5,11.2716,64.6716,20.0,area_core_06,2.118435294717262
day_2,Mild cloudy day,0.35,47,11.75,11.3408,66.2851,20.0,area_core_06,2.083749583776303
day_2,Mild cloudy day,0.35,48,12.0,11.3978,67.6148,20.0,area_core_06,2.0551747247610943
day_2,Mild cloudy day,0.35,49,12.25,11.4424,68.655,20.0,area_core_06,2.0328176452770617
day_2,Mild cloudy day,0.35,50,12.5,11.4743,69.4011,20.0,area_core_06,2.0168132853799094
day_2,Mild cloudy day,0.35,51,12.75,11.4936,69.8501,20.0,area_core_06,2.007145875042044
day_2,Mild cloudy day,0.35,52,13.0,11.5,70.0,20.0,area_core_06,2.003933601530232
day_2,Mild cloudy day,0.35,53,13.25,11.4936,69.8501,20.0,area_core_06,2.007145875042044
day_2,Mild cloudy day,0.35,54,13.5,11.4743,69.4011,20.0,area_core_06,2.0168132853799094
day_2,Mild cloudy day,0.35,55,13.75,11.4424,68.655,20.0,area_core_06,2.0328176452770617
day_2,Mild cloudy day,0.35,56,14.0,11.3978,67.6148,20.0,area_core_06,2.0551747247610943
day_2,Mild cloudy day,0.35,57,14.25,11.3408,66.2851,20.0,area_core_06,2.083749583776303
day_2,Mild cloudy day,0.35,58,14.5,11.2716,64.6716,20.0,area_core_06,2.118435294717262
day_2,Mild cloudy day,0.35,59,14.75,11.1906,62.7811,20.0,area_core_06,2.1590476419227875
day_2,Mild cloudy day,0.35,60,15.0,11.0981,60.6218,20.0,area_core_06,2.2054284891678706
day_2,Mild cloudy day,0.35,61,15.25,10.9944,58.2029,20.0,area_core_06,2.2574132568471392
day_2,Mild cloudy day,0.35,62,15.5,10.8801,55.5347,20.0,area_core_06,2.314724977130782
day_2,Mild cloudy day,0.35,63,15.75,10.7555,52.6288,20.0,area_core_06,2.3771836063005596
day_2,Mild cloudy day,0.35,64,16.0,10.6213,49.4975,20.0,area_core_06,2.4444641895972548
day_2,Mild cloudy day,0.35,65,16.25,10.478,46.1542,20.0,area_core_06,2.516304884880615
day_2,Mild cloudy day,0.35,66,16.5,10.3263,42.6133,20.0,area_core_06,2.592367206292664
day_2,Mild cloudy day,0.35,67,16.75,10.1667,38.8899,20.0,area_core_06,2.672378357946533
day_2,Mild cloudy day,0.35,68,17.0,10.0,35.0,20.0,area_core_06,2.755954444406988
day_2,Mild cloudy day,0.35,69,17.25,9.8269,30.9602,20.0,area_core_06,2.8427428043792555
day_2,Mild cloudy day,0.35,70,17.5,9.6481,26.7878,20.0,area_core_06,2.9323862662023097
day_2,Mild cloudy day,0.35,71,17.75,9.4643,22.5008,20.0,area_core_06,3.024523147848871
day_2,Mild cloudy day,0.35,72,18.0,9.2765,18.1173,20.0,area_core_06,3.1186858224475844
day_2,Mild cloudy day,0.35,73,18.25,9.0853,13.6563,20.0,area_core_06,3.2145412647594873
day_2,Mild cloudy day,0.35,74,18.5,8.8916,9.1368,20.0,area_core_06,3.311651149039579
day_2,Mild cloudy day,0.35,75,18.75,8.6962,4.5782,20.0,area_core_06,3.4096096723593927
day_2,Mild cloudy day,0.35,76,19.0,8.5,0.0,20.0,area_core_06,3.5079752872837444
day_2,Mild cloudy day,0.35,77,19.25,8.3038,0.0,20.0,area_core_06,3.5768418182347084
day_2,Mild cloudy day,0.35,78,19.5,8.1084,0.0,20.0,area_core_06,3.6454275478362295
day_2,Mild cloudy day,0.35,79,19.75,7.9147,0.0,20.0,area_core_06,3.713416574570183
day_2,Mild cloudy day,0.35,80,20.0,7.7235,0.0,20.0,area_core_06,3.7805280970871262
day_2,Mild cloudy day,0.35,81,20.25,7.5357,0.0,20.0,area_core_06,3.8464462138689353
day_2,Mild cloudy day,0.35,82,20.5,7.3519,0.0,20.0,area_core_06,3.910960323903528
day_2,Mild cloudy day,0.35,83,20.75,7.1731,0.0,20.0,area_core_06,3.9737194255041013
day_2,Mild cloudy day,0.35,84,21.0,7.0,0.0,20.0,area_core_06,4.03447781748989
day_2,Mild cloudy day,0.35,85,21.25,6.8333,0.0,20.0,area_core_06,4.092989798680133
day_2,Mild cloudy day,0.35,86,21.5,6.6737,0.0,20.0,area_core_06,4.1490096678940676
day_2,Mild cloudy day,0.35,87,21.75,6.522,0.0,20.0,area_core_06,4.202256623782248
day_2,Mild cloudy day,0.35,88,22.0,6.3787,0.0,20.0,area_core_06,4.252555165501276
day_2,Mild cloudy day,0.35,89,22.25,6.2445,0.0,20.0,area_core_06,4.299659591870386
day_2,Mild cloudy day,0.35,90,22.5,6.1199,0.0,20.0,area_core_06,4.343394402046176
day_2,Mild cloudy day,0.35,91,22.75,6.0056,0.0,20.0,area_core_06,4.3835138948478845
day_2,Mild cloudy day,0.35,92,23.0,5.9019,0.0,20.0,area_core_06,4.419912769769469
day_2,Mild cloudy day,0.35,93,23.25,5.8094,0.0,20.0,area_core_06,4.452380425798848
day_2,Mild cloudy day,0.35,94,23.5,5.7284,0.0,20.0,area_core_06,4.48081156242998
day_2,Mild cloudy day,0.35,95,23.75,5.6592,0.0,20.0,area_core_06,4.5051008791568234
day_2,Mild cloudy day,0.35,0,0.0,5.6022,0.0,20.0,area_core_07,4.261719938937217
day_2,Mild cloudy day,0.35,1,0.25,5.5576,0.0,20.0,area_core_07,4.276797492088832
day_2,Mild cloudy day,0.35,2,0.5,5.5257,0.0,20.0,area_core_07,4.2875816612712665
day_2,Mild cloudy day,0.35,3,0.75,5.5064,0.0,20.0,area_core_07,4.294106252657504
day_2,Mild cloudy day,0.35,4,1.0,5.5,0.0,20.0,area_core_07,4.296269847728587
day_2,Mild cloudy day,0.35,5,1.25,5.5064,0.0,20.0,area_core_07,4.294106252657504
day_2,Mild cloudy day,0.35,6,1.5,5.5257,0.0,20.0,area_core_07,4.2875816612712665
day_2,Mild cloudy day,0.35,7,1.75,5.5576,0.0,20.0,area_core_07,4.276797492088832
day_2,Mild cloudy day,0.35,8,2.0,5.6022,0.0,20.0,area_core_07,4.261719938937217
day_2,Mild cloudy day,0.35,9,2.25,5.6592,0.0,20.0,area_core_07,4.242450420335376
day_2,Mild cloudy day,0.35,10,2.5,5.7284,0.0,20.0,area_core_07,4.219056548629282
day_2,Mild cloudy day,0.35,11,2.75,5.8094,0.0,20.0,area_core_07,4.1916735485108765
day_2,Mild cloudy day,0.35,12,3.0,5.9019,0.0,20.0,area_core_07,4.160402838499117
day_2,Mild cloudy day,0.35,13,3.25,6.0056,0.0,20.0,area_core_07,4.1253458371129605
day_2,Mild cloudy day,0.35,14,3.5,6.1199,0.0,20.0,area_core_07,4.086705381390321
day_2,Mild cloudy day,0.35,15,3.75,6.2445,0.0,20.0,area_core_07,4.044582889850157
day_2,Mild cloudy day,0.35,16,4.0,6.3787,0.0,20.0,area_core_07,3.999215005703367
day_2,Mild cloudy day,0.35,17,4.25,6.522,0.0,20.0,area_core_07,3.95077075981488
day_2,Mild cloudy day,0.35,18,4.5,6.6737,0.0,20.0,area_core_07,3.899486795395595
day_2,Mild cloudy day,0.35,19,4.75,6.8333,0.0,20.0,area_core_07,3.8455321433104404
day_2,Mild cloudy day,0.35,20,5.0,7.0,0.0,20.0,area_core_07,3.7891772529433023
day_2,Mild cloudy day,0.35,21,5.25,7.1731,0.0,20.0,area_core_07,3.730658767505081
day_2,Mild cloudy day,0.35,22,5.5,7.3519,0.0,20.0,area_core_07,3.670213330206674
day_2,Mild cloudy day,0.35,23,5.75,7.5357,0.0,20.0,area_core_07,3.608077584258984
day_2,Mild cloudy day,0.35,24,6.0,7.7235,0.0,20.0,area_core_07,3.5445895913918664
day_2,Mild cloudy day,0.35,25,6.25,7.9147,0.0,20.0,area_core_07,3.479952188643235
day_2,Mild cloudy day,0.35,26,6.5,8.1084,0.0,20.0,area_core_07,3.414469631569962
day_2,Mild cloudy day,0.35,27,6.75,8.3038,0.0,20.0,area_core_07,3.3484123695559322
day_2,Mild cloudy day,0.35,28,7.0,8.5,0.0,20.0,area_core_07,3.282084658158017
day_2,Mild cloudy day,0.35,29,7.25,8.6962,4.5782,20.0,area_core_07,3.203844495680319
day_2,Mild cloudy day,0.35,30,7.5,8.8916,9.1368,20.0,area_core_07,3.125925781678106
day_2,Mild cloudy day,0.35,31,7.75,9.0853,13.6563,20.0,area_core_07,3.0486835106004033
day_2,Mild cloudy day,0.35,32,8.0,9.2765,18.1173,20.0,area_core_07,2.9724386105238025
day_2,Mild cloudy day,0.35,33,8.25,9.4643,22.5008,20.0,area_core_07,2.8975447749000933
day_2,Mild cloudy day,0.35,34,8.5,9.6481,26.7878,20.0,area_core_07,2.8242542786621074
day_2,Mild cloudy day,0.35,35,8.75,9.8269,30.9602,20.0,area_core_07,2.752952279639599
day_2,Mild cloudy day,0.35,36,9.0,10.0,35.0,20.0,area_core_07,2.6839222569439167
day_2,Mild cloudy day,0.35,37,9.25,10.1667,38.8899,20.0,area_core_07,2.6174458682902797
day_2,Mild cloudy day,0.35,38,9.5,10.3263,42.6133,20.0,area_core_07,2.553802949997781
day_2,Mild cloudy day,0.35,39,9.75,10.478,46.1542,20.0,area_core_07,2.493305583361816
day_2,Mild cloudy day,0.35,40,10.0,10.6213,49.4975,20.0,area_core_07,2.436162089363801
day_2,Mild cloudy day,0.35,41,10.25,10.7555,52.6288,20.0,area_core_07,2.3826465799349954
day_2,Mild cloudy day,0.35,42,10.5,10.8801,55.5347,20.0,area_core_07,2.3329629526662163
day_2,Mild cloudy day,0.35,43,10.75,10.9944,58.2029,20.0,area_core_07,2.2873798553003386
day_2,Mild cloudy day,0.35,44,11.0,11.0981,60.6218,20.0,area_core_07,2.2460288894921634
day_2,Mild cloudy day,0.35,45,11.25,11.1906,62.7811,20.0,area_core_07,2.2091396928226406
day_2,Mild cloudy day,0.35,46,11.5,11.2716,64.6716,20.0,area_core_07,2.1768376221598444
day_2,Mild cloudy day,0.35,47,11.75,11.3408,66.2851,20.0,area_core_07,2.1492454323773815
day_2,Mild cloudy day,0.35,48,12.0,11.3978,67.6148,20.0,area_core_07,2.1265160417295865
day_2,Mild cloudy day,0.35,49,12.25,11.4424,68.655,20.0,area_core_07,2.1087318939309068
day_2,Mild cloudy day,0.35,50,12.5,11.4743,69.4011,20.0,area_core_07,2.0960063766748576
day_2,Mild cloudy day,0.35,51,12.75,11.4936,69.8501,20.0,area_core_07,2.0883134897718616
day_2,Mild cloudy day,0.35,52,13.0,11.5,70.0,20.0,area_core_07,2.0857598557298154
day_2,Mild cloudy day,0.35,53,13.25,11.4936,69.8501,20.0,area_core_07,2.0883134897718616
day_2,Mild cloudy day,0.35,54,13.5,11.4743,69.4011,20.0,area_core_07,2.0960063766748576
day_2,Mild cloudy day,0.35,55,13.75,11.4424,68.655,20.0,area_core_07,2.1087318939309068
day_2,Mild cloudy day,0.35,56,14.0,11.3978,67.6148,20.0,area_core_07,2.1265160417295865
day_2,Mild cloudy day,0.35,57,14.25,11.3408,66.2851,20.0,area_core_07,2.1492454323773815
day_2,Mild cloudy day,0.35,58,14.5,11.2716,64.6716,20.0,area_core_07,2.1768376221598444
day_2,Mild cloudy day,0.35,59,14.75,11.1906,62.7811,20.0,area_core_07,2.2091396928226406
day_2,Mild cloudy day,0.35,60,15.0,11.0981,60.6218,20.0,area_core_07,2.2460288894921634
day_2,Mild cloudy day,0.35,61,15.25,10.9944,58.2029,20.0,area_core_07,2.2873798553003386
day_2,Mild cloudy day,0.35,62,15.5,10.8801,55.5347,20.0,area_core_07,2.3329629526662163
day_2,Mild cloudy day,0.35,63,15.75,10.7555,52.6288,20.0,area_core_07,2.3826465799349954
day_2,Mild cloudy day,0.35,64,16.0,10.6213,49.4975,20.0,area_core_07,2.436162089363801
day_2,Mild cloudy day,0.35,65,16.25,10.478,46.1542,20.0,area_core_07,2.493305583361816
day_2,Mild cloudy day,0.35,66,16.5,10.3263,42.6133,20.0,area_core_07,2.553802949997781
day_2,Mild cloudy day,0.35,67,16.75,10.1667,38.8899,20.0,area_core_07,2.6174458682902797
day_2,Mild cloudy day,0.35,68,17.0,10.0,35.0,20.0,area_core_07,2.6839222569439167
day_2,Mild cloudy day,0.35,69,17.25,9.8269,30.9602,20.0,area_core_07,2.752952279639599
day_2,Mild cloudy day,0.35,70,17.5,9.6481,26.7878,20.0,area_core_07,2.8242542786621074
day_2,Mild cloudy day,0.35,71,17.75,9.4643,22.5008,20.0,area_core_07,2.8975447749000933
day_2,Mild cloudy day,0.35,72,18.0,9.2765,18.1173,20.0,area_core_07,2.9724386105238025
day_2,Mild cloudy day,0.35,73,18.25,9.0853,13.6563,20.0,area_core_07,3.0486835106004033
day_2,Mild cloudy day,0.35,74,18.5,8.8916,9.1368,20.0,area_core_07,3.125925781678106
day_2,Mild cloudy day,0.35,75,18.75,8.6962,4.5782,20.0,area_core_07,3.203844495680319
day_2,Mild cloudy day,0.35,76,19.0,8.5,0.0,20.0,area_core_07,3.282084658158017
day_2,Mild cloudy day,0.35,77,19.25,8.3038,0.0,20.0,area_core_07,3.3484123695559322
day_2,Mild cloudy day,0.35,78,19.5,8.1084,0.0,20.0,area_core_07,3.414469631569962
day_2,Mild cloudy day,0.35,79,19.75,7.9147,0.0,20.0,area_core_07,3.479952188643235
day_2,Mild cloudy day,0.35,80,20.0,7.7235,0.0,20.0,area_core_07,3.5445895913918664
day_2,Mild cloudy day,0.35,81,20.25,7.5357,0.0,20.0,area_core_07,3.608077584258984
day_2,Mild cloudy day,0.35,82,20.5,7.3519,0.0,20.0,area_core_07,3.670213330206674
day_2,Mild cloudy day,0.35,83,20.75,7.1731,0.0,20.0,area_core_07,3.730658767505081
day_2,Mild cloudy day,0.35,84,21.0,7.0,0.0,20.0,area_core_07,3.7891772529433023
day_2,Mild cloudy day,0.35,85,21.25,6.8333,0.0,20.0,area_core_07,3.8455321433104404
day_2,Mild cloudy day,0.35,86,21.5,6.6737,0.0,20.0,area_core_07,3.899486795395595
day_2,Mild cloudy day,0.35,87,21.75,6.522,0.0,20.0,area_core_07,3.95077075981488
day_2,Mild cloudy day,0.35,88,22.0,6.3787,0.0,20.0,area_core_07,3.999215005703367
day_2,Mild cloudy day,0.35,89,22.25,6.2445,0.0,20.0,area_core_07,4.044582889850157
day_2,Mild cloudy day,0.35,90,22.5,6.1199,0.0,20.0,area_core_07,4.086705381390321
day_2,Mild cloudy day,0.35,91,22.75,6.0056,0.0,20.0,area_core_07,4.1253458371129605
day_2,Mild cloudy day,0.35,92,23.0,5.9019,0.0,20.0,area_core_07,4.160402838499117
day_2,Mild cloudy day,0.35,93,23.25,5.8094,0.0,20.0,area_core_07,4.1916735485108765
day_2,Mild cloudy day,0.35,94,23.5,5.7284,0.0,20.0,area_core_07,4.219056548629282
day_2,Mild cloudy day,0.35,95,23.75,5.6592,0.0,20.0,area_core_07,4.242450420335376
day_2,Mild cloudy day,0.35,0,0.0,5.6022,0.0,20.0,area_core_08,2.6566852761044584
day_2,Mild cloudy day,0.35,1,0.25,5.5576,0.0,20.0,area_core_08,2.663710731004443
day_2,Mild cloudy day,0.35,2,0.5,5.5257,0.0,20.0,area_core_08,2.668735663993446
day_2,Mild cloudy day,0.35,3,0.75,5.5064,0.0,20.0,area_core_08,2.671775827212498
day_2,Mild cloudy day,0.35,4,1.0,5.5,0.0,20.0,area_core_08,2.6727839642385045
day_2,Mild cloudy day,0.35,5,1.25,5.5064,0.0,20.0,area_core_08,2.671775827212498
day_2,Mild cloudy day,0.35,6,1.5,5.5257,0.0,20.0,area_core_08,2.668735663993446
day_2,Mild cloudy day,0.35,7,1.75,5.5576,0.0,20.0,area_core_08,2.663710731004443
day_2,Mild cloudy day,0.35,8,2.0,5.6022,0.0,20.0,area_core_08,2.6566852761044584
day_2,Mild cloudy day,0.35,9,2.25,5.6592,0.0,20.0,area_core_08,2.6477065557165855
day_2,Mild cloudy day,0.35,10,2.5,5.7284,0.0,20.0,area_core_08,2.636806074122887
day_2,Mild cloudy day,0.35,11,2.75,5.8094,0.0,20.0,area_core_08,2.6240468398874883
day_2,Mild cloudy day,0.35,12,3.0,5.9019,0.0,20.0,area_core_08,2.609476109433484
day_2,Mild cloudy day,0.35,13,3.25,6.0056,0.0,20.0,area_core_08,2.5931411391839676
day_2,Mild cloudy day,0.35,14,3.5,6.1199,0.0,20.0,area_core_08,2.5751364419851273
day_2,Mild cloudy day,0.35,15,3.75,6.2445,0.0,20.0,area_core_08,2.555509274260058
day_2,Mild cloudy day,0.35,16,4.0,6.3787,0.0,20.0,area_core_08,2.534369900995978
day_2,Mild cloudy day,0.35,17,4.25,6.522,0.0,20.0,area_core_08,2.5117970828980445
day_2,Mild cloudy day,0.35,18,4.5,6.6737,0.0,20.0,area_core_08,2.4879010849534775
day_2,Mild cloudy day,0.35,19,4.75,6.8333,0.0,20.0,area_core_08,2.4627606678674328
day_2,Mild cloudy day,0.35,20,5.0,7.0,0.0,20.0,area_core_08,2.4365018487681622
day_2,Mild cloudy day,0.35,21,5.25,7.1731,0.0,20.0,area_core_08,2.409234892642885
day_2,Mild cloudy day,0.35,22,5.5,7.3519,0.0,20.0,area_core_08,2.38107006447882
day_2,Mild cloudy day,0.35,23,5.75,7.5357,0.0,20.0,area_core_08,2.352117629263187
day_2,Mild cloudy day,0.35,24,6.0,7.7235,0.0,20.0,area_core_08,2.3225351084063006
day_2,Mild cloudy day,0.35,25,6.25,7.9147,0.0,20.0,area_core_08,2.2924170147543474
day_2,Mild cloudy day,0.35,26,6.5,8.1084,0.0,20.0,area_core_08,2.2619051175766107
day_2,Mild cloudy day,0.35,27,6.75,8.3038,0.0,20.0,area_core_08,2.2311254340013407
day_2,Mild cloudy day,0.35,28,7.0,8.5,0.0,20.0,area_core_08,2.2002197332978204
day_2,Mild cloudy day,0.35,29,7.25,8.6962,4.5782,20.0,area_core_08,2.1329780445682918
day_2,Mild cloudy day,0.35,30,7.5,8.8916,9.1368,20.0,area_core_08,2.0660179330922404
day_2,Mild cloudy day,0.35,31,7.75,9.0853,13.6563,20.0,area_core_08,1.9996359345900654
day_2,Mild cloudy day,0.35,32,8.0,9.2765,18.1173,20.0,area_core_08,1.934112038967028
day_2,Mild cloudy day,0.35,33,8.25,9.4643,22.5008,20.0,area_core_08,1.8697388135729858
day_2,Mild cloudy day,0.35,34,8.5,9.6481,26.7878,20.0,area_core_08,1.8067615693347037
day_2,Mild cloudy day,0.35,35,8.75,9.8269,30.9602,20.0,area_core_08,1.7454814826760963
day_2,Mild cloudy day,0.35,36,9.0,10.0,35.0,20.0,area_core_08,1.686151679923877
day_2,Mild cloudy day,0.35,37,9.25,10.1667,38.8899,20.0,area_core_08,1.6290197316859998
day_2,Mild cloudy day,0.35,38,9.5,10.3263,42.6133,20.0,area_core_08,1.5743276528516623
day_2,Mild cloudy day,0.35,39,9.75,10.478,46.1542,20.0,area_core_08,1.5223284484064417
day_2,Mild cloudy day,0.35,40,10.0,10.6213,49.4975,20.0,area_core_08,1.4732207238458481
day_2,Mild cloudy day,0.35,41,10.25,10.7555,52.6288,20.0,area_core_08,1.4272290332286954
day_2,Mild cloudy day,0.35,42,10.5,10.8801,55.5347,20.0,area_core_08,1.384538489590652
day_2,Mild cloudy day,0.35,43,10.75,10.9944,58.2029,20.0,area_core_08,1.345356979834258
day_2,Mild cloudy day,0.35,44,11.0,11.0981,60.6218,20.0,area_core_08,1.3098238265791693
day_2,Mild cloudy day,0.35,45,11.25,11.1906,62.7811,20.0,area_core_08,1.2781152911047298
day_2,Mild cloudy day,0.35,46,11.5,11.2716,64.6716,20.0,area_core_08,1.2503516478519954
day_2,Mild cloudy day,0.35,47,11.75,11.3408,66.2851,20.0,area_core_08,1.2266452345209407
day_2,Mild cloudy day,0.35,48,12.0,11.3978,67.6148,20.0,area_core_08,1.2071130295150556
day_2,Mild cloudy day,0.35,49,12.25,11.4424,68.655,20.0,area_core_08,1.191831776540576
day_2,Mild cloudy day,0.35,50,12.5,11.4743,69.4011,20.0,area_core_08,1.180885241029577
day_2,Mild cloudy day,0.35,51,12.75,11.4936,69.8501,20.0,area_core_08,1.1742814810642759
day_2,Mild cloudy day,0.35,52,13.0,11.5,70.0,20.0,area_core_08,1.1720836265499335
day_2,Mild cloudy day,0.35,53,13.25,11.4936,69.8501,20.0,area_core_08,1.1742814810642759
day_2,Mild cloudy day,0.35,54,13.5,11.4743,69.4011,20.0,area_core_08,1.180885241029577
day_2,Mild cloudy day,0.35,55,13.75,11.4424,68.655,20.0,area_core_08,1.191831776540576
day_2,Mild cloudy day,0.35,56,14.0,11.3978,67.6148,20.0,area_core_08,1.2071130295150556
day_2,Mild cloudy day,0.35,57,14.25,11.3408,66.2851,20.0,area_core_08,1.2266452345209407
day_2,Mild cloudy day,0.35,58,14.5,11.2716,64.6716,20.0,area_core_08,1.2503516478519954
day_2,Mild cloudy day,0.35,59,14.75,11.1906,62.7811,20.0,area_core_08,1.2781152911047298
day_2,Mild cloudy day,0.35,60,15.0,11.0981,60.6218,20.0,area_core_08,1.3098238265791693
day_2,Mild cloudy day,0.35,61,15.25,10.9944,58.2029,20.0,area_core_08,1.345356979834258
day_2,Mild cloudy day,0.35,62,15.5,10.8801,55.5347,20.0,area_core_08,1.384538489590652
day_2,Mild cloudy day,0.35,63,15.75,10.7555,52.6288,20.0,area_core_08,1.4272290332286954
day_2,Mild cloudy day,0.35,64,16.0,10.6213,49.4975,20.0,area_core_08,1.4732207238458481
day_2,Mild cloudy day,0.35,65,16.25,10.478,46.1542,20.0,area_core_08,1.5223284484064417
day_2,Mild cloudy day,0.35,66,16.5,10.3263,42.6133,20.0,area_core_08,1.5743276528516623
day_2,Mild cloudy day,0.35,67,16.75,10.1667,38.8899,20.0,area_core_08,1.6290197316859998
day_2,Mild cloudy day,0.35,68,17.0,10.0,35.0,20.0,area_core_08,1.686151679923877
day_2,Mild cloudy day,0.35,69,17.25,9.8269,30.9602,20.0,area_core_08,1.7454814826760963
day_2,Mild cloudy day,0.35,70,17.5,9.6481,26.7878,20.0,area_core_08,1.8067615693347037
day_2,Mild cloudy day,0.35,71,17.75,9.4643,22.5008,20.0,area_core_08,1.8697388135729858
day_2,Mild cloudy day,0.35,72,18.0,9.2765,18.1173,20.0,area_core_08,1.934112038967028
day_2,Mild cloudy day,0.35,73,18.25,9.0853,13.6563,20.0,area_core_08,1.9996359345900654
day_2,Mild cloudy day,0.35,74,18.5,8.8916,9.1368,20.0,area_core_08,2.0660179330922404
day_2,Mild cloudy day,0.35,75,18.75,8.6962,4.5782,20.0,area_core_08,2.1329780445682918
day_2,Mild cloudy day,0.35,76,19.0,8.5,0.0,20.0,area_core_08,2.2002197332978204
day_2,Mild cloudy day,0.35,77,19.25,8.3038,0.0,20.0,area_core_08,2.2311254340013407
day_2,Mild cloudy day,0.35,78,19.5,8.1084,0.0,20.0,area_core_08,2.2619051175766107
day_2,Mild cloudy day,0.35,79,19.75,7.9147,0.0,20.0,area_core_08,2.2924170147543474
day_2,Mild cloudy day,0.35,80,20.0,7.7235,0.0,20.0,area_core_08,2.3225351084063006
day_2,Mild cloudy day,0.35,81,20.25,7.5357,0.0,20.0,area_core_08,2.352117629263187
day_2,Mild cloudy day,0.35,82,20.5,7.3519,0.0,20.0,area_core_08,2.38107006447882
day_2,Mild cloudy day,0.35,83,20.75,7.1731,0.0,20.0,area_core_08,2.409234892642885
day_2,Mild cloudy day,0.35,84,21.0,7.0,0.0,20.0,area_core_08,2.4365018487681622
day_2,Mild cloudy day,0.35,85,21.25,6.8333,0.0,20.0,area_core_08,2.4627606678674328
day_2,Mild cloudy day,0.35,86,21.5,6.6737,0.0,20.0,area_core_08,2.4879010849534775
day_2,Mild cloudy day,0.35,87,21.75,6.522,0.0,20.0,area_core_08,2.5117970828980445
day_2,Mild cloudy day,0.35,88,22.0,6.3787,0.0,20.0,area_core_08,2.534369900995978
day_2,Mild cloudy day,0.35,89,22.25,6.2445,0.0,20.0,area_core_08,2.555509274260058
day_2,Mild cloudy day,0.35,90,22.5,6.1199,0.0,20.0,area_core_08,2.5751364419851273
day_2,Mild cloudy day,0.35,91,22.75,6.0056,0.0,20.0,area_core_08,2.5931411391839676
day_2,Mild cloudy day,0.35,92,23.0,5.9019,0.0,20.0,area_core_08,2.609476109433484
day_2,Mild cloudy day,0.35,93,23.25,5.8094,0.0,20.0,area_core_08,2.6240468398874883
day_2,Mild cloudy day,0.35,94,23.5,5.7284,0.0,20.0,area_core_08,2.636806074122887
day_2,Mild cloudy day,0.35,95,23.75,5.6592,0.0,20.0,area_core_08,2.6477065557165855
day_2,Mild cloudy day,0.35,0,0.0,5.6022,0.0,20.0,area_old_01,3.6976042344008264
day_2,Mild cloudy day,0.35,1,0.25,5.5576,0.0,20.0,area_old_01,3.700188991960005
day_2,Mild cloudy day,0.35,2,0.5,5.5257,0.0,20.0,area_old_01,3.702037731111077
day_2,Mild cloudy day,0.35,3,0.75,5.5064,0.0,20.0,area_old_01,3.703156247274578
day_2,Mild cloudy day,0.35,4,1.0,5.5,0.0,20.0,area_old_01,3.703527154188899
day_2,Mild cloudy day,0.35,5,1.25,5.5064,0.0,20.0,area_old_01,3.703156247274578
day_2,Mild cloudy day,0.35,6,1.5,5.5257,0.0,20.0,area_old_01,3.702037731111077
day_2,Mild cloudy day,0.35,7,1.75,5.5576,0.0,20.0,area_old_01,3.700188991960005
day_2,Mild cloudy day,0.35,8,2.0,5.6022,0.0,20.0,area_old_01,3.6976042344008264
day_2,Mild cloudy day,0.35,9,2.25,5.6592,0.0,20.0,area_old_01,3.6943008446951495
day_2,Mild cloudy day,0.35,10,2.5,5.7284,0.0,20.0,area_old_01,3.6902904136840475
day_2,Mild cloudy day,0.35,11,2.75,5.8094,0.0,20.0,area_old_01,3.685596123049665
day_2,Mild cloudy day,0.35,12,3.0,5.9019,0.0,20.0,area_old_01,3.6802353590536105
day_2,Mild cloudy day,0.35,13,3.25,6.0056,0.0,20.0,area_old_01,3.6742255079574937
day_2,Mild cloudy day,0.35,14,3.5,6.1199,0.0,20.0,area_old_01,3.6676013422845313
day_2,Mild cloudy day,0.35,15,3.75,6.2445,0.0,20.0,area_old_01,3.660380248296333
day_2,Mild cloudy day,0.35,16,4.0,6.3787,0.0,20.0,area_old_01,3.652602793936652
day_2,Mild cloudy day,0.35,17,4.25,6.522,0.0,20.0,area_old_01,3.64429795630817
day_2,Mild cloudy day,0.35,18,4.5,6.6737,0.0,20.0,area_old_01,3.635506303354641
day_2,Mild cloudy day,0.35,19,4.75,6.8333,0.0,20.0,area_old_01,3.626256812178746
day_2,Mild cloudy day,0.35,20,5.0,7.0,0.0,20.0,area_old_01,3.616595846144776
day_2,Mild cloudy day,0.35,21,5.25,7.1731,0.0,20.0,area_old_01,3.606563973196484
day_2,Mild cloudy day,0.35,22,5.5,7.3519,0.0,20.0,area_old_01,3.5962017612776243
day_2,Mild cloudy day,0.35,23,5.75,7.5357,0.0,20.0,area_old_01,3.585549778331951
day_2,Mild cloudy day,0.35,24,6.0,7.7235,0.0,20.0,area_old_01,3.574665978564827
day_2,Mild cloudy day,0.35,25,6.25,7.9147,0.0,20.0,area_old_01,3.563585134499469
day_2,Mild cloudy day,0.35,26,6.5,8.1084,0.0,20.0,area_old_01,3.552359404920705
day_2,Mild cloudy day,0.35,27,6.75,8.3038,0.0,20.0,area_old_01,3.5410351531928237
day_2,Mild cloudy day,0.35,28,7.0,8.5,0.0,20.0,area_old_01,3.5296645381006524
day_2,Mild cloudy day,0.35,29,7.25,8.6962,4.5782,20.0,area_old_01,3.4905113028708836
day_2,Mild cloudy day,0.35,30,7.5,8.8916,9.1368,20.0,area_old_01,3.4515233728067014
day_2,Mild cloudy day,0.35,31,7.75,9.0853,13.6563,20.0,area_old_01,3.412871241648305
day_2,Mild cloudy day,0.35,32,8.0,9.2765,18.1173,20.0,area_old_01,3.3747190008694306
day_2,Mild cloudy day,0.35,33,8.25,9.4643,22.5008,20.0,area_old_01,3.3372341099806517
day_2,Mild cloudy day,0.35,34,8.5,9.6481,26.7878,20.0,area_old_01,3.300566642230933
day_2,Mild cloudy day,0.35,35,8.75,9.8269,30.9602,20.0,area_old_01,3.2648843909380596
day_2,Mild cloudy day,0.35,36,9.0,10.0,35.0,20.0,area_old_01,3.230337156312282
day_2,Mild cloudy day,0.35,37,9.25,10.1667,38.8899,20.0,area_old_01,3.1970704906423757
day_2,Mild cloudy day,0.35,38,9.5,10.3263,42.6133,20.0,area_old_01,3.165225698295643
day_2,Mild cloudy day,0.35,39,9.75,10.478,46.1542,20.0,area_old_01,3.134946237984371
day_2,Mild cloudy day,0.35,40,10.0,10.6213,49.4975,20.0,area_old_01,3.106352720545914
day_2,Mild cloudy day,0.35,41,10.25,10.7555,52.6288,20.0,area_old_01,3.079573099737223
day_2,Mild cloudy day,0.35,42,10.5,10.8801,55.5347,20.0,area_old_01,3.054717670014927
day_2,Mild cloudy day,0.35,43,10.75,10.9944,58.2029,20.0,area_old_01,3.031901641371553
day_2,Mild cloudy day,0.35,44,11.0,11.0981,60.6218,20.0,area_old_01,3.0112127941960085
day_2,Mild cloudy day,0.35,45,11.25,11.1906,62.7811,20.0,area_old_01,2.992748406141784
day_2,Mild cloudy day,0.35,46,11.5,11.2716,64.6716,20.0,area_old_01,2.9765816932955875
day_2,Mild cloudy day,0.35,47,11.75,11.3408,66.2851,20.0,area_old_01,2.9627798032848753
day_2,Mild cloudy day,0.35,48,12.0,11.3978,67.6148,20.0,area_old_01,2.951407183314692
day_2,Mild cloudy day,0.35,49,12.25,11.4424,68.655,20.0,area_old_01,2.9425100144438345
day_2,Mild cloudy day,0.35,50,12.5,11.4743,69.4011,20.0,area_old_01,2.93613359784646
day_2,Mild cloudy day,0.35,51,12.75,11.4936,69.8501,20.0,area_old_01,2.9322903434797833
day_2,Mild cloudy day,0.35,52,13.0,11.5,70.0,20.0,area_old_01,2.931009774523911
day_2,Mild cloudy day,0.35,53,13.25,11.4936,69.8501,20.0,area_old_01,2.9322903434797833
day_2,Mild cloudy day,0.35,54,13.5,11.4743,69.4011,20.0,area_old_01,2.93613359784646
day_2,Mild cloudy day,0.35,55,13.75,11.4424,68.655,20.0,area_old_01,2.9425100144438345
day_2,Mild cloudy day,0.35,56,14.0,11.3978,67.6148,20.0,area_old_01,2.951407183314692
day_2,Mild cloudy day,0.35,57,14.25,11.3408,66.2851,20.0,area_old_01,2.9627798032848753
day_2,Mild cloudy day,0.35,58,14.5,11.2716,64.6716,20.0,area_old_01,2.9765816932955875
day_2,Mild cloudy day,0.35,59,14.75,11.1906,62.7811,20.0,area_old_01,2.992748406141784
day_2,Mild cloudy day,0.35,60,15.0,11.0981,60.6218,20.0,area_old_01,3.0112127941960085
day_2,Mild cloudy day,0.35,61,15.25,10.9944,58.2029,20.0,area_old_01,3.031901641371553
day_2,Mild cloudy day,0.35,62,15.5,10.8801,55.5347,20.0,area_old_01,3.054717670014927
day_2,Mild cloudy day,0.35,63,15.75,10.7555,52.6288,20.0,area_old_01,3.079573099737223
day_2,Mild cloudy day,0.35,64,16.0,10.6213,49.4975,20.0,area_old_01,3.106352720545914
day_2,Mild cloudy day,0.35,65,16.25,10.478,46.1542,20.0,area_old_01,3.134946237984371
day_2,Mild cloudy day,0.35,66,16.5,10.3263,42.6133,20.0,area_old_01,3.165225698295643
day_2,Mild cloudy day,0.35,67,16.75,10.1667,38.8899,20.0,area_old_01,3.1970704906423757
day_2,Mild cloudy day,0.35,68,17.0,10.0,35.0,20.0,area_old_01,3.230337156312282
day_2,Mild cloudy day,0.35,69,17.25,9.8269,30.9602,20.0,area_old_01,3.2648843909380596
day_2,Mild cloudy day,0.35,70,17.5,9.6481,26.7878,20.0,area_old_01,3.300566642230933
day_2,Mild cloudy day,0.35,71,17.75,9.4643,22.5008,20.0,area_old_01,3.3372341099806517
day_2,Mild cloudy day,0.35,72,18.0,9.2765,18.1173,20.0,area_old_01,3.3747190008694306
day_2,Mild cloudy day,0.35,73,18.25,9.0853,13.6563,20.0,area_old_01,3.412871241648305
day_2,Mild cloudy day,0.35,74,18.5,8.8916,9.1368,20.0,area_old_01,3.4515233728067014
day_2,Mild cloudy day,0.35,75,18.75,8.6962,4.5782,20.0,area_old_01,3.4905113028708836
day_2,Mild cloudy day,0.35,76,19.0,8.5,0.0,20.0,area_old_01,3.5296645381006524
day_2,Mild cloudy day,0.35,77,19.25,8.3038,0.0,20.0,area_old_01,3.5410351531928237
day_2,Mild cloudy day,0.35,78,19.5,8.1084,0.0,20.0,area_old_01,3.552359404920705
day_2,Mild cloudy day,0.35,79,19.75,7.9147,0.0,20.0,area_old_01,3.563585134499469
day_2,Mild cloudy day,0.35,80,20.0,7.7235,0.0,20.0,area_old_01,3.574665978564827
day_2,Mild cloudy day,0.35,81,20.25,7.5357,0.0,20.0,area_old_01,3.585549778331951
day_2,Mild cloudy day,0.35,82,20.5,7.3519,0.0,20.0,area_old_01,3.5962017612776243
day_2,Mild cloudy day,0.35,83,20.75,7.1731,0.0,20.0,area_old_01,3.606563973196484
day_2,Mild cloudy day,0.35,84,21.0,7.0,0.0,20.0,area_old_01,3.616595846144776
day_2,Mild cloudy day,0.35,85,21.25,6.8333,0.0,20.0,area_old_01,3.626256812178746
day_2,Mild cloudy day,0.35,86,21.5,6.6737,0.0,20.0,area_old_01,3.635506303354641
day_2,Mild cloudy day,0.35,87,21.75,6.522,0.0,20.0,area_old_01,3.64429795630817
day_2,Mild cloudy day,0.35,88,22.0,6.3787,0.0,20.0,area_old_01,3.652602793936652
day_2,Mild cloudy day,0.35,89,22.25,6.2445,0.0,20.0,area_old_01,3.660380248296333
day_2,Mild cloudy day,0.35,90,22.5,6.1199,0.0,20.0,area_old_01,3.6676013422845313
day_2,Mild cloudy day,0.35,91,22.75,6.0056,0.0,20.0,area_old_01,3.6742255079574937
day_2,Mild cloudy day,0.35,92,23.0,5.9019,0.0,20.0,area_old_01,3.6802353590536105
day_2,Mild cloudy day,0.35,93,23.25,5.8094,0.0,20.0,area_old_01,3.685596123049665
day_2,Mild cloudy day,0.35,94,23.5,5.7284,0.0,20.0,area_old_01,3.6902904136840475
day_2,Mild cloudy day,0.35,95,23.75,5.6592,0.0,20.0,area_old_01,3.6943008446951495
day_2,Mild cloudy day,0.35,0,0.0,5.6022,0.0,20.0,area_old_02,5.14522785406799
day_2,Mild cloudy day,0.35,1,0.25,5.5576,0.0,20.0,area_old_02,5.157050010769277
day_2,Mild cloudy day,0.35,2,0.5,5.5257,0.0,20.0,area_old_02,5.165505768589256
day_2,Mild cloudy day,0.35,3,0.75,5.5064,0.0,20.0,area_old_02,5.170621634605734
day_2,Mild cloudy day,0.35,4,1.0,5.5,0.0,20.0,area_old_02,5.17231808758529
day_2,Mild cloudy day,0.35,5,1.25,5.5064,0.0,20.0,area_old_02,5.170621634605734
day_2,Mild cloudy day,0.35,6,1.5,5.5257,0.0,20.0,area_old_02,5.165505768589256
day_2,Mild cloudy day,0.35,7,1.75,5.5576,0.0,20.0,area_old_02,5.157050010769277
day_2,Mild cloudy day,0.35,8,2.0,5.6022,0.0,20.0,area_old_02,5.14522785406799
day_2,Mild cloudy day,0.35,9,2.25,5.6592,0.0,20.0,area_old_02,5.130118819718811
day_2,Mild cloudy day,0.35,10,2.5,5.7284,0.0,20.0,area_old_02,5.111775921877351
day_2,Mild cloudy day,0.35,11,2.75,5.8094,0.0,20.0,area_old_02,5.090305188854833
day_2,Mild cloudy day,0.35,12,3.0,5.9019,0.0,20.0,area_old_02,5.065786141884674
day_2,Mild cloudy day,0.35,13,3.25,6.0056,0.0,20.0,area_old_02,5.038298302200291
day_2,Mild cloudy day,0.35,14,3.5,6.1199,0.0,20.0,area_old_02,5.008000712268515
day_2,Mild cloudy day,0.35,15,3.75,6.2445,0.0,20.0,area_old_02,4.974972893322766
day_2,Mild cloudy day,0.35,16,4.0,6.3787,0.0,20.0,area_old_02,4.939400394907681
day_2,Mild cloudy day,0.35,17,4.25,6.522,0.0,20.0,area_old_02,4.901415752412289
day_2,Mild cloudy day,0.35,18,4.5,6.6737,0.0,20.0,area_old_02,4.861204515381227
day_2,Mild cloudy day,0.35,19,4.75,6.8333,0.0,20.0,area_old_02,4.818899219203526
day_2,Mild cloudy day,0.35,20,5.0,7.0,0.0,20.0,area_old_02,4.774711920501629
day_2,Mild cloudy day,0.35,21,5.25,7.1731,0.0,20.0,area_old_02,4.728828168820174
day_2,Mild cloudy day,0.35,22,5.5,7.3519,0.0,20.0,area_old_02,4.6814335137038015
day_2,Mild cloudy day,0.35,23,5.75,7.5357,0.0,20.0,area_old_02,4.632713504697151
day_2,Mild cloudy day,0.35,24,6.0,7.7235,0.0,20.0,area_old_02,4.582933212578276
day_2,Mild cloudy day,0.35,25,6.25,7.9147,0.0,20.0,area_old_02,4.532251679814012
day_2,Mild cloudy day,0.35,26,6.5,8.1084,0.0,20.0,area_old_02,4.480907470104608
day_2,Mild cloudy day,0.35,27,6.75,8.3038,0.0,20.0,area_old_02,4.42911264007251
day_2,Mild cloudy day,0.35,28,7.0,8.5,0.0,20.0,area_old_02,4.3771057534179665
day_2,Mild cloudy day,0.35,29,7.25,8.6962,4.5782,20.0,area_old_02,4.294590754889173
day_2,Mild cloudy day,0.35,30,7.5,8.8916,9.1368,20.0,area_old_02,4.212418423046328
day_2,Mild cloudy day,0.35,31,7.75,9.0853,13.6563,20.0,area_old_02,4.1309572652753115
day_2,Mild cloudy day,0.35,32,8.0,9.2765,18.1173,20.0,area_old_02,4.0505486155063215
day_2,Mild cloudy day,0.35,33,8.25,9.4643,22.5008,20.0,area_old_02,3.971557649235864
day_2,Mild cloudy day,0.35,34,8.5,9.6481,26.7878,20.0,area_old_02,3.894270020727025
day_2,Mild cloudy day,0.35,35,8.75,9.8269,30.9602,20.0,area_old_02,3.81907141515324
day_2,Mild cloudy day,0.35,36,9.0,10.0,35.0,20.0,area_old_02,3.7462673300766522
day_2,Mild cloudy day,0.35,37,9.25,10.1667,38.8899,20.0,area_old_02,3.676158598414279
day_2,Mild cloudy day,0.35,38,9.5,10.3263,42.6133,20.0,area_old_02,3.6090413884380137
day_2,Mild cloudy day,0.35,39,9.75,10.478,46.1542,20.0,area_old_02,3.5452343772303037
day_2,Mild cloudy day,0.35,40,10.0,10.6213,49.4975,20.0,area_old_02,3.484970723239305
day_2,Mild cloudy day,0.35,41,10.25,10.7555,52.6288,20.0,area_old_02,3.42853193442366
day_2,Mild cloudy day,0.35,42,10.5,10.8801,55.5347,20.0,area_old_02,3.3761398408076504
day_2,Mild cloudy day,0.35,43,10.75,10.9944,58.2029,20.0,area_old_02,3.3280619564145417
day_2,Mild cloudy day,0.35,44,11.0,11.0981,60.6218,20.0,area_old_02,3.284455102311254
day_2,Mild cloudy day,0.35,45,11.25,11.1906,62.7811,20.0,area_old_02,3.245546957885748
day_2,Mild cloudy day,0.35,46,11.5,11.2716,64.6716,20.0,area_old_02,3.211478351135942
day_2,Mild cloudy day,0.35,47,11.75,11.3408,66.2851,20.0,area_old_02,3.1823834462810043
day_2,Mild cloudy day,0.35,48,12.0,11.3978,67.6148,20.0,area_old_02,3.158413585327659
day_2,Mild cloudy day,0.35,49,12.25,11.4424,68.655,20.0,area_old_02,3.1396597659703946
day_2,Mild cloudy day,0.35,50,12.5,11.4743,69.4011,20.0,area_old_02,3.1262321628248775
day_2,Mild cloudy day,0.35,51,12.75,11.4936,69.8501,20.0,area_old_02,3.1181242601495525
day_2,Mild cloudy day,0.35,52,13.0,11.5,70.0,20.0,area_old_02,3.115428906735338
day_2,Mild cloudy day,0.35,53,13.25,11.4936,69.8501,20.0,area_old_02,3.1181242601495525
day_2,Mild cloudy day,0.35,54,13.5,11.4743,69.4011,20.0,area_old_02,3.1262321628248775
day_2,Mild cloudy day,0.35,55,13.75,11.4424,68.655,20.0,area_old_02,3.1396597659703946
day_2,Mild cloudy day,0.35,56,14.0,11.3978,67.6148,20.0,area_old_02,3.158413585327659
day_2,Mild cloudy day,0.35,57,14.25,11.3408,66.2851,20.0,area_old_02,3.1823834462810043
day_2,Mild cloudy day,0.35,58,14.5,11.2716,64.6716,20.0,area_old_02,3.211478351135942
day_2,Mild cloudy day,0.35,59,14.75,11.1906,62.7811,20.0,area_old_02,3.245546957885748
day_2,Mild cloudy day,0.35,60,15.0,11.0981,60.6218,20.0,area_old_02,3.284455102311254
day_2,Mild cloudy day,0.35,61,15.25,10.9944,58.2029,20.0,area_old_02,3.3280619564145417
day_2,Mild cloudy day,0.35,62,15.5,10.8801,55.5347,20.0,area_old_02,3.3761398408076504
day_2,Mild cloudy day,0.35,63,15.75,10.7555,52.6288,20.0,area_old_02,3.42853193442366
day_2,Mild cloudy day,0.35,64,16.0,10.6213,49.4975,20.0,area_old_02,3.484970723239305
day_2,Mild cloudy day,0.35,65,16.25,10.478,46.1542,20.0,area_old_02,3.5452343772303037
day_2,Mild cloudy day,0.35,66,16.5,10.3263,42.6133,20.0,area_old_02,3.6090413884380137
day_2,Mild cloudy day,0.35,67,16.75,10.1667,38.8899,20.0,area_old_02,3.676158598414279
day_2,Mild cloudy day,0.35,68,17.0,10.0,35.0,20.0,area_old_02,3.7462673300766522
day_2,Mild cloudy day,0.35,69,17.25,9.8269,30.9602,20.0,area_old_02,3.81907141515324
day_2,Mild cloudy day,0.35,70,17.5,9.6481,26.7878,20.0,area_old_02,3.894270020727025
day_2,Mild cloudy day,0.35,71,17.75,9.4643,22.5008,20.0,area_old_02,3.971557649235864
day_2,Mild cloudy day,0.35,72,18.0,9.2765,18.1173,20.0,area_old_02,4.0505486155063215
day_2,Mild cloudy day,0.35,73,18.25,9.0853,13.6563,20.0,area_old_02,4.1309572652753115
day_2,Mild cloudy day,0.35,74,18.5,8.8916,9.1368,20.0,area_old_02,4.212418423046328
day_2,Mild cloudy day,0.35,75,18.75,8.6962,4.5782,20.0,area_old_02,4.294590754889173
day_2,Mild cloudy day,0.35,76,19.0,8.5,0.0,20.0,area_old_02,4.3771057534179665
day_2,Mild cloudy day,0.35,77,19.25,8.3038,0.0,20.0,area_old_02,4.42911264007251
day_2,Mild cloudy day,0.35,78,19.5,8.1084,0.0,20.0,area_old_02,4.480907470104608
day_2,Mild cloudy day,0.35,79,19.75,7.9147,0.0,20.0,area_old_02,4.532251679814012
day_2,Mild cloudy day,0.35,80,20.0,7.7235,0.0,20.0,area_old_02,4.582933212578276
day_2,Mild cloudy day,0.35,81,20.25,7.5357,0.0,20.0,area_old_02,4.632713504697151
day_2,Mild cloudy day,0.35,82,20.5,7.3519,0.0,20.0,area_old_02,4.6814335137038015
day_2,Mild cloudy day,0.35,83,20.75,7.1731,0.0,20.0,area_old_02,4.728828168820174
day_2,Mild cloudy day,0.35,84,21.0,7.0,0.0,20.0,area_old_02,4.774711920501629
day_2,Mild cloudy day,0.35,85,21.25,6.8333,0.0,20.0,area_old_02,4.818899219203526
day_2,Mild cloudy day,0.35,86,21.5,6.6737,0.0,20.0,area_old_02,4.861204515381227
day_2,Mild cloudy day,0.35,87,21.75,6.522,0.0,20.0,area_old_02,4.901415752412289
day_2,Mild cloudy day,0.35,88,22.0,6.3787,0.0,20.0,area_old_02,4.939400394907681
day_2,Mild cloudy day,0.35,89,22.25,6.2445,0.0,20.0,area_old_02,4.974972893322766
day_2,Mild cloudy day,0.35,90,22.5,6.1199,0.0,20.0,area_old_02,5.008000712268515
day_2,Mild cloudy day,0.35,91,22.75,6.0056,0.0,20.0,area_old_02,5.038298302200291
day_2,Mild cloudy day,0.35,92,23.0,5.9019,0.0,20.0,area_old_02,5.065786141884674
day_2,Mild cloudy day,0.35,93,23.25,5.8094,0.0,20.0,area_old_02,5.090305188854833
day_2,Mild cloudy day,0.35,94,23.5,5.7284,0.0,20.0,area_old_02,5.111775921877351
day_2,Mild cloudy day,0.35,95,23.75,5.6592,0.0,20.0,area_old_02,5.130118819718811
day_2,Mild cloudy day,0.35,0,0.0,5.6022,0.0,20.0,area_old_03,0.10267674762321244
day_2,Mild cloudy day,0.35,1,0.25,5.5576,0.0,20.0,area_old_03,0.10788102486358131
day_2,Mild cloudy day,0.35,2,0.5,5.5257,0.0,20.0,area_old_03,0.11160336665658033
day_2,Mild cloudy day,0.35,3,0.75,5.5064,0.0,20.0,area_old_03,0.11385544178526041
day_2,Mild cloudy day,0.35,4,1.0,5.5,0.0,20.0,area_old_03,0.11460224390047014
day_2,Mild cloudy day,0.35,5,1.25,5.5064,0.0,20.0,area_old_03,0.11385544178526041
day_2,Mild cloudy day,0.35,6,1.5,5.5257,0.0,20.0,area_old_03,0.11160336665658033
day_2,Mild cloudy day,0.35,7,1.75,5.5576,0.0,20.0,area_old_03,0.10788102486358131
day_2,Mild cloudy day,0.35,8,2.0,5.6022,0.0,20.0,area_old_03,0.10267674762321244
day_2,Mild cloudy day,0.35,9,2.25,5.6592,0.0,20.0,area_old_03,0.09602554128462448
day_2,Mild cloudy day,0.35,10,2.5,5.7284,0.0,20.0,area_old_03,0.08795074341391773
day_2,Mild cloudy day,0.35,11,2.75,5.8094,0.0,20.0,area_old_03,0.07849902914329299
day_2,Mild cloudy day,0.35,12,3.0,5.9019,0.0,20.0,area_old_03,0.06770540482190013
day_2,Mild cloudy day,0.35,13,3.25,6.0056,0.0,20.0,area_old_03,0.055604876798890146
day_2,Mild cloudy day,0.35,14,3.5,6.1199,0.0,20.0,area_old_03,0.04226745777256391
day_2,Mild cloudy day,0.35,15,3.75,6.2445,0.0,20.0,area_old_03,0.027728154092071966
day_2,Mild cloudy day,0.35,16,4.0,6.3787,0.0,20.0,area_old_03,0.012068647238764996
day_2,Mild cloudy day,0.35,17,4.25,6.522,0.0,20.0,area_old_03,0.0
day_2,Mild cloudy day,0.35,18,4.5,6.6737,0.0,20.0,area_old_03,0.0
day_2,Mild cloudy day,0.35,19,4.75,6.8333,0.0,20.0,area_old_03,0.0
day_2,Mild cloudy day,0.35,20,5.0,7.0,0.0,20.0,area_old_03,0.0
day_2,Mild cloudy day,0.35,21,5.25,7.1731,0.0,20.0,area_old_03,0.0
day_2,Mild cloudy day,0.35,22,5.5,7.3519,0.0,20.0,area_old_03,0.0
day_2,Mild cloudy day,0.35,23,5.75,7.5357,0.0,20.0,area_old_03,0.0
day_2,Mild cloudy day,0.35,24,6.0,7.7235,0.0,20.0,area_old_03,0.0
day_2,Mild cloudy day,0.35,25,6.25,7.9147,0.0,20.0,area_old_03,0.0
day_2,Mild cloudy day,0.35,26,6.5,8.1084,0.0,20.0,area_old_03,0.0
day_2,Mild cloudy day,0.35,27,6.75,8.3038,0.0,20.0,area_old_03,0.0
day_2,Mild cloudy day,0.35,28,7.0,8.5,0.0,20.0,area_old_03,0.0
day_2,Mild cloudy day,0.35,29,7.25,8.6962,4.5782,20.0,area_old_03,0.0
day_2,Mild cloudy day,0.35,30,7.5,8.8916,9.1368,20.0,area_old_03,0.0
day_2,Mild cloudy day,0.35,31,7.75,9.0853,13.6563,20.0,area_old_03,0.0
day_2,Mild cloudy day,0.35,32,8.0,9.2765,18.1173,20.0,area_old_03,0.0
day_2,Mild cloudy day,0.35,33,8.25,9.4643,22.5008,20.0,area_old_03,0.0
day_2,Mild cloudy day,0.35,34,8.5,9.6481,26.7878,20.0,area_old_03,0.0
day_2,Mild cloudy day,0.35,35,8.75,9.8269,30.9602,20.0,area_old_03,0.0
day_2,Mild cloudy day,0.35,36,9.0,10.0,35.0,20.0,area_old_03,0.0
day_2,Mild cloudy day,0.35,37,9.25,10.1667,38.8899,20.0,area_old_03,0.0
day_2,Mild cloudy day,0.35,38,9.5,10.3263,42.6133,20.0,area_old_03,0.0
day_2,Mild cloudy day,0.35,39,9.75,10.478,46.1542,20.0,area_old_03,0.0
day_2,Mild cloudy day,0.35,40,10.0,10.6213,49.4975,20.0,area_old_03,0.0
day_2,Mild cloudy day,0.35,41,10.25,10.7555,52.6288,20.0,area_old_03,0.0
day_2,Mild cloudy day,0.35,42,10.5,10.8801,55.5347,20.0,area_old_03,0.0
day_2,Mild cloudy day,0.35,43,10.75,10.9944,58.2029,20.0,area_old_03,0.0
day_2,Mild cloudy day,0.35,44,11.0,11.0981,60.6218,20.0,area_old_03,0.0
day_2,Mild cloudy day,0.35,45,11.25,11.1906,62.7811,20.0,area_old_03,0.0
day_2,Mild cloudy day,0.35,46,11.5,11.2716,64.6716,20.0,area_old_03,0.0
day_2,Mild cloudy day,0.35,47,11.75,11.3408,66.2851,20.0,area_old_03,0.0
day_2,Mild cloudy day,0.35,48,12.0,11.3978,67.6148,20.0,area_old_03,0.0
day_2,Mild cloudy day,0.35,49,12.25,11.4424,68.655,20.0,area_old_03,0.0
day_2,Mild cloudy day,0.35,50,12.5,11.4743,69.4011,20.0,area_old_03,0.0
day_2,Mild cloudy day,0.35,51,12.75,11.4936,69.8501,20.0,area_old_03,0.0
day_2,Mild cloudy day,0.35,52,13.0,11.5,70.0,20.0,area_old_03,0.0
day_2,Mild cloudy day,0.35,53,13.25,11.4936,69.8501,20.0,area_old_03,0.0
day_2,Mild cloudy day,0.35,54,13.5,11.4743,69.4011,20.0,area_old_03,0.0
day_2,Mild cloudy day,0.35,55,13.75,11.4424,68.655,20.0,area_old_03,0.0
day_2,Mild cloudy day,0.35,56,14.0,11.3978,67.6148,20.0,area_old_03,0.0
day_2,Mild cloudy day,0.35,57,14.25,11.3408,66.2851,20.0,area_old_03,0.0
day_2,Mild cloudy day,0.35,58,14.5,11.2716,64.6716,20.0,area_old_03,0.0
day_2,Mild cloudy day,0.35,59,14.75,11.1906,62.7811,20.0,area_old_03,0.0
day_2,Mild cloudy day,0.35,60,15.0,11.0981,60.6218,20.0,area_old_03,0.0
day_2,Mild cloudy day,0.35,61,15.25,10.9944,58.2029,20.0,area_old_03,0.0
day_2,Mild cloudy day,0.35,62,15.5,10.8801,55.5347,20.0,area_old_03,0.0
day_2,Mild cloudy day,0.35,63,15.75,10.7555,52.6288,20.0,area_old_03,0.0
day_2,Mild cloudy day,0.35,64,16.0,10.6213,49.4975,20.0,area_old_03,0.0
day_2,Mild cloudy day,0.35,65,16.25,10.478,46.1542,20.0,area_old_03,0.0
day_2,Mild cloudy day,0.35,66,16.5,10.3263,42.6133,20.0,area_old_03,0.0
day_2,Mild cloudy day,0.35,67,16.75,10.1667,38.8899,20.0,area_old_03,0.0
day_2,Mild cloudy day,0.35,68,17.0,10.0,35.0,20.0,area_old_03,0.0
day_2,Mild cloudy day,0.35,69,17.25,9.8269,30.9602,20.0,area_old_03,0.0
day_2,Mild cloudy day,0.35,70,17.5,9.6481,26.7878,20.0,area_old_03,0.0
day_2,Mild cloudy day,0.35,71,17.75,9.4643,22.5008,20.0,area_old_03,0.0
day_2,Mild cloudy day,0.35,72,18.0,9.2765,18.1173,20.0,area_old_03,0.0
day_2,Mild cloudy day,0.35,73,18.25,9.0853,13.6563,20.0,area_old_03,0.0
day_2,Mild cloudy day,0.35,74,18.5,8.8916,9.1368,20.0,area_old_03,0.0
day_2,Mild cloudy day,0.35,75,18.75,8.6962,4.5782,20.0,area_old_03,0.0
day_2,Mild cloudy day,0.35,76,19.0,8.5,0.0,20.0,area_old_03,0.0
day_2,Mild cloudy day,0.35,77,19.25,8.3038,0.0,20.0,area_old_03,0.0
day_2,Mild cloudy day,0.35,78,19.5,8.1084,0.0,20.0,area_old_03,0.0
day_2,Mild cloudy day,0.35,79,19.75,7.9147,0.0,20.0,area_old_03,0.0
day_2,Mild cloudy day,0.35,80,20.0,7.7235,0.0,20.0,area_old_03,0.0
day_2,Mild cloudy day,0.35,81,20.25,7.5357,0.0,20.0,area_old_03,0.0
day_2,Mild cloudy day,0.35,82,20.5,7.3519,0.0,20.0,area_old_03,0.0
day_2,Mild cloudy day,0.35,83,20.75,7.1731,0.0,20.0,area_old_03,0.0
day_2,Mild cloudy day,0.35,84,21.0,7.0,0.0,20.0,area_old_03,0.0
day_2,Mild cloudy day,0.35,85,21.25,6.8333,0.0,20.0,area_old_03,0.0
day_2,Mild cloudy day,0.35,86,21.5,6.6737,0.0,20.0,area_old_03,0.0
day_2,Mild cloudy day,0.35,87,21.75,6.522,0.0,20.0,area_old_03,0.0
day_2,Mild cloudy day,0.35,88,22.0,6.3787,0.0,20.0,area_old_03,0.012068647238764996
day_2,Mild cloudy day,0.35,89,22.25,6.2445,0.0,20.0,area_old_03,0.027728154092071966
day_2,Mild cloudy day,0.35,90,22.5,6.1199,0.0,20.0,area_old_03,0.04226745777256391
day_2,Mild cloudy day,0.35,91,22.75,6.0056,0.0,20.0,area_old_03,0.055604876798890146
day_2,Mild cloudy day,0.35,92,23.0,5.9019,0.0,20.0,area_old_03,0.06770540482190013
day_2,Mild cloudy day,0.35,93,23.25,5.8094,0.0,20.0,area_old_03,0.07849902914329299
day_2,Mild cloudy day,0.35,94,23.5,5.7284,0.0,20.0,area_old_03,0.08795074341391773
day_2,Mild cloudy day,0.35,95,23.75,5.6592,0.0,20.0,area_old_03,0.09602554128462448
day_2,Mild cloudy day,0.35,0,0.0,5.6022,0.0,20.0,area_old_04,3.911743796273292
day_2,Mild cloudy day,0.35,1,0.25,5.5576,0.0,20.0,area_old_04,3.9265305299484314
day_2,Mild cloudy day,0.35,2,0.5,5.5257,0.0,20.0,area_old_04,3.937106691478408
day_2,Mild cloudy day,0.35,3,0.75,5.5064,0.0,20.0,area_old_04,3.9435054349746004
day_2,Mild cloudy day,0.35,4,1.0,5.5,0.0,20.0,area_old_04,3.9456272981028713
day_2,Mild cloudy day,0.35,5,1.25,5.5064,0.0,20.0,area_old_04,3.9435054349746004
day_2,Mild cloudy day,0.35,6,1.5,5.5257,0.0,20.0,area_old_04,3.937106691478408
day_2,Mild cloudy day,0.35,7,1.75,5.5576,0.0,20.0,area_old_04,3.9265305299484314
day_2,Mild cloudy day,0.35,8,2.0,5.6022,0.0,20.0,area_old_04,3.911743796273292
day_2,Mild cloudy day,0.35,9,2.25,5.6592,0.0,20.0,area_old_04,3.8928459527871278
day_2,Mild cloudy day,0.35,10,2.5,5.7284,0.0,20.0,area_old_04,3.869903307712696
day_2,Mild cloudy day,0.35,11,2.75,5.8094,0.0,20.0,area_old_04,3.8430484774955147
day_2,Mild cloudy day,0.35,12,3.0,5.9019,0.0,20.0,area_old_04,3.8123809244697213
day_2,Mild cloudy day,0.35,13,3.25,6.0056,0.0,20.0,area_old_04,3.7780001109694537
day_2,Mild cloudy day,0.35,14,3.5,6.1199,0.0,20.0,area_old_04,3.7401049616629862
day_2,Mild cloudy day,0.35,15,3.75,6.2445,0.0,20.0,area_old_04,3.6987949388844585
day_2,Mild cloudy day,0.35,16,4.0,6.3787,0.0,20.0,area_old_04,3.654302121413523
day_2,Mild cloudy day,0.35,17,4.25,6.522,0.0,20.0,area_old_04,3.6067922798070784
day_2,Mild cloudy day,0.35,18,4.5,6.6737,0.0,20.0,area_old_04,3.556497492844777
day_2,Mild cloudy day,0.35,19,4.75,6.8333,0.0,20.0,area_old_04,3.5035835310835157
day_2,Mild cloudy day,0.35,20,5.0,7.0,0.0,20.0,area_old_04,3.4483156274143294
day_2,Mild cloudy day,0.35,21,5.25,7.1731,0.0,20.0,area_old_04,3.3909258606168713
day_2,Mild cloudy day,0.35,22,5.5,7.3519,0.0,20.0,area_old_04,3.3316463094707975
day_2,Mild cloudy day,0.35,23,5.75,7.5357,0.0,20.0,area_old_04,3.2707090527557616
day_2,Mild cloudy day,0.35,24,6.0,7.7235,0.0,20.0,area_old_04,3.2084456315855556
day_2,Mild cloudy day,0.35,25,6.25,7.9147,0.0,20.0,area_old_04,3.1450549706284567
day_2,Mild cloudy day,0.35,26,6.5,8.1084,0.0,20.0,area_old_04,3.0808354568868754
day_2,Mild cloudy day,0.35,27,6.75,8.3038,0.0,20.0,area_old_04,3.0160523232518477
day_2,Mild cloudy day,0.35,28,7.0,8.5,0.0,20.0,area_old_04,2.9510039567257866
day_2,Mild cloudy day,0.35,29,7.25,8.6962,4.5782,20.0,area_old_04,2.8559069565187034
day_2,Mild cloudy day,0.35,30,7.5,8.8916,9.1368,20.0,area_old_04,2.761203832167169
day_2,Mild cloudy day,0.35,31,7.75,9.0853,13.6563,20.0,area_old_04,2.667320957296459
day_2,Mild cloudy day,0.35,32,8.0,9.2765,18.1173,20.0,area_old_04,2.574650895078811
day_2,Mild cloudy day,0.35,33,8.25,9.4643,22.5008,20.0,area_old_04,2.4836167374312215
day_2,Mild cloudy day,0.35,34,8.5,9.6481,26.7878,20.0,area_old_04,2.394542113936547
day_2,Mild cloudy day,0.35,35,8.75,9.8269,30.9602,20.0,area_old_04,2.3078773635482595
day_2,Mild cloudy day,0.35,36,9.0,10.0,35.0,20.0,area_old_04,2.22397270654404
day_2,Mild cloudy day,0.35,37,9.25,10.1667,38.8899,20.0,area_old_04,2.1431737688099783
day_2,Mild cloudy day,0.35,38,9.5,10.3263,42.6133,20.0,area_old_04,2.0658215818405754
day_2,Mild cloudy day,0.35,39,9.75,10.478,46.1542,20.0,area_old_04,1.992286393191774
day_2,Mild cloudy day,0.35,40,10.0,10.6213,49.4975,20.0,area_old_04,1.922833081010482
day_2,Mild cloudy day,0.35,41,10.25,10.7555,52.6288,20.0,area_old_04,1.857788237274774
day_2,Mild cloudy day,0.35,42,10.5,10.8801,55.5347,20.0,area_old_04,1.7974055823234083
day_2,Mild cloudy day,0.35,43,10.75,10.9944,58.2029,20.0,area_old_04,1.7419979249596909
day_2,Mild cloudy day,0.35,44,11.0,11.0981,60.6218,20.0,area_old_04,1.6917408631498192
day_2,Mild cloudy day,0.35,45,11.25,11.1906,62.7811,20.0,area_old_04,1.6469009247526072
day_2,Mild cloudy day,0.35,46,11.5,11.2716,64.6716,20.0,area_old_04,1.6076379555345144
day_2,Mild cloudy day,0.35,47,11.75,11.3408,66.2851,20.0,area_old_04,1.5741052378454465
day_2,Mild cloudy day,0.35,48,12.0,11.3978,67.6148,20.0,area_old_04,1.5464800193635069
day_2,Mild cloudy day,0.35,49,12.25,11.4424,68.655,20.0,area_old_04,1.5248660197858295
day_2,Mild cloudy day,0.35,50,12.5,11.4743,69.4011,20.0,area_old_04,1.5093928931627134
day_2,Mild cloudy day,0.35,51,12.75,11.4936,69.8501,20.0,area_old_04,1.500047175632451
day_2,Mild cloudy day,0.35,52,13.0,11.5,70.0,20.0,area_old_04,1.4969414563622931
day_2,Mild cloudy day,0.35,53,13.25,11.4936,69.8501,20.0,area_old_04,1.500047175632451
day_2,Mild cloudy day,0.35,54,13.5,11.4743,69.4011,20.0,area_old_04,1.5093928931627134
day_2,Mild cloudy day,0.35,55,13.75,11.4424,68.655,20.0,area_old_04,1.5248660197858295
day_2,Mild cloudy day,0.35,56,14.0,11.3978,67.6148,20.0,area_old_04,1.5464800193635069
day_2,Mild cloudy day,0.35,57,14.25,11.3408,66.2851,20.0,area_old_04,1.5741052378454465
day_2,Mild cloudy day,0.35,58,14.5,11.2716,64.6716,20.0,area_old_04,1.6076379555345144
day_2,Mild cloudy day,0.35,59,14.75,11.1906,62.7811,20.0,area_old_04,1.6469009247526072
day_2,Mild cloudy day,0.35,60,15.0,11.0981,60.6218,20.0,area_old_04,1.6917408631498192
day_2,Mild cloudy day,0.35,61,15.25,10.9944,58.2029,20.0,area_old_04,1.7419979249596909
day_2,Mild cloudy day,0.35,62,15.5,10.8801,55.5347,20.0,area_old_04,1.7974055823234083
day_2,Mild cloudy day,0.35,63,15.75,10.7555,52.6288,20.0,area_old_04,1.857788237274774
day_2,Mild cloudy day,0.35,64,16.0,10.6213,49.4975,20.0,area_old_04,1.922833081010482
day_2,Mild cloudy day,0.35,65,16.25,10.478,46.1542,20.0,area_old_04,1.992286393191774
day_2,Mild cloudy day,0.35,66,16.5,10.3263,42.6133,20.0,area_old_04,2.0658215818405754
day_2,Mild cloudy day,0.35,67,16.75,10.1667,38.8899,20.0,area_old_04,2.1431737688099783
day_2,Mild cloudy day,0.35,68,17.0,10.0,35.0,20.0,area_old_04,2.22397270654404
day_2,Mild cloudy day,0.35,69,17.25,9.8269,30.9602,20.0,area_old_04,2.3078773635482595
day_2,Mild cloudy day,0.35,70,17.5,9.6481,26.7878,20.0,area_old_04,2.394542113936547
day_2,Mild cloudy day,0.35,71,17.75,9.4643,22.5008,20.0,area_old_04,2.4836167374312215
day_2,Mild cloudy day,0.35,72,18.0,9.2765,18.1173,20.0,area_old_04,2.574650895078811
day_2,Mild cloudy day,0.35,73,18.25,9.0853,13.6563,20.0,area_old_04,2.667320957296459
day_2,Mild cloudy day,0.35,74,18.5,8.8916,9.1368,20.0,area_old_04,2.761203832167169
day_2,Mild cloudy day,0.35,75,18.75,8.6962,4.5782,20.0,area_old_04,2.8559069565187034
day_2,Mild cloudy day,0.35,76,19.0,8.5,0.0,20.0,area_old_04,2.9510039567257866
day_2,Mild cloudy day,0.35,77,19.25,8.3038,0.0,20.0,area_old_04,3.0160523232518477
day_2,Mild cloudy day,0.35,78,19.5,8.1084,0.0,20.0,area_old_04,3.0808354568868754
day_2,Mild cloudy day,0.35,79,19.75,7.9147,0.0,20.0,area_old_04,3.1450549706284567
day_2,Mild cloudy day,0.35,80,20.0,7.7235,0.0,20.0,area_old_04,3.2084456315855556
day_2,Mild cloudy day,0.35,81,20.25,7.5357,0.0,20.0,area_old_04,3.2707090527557616
day_2,Mild cloudy day,0.35,82,20.5,7.3519,0.0,20.0,area_old_04,3.3316463094707975
day_2,Mild cloudy day,0.35,83,20.75,7.1731,0.0,20.0,area_old_04,3.3909258606168713
day_2,Mild cloudy day,0.35,84,21.0,7.0,0.0,20.0,area_old_04,3.4483156274143294
day_2,Mild cloudy day,0.35,85,21.25,6.8333,0.0,20.0,area_old_04,3.5035835310835157
day_2,Mild cloudy day,0.35,86,21.5,6.6737,0.0,20.0,area_old_04,3.556497492844777
day_2,Mild cloudy day,0.35,87,21.75,6.522,0.0,20.0,area_old_04,3.6067922798070784
day_2,Mild cloudy day,0.35,88,22.0,6.3787,0.0,20.0,area_old_04,3.654302121413523
day_2,Mild cloudy day,0.35,89,22.25,6.2445,0.0,20.0,area_old_04,3.6987949388844585
day_2,Mild cloudy day,0.35,90,22.5,6.1199,0.0,20.0,area_old_04,3.7401049616629862
day_2,Mild cloudy day,0.35,91,22.75,6.0056,0.0,20.0,area_old_04,3.7780001109694537
day_2,Mild cloudy day,0.35,92,23.0,5.9019,0.0,20.0,area_old_04,3.8123809244697213
day_2,Mild cloudy day,0.35,93,23.25,5.8094,0.0,20.0,area_old_04,3.8430484774955147
day_2,Mild cloudy day,0.35,94,23.5,5.7284,0.0,20.0,area_old_04,3.869903307712696
day_2,Mild cloudy day,0.35,95,23.75,5.6592,0.0,20.0,area_old_04,3.8928459527871278
day_2,Mild cloudy day,0.35,0,0.0,5.6022,0.0,20.0,area_old_05,2.898495383286124
day_2,Mild cloudy day,0.35,1,0.25,5.5576,0.0,20.0,area_old_05,2.9042603980681974
day_2,Mild cloudy day,0.35,2,0.5,5.5257,0.0,20.0,area_old_05,2.9083838055020124
day_2,Mild cloudy day,0.35,3,0.75,5.5064,0.0,20.0,area_old_05,2.9108785316296806
day_2,Mild cloudy day,0.35,4,1.0,5.5,0.0,20.0,area_old_05,2.911705798324866
day_2,Mild cloudy day,0.35,5,1.25,5.5064,0.0,20.0,area_old_05,2.9108785316296806
day_2,Mild cloudy day,0.35,6,1.5,5.5257,0.0,20.0,area_old_05,2.9083838055020124
day_2,Mild cloudy day,0.35,7,1.75,5.5576,0.0,20.0,area_old_05,2.9042603980681974
day_2,Mild cloudy day,0.35,8,2.0,5.6022,0.0,20.0,area_old_05,2.898495383286124
day_2,Mild cloudy day,0.35,9,2.25,5.6592,0.0,20.0,area_old_05,2.891127539282129
day_2,Mild cloudy day,0.35,10,2.5,5.7284,0.0,20.0,area_old_05,2.882182718140437
day_2,Mild cloudy day,0.35,11,2.75,5.8094,0.0,20.0,area_old_05,2.871712624029497
day_2,Mild cloudy day,0.35,12,3.0,5.9019,0.0,20.0,area_old_05,2.8597560350756455
day_2,Mild cloudy day,0.35,13,3.25,6.0056,0.0,20.0,area_old_05,2.846351729405219
day_2,Mild cloudy day,0.35,14,3.5,6.1199,0.0,20.0,area_old_05,2.8315772632708924
day_2,Mild cloudy day,0.35,15,3.75,6.2445,0.0,20.0,area_old_05,2.815471414799002
day_2,Mild cloudy day,0.35,16,4.0,6.3787,0.0,20.0,area_old_05,2.798124666284333
day_2,Mild cloudy day,0.35,17,4.25,6.522,0.0,20.0,area_old_05,2.7796016479374477
day_2,Mild cloudy day,0.35,18,4.5,6.6737,0.0,20.0,area_old_05,2.7599928420531312
day_2,Mild cloudy day,0.35,19,4.75,6.8333,0.0,20.0,area_old_05,2.7393628788419453
day_2,Mild cloudy day,0.35,20,5.0,7.0,0.0,20.0,area_old_05,2.717815166640788
day_2,Mild cloudy day,0.35,21,5.25,7.1731,0.0,20.0,area_old_05,2.6954401877444454
day_2,Mild cloudy day,0.35,22,5.5,7.3519,0.0,20.0,area_old_05,2.6723284244477035
day_2,Mild cloudy day,0.35,23,5.75,7.5357,0.0,20.0,area_old_05,2.6485703590453475
day_2,Mild cloudy day,0.35,24,6.0,7.7235,0.0,20.0,area_old_05,2.624295251958501
day_2,Mild cloudy day,0.35,25,6.25,7.9147,0.0,20.0,area_old_05,2.5995806594398374
day_2,Mild cloudy day,0.35,26,6.5,8.1084,0.0,20.0,area_old_05,2.574542915868367
day_2,Mild cloudy day,0.35,27,6.75,8.3038,0.0,20.0,area_old_05,2.549285429580988
day_2,Mild cloudy day,0.35,28,7.0,8.5,0.0,20.0,area_old_05,2.5239245349567105
day_2,Mild cloudy day,0.35,29,7.25,8.6962,4.5782,20.0,area_old_05,2.487964854001937
day_2,Mild cloudy day,0.35,30,7.5,8.8916,9.1368,20.0,area_old_05,2.4521539564686092
day_2,Mild cloudy day,0.35,31,7.75,9.0853,13.6563,20.0,area_old_05,2.4166533203147536
day_2,Mild cloudy day,0.35,32,8.0,9.2765,18.1173,20.0,area_old_05,2.381611265950748
day_2,Mild cloudy day,0.35,33,8.25,9.4643,22.5008,20.0,area_old_05,2.3471881138069515
day_2,Mild cloudy day,0.35,34,8.5,9.6481,26.7878,20.0,area_old_05,2.3135054061873843
day_2,Mild cloudy day,0.35,35,8.75,9.8269,30.9602,20.0,area_old_05,2.2807343060147165
day_2,Mild cloudy day,0.35,36,9.0,10.0,35.0,20.0,area_old_05,2.2490069665797474
day_2,Mild cloudy day,0.35,37,9.25,10.1667,38.8899,20.0,area_old_05,2.218453920634543
day_2,Mild cloudy day,0.35,38,9.5,10.3263,42.6133,20.0,area_old_05,2.189204080392435
day_2,Mild cloudy day,0.35,39,9.75,10.478,46.1542,20.0,area_old_05,2.161397895075666
day_2,Mild cloudy day,0.35,40,10.0,10.6213,49.4975,20.0,area_old_05,2.1351349522303424
day_2,Mild cloudy day,0.35,41,10.25,10.7555,52.6288,20.0,area_old_05,2.1105390709480614
day_2,Mild cloudy day,0.35,42,10.5,10.8801,55.5347,20.0,area_old_05,2.0877059031808605
day_2,Mild cloudy day,0.35,43,10.75,10.9944,58.2029,20.0,area_old_05,2.0667544064041348
day_2,Mild cloudy day,0.35,44,11.0,11.0981,60.6218,20.0,area_old_05,2.047750213386097
day_2,Mild cloudy day,0.35,45,11.25,11.1906,62.7811,20.0,area_old_05,2.0307947254493617
day_2,Mild cloudy day,0.35,46,11.5,11.2716,64.6716,20.0,area_old_05,2.015948019229339
day_2,Mild cloudy day,0.35,47,11.75,11.3408,66.2851,20.0,area_old_05,2.0032678563061044
day_2,Mild cloudy day,0.35,48,12.0,11.3978,67.6148,20.0,area_old_05,1.99282168322438
day_2,Mild cloudy day,0.35,49,12.25,11.4424,68.655,20.0,area_old_05,1.9846485478837943
day_2,Mild cloudy day,0.35,50,12.5,11.4743,69.4011,20.0,area_old_05,1.9787978776652206
day_2,Mild cloudy day,0.35,51,12.75,11.4936,69.8501,20.0,area_old_05,1.975263691692549
day_2,Mild cloudy day,0.35,52,13.0,11.5,70.0,20.0,area_old_05,1.9740893982027847
day_2,Mild cloudy day,0.35,53,13.25,11.4936,69.8501,20.0,area_old_05,1.975263691692549
day_2,Mild cloudy day,0.35,54,13.5,11.4743,69.4011,20.0,area_old_05,1.9787978776652206
day_2,Mild cloudy day,0.35,55,13.75,11.4424,68.655,20.0,area_old_05,1.9846485478837943
day_2,Mild cloudy day,0.35,56,14.0,11.3978,67.6148,20.0,area_old_05,1.99282168322438
day_2,Mild cloudy day,0.35,57,14.25,11.3408,66.2851,20.0,area_old_05,2.0032678563061044
day_2,Mild cloudy day,0.35,58,14.5,11.2716,64.6716,20.0,area_old_05,2.015948019229339
day_2,Mild cloudy day,0.35,59,14.75,11.1906,62.7811,20.0,area_old_05,2.0307947254493617
day_2,Mild cloudy day,0.35,60,15.0,11.0981,60.6218,20.0,area_old_05,2.047750213386097
day_2,Mild cloudy day,0.35,61,15.25,10.9944,58.2029,20.0,area_old_05,2.0667544064041348
day_2,Mild cloudy day,0.35,62,15.5,10.8801,55.5347,20.0,area_old_05,2.0877059031808605
day_2,Mild cloudy day,0.35,63,15.75,10.7555,52.6288,20.0,area_old_05,2.1105390709480614
day_2,Mild cloudy day,0.35,64,16.0,10.6213,49.4975,20.0,area_old_05,2.1351349522303424
day_2,Mild cloudy day,0.35,65,16.25,10.478,46.1542,20.0,area_old_05,2.161397895075666
day_2,Mild cloudy day,0.35,66,16.5,10.3263,42.6133,20.0,area_old_05,2.189204080392435
day_2,Mild cloudy day,0.35,67,16.75,10.1667,38.8899,20.0,area_old_05,2.218453920634543
day_2,Mild cloudy day,0.35,68,17.0,10.0,35.0,20.0,area_old_05,2.2490069665797474
day_2,Mild cloudy day,0.35,69,17.25,9.8269,30.9602,20.0,area_old_05,2.2807343060147165
day_2,Mild cloudy day,0.35,70,17.5,9.6481,26.7878,20.0,area_old_05,2.3135054061873843
day_2,Mild cloudy day,0.35,71,17.75,9.4643,22.5008,20.0,area_old_05,2.3471881138069515
day_2,Mild cloudy day,0.35,72,18.0,9.2765,18.1173,20.0,area_old_05,2.381611265950748
day_2,Mild cloudy day,0.35,73,18.25,9.0853,13.6563,20.0,area_old_05,2.4166533203147536
day_2,Mild cloudy day,0.35,74,18.5,8.8916,9.1368,20.0,area_old_05,2.4521539564686092
day_2,Mild cloudy day,0.35,75,18.75,8.6962,4.5782,20.0,area_old_05,2.487964854001937
day_2,Mild cloudy day,0.35,76,19.0,8.5,0.0,20.0,area_old_05,2.5239245349567105
day_2,Mild cloudy day,0.35,77,19.25,8.3038,0.0,20.0,area_old_05,2.549285429580988
day_2,Mild cloudy day,0.35,78,19.5,8.1084,0.0,20.0,area_old_05,2.574542915868367
day_2,Mild cloudy day,0.35,79,19.75,7.9147,0.0,20.0,area_old_05,2.5995806594398374
day_2,Mild cloudy day,0.35,80,20.0,7.7235,0.0,20.0,area_old_05,2.624295251958501
day_2,Mild cloudy day,0.35,81,20.25,7.5357,0.0,20.0,area_old_05,2.6485703590453475
day_2,Mild cloudy day,0.35,82,20.5,7.3519,0.0,20.0,area_old_05,2.6723284244477035
day_2,Mild cloudy day,0.35,83,20.75,7.1731,0.0,20.0,area_old_05,2.6954401877444454
day_2,Mild cloudy day,0.35,84,21.0,7.0,0.0,20.0,area_old_05,2.717815166640788
day_2,Mild cloudy day,0.35,85,21.25,6.8333,0.0,20.0,area_old_05,2.7393628788419453
day_2,Mild cloudy day,0.35,86,21.5,6.6737,0.0,20.0,area_old_05,2.7599928420531312
day_2,Mild cloudy day,0.35,87,21.75,6.522,0.0,20.0,area_old_05,2.7796016479374477
day_2,Mild cloudy day,0.35,88,22.0,6.3787,0.0,20.0,area_old_05,2.798124666284333
day_2,Mild cloudy day,0.35,89,22.25,6.2445,0.0,20.0,area_old_05,2.815471414799002
day_2,Mild cloudy day,0.35,90,22.5,6.1199,0.0,20.0,area_old_05,2.8315772632708924
day_2,Mild cloudy day,0.35,91,22.75,6.0056,0.0,20.0,area_old_05,2.846351729405219
day_2,Mild cloudy day,0.35,92,23.0,5.9019,0.0,20.0,area_old_05,2.8597560350756455
day_2,Mild cloudy day,0.35,93,23.25,5.8094,0.0,20.0,area_old_05,2.871712624029497
day_2,Mild cloudy day,0.35,94,23.5,5.7284,0.0,20.0,area_old_05,2.882182718140437
day_2,Mild cloudy day,0.35,95,23.75,5.6592,0.0,20.0,area_old_05,2.891127539282129
day_2,Mild cloudy day,0.35,0,0.0,5.6022,0.0,20.0,area_old_06,1.3079486676297134
day_2,Mild cloudy day,0.35,1,0.25,5.5576,0.0,20.0,area_old_06,1.3135280047642899
day_2,Mild cloudy day,0.35,2,0.5,5.5257,0.0,20.0,area_old_06,1.3175186068852092
day_2,Mild cloudy day,0.35,3,0.75,5.5064,0.0,20.0,area_old_06,1.319932983716988
day_2,Mild cloudy day,0.35,4,1.0,5.5,0.0,20.0,area_old_06,1.3207336060860753
day_2,Mild cloudy day,0.35,5,1.25,5.5064,0.0,20.0,area_old_06,1.319932983716988
day_2,Mild cloudy day,0.35,6,1.5,5.5257,0.0,20.0,area_old_06,1.3175186068852092
day_2,Mild cloudy day,0.35,7,1.75,5.5576,0.0,20.0,area_old_06,1.3135280047642899
day_2,Mild cloudy day,0.35,8,2.0,5.6022,0.0,20.0,area_old_06,1.3079486676297134
day_2,Mild cloudy day,0.35,9,2.25,5.6592,0.0,20.0,area_old_06,1.30081812465503
day_2,Mild cloudy day,0.35,10,2.5,5.7284,0.0,20.0,area_old_06,1.2921613952892743
day_2,Mild cloudy day,0.35,11,2.75,5.8094,0.0,20.0,area_old_06,1.282028518430514
day_2,Mild cloudy day,0.35,12,3.0,5.9019,0.0,20.0,area_old_06,1.2704570232522998
day_2,Mild cloudy day,0.35,13,3.25,6.0056,0.0,20.0,area_old_06,1.2574844389281832
day_2,Mild cloudy day,0.35,14,3.5,6.1199,0.0,20.0,area_old_06,1.2431858238052655
day_2,Mild cloudy day,0.35,15,3.75,6.2445,0.0,20.0,area_old_06,1.2275987070570986
day_2,Mild cloudy day,0.35,16,4.0,6.3787,0.0,20.0,area_old_06,1.2108106567553005
day_2,Mild cloudy day,0.35,17,4.25,6.522,0.0,20.0,area_old_06,1.1928842215224564
day_2,Mild cloudy day,0.35,18,4.5,6.6737,0.0,20.0,area_old_06,1.1739069694301856
day_2,Mild cloudy day,0.35,19,4.75,6.8333,0.0,20.0,area_old_06,1.1539414491010722
day_2,Mild cloudy day,0.35,20,5.0,7.0,0.0,20.0,area_old_06,1.1330877383312532
day_2,Mild cloudy day,0.35,21,5.25,7.1731,0.0,20.0,area_old_06,1.111433405192347
day_2,Mild cloudy day,0.35,22,5.5,7.3519,0.0,20.0,area_old_06,1.089066017755972
day_2,Mild cloudy day,0.35,23,5.75,7.5357,0.0,20.0,area_old_06,1.0660731440937479
day_2,Mild cloudy day,0.35,24,6.0,7.7235,0.0,20.0,area_old_06,1.0425798814508442
day_2,Mild cloudy day,0.35,25,6.25,7.9147,0.0,20.0,area_old_06,1.0186612881743629
day_2,Mild cloudy day,0.35,26,6.5,8.1084,0.0,20.0,area_old_06,0.9944299517849569
day_2,Mild cloudy day,0.35,27,6.75,8.3038,0.0,20.0,area_old_06,0.969985950078762
day_2,Mild cloudy day,0.35,28,7.0,8.5,0.0,20.0,area_old_06,0.9454418705764314
day_2,Mild cloudy day,0.35,29,7.25,8.6962,4.5782,20.0,area_old_06,0.8624847559273454
day_2,Mild cloudy day,0.35,30,7.5,8.8916,9.1368,20.0,area_old_06,0.779877794538306
day_2,Mild cloudy day,0.35,31,7.75,9.0853,13.6563,20.0,area_old_06,0.6979823734986532
day_2,Mild cloudy day,0.35,32,8.0,9.2765,18.1173,20.0,area_old_06,0.6171460942779854
day_2,Mild cloudy day,0.35,33,8.25,9.4643,22.5008,20.0,area_old_06,0.537723964489522
day_2,Mild cloudy day,0.35,34,8.5,9.6481,26.7878,20.0,area_old_06,0.46003346257293143
day_2,Mild cloudy day,0.35,35,8.75,9.8269,30.9602,20.0,area_old_06,0.38443062280893414
day_2,Mild cloudy day,0.35,36,9.0,10.0,35.0,20.0,area_old_06,0.3112326744094751
day_2,Mild cloudy day,0.35,37,9.25,10.1667,38.8899,20.0,area_old_06,0.24074791531993123
day_2,Mild cloudy day,0.35,38,9.5,10.3263,42.6133,20.0,area_old_06,0.17327571221911142
day_2,Mild cloudy day,0.35,39,9.75,10.478,46.1542,20.0,area_old_06,0.10912028613899671
day_2,Mild cloudy day,0.35,40,10.0,10.6213,49.4975,20.0,area_old_06,0.04853684588100171
day_2,Mild cloudy day,0.35,41,10.25,10.7555,52.6288,20.0,area_old_06,0.0
day_2,Mild cloudy day,0.35,42,10.5,10.8801,55.5347,20.0,area_old_06,0.0
day_2,Mild cloudy day,0.35,43,10.75,10.9944,58.2029,20.0,area_old_06,0.0
day_2,Mild cloudy day,0.35,44,11.0,11.0981,60.6218,20.0,area_old_06,0.0
day_2,Mild cloudy day,0.35,45,11.25,11.1906,62.7811,20.0,area_old_06,0.0
day_2,Mild cloudy day,0.35,46,11.5,11.2716,64.6716,20.0,area_old_06,0.0
day_2,Mild cloudy day,0.35,47,11.75,11.3408,66.2851,20.0,area_old_06,0.0
day_2,Mild cloudy day,0.35,48,12.0,11.3978,67.6148,20.0,area_old_06,0.0
day_2,Mild cloudy day,0.35,49,12.25,11.4424,68.655,20.0,area_old_06,0.0
day_2,Mild cloudy day,0.35,50,12.5,11.4743,69.4011,20.0,area_old_06,0.0
day_2,Mild cloudy day,0.35,51,12.75,11.4936,69.8501,20.0,area_old_06,0.0
day_2,Mild cloudy day,0.35,52,13.0,11.5,70.0,20.0,area_old_06,0.0
day_2,Mild cloudy day,0.35,53,13.25,11.4936,69.8501,20.0,area_old_06,0.0
day_2,Mild cloudy day,0.35,54,13.5,11.4743,69.4011,20.0,area_old_06,0.0
day_2,Mild cloudy day,0.35,55,13.75,11.4424,68.655,20.0,area_old_06,0.0
day_2,Mild cloudy day,0.35,56,14.0,11.3978,67.6148,20.0,area_old_06,0.0
day_2,Mild cloudy day,0.35,57,14.25,11.3408,66.2851,20.0,area_old_06,0.0
day_2,Mild cloudy day,0.35,58,14.5,11.2716,64.6716,20.0,area_old_06,0.0
day_2,Mild cloudy day,0.35,59,14.75,11.1906,62.7811,20.0,area_old_06,0.0
day_2,Mild cloudy day,0.35,60,15.0,11.0981,60.6218,20.0,area_old_06,0.0
day_2,Mild cloudy day,0.35,61,15.25,10.9944,58.2029,20.0,area_old_06,0.0
day_2,Mild cloudy day,0.35,62,15.5,10.8801,55.5347,20.0,area_old_06,0.0
day_2,Mild cloudy day,0.35,63,15.75,10.7555,52.6288,20.0,area_old_06,0.0
day_2,Mild cloudy day,0.35,64,16.0,10.6213,49.4975,20.0,area_old_06,0.04853684588100171
day_2,Mild cloudy day,0.35,65,16.25,10.478,46.1542,20.0,area_old_06,0.10912028613899671
day_2,Mild cloudy day,0.35,66,16.5,10.3263,42.6133,20.0,area_old_06,0.17327571221911142
day_2,Mild cloudy day,0.35,67,16.75,10.1667,38.8899,20.0,area_old_06,0.24074791531993123
day_2,Mild cloudy day,0.35,68,17.0,10.0,35.0,20.0,area_old_06,0.3112326744094751
day_2,Mild cloudy day,0.35,69,17.25,9.8269,30.9602,20.0,area_old_06,0.38443062280893414
day_2,Mild cloudy day,0.35,70,17.5,9.6481,26.7878,20.0,area_old_06,0.46003346257293143
day_2,Mild cloudy day,0.35,71,17.75,9.4643,22.5008,20.0,area_old_06,0.537723964489522
day_2,Mild cloudy day,0.35,72,18.0,9.2765,18.1173,20.0,area_old_06,0.6171460942779854
day_2,Mild cloudy day,0.35,73,18.25,9.0853,13.6563,20.0,area_old_06,0.6979823734986532
day_2,Mild cloudy day,0.35,74,18.5,8.8916,9.1368,20.0,area_old_06,0.779877794538306
day_2,Mild cloudy day,0.35,75,18.75,8.6962,4.5782,20.0,area_old_06,0.8624847559273454
day_2,Mild cloudy day,0.35,76,19.0,8.5,0.0,20.0,area_old_06,0.9454418705764314
day_2,Mild cloudy day,0.35,77,19.25,8.3038,0.0,20.0,area_old_06,0.969985950078762
day_2,Mild cloudy day,0.35,78,19.5,8.1084,0.0,20.0,area_old_06,0.9944299517849569
day_2,Mild cloudy day,0.35,79,19.75,7.9147,0.0,20.0,area_old_06,1.0186612881743629
day_2,Mild cloudy day,0.35,80,20.0,7.7235,0.0,20.0,area_old_06,1.0425798814508442
day_2,Mild cloudy day,0.35,81,20.25,7.5357,0.0,20.0,area_old_06,1.0660731440937479
day_2,Mild cloudy day,0.35,82,20.5,7.3519,0.0,20.0,area_old_06,1.089066017755972
day_2,Mild cloudy day,0.35,83,20.75,7.1731,0.0,20.0,area_old_06,1.111433405192347
day_2,Mild cloudy day,0.35,84,21.0,7.0,0.0,20.0,area_old_06,1.1330877383312532
day_2,Mild cloudy day,0.35,85,21.25,6.8333,0.0,20.0,area_old_06,1.1539414491010722
day_2,Mild cloudy day,0.35,86,21.5,6.6737,0.0,20.0,area_old_06,1.1739069694301856
day_2,Mild cloudy day,0.35,87,21.75,6.522,0.0,20.0,area_old_06,1.1928842215224564
day_2,Mild cloudy day,0.35,88,22.0,6.3787,0.0,20.0,area_old_06,1.2108106567553005
day_2,Mild cloudy day,0.35,89,22.25,6.2445,0.0,20.0,area_old_06,1.2275987070570986
day_2,Mild cloudy day,0.35,90,22.5,6.1199,0.0,20.0,area_old_06,1.2431858238052655
day_2,Mild cloudy day,0.35,91,22.75,6.0056,0.0,20.0,area_old_06,1.2574844389281832
day_2,Mild cloudy day,0.35,92,23.0,5.9019,0.0,20.0,area_old_06,1.2704570232522998
day_2,Mild cloudy day,0.35,93,23.25,5.8094,0.0,20.0,area_old_06,1.282028518430514
day_2,Mild cloudy day,0.35,94,23.5,5.7284,0.0,20.0,area_old_06,1.2921613952892743
day_2,Mild cloudy day,0.35,95,23.75,5.6592,0.0,20.0,area_old_06,1.30081812465503
day_2,Mild cloudy day,0.35,0,0.0,5.6022,0.0,20.0,area_old_07,4.582537485342191
day_2,Mild cloudy day,0.35,1,0.25,5.5576,0.0,20.0,area_old_07,4.591694828907807
day_2,Mild cloudy day,0.35,2,0.5,5.5257,0.0,20.0,area_old_07,4.5982445880948735
day_2,Mild cloudy day,0.35,3,0.75,5.5064,0.0,20.0,area_old_07,4.6022072950638515
day_2,Mild cloudy day,0.35,4,1.0,5.5,0.0,20.0,area_old_07,4.603521353333357
day_2,Mild cloudy day,0.35,5,1.25,5.5064,0.0,20.0,area_old_07,4.6022072950638515
day_2,Mild cloudy day,0.35,6,1.5,5.5257,0.0,20.0,area_old_07,4.5982445880948735
day_2,Mild cloudy day,0.35,7,1.75,5.5576,0.0,20.0,area_old_07,4.591694828907807
day_2,Mild cloudy day,0.35,8,2.0,5.6022,0.0,20.0,area_old_07,4.582537485342191
day_2,Mild cloudy day,0.35,9,2.25,5.6592,0.0,20.0,area_old_07,4.5708341538794075
day_2,Mild cloudy day,0.35,10,2.5,5.7284,0.0,20.0,area_old_07,4.556625898840379
day_2,Mild cloudy day,0.35,11,2.75,5.8094,0.0,20.0,area_old_07,4.53999484886695
day_2,Mild cloudy day,0.35,12,3.0,5.9019,0.0,20.0,area_old_07,4.521002600440504
day_2,Mild cloudy day,0.35,13,3.25,6.0056,0.0,20.0,area_old_07,4.499710750042422
day_2,Mild cloudy day,0.35,14,3.5,6.1199,0.0,20.0,area_old_07,4.476242490635473
day_2,Mild cloudy day,0.35,15,3.75,6.2445,0.0,20.0,area_old_07,4.450659418701037
day_2,Mild cloudy day,0.35,16,4.0,6.3787,0.0,20.0,area_old_07,4.423105259362344
day_2,Mild cloudy day,0.35,17,4.25,6.522,0.0,20.0,area_old_07,4.393682673421697
day_2,Mild cloudy day,0.35,18,4.5,6.6737,0.0,20.0,area_old_07,4.362535386002325
day_2,Mild cloudy day,0.35,19,4.75,6.8333,0.0,20.0,area_old_07,4.329766057906531
day_2,Mild cloudy day,0.35,20,5.0,7.0,0.0,20.0,area_old_07,4.295538946418006
day_2,Mild cloudy day,0.35,21,5.25,7.1731,0.0,20.0,area_old_07,4.259997776659974
day_2,Mild cloudy day,0.35,22,5.5,7.3519,0.0,20.0,area_old_07,4.223286273755664
day_2,Mild cloudy day,0.35,23,5.75,7.5357,0.0,20.0,area_old_07,4.1855481628283036
day_2,Mild cloudy day,0.35,24,6.0,7.7235,0.0,20.0,area_old_07,4.146988765482502
day_2,Mild cloudy day,0.35,25,6.25,7.9147,0.0,20.0,area_old_07,4.107731274681025
day_2,Mild cloudy day,0.35,26,6.5,8.1084,0.0,20.0,area_old_07,4.067960479868022
day_2,Mild cloudy day,0.35,27,6.75,8.3038,0.0,20.0,area_old_07,4.0278406383271825
day_2,Mild cloudy day,0.35,28,7.0,8.5,0.0,20.0,area_old_07,3.9875565395026547
day_2,Mild cloudy day,0.35,29,7.25,8.6962,4.5782,20.0,area_old_07,3.9337849246438195
day_2,Mild cloudy day,0.35,30,7.5,8.8916,9.1368,20.0,area_old_07,3.8802353092630435
day_2,Mild cloudy day,0.35,31,7.75,9.0853,13.6563,20.0,area_old_07,3.827149930395816
day_2,Mild cloudy day,0.35,32,8.0,9.2765,18.1173,20.0,area_old_07,3.7747501983141323
day_2,Mild cloudy day,0.35,33,8.25,9.4643,22.5008,20.0,area_old_07,3.723276877038317
day_2,Mild cloudy day,0.35,34,8.5,9.6481,26.7878,20.0,area_old_07,3.6729091341073135
day_2,Mild cloudy day,0.35,35,8.75,9.8269,30.9602,20.0,area_old_07,3.6239056142746158
day_2,Mild cloudy day,0.35,36,9.0,10.0,35.0,20.0,area_old_07,3.576463071209303
day_2,Mild cloudy day,0.35,37,9.25,10.1667,38.8899,20.0,area_old_07,3.530776196359226
day_2,Mild cloudy day,0.35,38,9.5,10.3263,42.6133,20.0,area_old_07,3.4870376189510086
day_2,Mild cloudy day,0.35,39,9.75,10.478,46.1542,20.0,area_old_07,3.44545873275354
day_2,Mild cloudy day,0.35,40,10.0,10.6213,49.4975,20.0,area_old_07,3.406186683627034
day_2,Mild cloudy day,0.35,41,10.25,10.7555,52.6288,20.0,area_old_07,3.3694076195313998
day_2,Mild cloudy day,0.35,42,10.5,10.8801,55.5347,20.0,area_old_07,3.335263678075298
day_2,Mild cloudy day,0.35,43,10.75,10.9944,58.2029,20.0,area_old_07,3.3039348205549546
day_2,Mild cloudy day,0.35,44,11.0,11.0981,60.6218,20.0,area_old_07,3.275516817403523
day_2,Mild cloudy day,0.35,45,11.25,11.1906,62.7811,20.0,area_old_07,3.2501632056961194
day_2,Mild cloudy day,0.35,46,11.5,11.2716,64.6716,20.0,area_old_07,3.2279626853931154
day_2,Mild cloudy day,0.35,47,11.75,11.3408,66.2851,20.0,area_old_07,3.2090010104245614
day_2,Mild cloudy day,0.35,48,12.0,11.3978,67.6148,20.0,area_old_07,3.1933803424385117
day_2,Mild cloudy day,0.35,49,12.25,11.4424,68.655,20.0,area_old_07,3.1811585381287415
day_2,Mild cloudy day,0.35,50,12.5,11.4743,69.4011,20.0,area_old_07,3.172410745716128
day_2,Mild cloudy day,0.35,51,12.75,11.4936,69.8501,20.0,area_old_07,3.1671252711311872
day_2,Mild cloudy day,0.35,52,13.0,11.5,70.0,20.0,area_old_07,3.165369602915951
day_2,Mild cloudy day,0.35,53,13.25,11.4936,69.8501,20.0,area_old_07,3.1671252711311872
day_2,Mild cloudy day,0.35,54,13.5,11.4743,69.4011,20.0,area_old_07,3.172410745716128
day_2,Mild cloudy day,0.35,55,13.75,11.4424,68.655,20.0,area_old_07,3.1811585381287415
day_2,Mild cloudy day,0.35,56,14.0,11.3978,67.6148,20.0,area_old_07,3.1933803424385117
day_2,Mild cloudy day,0.35,57,14.25,11.3408,66.2851,20.0,area_old_07,3.2090010104245614
day_2,Mild cloudy day,0.35,58,14.5,11.2716,64.6716,20.0,area_old_07,3.2279626853931154
day_2,Mild cloudy day,0.35,59,14.75,11.1906,62.7811,20.0,area_old_07,3.2501632056961194
day_2,Mild cloudy day,0.35,60,15.0,11.0981,60.6218,20.0,area_old_07,3.275516817403523
day_2,Mild cloudy day,0.35,61,15.25,10.9944,58.2029,20.0,area_old_07,3.3039348205549546
day_2,Mild cloudy day,0.35,62,15.5,10.8801,55.5347,20.0,area_old_07,3.335263678075298
day_2,Mild cloudy day,0.35,63,15.75,10.7555,52.6288,20.0,area_old_07,3.3694076195313998
day_2,Mild cloudy day,0.35,64,16.0,10.6213,49.4975,20.0,area_old_07,3.406186683627034
day_2,Mild cloudy day,0.35,65,16.25,10.478,46.1542,20.0,area_old_07,3.44545873275354
day_2,Mild cloudy day,0.35,66,16.5,10.3263,42.6133,20.0,area_old_07,3.4870376189510086
day_2,Mild cloudy day,0.35,67,16.75,10.1667,38.8899,20.0,area_old_07,3.530776196359226
day_2,Mild cloudy day,0.35,68,17.0,10.0,35.0,20.0,area_old_07,3.576463071209303
day_2,Mild cloudy day,0.35,69,17.25,9.8269,30.9602,20.0,area_old_07,3.6239056142746158
day_2,Mild cloudy day,0.35,70,17.5,9.6481,26.7878,20.0,area_old_07,3.6729091341073135
day_2,Mild cloudy day,0.35,71,17.75,9.4643,22.5008,20.0,area_old_07,3.723276877038317
day_2,Mild cloudy day,0.35,72,18.0,9.2765,18.1173,20.0,area_old_07,3.7747501983141323
day_2,Mild cloudy day,0.35,73,18.25,9.0853,13.6563,20.0,area_old_07,3.827149930395816
day_2,Mild cloudy day,0.35,74,18.5,8.8916,9.1368,20.0,area_old_07,3.8802353092630435
day_2,Mild cloudy day,0.35,75,18.75,8.6962,4.5782,20.0,area_old_07,3.9337849246438195
day_2,Mild cloudy day,0.35,76,19.0,8.5,0.0,20.0,area_old_07,3.9875565395026547
day_2,Mild cloudy day,0.35,77,19.25,8.3038,0.0,20.0,area_old_07,4.0278406383271825
day_2,Mild cloudy day,0.35,78,19.5,8.1084,0.0,20.0,area_old_07,4.067960479868022
day_2,Mild cloudy day,0.35,79,19.75,7.9147,0.0,20.0,area_old_07,4.107731274681025
day_2,Mild cloudy day,0.35,80,20.0,7.7235,0.0,20.0,area_old_07,4.146988765482502
day_2,Mild cloudy day,0.35,81,20.25,7.5357,0.0,20.0,area_old_07,4.1855481628283036
day_2,Mild cloudy day,0.35,82,20.5,7.3519,0.0,20.0,area_old_07,4.223286273755664
day_2,Mild cloudy day,0.35,83,20.75,7.1731,0.0,20.0,area_old_07,4.259997776659974
day_2,Mild cloudy day,0.35,84,21.0,7.0,0.0,20.0,area_old_07,4.295538946418006
day_2,Mild cloudy day,0.35,85,21.25,6.8333,0.0,20.0,area_old_07,4.329766057906531
day_2,Mild cloudy day,0.35,86,21.5,6.6737,0.0,20.0,area_old_07,4.362535386002325
day_2,Mild cloudy day,0.35,87,21.75,6.522,0.0,20.0,area_old_07,4.393682673421697
day_2,Mild cloudy day,0.35,88,22.0,6.3787,0.0,20.0,area_old_07,4.423105259362344
day_2,Mild cloudy day,0.35,89,22.25,6.2445,0.0,20.0,area_old_07,4.450659418701037
day_2,Mild cloudy day,0.35,90,22.5,6.1199,0.0,20.0,area_old_07,4.476242490635473
day_2,Mild cloudy day,0.35,91,22.75,6.0056,0.0,20.0,area_old_07,4.499710750042422
day_2,Mild cloudy day,0.35,92,23.0,5.9019,0.0,20.0,area_old_07,4.521002600440504
day_2,Mild cloudy day,0.35,93,23.25,5.8094,0.0,20.0,area_old_07,4.53999484886695
day_2,Mild cloudy day,0.35,94,23.5,5.7284,0.0,20.0,area_old_07,4.556625898840379
day_2,Mild cloudy day,0.35,95,23.75,5.6592,0.0,20.0,area_old_07,4.5708341538794075
day_2,Mild cloudy day,0.35,0,0.0,5.6022,0.0,20.0,area_old_08,4.246197708307513
day_2,Mild cloudy day,0.35,1,0.25,5.5576,0.0,20.0,area_old_08,4.265173562706488
day_2,Mild cloudy day,0.35,2,0.5,5.5257,0.0,20.0,area_old_08,4.278745978745219
day_2,Mild cloudy day,0.35,3,0.75,5.5064,0.0,20.0,area_old_08,4.286957503182445
day_2,Mild cloudy day,0.35,4,1.0,5.5,0.0,20.0,area_old_08,4.289680495741939
day_2,Mild cloudy day,0.35,5,1.25,5.5064,0.0,20.0,area_old_08,4.286957503182445
day_2,Mild cloudy day,0.35,6,1.5,5.5257,0.0,20.0,area_old_08,4.278745978745219
day_2,Mild cloudy day,0.35,7,1.75,5.5576,0.0,20.0,area_old_08,4.265173562706488
day_2,Mild cloudy day,0.35,8,2.0,5.6022,0.0,20.0,area_old_08,4.246197708307513
day_2,Mild cloudy day,0.35,9,2.25,5.6592,0.0,20.0,area_old_08,4.221946055824515
day_2,Mild cloudy day,0.35,10,2.5,5.7284,0.0,20.0,area_old_08,4.19250369877498
day_2,Mild cloudy day,0.35,11,2.75,5.8094,0.0,20.0,area_old_08,4.158040824193879
day_2,Mild cloudy day,0.35,12,3.0,5.9019,0.0,20.0,area_old_08,4.118685072357436
day_2,Mild cloudy day,0.35,13,3.25,6.0056,0.0,20.0,area_old_08,4.074564083541877
day_2,Mild cloudy day,0.35,14,3.5,6.1199,0.0,20.0,area_old_08,4.0259331382996555
day_2,Mild cloudy day,0.35,15,3.75,6.2445,0.0,20.0,area_old_08,3.9729198769069987
day_2,Mild cloudy day,0.35,16,4.0,6.3787,0.0,20.0,area_old_08,3.915822126675099
day_2,Mild cloudy day,0.35,17,4.25,6.522,0.0,20.0,area_old_08,3.8548526213976686
day_2,Mild cloudy day,0.35,18,4.5,6.6737,0.0,20.0,area_old_08,3.790309188385902
day_2,Mild cloudy day,0.35,19,4.75,6.8333,0.0,20.0,area_old_08,3.7224045614335086
day_2,Mild cloudy day,0.35,20,5.0,7.0,0.0,20.0,area_old_08,3.651479114610427
day_2,Mild cloudy day,0.35,21,5.25,7.1731,0.0,20.0,area_old_08,3.577830675227851
day_2,Mild cloudy day,0.35,22,5.5,7.3519,0.0,20.0,area_old_08,3.501757070596974
day_2,Mild cloudy day,0.35,23,5.75,7.5357,0.0,20.0,area_old_08,3.4235561280289932
day_2,Mild cloudy day,0.35,24,6.0,7.7235,0.0,20.0,area_old_08,3.343653315111328
day_2,Mild cloudy day,0.35,25,6.25,7.9147,0.0,20.0,area_old_08,3.2623039123964306
day_2,Mild cloudy day,0.35,26,6.5,8.1084,0.0,20.0,area_old_08,3.1798908407129822
day_2,Mild cloudy day,0.35,27,6.75,8.3038,0.0,20.0,area_old_08,3.0967544741309165
day_2,Mild cloudy day,0.35,28,7.0,8.5,0.0,20.0,area_old_08,3.0132777334789145
day_2,Mild cloudy day,0.35,29,7.25,8.6962,4.5782,20.0,area_old_08,2.8972206332616697
day_2,Mild cloudy day,0.35,30,7.5,8.8916,9.1368,20.0,area_old_08,2.7816433887987513
day_2,Mild cloudy day,0.35,31,7.75,9.0853,13.6563,20.0,area_old_08,2.667067690961984
day_2,Mild cloudy day,0.35,32,8.0,9.2765,18.1173,20.0,area_old_08,2.553971972223202
day_2,Mild cloudy day,0.35,33,8.25,9.4643,22.5008,20.0,area_old_08,2.4428743652479934
day_2,Mild cloudy day,0.35,34,8.5,9.6481,26.7878,20.0,area_old_08,2.334165362425721
day_2,Mild cloudy day,0.35,35,8.75,9.8269,30.9602,20.0,area_old_08,2.228399238409491
day_2,Mild cloudy day,0.35,36,9.0,10.0,35.0,20.0,area_old_08,2.1260019159349417
day_2,Mild cloudy day,0.35,37,9.25,10.1667,38.8899,20.0,area_old_08,2.027394336248978
day_2,Mild cloudy day,0.35,38,9.5,10.3263,42.6133,20.0,area_old_08,1.9329924591097811
day_2,Mild cloudy day,0.35,39,9.75,10.478,46.1542,20.0,area_old_08,1.8432505211867898
day_2,Mild cloudy day,0.35,40,10.0,10.6213,49.4975,20.0,area_old_08,1.758488714101994
day_2,Mild cloudy day,0.35,41,10.25,10.7555,52.6288,20.0,area_old_08,1.679107341506142
day_2,Mild cloudy day,0.35,42,10.5,10.8801,55.5347,20.0,area_old_08,1.6054144971200277
day_2,Mild cloudy day,0.35,43,10.75,10.9944,58.2029,20.0,area_old_08,1.537795540128214
day_2,Mild cloudy day,0.35,44,11.0,11.0981,60.6218,20.0,area_old_08,1.476460661191567
day_2,Mild cloudy day,0.35,45,11.25,11.1906,62.7811,20.0,area_old_08,1.4217384399109692
day_2,Mild cloudy day,0.35,46,11.5,11.2716,64.6716,20.0,area_old_08,1.37382198755736
day_2,Mild cloudy day,0.35,47,11.75,11.3408,66.2851,20.0,area_old_08,1.3328972989892118
day_2,Mild cloudy day,0.35,48,12.0,11.3978,67.6148,20.0,area_old_08,1.2991829528462813
day_2,Mild cloudy day,0.35,49,12.25,11.4424,68.655,20.0,area_old_08,1.2728046061971263
day_2,Mild cloudy day,0.35,50,12.5,11.4743,69.4011,20.0,area_old_08,1.2539226348153296
day_2,Mild cloudy day,0.35,51,12.75,11.4936,69.8501,20.0,area_old_08,1.2425158411795547
day_2,Mild cloudy day,0.35,52,13.0,11.5,70.0,20.0,area_old_08,1.2387260983909687
day_2,Mild cloudy day,0.35,53,13.25,11.4936,69.8501,20.0,area_old_08,1.2425158411795547
day_2,Mild cloudy day,0.35,54,13.5,11.4743,69.4011,20.0,area_old_08,1.2539226348153296
day_2,Mild cloudy day,0.35,55,13.75,11.4424,68.655,20.0,area_old_08,1.2728046061971263
day_2,Mild cloudy day,0.35,56,14.0,11.3978,67.6148,20.0,area_old_08,1.2991829528462813
day_2,Mild cloudy day,0.35,57,14.25,11.3408,66.2851,20.0,area_old_08,1.3328972989892118
day_2,Mild cloudy day,0.35,58,14.5,11.2716,64.6716,20.0,area_old_08,1.37382198755736
day_2,Mild cloudy day,0.35,59,14.75,11.1906,62.7811,20.0,area_old_08,1.4217384399109692
day_2,Mild cloudy day,0.35,60,15.0,11.0981,60.6218,20.0,area_old_08,1.476460661191567
day_2,Mild cloudy day,0.35,61,15.25,10.9944,58.2029,20.0,area_old_08,1.537795540128214
day_2,Mild cloudy day,0.35,62,15.5,10.8801,55.5347,20.0,area_old_08,1.6054144971200277
day_2,Mild cloudy day,0.35,63,15.75,10.7555,52.6288,20.0,area_old_08,1.679107341506142
day_2,Mild cloudy day,0.35,64,16.0,10.6213,49.4975,20.0,area_old_08,1.758488714101994
day_2,Mild cloudy day,0.35,65,16.25,10.478,46.1542,20.0,area_old_08,1.8432505211867898
day_2,Mild cloudy day,0.35,66,16.5,10.3263,42.6133,20.0,area_old_08,1.9329924591097811
day_2,Mild cloudy day,0.35,67,16.75,10.1667,38.8899,20.0,area_old_08,2.027394336248978
day_2,Mild cloudy day,0.35,68,17.0,10.0,35.0,20.0,area_old_08,2.1260019159349417
day_2,Mild cloudy day,0.35,69,17.25,9.8269,30.9602,20.0,area_old_08,2.228399238409491
day_2,Mild cloudy day,0.35,70,17.5,9.6481,26.7878,20.0,area_old_08,2.334165362425721
day_2,Mild cloudy day,0.35,71,17.75,9.4643,22.5008,20.0,area_old_08,2.4428743652479934
day_2,Mild cloudy day,0.35,72,18.0,9.2765,18.1173,20.0,area_old_08,2.553971972223202
day_2,Mild cloudy day,0.35,73,18.25,9.0853,13.6563,20.0,area_old_08,2.667067690961984
day_2,Mild cloudy day,0.35,74,18.5,8.8916,9.1368,20.0,area_old_08,2.7816433887987513
day_2,Mild cloudy day,0.35,75,18.75,8.6962,4.5782,20.0,area_old_08,2.8972206332616697
day_2,Mild cloudy day,0.35,76,19.0,8.5,0.0,20.0,area_old_08,3.0132777334789145
day_2,Mild cloudy day,0.35,77,19.25,8.3038,0.0,20.0,area_old_08,3.0967544741309165
day_2,Mild cloudy day,0.35,78,19.5,8.1084,0.0,20.0,area_old_08,3.1798908407129822
day_2,Mild cloudy day,0.35,79,19.75,7.9147,0.0,20.0,area_old_08,3.2623039123964306
day_2,Mild cloudy day,0.35,80,20.0,7.7235,0.0,20.0,area_old_08,3.343653315111328
day_2,Mild cloudy day,0.35,81,20.25,7.5357,0.0,20.0,area_old_08,3.4235561280289932
day_2,Mild cloudy day,0.35,82,20.5,7.3519,0.0,20.0,area_old_08,3.501757070596974
day_2,Mild cloudy day,0.35,83,20.75,7.1731,0.0,20.0,area_old_08,3.577830675227851
day_2,Mild cloudy day,0.35,84,21.0,7.0,0.0,20.0,area_old_08,3.651479114610427
day_2,Mild cloudy day,0.35,85,21.25,6.8333,0.0,20.0,area_old_08,3.7224045614335086
day_2,Mild cloudy day,0.35,86,21.5,6.6737,0.0,20.0,area_old_08,3.790309188385902
day_2,Mild cloudy day,0.35,87,21.75,6.522,0.0,20.0,area_old_08,3.8548526213976686
day_2,Mild cloudy day,0.35,88,22.0,6.3787,0.0,20.0,area_old_08,3.915822126675099
day_2,Mild cloudy day,0.35,89,22.25,6.2445,0.0,20.0,area_old_08,3.9729198769069987
day_2,Mild cloudy day,0.35,90,22.5,6.1199,0.0,20.0,area_old_08,4.0259331382996555
day_2,Mild cloudy day,0.35,91,22.75,6.0056,0.0,20.0,area_old_08,4.074564083541877
day_2,Mild cloudy day,0.35,92,23.0,5.9019,0.0,20.0,area_old_08,4.118685072357436
day_2,Mild cloudy day,0.35,93,23.25,5.8094,0.0,20.0,area_old_08,4.158040824193879
day_2,Mild cloudy day,0.35,94,23.5,5.7284,0.0,20.0,area_old_08,4.19250369877498
day_2,Mild cloudy day,0.35,95,23.75,5.6592,0.0,20.0,area_old_08,4.221946055824515
day_2,Mild cloudy day,0.35,0,0.0,5.6022,0.0,20.0,area_weak_01,2.960800026887177
day_2,Mild cloudy day,0.35,1,0.25,5.5576,0.0,20.0,area_weak_01,2.967584290610688
day_2,Mild cloudy day,0.35,2,0.5,5.5257,0.0,20.0,area_weak_01,2.9724367124218993
day_2,Mild cloudy day,0.35,3,0.75,5.5064,0.0,20.0,area_weak_01,2.9753725036744507
day_2,Mild cloudy day,0.35,4,1.0,5.5,0.0,20.0,area_weak_01,2.976346030307421
day_2,Mild cloudy day,0.35,5,1.25,5.5064,0.0,20.0,area_weak_01,2.9753725036744507
day_2,Mild cloudy day,0.35,6,1.5,5.5257,0.0,20.0,area_weak_01,2.9724367124218993
day_2,Mild cloudy day,0.35,7,1.75,5.5576,0.0,20.0,area_weak_01,2.967584290610688
day_2,Mild cloudy day,0.35,8,2.0,5.6022,0.0,20.0,area_weak_01,2.960800026887177
day_2,Mild cloudy day,0.35,9,2.25,5.6592,0.0,20.0,area_weak_01,2.9521295553122853
day_2,Mild cloudy day,0.35,10,2.5,5.7284,0.0,20.0,area_weak_01,2.9416032985932947
day_2,Mild cloudy day,0.35,11,2.75,5.8094,0.0,20.0,area_weak_01,2.9292821021447644
day_2,Mild cloudy day,0.35,12,3.0,5.9019,0.0,20.0,area_weak_01,2.9152116000276163
day_2,Mild cloudy day,0.35,13,3.25,6.0056,0.0,20.0,area_weak_01,2.89943742630277
day_2,Mild cloudy day,0.35,14,3.5,6.1199,0.0,20.0,area_weak_01,2.8820508490920664
day_2,Mild cloudy day,0.35,15,3.75,6.2445,0.0,20.0,area_weak_01,2.8630975024564274
day_2,Mild cloudy day,0.35,16,4.0,6.3787,0.0,20.0,area_weak_01,2.842683865871332
day_2,Mild cloudy day,0.35,17,4.25,6.522,0.0,20.0,area_weak_01,2.820885996104982
day_2,Mild cloudy day,0.35,18,4.5,6.6737,0.0,20.0,area_weak_01,2.797810372632859
day_2,Mild cloudy day,0.35,19,4.75,6.8333,0.0,20.0,area_weak_01,2.773533052223163
day_2,Mild cloudy day,0.35,20,5.0,7.0,0.0,20.0,area_weak_01,2.748175725705016
day_2,Mild cloudy day,0.35,21,5.25,7.1731,0.0,20.0,area_weak_01,2.7218448725538984
day_2,Mild cloudy day,0.35,22,5.5,7.3519,0.0,20.0,area_weak_01,2.694646972245292
day_2,Mild cloudy day,0.35,23,5.75,7.5357,0.0,20.0,area_weak_01,2.666688504254677
day_2,Mild cloudy day,0.35,24,6.0,7.7235,0.0,20.0,area_weak_01,2.638121582118456
day_2,Mild cloudy day,0.35,25,6.25,7.9147,0.0,20.0,area_weak_01,2.6090374739584696
day_2,Mild cloudy day,0.35,26,6.5,8.1084,0.0,20.0,area_weak_01,2.579573081957479
day_2,Mild cloudy day,0.35,27,6.75,8.3038,0.0,20.0,area_weak_01,2.5498500969446054
day_2,Mild cloudy day,0.35,28,7.0,8.5,0.0,20.0,area_weak_01,2.520005421102611
day_2,Mild cloudy day,0.35,29,7.25,8.6962,4.5782,20.0,area_weak_01,2.470802739639617
day_2,Mild cloudy day,0.35,30,7.5,8.8916,9.1368,20.0,area_weak_01,2.421804623696709
day_2,Mild cloudy day,0.35,31,7.75,9.0853,13.6563,20.0,area_weak_01,2.373230427317555
day_2,Mild cloudy day,0.35,32,8.0,9.2765,18.1173,20.0,area_weak_01,2.3252838703621306
day_2,Mild cloudy day,0.35,33,8.25,9.4643,22.5008,20.0,area_weak_01,2.2781821927238237
day_2,Mild cloudy day,0.35,34,8.5,9.6481,26.7878,20.0,area_weak_01,2.232097000235104
day_2,Mild cloudy day,0.35,35,8.75,9.8269,30.9602,20.0,area_weak_01,2.1872569386724985
day_2,Mild cloudy day,0.35,36,9.0,10.0,35.0,20.0,area_weak_01,2.143844596921557
day_2,Mild cloudy day,0.35,37,9.25,10.1667,38.8899,20.0,area_weak_01,2.102039604057439
day_2,Mild cloudy day,0.35,38,9.5,10.3263,42.6133,20.0,area_weak_01,2.0620186293449105
day_2,Mild cloudy day,0.35,39,9.75,10.478,46.1542,20.0,area_weak_01,2.0239710164220437
day_2,Mild cloudy day,0.35,40,10.0,10.6213,49.4975,20.0,area_weak_01,1.9880366693954854
day_2,Mild cloudy day,0.35,41,10.25,10.7555,52.6288,20.0,area_weak_01,1.9543829552687726
day_2,Mild cloudy day,0.35,42,10.5,10.8801,55.5347,20.0,area_weak_01,1.9231425900376014
day_2,Mild cloudy day,0.35,43,10.75,10.9944,58.2029,20.0,area_weak_01,1.8944740612743336
day_2,Mild cloudy day,0.35,44,11.0,11.0981,60.6218,20.0,area_weak_01,1.868472051326379
day_2,Mild cloudy day,0.35,45,11.25,11.1906,62.7811,20.0,area_weak_01,1.8452713798113403
day_2,Mild cloudy day,0.35,46,11.5,11.2716,64.6716,20.0,area_weak_01,1.8249565811552835
day_2,Mild cloudy day,0.35,47,11.75,11.3408,66.2851,20.0,area_weak_01,1.8076079614837168
day_2,Mild cloudy day,0.35,48,12.0,11.3978,67.6148,20.0,area_weak_01,1.7933151186550047
day_2,Mild cloudy day,0.35,49,12.25,11.4424,68.655,20.0,area_weak_01,1.7821325766896159
day_2,Mild cloudy day,0.35,50,12.5,11.4743,69.4011,20.0,area_weak_01,1.7741254198310439
day_2,Mild cloudy day,0.35,51,12.75,11.4936,69.8501,20.0,area_weak_01,1.7692911216273266
day_2,Mild cloudy day,0.35,52,13.0,11.5,70.0,20.0,area_weak_01,1.767683772740504
day_2,Mild cloudy day,0.35,53,13.25,11.4936,69.8501,20.0,area_weak_01,1.7692911216273266
day_2,Mild cloudy day,0.35,54,13.5,11.4743,69.4011,20.0,area_weak_01,1.7741254198310439
day_2,Mild cloudy day,0.35,55,13.75,11.4424,68.655,20.0,area_weak_01,1.7821325766896159
day_2,Mild cloudy day,0.35,56,14.0,11.3978,67.6148,20.0,area_weak_01,1.7933151186550047
day_2,Mild cloudy day,0.35,57,14.25,11.3408,66.2851,20.0,area_weak_01,1.8076079614837168
day_2,Mild cloudy day,0.35,58,14.5,11.2716,64.6716,20.0,area_weak_01,1.8249565811552835
day_2,Mild cloudy day,0.35,59,14.75,11.1906,62.7811,20.0,area_weak_01,1.8452713798113403
day_2,Mild cloudy day,0.35,60,15.0,11.0981,60.6218,20.0,area_weak_01,1.868472051326379
day_2,Mild cloudy day,0.35,61,15.25,10.9944,58.2029,20.0,area_weak_01,1.8944740612743336
day_2,Mild cloudy day,0.35,62,15.5,10.8801,55.5347,20.0,area_weak_01,1.9231425900376014
day_2,Mild cloudy day,0.35,63,15.75,10.7555,52.6288,20.0,area_weak_01,1.9543829552687726
day_2,Mild cloudy day,0.35,64,16.0,10.6213,49.4975,20.0,area_weak_01,1.9880366693954854
day_2,Mild cloudy day,0.35,65,16.25,10.478,46.1542,20.0,area_weak_01,2.0239710164220437
day_2,Mild cloudy day,0.35,66,16.5,10.3263,42.6133,20.0,area_weak_01,2.0620186293449105
day_2,Mild cloudy day,0.35,67,16.75,10.1667,38.8899,20.0,area_weak_01,2.102039604057439
day_2,Mild cloudy day,0.35,68,17.0,10.0,35.0,20.0,area_weak_01,2.143844596921557
day_2,Mild cloudy day,0.35,69,17.25,9.8269,30.9602,20.0,area_weak_01,2.1872569386724985
day_2,Mild cloudy day,0.35,70,17.5,9.6481,26.7878,20.0,area_weak_01,2.232097000235104
day_2,Mild cloudy day,0.35,71,17.75,9.4643,22.5008,20.0,area_weak_01,2.2781821927238237
day_2,Mild cloudy day,0.35,72,18.0,9.2765,18.1173,20.0,area_weak_01,2.3252838703621306
day_2,Mild cloudy day,0.35,73,18.25,9.0853,13.6563,20.0,area_weak_01,2.373230427317555
day_2,Mild cloudy day,0.35,74,18.5,8.8916,9.1368,20.0,area_weak_01,2.421804623696709
day_2,Mild cloudy day,0.35,75,18.75,8.6962,4.5782,20.0,area_weak_01,2.470802739639617
day_2,Mild cloudy day,0.35,76,19.0,8.5,0.0,20.0,area_weak_01,2.520005421102611
day_2,Mild cloudy day,0.35,77,19.25,8.3038,0.0,20.0,area_weak_01,2.5498500969446054
day_2,Mild cloudy day,0.35,78,19.5,8.1084,0.0,20.0,area_weak_01,2.579573081957479
day_2,Mild cloudy day,0.35,79,19.75,7.9147,0.0,20.0,area_weak_01,2.6090374739584696
day_2,Mild cloudy day,0.35,80,20.0,7.7235,0.0,20.0,area_weak_01,2.638121582118456
day_2,Mild cloudy day,0.35,81,20.25,7.5357,0.0,20.0,area_weak_01,2.666688504254677
day_2,Mild cloudy day,0.35,82,20.5,7.3519,0.0,20.0,area_weak_01,2.694646972245292
day_2,Mild cloudy day,0.35,83,20.75,7.1731,0.0,20.0,area_weak_01,2.7218448725538984
day_2,Mild cloudy day,0.35,84,21.0,7.0,0.0,20.0,area_weak_01,2.748175725705016
day_2,Mild cloudy day,0.35,85,21.25,6.8333,0.0,20.0,area_weak_01,2.773533052223163
day_2,Mild cloudy day,0.35,86,21.5,6.6737,0.0,20.0,area_weak_01,2.797810372632859
day_2,Mild cloudy day,0.35,87,21.75,6.522,0.0,20.0,area_weak_01,2.820885996104982
day_2,Mild cloudy day,0.35,88,22.0,6.3787,0.0,20.0,area_weak_01,2.842683865871332
day_2,Mild cloudy day,0.35,89,22.25,6.2445,0.0,20.0,area_weak_01,2.8630975024564274
day_2,Mild cloudy day,0.35,90,22.5,6.1199,0.0,20.0,area_weak_01,2.8820508490920664
day_2,Mild cloudy day,0.35,91,22.75,6.0056,0.0,20.0,area_weak_01,2.89943742630277
day_2,Mild cloudy day,0.35,92,23.0,5.9019,0.0,20.0,area_weak_01,2.9152116000276163
day_2,Mild cloudy day,0.35,93,23.25,5.8094,0.0,20.0,area_weak_01,2.9292821021447644
day_2,Mild cloudy day,0.35,94,23.5,5.7284,0.0,20.0,area_weak_01,2.9416032985932947
day_2,Mild cloudy day,0.35,95,23.75,5.6592,0.0,20.0,area_weak_01,2.9521295553122853
day_2,Mild cloudy day,0.35,0,0.0,5.6022,0.0,20.0,area_weak_02,4.220131028076704
day_2,Mild cloudy day,0.35,1,0.25,5.5576,0.0,20.0,area_weak_02,4.226424412682886
day_2,Mild cloudy day,0.35,2,0.5,5.5257,0.0,20.0,area_weak_02,4.230925734856366
day_2,Mild cloudy day,0.35,3,0.75,5.5064,0.0,20.0,area_weak_02,4.233649105324961
day_2,Mild cloudy day,0.35,4,1.0,5.5,0.0,20.0,area_weak_02,4.23455219190522
day_2,Mild cloudy day,0.35,5,1.25,5.5064,0.0,20.0,area_weak_02,4.233649105324961
day_2,Mild cloudy day,0.35,6,1.5,5.5257,0.0,20.0,area_weak_02,4.230925734856366
day_2,Mild cloudy day,0.35,7,1.75,5.5576,0.0,20.0,area_weak_02,4.226424412682886
day_2,Mild cloudy day,0.35,8,2.0,5.6022,0.0,20.0,area_weak_02,4.220131028076704
day_2,Mild cloudy day,0.35,9,2.25,5.6592,0.0,20.0,area_weak_02,4.21208791322127
day_2,Mild cloudy day,0.35,10,2.5,5.7284,0.0,20.0,area_weak_02,4.202323289572217
day_2,Mild cloudy day,0.35,11,2.75,5.8094,0.0,20.0,area_weak_02,4.190893600040809
day_2,Mild cloudy day,0.35,12,3.0,5.9019,0.0,20.0,area_weak_02,4.1778411768104995
day_2,Mild cloudy day,0.35,13,3.25,6.0056,0.0,20.0,area_weak_02,4.163208352064736
day_2,Mild cloudy day,0.35,14,3.5,6.1199,0.0,20.0,area_weak_02,4.147079790170417
day_2,Mild cloudy day,0.35,15,3.75,6.2445,0.0,20.0,area_weak_02,4.129497823310993
day_2,Mild cloudy day,0.35,16,4.0,6.3787,0.0,20.0,area_weak_02,4.110561226581182
day_2,Mild cloudy day,0.35,17,4.25,6.522,0.0,20.0,area_weak_02,4.090340553620063
day_2,Mild cloudy day,0.35,18,4.5,6.6737,0.0,20.0,area_weak_02,4.068934579522355
day_2,Mild cloudy day,0.35,19,4.75,6.8333,0.0,20.0,area_weak_02,4.0464138579271385
day_2,Mild cloudy day,0.35,20,5.0,7.0,0.0,20.0,area_weak_02,4.022891274656947
day_2,Mild cloudy day,0.35,21,5.25,7.1731,0.0,20.0,area_weak_02,3.998465604806497
day_2,Mild cloudy day,0.35,22,5.5,7.3519,0.0,20.0,area_weak_02,3.9732356234705026
day_2,Mild cloudy day,0.35,23,5.75,7.5357,0.0,20.0,area_weak_02,3.9473001057436807
day_2,Mild cloudy day,0.35,24,6.0,7.7235,0.0,20.0,area_weak_02,3.920800158904197
day_2,Mild cloudy day,0.35,25,6.25,7.9147,0.0,20.0,area_weak_02,3.8938204473189506
day_2,Mild cloudy day,0.35,26,6.5,8.1084,0.0,20.0,area_weak_02,3.8664879675382906
day_2,Mild cloudy day,0.35,27,6.75,8.3038,0.0,20.0,area_weak_02,3.8389156053847486
day_2,Mild cloudy day,0.35,28,7.0,8.5,0.0,20.0,area_weak_02,3.8112303574086748
day_2,Mild cloudy day,0.35,29,7.25,8.6962,4.5782,20.0,area_weak_02,3.7801242921953424
day_2,Mild cloudy day,0.35,30,7.5,8.8916,9.1368,20.0,area_weak_02,3.74914575786545
day_2,Mild cloudy day,0.35,31,7.75,9.0853,13.6563,20.0,area_weak_02,3.7184363213105573
day_2,Mild cloudy day,0.35,32,8.0,9.2765,18.1173,20.0,area_weak_02,3.688123363974708
day_2,Mild cloudy day,0.35,33,8.25,9.4643,22.5008,20.0,area_weak_02,3.6583480791509677
day_2,Mild cloudy day,0.35,34,8.5,9.6481,26.7878,20.0,area_weak_02,3.6292093279489537
day_2,Mild cloudy day,0.35,35,8.75,9.8269,30.9602,20.0,area_weak_02,3.6008617419122606
day_2,Mild cloudy day,0.35,36,9.0,10.0,35.0,20.0,area_weak_02,3.573417545681338
day_2,Mild cloudy day,0.35,37,9.25,10.1667,38.8899,20.0,area_weak_02,3.5469884408587435
day_2,Mild cloudy day,0.35,38,9.5,10.3263,42.6133,20.0,area_weak_02,3.5216856060091457
day_2,Mild cloudy day,0.35,39,9.75,10.478,46.1542,20.0,area_weak_02,3.4976338821068396
day_2,Mild cloudy day,0.35,40,10.0,10.6213,49.4975,20.0,area_weak_02,3.4749151054653824
day_2,Mild cloudy day,0.35,41,10.25,10.7555,52.6288,20.0,area_weak_02,3.4536388108160763
day_2,Mild cloudy day,0.35,42,10.5,10.8801,55.5347,20.0,area_weak_02,3.4338855642376043
day_2,Mild cloudy day,0.35,43,10.75,10.9944,58.2029,20.0,area_weak_02,3.415763331347599
day_2,Mild cloudy day,0.35,44,11.0,11.0981,60.6218,20.0,area_weak_02,3.3993231118145375
day_2,Mild cloudy day,0.35,45,11.25,11.1906,62.7811,20.0,area_weak_02,3.3846572661342664
day_2,Mild cloudy day,0.35,46,11.5,11.2716,64.6716,20.0,area_weak_02,3.3718150007024974
day_2,Mild cloudy day,0.35,47,11.75,11.3408,66.2851,20.0,area_weak_02,3.3608447747179593
day_2,Mild cloudy day,0.35,48,12.0,11.3978,67.6148,20.0,area_weak_02,3.351808112031416
day_2,Mild cloudy day,0.35,49,12.25,11.4424,68.655,20.0,area_weak_02,3.344737493121316
day_2,Mild cloudy day,0.35,50,12.5,11.4743,69.4011,20.0,area_weak_02,3.339678687277241
day_2,Mild cloudy day,0.35,51,12.75,11.4936,69.8501,20.0,area_weak_02,3.3366198253623294
day_2,Mild cloudy day,0.35,52,13.0,11.5,70.0,20.0,area_weak_02,3.335604733954001
day_2,Mild cloudy day,0.35,53,13.25,11.4936,69.8501,20.0,area_weak_02,3.3366198253623294
day_2,Mild cloudy day,0.35,54,13.5,11.4743,69.4011,20.0,area_weak_02,3.339678687277241
day_2,Mild cloudy day,0.35,55,13.75,11.4424,68.655,20.0,area_weak_02,3.344737493121316
day_2,Mild cloudy day,0.35,56,14.0,11.3978,67.6148,20.0,area_weak_02,3.351808112031416
day_2,Mild cloudy day,0.35,57,14.25,11.3408,66.2851,20.0,area_weak_02,3.3608447747179593
day_2,Mild cloudy day,0.35,58,14.5,11.2716,64.6716,20.0,area_weak_02,3.3718150007024974
day_2,Mild cloudy day,0.35,59,14.75,11.1906,62.7811,20.0,area_weak_02,3.3846572661342664
day_2,Mild cloudy day,0.35,60,15.0,11.0981,60.6218,20.0,area_weak_02,3.3993231118145375
day_2,Mild cloudy day,0.35,61,15.25,10.9944,58.2029,20.0,area_weak_02,3.415763331347599
day_2,Mild cloudy day,0.35,62,15.5,10.8801,55.5347,20.0,area_weak_02,3.4338855642376043
day_2,Mild cloudy day,0.35,63,15.75,10.7555,52.6288,20.0,area_weak_02,3.4536388108160763
day_2,Mild cloudy day,0.35,64,16.0,10.6213,49.4975,20.0,area_weak_02,3.4749151054653824
day_2,Mild cloudy day,0.35,65,16.25,10.478,46.1542,20.0,area_weak_02,3.4976338821068396
day_2,Mild cloudy day,0.35,66,16.5,10.3263,42.6133,20.0,area_weak_02,3.5216856060091457
day_2,Mild cloudy day,0.35,67,16.75,10.1667,38.8899,20.0,area_weak_02,3.5469884408587435
day_2,Mild cloudy day,0.35,68,17.0,10.0,35.0,20.0,area_weak_02,3.573417545681338
day_2,Mild cloudy day,0.35,69,17.25,9.8269,30.9602,20.0,area_weak_02,3.6008617419122606
day_2,Mild cloudy day,0.35,70,17.5,9.6481,26.7878,20.0,area_weak_02,3.6292093279489537
day_2,Mild cloudy day,0.35,71,17.75,9.4643,22.5008,20.0,area_weak_02,3.6583480791509677
day_2,Mild cloudy day,0.35,72,18.0,9.2765,18.1173,20.0,area_weak_02,3.688123363974708
day_2,Mild cloudy day,0.35,73,18.25,9.0853,13.6563,20.0,area_weak_02,3.7184363213105573
day_2,Mild cloudy day,0.35,74,18.5,8.8916,9.1368,20.0,area_weak_02,3.74914575786545
day_2,Mild cloudy day,0.35,75,18.75,8.6962,4.5782,20.0,area_weak_02,3.7801242921953424
day_2,Mild cloudy day,0.35,76,19.0,8.5,0.0,20.0,area_weak_02,3.8112303574086748
day_2,Mild cloudy day,0.35,77,19.25,8.3038,0.0,20.0,area_weak_02,3.8389156053847486
day_2,Mild cloudy day,0.35,78,19.5,8.1084,0.0,20.0,area_weak_02,3.8664879675382906
day_2,Mild cloudy day,0.35,79,19.75,7.9147,0.0,20.0,area_weak_02,3.8938204473189506
day_2,Mild cloudy day,0.35,80,20.0,7.7235,0.0,20.0,area_weak_02,3.920800158904197
day_2,Mild cloudy day,0.35,81,20.25,7.5357,0.0,20.0,area_weak_02,3.9473001057436807
day_2,Mild cloudy day,0.35,82,20.5,7.3519,0.0,20.0,area_weak_02,3.9732356234705026
day_2,Mild cloudy day,0.35,83,20.75,7.1731,0.0,20.0,area_weak_02,3.998465604806497
day_2,Mild cloudy day,0.35,84,21.0,7.0,0.0,20.0,area_weak_02,4.022891274656947
day_2,Mild cloudy day,0.35,85,21.25,6.8333,0.0,20.0,area_weak_02,4.0464138579271385
day_2,Mild cloudy day,0.35,86,21.5,6.6737,0.0,20.0,area_weak_02,4.068934579522355
day_2,Mild cloudy day,0.35,87,21.75,6.522,0.0,20.0,area_weak_02,4.090340553620063
day_2,Mild cloudy day,0.35,88,22.0,6.3787,0.0,20.0,area_weak_02,4.110561226581182
day_2,Mild cloudy day,0.35,89,22.25,6.2445,0.0,20.0,area_weak_02,4.129497823310993
day_2,Mild cloudy day,0.35,90,22.5,6.1199,0.0,20.0,area_weak_02,4.147079790170417
day_2,Mild cloudy day,0.35,91,22.75,6.0056,0.0,20.0,area_weak_02,4.163208352064736
day_2,Mild cloudy day,0.35,92,23.0,5.9019,0.0,20.0,area_weak_02,4.1778411768104995
day_2,Mild cloudy day,0.35,93,23.25,5.8094,0.0,20.0,area_weak_02,4.190893600040809
day_2,Mild cloudy day,0.35,94,23.5,5.7284,0.0,20.0,area_weak_02,4.202323289572217
day_2,Mild cloudy day,0.35,95,23.75,5.6592,0.0,20.0,area_weak_02,4.21208791322127
day_2,Mild cloudy day,0.35,0,0.0,5.6022,0.0,20.0,area_weak_03,3.30244260525115
day_2,Mild cloudy day,0.35,1,0.25,5.5576,0.0,20.0,area_weak_03,3.3084993464453376
day_2,Mild cloudy day,0.35,2,0.5,5.5257,0.0,20.0,area_weak_03,3.312831410214275
day_2,Mild cloudy day,0.35,3,0.75,5.5064,0.0,20.0,area_weak_03,3.315452376695168
day_2,Mild cloudy day,0.35,4,1.0,5.5,0.0,20.0,area_weak_03,3.3163215054763966
day_2,Mild cloudy day,0.35,5,1.25,5.5064,0.0,20.0,area_weak_03,3.315452376695168
day_2,Mild cloudy day,0.35,6,1.5,5.5257,0.0,20.0,area_weak_03,3.312831410214275
day_2,Mild cloudy day,0.35,7,1.75,5.5576,0.0,20.0,area_weak_03,3.3084993464453376
day_2,Mild cloudy day,0.35,8,2.0,5.6022,0.0,20.0,area_weak_03,3.30244260525115
day_2,Mild cloudy day,0.35,9,2.25,5.6592,0.0,20.0,area_weak_03,3.2947019270433318
day_2,Mild cloudy day,0.35,10,2.5,5.7284,0.0,20.0,area_weak_03,3.285304472096296
day_2,Mild cloudy day,0.35,11,2.75,5.8094,0.0,20.0,area_weak_03,3.2743045609588695
day_2,Mild cloudy day,0.35,12,3.0,5.9019,0.0,20.0,area_weak_03,3.261742934042673
day_2,Mild cloudy day,0.35,13,3.25,6.0056,0.0,20.0,area_weak_03,3.247660331759326
day_2,Mild cloudy day,0.35,14,3.5,6.1199,0.0,20.0,area_weak_03,3.232138234932069
day_2,Mild cloudy day,0.35,15,3.75,6.2445,0.0,20.0,area_weak_03,3.215217383972522
day_2,Mild cloudy day,0.35,16,4.0,6.3787,0.0,20.0,area_weak_03,3.196992839841132
day_2,Mild cloudy day,0.35,17,4.25,6.522,0.0,20.0,area_weak_03,3.177532503223932
day_2,Mild cloudy day,0.35,18,4.5,6.6737,0.0,20.0,area_weak_03,3.1569314350813698
day_2,Mild cloudy day,0.35,19,4.75,6.8333,0.0,20.0,area_weak_03,3.135257536099478
day_2,Mild cloudy day,0.35,20,5.0,7.0,0.0,20.0,area_weak_03,3.112619447375911
day_2,Mild cloudy day,0.35,21,5.25,7.1731,0.0,20.0,area_weak_03,3.0891122298711147
day_2,Mild cloudy day,0.35,22,5.5,7.3519,0.0,20.0,area_weak_03,3.0648309445455366
day_2,Mild cloudy day,0.35,23,5.75,7.5357,0.0,20.0,area_weak_03,3.0398706523596237
day_2,Mild cloudy day,0.35,24,6.0,7.7235,0.0,20.0,area_weak_03,3.014367154685443
day_2,Mild cloudy day,0.35,25,6.25,7.9147,0.0,20.0,area_weak_03,2.9884019323462345
day_2,Mild cloudy day,0.35,26,6.5,8.1084,0.0,20.0,area_weak_03,2.9620972065768587
day_2,Mild cloudy day,0.35,27,6.75,8.3038,0.0,20.0,area_weak_03,2.9355616184749684
day_2,Mild cloudy day,0.35,28,7.0,8.5,0.0,20.0,area_weak_03,2.908917389275425
day_2,Mild cloudy day,0.35,29,7.25,8.6962,4.5782,20.0,area_weak_03,2.8621460530697673
day_2,Mild cloudy day,0.35,30,7.5,8.8916,9.1368,20.0,area_weak_03,2.815569525297685
day_2,Mild cloudy day,0.35,31,7.75,9.0853,13.6563,20.0,area_weak_03,2.769395754900697
day_2,Mild cloudy day,0.35,32,8.0,9.2765,18.1173,20.0,area_weak_03,2.7238186710538486
day_2,Mild cloudy day,0.35,33,8.25,9.4643,22.5008,20.0,area_weak_03,2.6790440245523333
day_2,Mild cloudy day,0.35,34,8.5,9.6481,26.7878,20.0,area_weak_03,2.6352368257797245
day_2,Mild cloudy day,0.35,35,8.75,9.8269,30.9602,20.0,area_weak_03,2.5926124490050366
day_2,Mild cloudy day,0.35,36,9.0,10.0,35.0,20.0,area_weak_03,2.5513450884564026
day_2,Mild cloudy day,0.35,37,9.25,10.1667,38.8899,20.0,area_weak_03,2.511605860957097
day_2,Mild cloudy day,0.35,38,9.5,10.3263,42.6133,20.0,area_weak_03,2.4735628059255426
day_2,Mild cloudy day,0.35,39,9.75,10.478,46.1542,20.0,area_weak_03,2.4373949051417783
day_2,Mild cloudy day,0.35,40,10.0,10.6213,49.4975,20.0,area_weak_03,2.4032364433108393
day_2,Mild cloudy day,0.35,41,10.25,10.7555,52.6288,20.0,area_weak_03,2.371245788007319
day_2,Mild cloudy day,0.35,42,10.5,10.8801,55.5347,20.0,area_weak_03,2.341549750238749
day_2,Mild cloudy day,0.35,43,10.75,10.9944,58.2029,20.0,area_weak_03,2.3142974653651605
day_2,Mild cloudy day,0.35,44,11.0,11.0981,60.6218,20.0,area_weak_03,2.289580670792903
day_2,Mild cloudy day,0.35,45,11.25,11.1906,62.7811,20.0,area_weak_03,2.267526129159503
day_2,Mild cloudy day,0.35,46,11.5,11.2716,64.6716,20.0,area_weak_03,2.2482150267689507
day_2,Mild cloudy day,0.35,47,11.75,11.3408,66.2851,20.0,area_weak_03,2.231724153632591
day_2,Mild cloudy day,0.35,48,12.0,11.3978,67.6148,20.0,area_weak_03,2.2181377250892624
day_2,Mild cloudy day,0.35,49,12.25,11.4424,68.655,20.0,area_weak_03,2.2075079602814798
day_2,Mild cloudy day,0.35,50,12.5,11.4743,69.4011,20.0,area_weak_03,2.1998958225670484
day_2,Mild cloudy day,0.35,51,12.75,11.4936,69.8501,20.0,area_weak_03,2.195300920686709
day_2,Mild cloudy day,0.35,52,13.0,11.5,70.0,20.0,area_weak_03,2.1937727876373803
day_2,Mild cloudy day,0.35,53,13.25,11.4936,69.8501,20.0,area_weak_03,2.195300920686709
day_2,Mild cloudy day,0.35,54,13.5,11.4743,69.4011,20.0,area_weak_03,2.1998958225670484
day_2,Mild cloudy day,0.35,55,13.75,11.4424,68.655,20.0,area_weak_03,2.2075079602814798
day_2,Mild cloudy day,0.35,56,14.0,11.3978,67.6148,20.0,area_weak_03,2.2181377250892624
day_2,Mild cloudy day,0.35,57,14.25,11.3408,66.2851,20.0,area_weak_03,2.231724153632591
day_2,Mild cloudy day,0.35,58,14.5,11.2716,64.6716,20.0,area_weak_03,2.2482150267689507
day_2,Mild cloudy day,0.35,59,14.75,11.1906,62.7811,20.0,area_weak_03,2.267526129159503
day_2,Mild cloudy day,0.35,60,15.0,11.0981,60.6218,20.0,area_weak_03,2.289580670792903
day_2,Mild cloudy day,0.35,61,15.25,10.9944,58.2029,20.0,area_weak_03,2.3142974653651605
day_2,Mild cloudy day,0.35,62,15.5,10.8801,55.5347,20.0,area_weak_03,2.341549750238749
day_2,Mild cloudy day,0.35,63,15.75,10.7555,52.6288,20.0,area_weak_03,2.371245788007319
day_2,Mild cloudy day,0.35,64,16.0,10.6213,49.4975,20.0,area_weak_03,2.4032364433108393
day_2,Mild cloudy day,0.35,65,16.25,10.478,46.1542,20.0,area_weak_03,2.4373949051417783
day_2,Mild cloudy day,0.35,66,16.5,10.3263,42.6133,20.0,area_weak_03,2.4735628059255426
day_2,Mild cloudy day,0.35,67,16.75,10.1667,38.8899,20.0,area_weak_03,2.511605860957097
day_2,Mild cloudy day,0.35,68,17.0,10.0,35.0,20.0,area_weak_03,2.5513450884564026
day_2,Mild cloudy day,0.35,69,17.25,9.8269,30.9602,20.0,area_weak_03,2.5926124490050366
day_2,Mild cloudy day,0.35,70,17.5,9.6481,26.7878,20.0,area_weak_03,2.6352368257797245
day_2,Mild cloudy day,0.35,71,17.75,9.4643,22.5008,20.0,area_weak_03,2.6790440245523333
day_2,Mild cloudy day,0.35,72,18.0,9.2765,18.1173,20.0,area_weak_03,2.7238186710538486
day_2,Mild cloudy day,0.35,73,18.25,9.0853,13.6563,20.0,area_weak_03,2.769395754900697
day_2,Mild cloudy day,0.35,74,18.5,8.8916,9.1368,20.0,area_weak_03,2.815569525297685
day_2,Mild cloudy day,0.35,75,18.75,8.6962,4.5782,20.0,area_weak_03,2.8621460530697673
day_2,Mild cloudy day,0.35,76,19.0,8.5,0.0,20.0,area_weak_03,2.908917389275425
day_2,Mild cloudy day,0.35,77,19.25,8.3038,0.0,20.0,area_weak_03,2.9355616184749684
day_2,Mild cloudy day,0.35,78,19.5,8.1084,0.0,20.0,area_weak_03,2.9620972065768587
day_2,Mild cloudy day,0.35,79,19.75,7.9147,0.0,20.0,area_weak_03,2.9884019323462345
day_2,Mild cloudy day,0.35,80,20.0,7.7235,0.0,20.0,area_weak_03,3.014367154685443
day_2,Mild cloudy day,0.35,81,20.25,7.5357,0.0,20.0,area_weak_03,3.0398706523596237
day_2,Mild cloudy day,0.35,82,20.5,7.3519,0.0,20.0,area_weak_03,3.0648309445455366
day_2,Mild cloudy day,0.35,83,20.75,7.1731,0.0,20.0,area_weak_03,3.0891122298711147
day_2,Mild cloudy day,0.35,84,21.0,7.0,0.0,20.0,area_weak_03,3.112619447375911
day_2,Mild cloudy day,0.35,85,21.25,6.8333,0.0,20.0,area_weak_03,3.135257536099478
day_2,Mild cloudy day,0.35,86,21.5,6.6737,0.0,20.0,area_weak_03,3.1569314350813698
day_2,Mild cloudy day,0.35,87,21.75,6.522,0.0,20.0,area_weak_03,3.177532503223932
day_2,Mild cloudy day,0.35,88,22.0,6.3787,0.0,20.0,area_weak_03,3.196992839841132
day_2,Mild cloudy day,0.35,89,22.25,6.2445,0.0,20.0,area_weak_03,3.215217383972522
day_2,Mild cloudy day,0.35,90,22.5,6.1199,0.0,20.0,area_weak_03,3.232138234932069
day_2,Mild cloudy day,0.35,91,22.75,6.0056,0.0,20.0,area_weak_03,3.247660331759326
day_2,Mild cloudy day,0.35,92,23.0,5.9019,0.0,20.0,area_weak_03,3.261742934042673
day_2,Mild cloudy day,0.35,93,23.25,5.8094,0.0,20.0,area_weak_03,3.2743045609588695
day_2,Mild cloudy day,0.35,94,23.5,5.7284,0.0,20.0,area_weak_03,3.285304472096296
day_2,Mild cloudy day,0.35,95,23.75,5.6592,0.0,20.0,area_weak_03,3.2947019270433318
day_2,Mild cloudy day,0.35,0,0.0,5.6022,0.0,20.0,area_weak_04,2.902692389106671
day_2,Mild cloudy day,0.35,1,0.25,5.5576,0.0,20.0,area_weak_04,2.908491721553235
day_2,Mild cloudy day,0.35,2,0.5,5.5257,0.0,20.0,area_weak_04,2.9126396745811585
day_2,Mild cloudy day,0.35,3,0.75,5.5064,0.0,20.0,area_weak_04,2.915149251177991
day_2,Mild cloudy day,0.35,4,1.0,5.5,0.0,20.0,area_weak_04,2.915981442381085
day_2,Mild cloudy day,0.35,5,1.25,5.5064,0.0,20.0,area_weak_04,2.915149251177991
day_2,Mild cloudy day,0.35,6,1.5,5.5257,0.0,20.0,area_weak_04,2.9126396745811585
day_2,Mild cloudy day,0.35,7,1.75,5.5576,0.0,20.0,area_weak_04,2.908491721553235
day_2,Mild cloudy day,0.35,8,2.0,5.6022,0.0,20.0,area_weak_04,2.902692389106671
day_2,Mild cloudy day,0.35,9,2.25,5.6592,0.0,20.0,area_weak_04,2.895280686204111
day_2,Mild cloudy day,0.35,10,2.5,5.7284,0.0,20.0,area_weak_04,2.886282618820653
day_2,Mild cloudy day,0.35,11,2.75,5.8094,0.0,20.0,area_weak_04,2.875750198906489
day_2,Mild cloudy day,0.35,12,3.0,5.9019,0.0,20.0,area_weak_04,2.8637224354242647
day_2,Mild cloudy day,0.35,13,3.25,6.0056,0.0,20.0,area_weak_04,2.850238337336626
day_2,Mild cloudy day,0.35,14,3.5,6.1199,0.0,20.0,area_weak_04,2.8353759225688613
day_2,Mild cloudy day,0.35,15,3.75,6.2445,0.0,20.0,area_weak_04,2.819174200083617
day_2,Mild cloudy day,0.35,16,4.0,6.3787,0.0,20.0,area_weak_04,2.801724190793731
day_2,Mild cloudy day,0.35,17,4.25,6.522,0.0,20.0,area_weak_04,2.783090909636945
day_2,Mild cloudy day,0.35,18,4.5,6.6737,0.0,20.0,area_weak_04,2.763365377526098
day_2,Mild cloudy day,0.35,19,4.75,6.8333,0.0,20.0,area_weak_04,2.7426126093989307
day_2,Mild cloudy day,0.35,20,5.0,7.0,0.0,20.0,area_weak_04,2.720936629155831
day_2,Mild cloudy day,0.35,21,5.25,7.1731,0.0,20.0,area_weak_04,2.6984284577096367
day_2,Mild cloudy day,0.35,22,5.5,7.3519,0.0,20.0,area_weak_04,2.6751791159731866
day_2,Mild cloudy day,0.35,23,5.75,7.5357,0.0,20.0,area_weak_04,2.6512796248593187
day_2,Mild cloudy day,0.35,24,6.0,7.7235,0.0,20.0,area_weak_04,2.6268600142435172
day_2,Mild cloudy day,0.35,25,6.25,7.9147,0.0,20.0,area_weak_04,2.6019983020510713
day_2,Mild cloudy day,0.35,26,6.5,8.1084,0.0,20.0,area_weak_04,2.5768115151699167
day_2,Mild cloudy day,0.35,27,6.75,8.3038,0.0,20.0,area_weak_04,2.5514036775004403
day_2,Mild cloudy day,0.35,28,7.0,8.5,0.0,20.0,area_weak_04,2.525891815930577
day_2,Mild cloudy day,0.35,29,7.25,8.6962,4.5782,20.0,area_weak_04,2.497796415139073
day_2,Mild cloudy day,0.35,30,7.5,8.8916,9.1368,20.0,area_weak_04,2.4698160987889413
day_2,Mild cloudy day,0.35,31,7.75,9.0853,13.6563,20.0,area_weak_04,2.442078897877774
day_2,Mild cloudy day,0.35,32,8.0,9.2765,18.1173,20.0,area_weak_04,2.4146997839842794
day_2,Mild cloudy day,0.35,33,8.25,9.4643,22.5008,20.0,area_weak_04,2.3878065059493907
day_2,Mild cloudy day,0.35,34,8.5,9.6481,26.7878,20.0,area_weak_04,2.3614878036513947
day_2,Mild cloudy day,0.35,35,8.75,9.8269,30.9602,20.0,area_weak_04,2.335883921036788
day_2,Mild cloudy day,0.35,36,9.0,10.0,35.0,20.0,area_weak_04,2.3110960366580904
day_2,Mild cloudy day,0.35,37,9.25,10.1667,38.8899,20.0,area_weak_04,2.287224934048501
day_2,Mild cloudy day,0.35,38,9.5,10.3263,42.6133,20.0,area_weak_04,2.264371001721898
day_2,Mild cloudy day,0.35,39,9.75,10.478,46.1542,20.0,area_weak_04,2.242647292591718
day_2,Mild cloudy day,0.35,40,10.0,10.6213,49.4975,20.0,area_weak_04,2.2221273427267687
day_2,Mild cloudy day,0.35,41,10.25,10.7555,52.6288,20.0,area_weak_04,2.2029102991516343
day_2,Mild cloudy day,0.35,42,10.5,10.8801,55.5347,20.0,area_weak_04,2.185068738602485
day_2,Mild cloudy day,0.35,43,10.75,10.9944,58.2029,20.0,area_weak_04,2.168700623045943
day_2,Mild cloudy day,0.35,44,11.0,11.0981,60.6218,20.0,area_weak_04,2.1538515074791134
day_2,Mild cloudy day,0.35,45,11.25,11.1906,62.7811,20.0,area_weak_04,2.1406052222544387
day_2,Mild cloudy day,0.35,46,11.5,11.2716,64.6716,20.0,area_weak_04,2.1290059680170668
day_2,Mild cloudy day,0.35,47,11.75,11.3408,66.2851,20.0,area_weak_04,2.1190973810988307
day_2,Mild cloudy day,0.35,48,12.0,11.3978,67.6148,20.0,area_weak_04,2.1109353107804707
day_2,Mild cloudy day,0.35,49,12.25,11.4424,68.655,20.0,area_weak_04,2.104548979622983
day_2,Mild cloudy day,0.35,50,12.5,11.4743,69.4011,20.0,area_weak_04,2.0999799924302636
day_2,Mild cloudy day,0.35,51,12.75,11.4936,69.8501,20.0,area_weak_04,2.097217039154712
day_2,Mild cloudy day,0.35,52,13.0,11.5,70.0,20.0,area_weak_04,2.0963002573856038
day_2,Mild cloudy day,0.35,53,13.25,11.4936,69.8501,20.0,area_weak_04,2.097217039154712
day_2,Mild cloudy day,0.35,54,13.5,11.4743,69.4011,20.0,area_weak_04,2.0999799924302636
day_2,Mild cloudy day,0.35,55,13.75,11.4424,68.655,20.0,area_weak_04,2.104548979622983
day_2,Mild cloudy day,0.35,56,14.0,11.3978,67.6148,20.0,area_weak_04,2.1109353107804707
day_2,Mild cloudy day,0.35,57,14.25,11.3408,66.2851,20.0,area_weak_04,2.1190973810988307
day_2,Mild cloudy day,0.35,58,14.5,11.2716,64.6716,20.0,area_weak_04,2.1290059680170668
day_2,Mild cloudy day,0.35,59,14.75,11.1906,62.7811,20.0,area_weak_04,2.1406052222544387
day_2,Mild cloudy day,0.35,60,15.0,11.0981,60.6218,20.0,area_weak_04,2.1538515074791134
day_2,Mild cloudy day,0.35,61,15.25,10.9944,58.2029,20.0,area_weak_04,2.168700623045943
day_2,Mild cloudy day,0.35,62,15.5,10.8801,55.5347,20.0,area_weak_04,2.185068738602485
day_2,Mild cloudy day,0.35,63,15.75,10.7555,52.6288,20.0,area_weak_04,2.2029102991516343
day_2,Mild cloudy day,0.35,64,16.0,10.6213,49.4975,20.0,area_weak_04,2.2221273427267687
day_2,Mild cloudy day,0.35,65,16.25,10.478,46.1542,20.0,area_weak_04,2.242647292591718
day_2,Mild cloudy day,0.35,66,16.5,10.3263,42.6133,20.0,area_weak_04,2.264371001721898
day_2,Mild cloudy day,0.35,67,16.75,10.1667,38.8899,20.0,area_weak_04,2.287224934048501
day_2,Mild cloudy day,0.35,68,17.0,10.0,35.0,20.0,area_weak_04,2.3110960366580904
day_2,Mild cloudy day,0.35,69,17.25,9.8269,30.9602,20.0,area_weak_04,2.335883921036788
day_2,Mild cloudy day,0.35,70,17.5,9.6481,26.7878,20.0,area_weak_04,2.3614878036513947
day_2,Mild cloudy day,0.35,71,17.75,9.4643,22.5008,20.0,area_weak_04,2.3878065059493907
day_2,Mild cloudy day,0.35,72,18.0,9.2765,18.1173,20.0,area_weak_04,2.4146997839842794
day_2,Mild cloudy day,0.35,73,18.25,9.0853,13.6563,20.0,area_weak_04,2.442078897877774
day_2,Mild cloudy day,0.35,74,18.5,8.8916,9.1368,20.0,area_weak_04,2.4698160987889413
day_2,Mild cloudy day,0.35,75,18.75,8.6962,4.5782,20.0,area_weak_04,2.497796415139073
day_2,Mild cloudy day,0.35,76,19.0,8.5,0.0,20.0,area_weak_04,2.525891815930577
day_2,Mild cloudy day,0.35,77,19.25,8.3038,0.0,20.0,area_weak_04,2.5514036775004403
day_2,Mild cloudy day,0.35,78,19.5,8.1084,0.0,20.0,area_weak_04,2.5768115151699167
day_2,Mild cloudy day,0.35,79,19.75,7.9147,0.0,20.0,area_weak_04,2.6019983020510713
day_2,Mild cloudy day,0.35,80,20.0,7.7235,0.0,20.0,area_weak_04,2.6268600142435172
day_2,Mild cloudy day,0.35,81,20.25,7.5357,0.0,20.0,area_weak_04,2.6512796248593187
day_2,Mild cloudy day,0.35,82,20.5,7.3519,0.0,20.0,area_weak_04,2.6751791159731866
day_2,Mild cloudy day,0.35,83,20.75,7.1731,0.0,20.0,area_weak_04,2.6984284577096367
day_2,Mild cloudy day,0.35,84,21.0,7.0,0.0,20.0,area_weak_04,2.720936629155831
day_2,Mild cloudy day,0.35,85,21.25,6.8333,0.0,20.0,area_weak_04,2.7426126093989307
day_2,Mild cloudy day,0.35,86,21.5,6.6737,0.0,20.0,area_weak_04,2.763365377526098
day_2,Mild cloudy day,0.35,87,21.75,6.522,0.0,20.0,area_weak_04,2.783090909636945
day_2,Mild cloudy day,0.35,88,22.0,6.3787,0.0,20.0,area_weak_04,2.801724190793731
day_2,Mild cloudy day,0.35,89,22.25,6.2445,0.0,20.0,area_weak_04,2.819174200083617
day_2,Mild cloudy day,0.35,90,22.5,6.1199,0.0,20.0,area_weak_04,2.8353759225688613
day_2,Mild cloudy day,0.35,91,22.75,6.0056,0.0,20.0,area_weak_04,2.850238337336626
day_2,Mild cloudy day,0.35,92,23.0,5.9019,0.0,20.0,area_weak_04,2.8637224354242647
day_2,Mild cloudy day,0.35,93,23.25,5.8094,0.0,20.0,area_weak_04,2.875750198906489
day_2,Mild cloudy day,0.35,94,23.5,5.7284,0.0,20.0,area_weak_04,2.886282618820653
day_2,Mild cloudy day,0.35,95,23.75,5.6592,0.0,20.0,area_weak_04,2.895280686204111
day_2,Mild cloudy day,0.35,0,0.0,5.6022,0.0,20.0,area_weak_05,1.7942993965128524
day_2,Mild cloudy day,0.35,1,0.25,5.5576,0.0,20.0,area_weak_05,1.8003114474062543
day_2,Mild cloudy day,0.35,2,0.5,5.5257,0.0,20.0,area_weak_05,1.804611546587858
day_2,Mild cloudy day,0.35,3,0.75,5.5064,0.0,20.0,area_weak_05,1.807213173992402
day_2,Mild cloudy day,0.35,4,1.0,5.5,0.0,20.0,area_weak_05,1.8080758898156704
day_2,Mild cloudy day,0.35,5,1.25,5.5064,0.0,20.0,area_weak_05,1.807213173992402
day_2,Mild cloudy day,0.35,6,1.5,5.5257,0.0,20.0,area_weak_05,1.804611546587858
day_2,Mild cloudy day,0.35,7,1.75,5.5576,0.0,20.0,area_weak_05,1.8003114474062543
day_2,Mild cloudy day,0.35,8,2.0,5.6022,0.0,20.0,area_weak_05,1.7942993965128524
day_2,Mild cloudy day,0.35,9,2.25,5.6592,0.0,20.0,area_weak_05,1.7866158337118678
day_2,Mild cloudy day,0.35,10,2.5,5.7284,0.0,20.0,area_weak_05,1.7772877188727776
day_2,Mild cloudy day,0.35,11,2.75,5.8094,0.0,20.0,area_weak_05,1.7663689717345363
day_2,Mild cloudy day,0.35,12,3.0,5.9019,0.0,20.0,area_weak_05,1.7539000321013594
day_2,Mild cloudy day,0.35,13,3.25,6.0056,0.0,20.0,area_weak_05,1.7399213397774629
day_2,Mild cloudy day,0.35,14,3.5,6.1199,0.0,20.0,area_weak_05,1.724513774371278
day_2,Mild cloudy day,0.35,15,3.75,6.2445,0.0,20.0,area_weak_05,1.7077177756870203
day_2,Mild cloudy day,0.35,16,4.0,6.3787,0.0,20.0,area_weak_05,1.6896277032678602
day_2,Mild cloudy day,0.35,17,4.25,6.522,0.0,20.0,area_weak_05,1.67031095678749
day_2,Mild cloudy day,0.35,18,4.5,6.6737,0.0,20.0,area_weak_05,1.64986189578908
day_2,Mild cloudy day,0.35,19,4.75,6.8333,0.0,20.0,area_weak_05,1.628347919946323
day_2,Mild cloudy day,0.35,20,5.0,7.0,0.0,20.0,area_weak_05,1.6058768687371279
day_2,Mild cloudy day,0.35,21,5.25,7.1731,0.0,20.0,area_weak_05,1.582543101704664
day_2,Mild cloudy day,0.35,22,5.5,7.3519,0.0,20.0,area_weak_05,1.5584409783921016
day_2,Mild cloudy day,0.35,23,5.75,7.5357,0.0,20.0,area_weak_05,1.533664858342611
day_2,Mild cloudy day,0.35,24,6.0,7.7235,0.0,20.0,area_weak_05,1.5083495409035776
day_2,Mild cloudy day,0.35,25,6.25,7.9147,0.0,20.0,area_weak_05,1.4825759056834327
day_2,Mild cloudy day,0.35,26,6.5,8.1084,0.0,20.0,area_weak_05,1.4564652720948235
day_2,Mild cloudy day,0.35,27,6.75,8.3038,0.0,20.0,area_weak_05,1.4301254796156586
day_2,Mild cloudy day,0.35,28,7.0,8.5,0.0,20.0,area_weak_05,1.4036778476585854
day_2,Mild cloudy day,0.35,29,7.25,8.6962,4.5782,20.0,area_weak_05,1.359928742439853
day_2,Mild cloudy day,0.35,30,7.5,8.8916,9.1368,20.0,area_weak_05,1.3163615470489327
day_2,Mild cloudy day,0.35,31,7.75,9.0853,13.6563,20.0,area_weak_05,1.2731712733384266
day_2,Mild cloudy day,0.35,32,8.0,9.2765,18.1173,20.0,area_weak_05,1.2305390753162504
day_2,Mild cloudy day,0.35,33,8.25,9.4643,22.5008,20.0,area_weak_05,1.1886580752852633
day_2,Mild cloudy day,0.35,34,8.5,9.6481,26.7878,20.0,area_weak_05,1.1476809557441094
day_2,Mild cloudy day,0.35,35,8.75,9.8269,30.9602,20.0,area_weak_05,1.1078109177408506
day_2,Mild cloudy day,0.35,36,9.0,10.0,35.0,20.0,area_weak_05,1.069210344609385
day_2,Mild cloudy day,0.35,37,9.25,10.1667,38.8899,20.0,area_weak_05,1.0320389743139708
day_2,Mild cloudy day,0.35,38,9.5,10.3263,42.6133,20.0,area_weak_05,0.9964538994492269
day_2,Mild cloudy day,0.35,39,9.75,10.478,46.1542,20.0,area_weak_05,0.9626234250848198
day_2,Mild cloudy day,0.35,40,10.0,10.6213,49.4975,20.0,area_weak_05,0.9306720152966641
day_2,Mild cloudy day,0.35,41,10.25,10.7555,52.6288,20.0,area_weak_05,0.9007484486605117
day_2,Mild cloudy day,0.35,42,10.5,10.8801,55.5347,20.0,area_weak_05,0.872970764783153
day_2,Mild cloudy day,0.35,43,10.75,10.9944,58.2029,20.0,area_weak_05,0.8474798061314222
day_2,Mild cloudy day,0.35,44,11.0,11.0981,60.6218,20.0,area_weak_05,0.8243598500635592
day_2,Mild cloudy day,0.35,45,11.25,11.1906,62.7811,20.0,area_weak_05,0.8037307009126899
day_2,Mild cloudy day,0.35,46,11.5,11.2716,64.6716,20.0,area_weak_05,0.7856675661982906
day_2,Mild cloudy day,0.35,47,11.75,11.3408,66.2851,20.0,area_weak_05,0.7702418743403534
day_2,Mild cloudy day,0.35,48,12.0,11.3978,67.6148,20.0,area_weak_05,0.7575332429543289
day_2,Mild cloudy day,0.35,49,12.25,11.4424,68.655,20.0,area_weak_05,0.7475901727767593
day_2,Mild cloudy day,0.35,50,12.5,11.4743,69.4011,20.0,area_weak_05,0.7404704874694894
day_2,Mild cloudy day,0.35,51,12.75,11.4936,69.8501,20.0,area_weak_05,0.7361720443962363
day_2,Mild cloudy day,0.35,52,13.0,11.5,70.0,20.0,area_weak_05,0.7347428415601851
day_2,Mild cloudy day,0.35,53,13.25,11.4936,69.8501,20.0,area_weak_05,0.7361720443962363
day_2,Mild cloudy day,0.35,54,13.5,11.4743,69.4011,20.0,area_weak_05,0.7404704874694894
day_2,Mild cloudy day,0.35,55,13.75,11.4424,68.655,20.0,area_weak_05,0.7475901727767593
day_2,Mild cloudy day,0.35,56,14.0,11.3978,67.6148,20.0,area_weak_05,0.7575332429543289
day_2,Mild cloudy day,0.35,57,14.25,11.3408,66.2851,20.0,area_weak_05,0.7702418743403534
day_2,Mild cloudy day,0.35,58,14.5,11.2716,64.6716,20.0,area_weak_05,0.7856675661982906
day_2,Mild cloudy day,0.35,59,14.75,11.1906,62.7811,20.0,area_weak_05,0.8037307009126899
day_2,Mild cloudy day,0.35,60,15.0,11.0981,60.6218,20.0,area_weak_05,0.8243598500635592
day_2,Mild cloudy day,0.35,61,15.25,10.9944,58.2029,20.0,area_weak_05,0.8474798061314222
day_2,Mild cloudy day,0.35,62,15.5,10.8801,55.5347,20.0,area_weak_05,0.872970764783153
day_2,Mild cloudy day,0.35,63,15.75,10.7555,52.6288,20.0,area_weak_05,0.9007484486605117
day_2,Mild cloudy day,0.35,64,16.0,10.6213,49.4975,20.0,area_weak_05,0.9306720152966641
day_2,Mild cloudy day,0.35,65,16.25,10.478,46.1542,20.0,area_weak_05,0.9626234250848198
day_2,Mild cloudy day,0.35,66,16.5,10.3263,42.6133,20.0,area_weak_05,0.9964538994492269
day_2,Mild cloudy day,0.35,67,16.75,10.1667,38.8899,20.0,area_weak_05,1.0320389743139708
day_2,Mild cloudy day,0.35,68,17.0,10.0,35.0,20.0,area_weak_05,1.069210344609385
day_2,Mild cloudy day,0.35,69,17.25,9.8269,30.9602,20.0,area_weak_05,1.1078109177408506
day_2,Mild cloudy day,0.35,70,17.5,9.6481,26.7878,20.0,area_weak_05,1.1476809557441094
day_2,Mild cloudy day,0.35,71,17.75,9.4643,22.5008,20.0,area_weak_05,1.1886580752852633
day_2,Mild cloudy day,0.35,72,18.0,9.2765,18.1173,20.0,area_weak_05,1.2305390753162504
day_2,Mild cloudy day,0.35,73,18.25,9.0853,13.6563,20.0,area_weak_05,1.2731712733384266
day_2,Mild cloudy day,0.35,74,18.5,8.8916,9.1368,20.0,area_weak_05,1.3163615470489327
day_2,Mild cloudy day,0.35,75,18.75,8.6962,4.5782,20.0,area_weak_05,1.359928742439853
day_2,Mild cloudy day,0.35,76,19.0,8.5,0.0,20.0,area_weak_05,1.4036778476585854
day_2,Mild cloudy day,0.35,77,19.25,8.3038,0.0,20.0,area_weak_05,1.4301254796156586
day_2,Mild cloudy day,0.35,78,19.5,8.1084,0.0,20.0,area_weak_05,1.4564652720948235
day_2,Mild cloudy day,0.35,79,19.75,7.9147,0.0,20.0,area_weak_05,1.4825759056834327
day_2,Mild cloudy day,0.35,80,20.0,7.7235,0.0,20.0,area_weak_05,1.5083495409035776
day_2,Mild cloudy day,0.35,81,20.25,7.5357,0.0,20.0,area_weak_05,1.533664858342611
day_2,Mild cloudy day,0.35,82,20.5,7.3519,0.0,20.0,area_weak_05,1.5584409783921016
day_2,Mild cloudy day,0.35,83,20.75,7.1731,0.0,20.0,area_weak_05,1.582543101704664
day_2,Mild cloudy day,0.35,84,21.0,7.0,0.0,20.0,area_weak_05,1.6058768687371279
day_2,Mild cloudy day,0.35,85,21.25,6.8333,0.0,20.0,area_weak_05,1.628347919946323
day_2,Mild cloudy day,0.35,86,21.5,6.6737,0.0,20.0,area_weak_05,1.64986189578908
day_2,Mild cloudy day,0.35,87,21.75,6.522,0.0,20.0,area_weak_05,1.67031095678749
day_2,Mild cloudy day,0.35,88,22.0,6.3787,0.0,20.0,area_weak_05,1.6896277032678602
day_2,Mild cloudy day,0.35,89,22.25,6.2445,0.0,20.0,area_weak_05,1.7077177756870203
day_2,Mild cloudy day,0.35,90,22.5,6.1199,0.0,20.0,area_weak_05,1.724513774371278
day_2,Mild cloudy day,0.35,91,22.75,6.0056,0.0,20.0,area_weak_05,1.7399213397774629
day_2,Mild cloudy day,0.35,92,23.0,5.9019,0.0,20.0,area_weak_05,1.7539000321013594
day_2,Mild cloudy day,0.35,93,23.25,5.8094,0.0,20.0,area_weak_05,1.7663689717345363
day_2,Mild cloudy day,0.35,94,23.5,5.7284,0.0,20.0,area_weak_05,1.7772877188727776
day_2,Mild cloudy day,0.35,95,23.75,5.6592,0.0,20.0,area_weak_05,1.7866158337118678
day_2,Mild cloudy day,0.35,0,0.0,5.6022,0.0,20.0,area_weak_06,6.940306959240472
day_2,Mild cloudy day,0.35,1,0.25,5.5576,0.0,20.0,area_weak_06,6.9607786656285064
day_2,Mild cloudy day,0.35,2,0.5,5.5257,0.0,20.0,area_weak_06,6.975420984771518
day_2,Mild cloudy day,0.35,3,0.75,5.5064,0.0,20.0,area_weak_06,6.984279817356476
day_2,Mild cloudy day,0.35,4,1.0,5.5,0.0,20.0,area_weak_06,6.987217461322471
day_2,Mild cloudy day,0.35,5,1.25,5.5064,0.0,20.0,area_weak_06,6.984279817356476
day_2,Mild cloudy day,0.35,6,1.5,5.5257,0.0,20.0,area_weak_06,6.975420984771518
day_2,Mild cloudy day,0.35,7,1.75,5.5576,0.0,20.0,area_weak_06,6.9607786656285064
day_2,Mild cloudy day,0.35,8,2.0,5.6022,0.0,20.0,area_weak_06,6.940306959240472
day_2,Mild cloudy day,0.35,9,2.25,5.6592,0.0,20.0,area_weak_06,6.91414356766832
day_2,Mild cloudy day,0.35,10,2.5,5.7284,0.0,20.0,area_weak_06,6.882380292285987
day_2,Mild cloudy day,0.35,11,2.75,5.8094,0.0,20.0,area_weak_06,6.84520073584135
day_2,Mild cloudy day,0.35,12,3.0,5.9019,0.0,20.0,area_weak_06,6.802742600395312
day_2,Mild cloudy day,0.35,13,3.25,6.0056,0.0,20.0,area_weak_06,6.755143588008783
day_2,Mild cloudy day,0.35,14,3.5,6.1199,0.0,20.0,area_weak_06,6.702679102803573
day_2,Mild cloudy day,0.35,15,3.75,6.2445,0.0,20.0,area_weak_06,6.645486846840588
day_2,Mild cloudy day,0.35,16,4.0,6.3787,0.0,20.0,area_weak_06,6.583888124928608
day_2,Mild cloudy day,0.35,17,4.25,6.522,0.0,20.0,area_weak_06,6.518112440502478
day_2,Mild cloudy day,0.35,18,4.5,6.6737,0.0,20.0,area_weak_06,6.448481098370978
day_2,Mild cloudy day,0.35,19,4.75,6.8333,0.0,20.0,area_weak_06,6.375223601968951
day_2,Mild cloudy day,0.35,20,5.0,7.0,0.0,20.0,area_weak_06,6.298707156792148
day_2,Mild cloudy day,0.35,21,5.25,7.1731,0.0,20.0,area_weak_06,6.219253067649349
day_2,Mild cloudy day,0.35,22,5.5,7.3519,0.0,20.0,area_weak_06,6.1371826393493345
day_2,Mild cloudy day,0.35,23,5.75,7.5357,0.0,20.0,area_weak_06,6.052817176700886
day_2,Mild cloudy day,0.35,24,6.0,7.7235,0.0,20.0,area_weak_06,5.96661568657369
day_2,Mild cloudy day,0.35,25,6.25,7.9147,0.0,20.0,area_weak_06,5.878853573089558
day_2,Mild cloudy day,0.35,26,6.5,8.1084,0.0,20.0,area_weak_06,5.78994394243121
day_2,Mild cloudy day,0.35,27,6.75,8.3038,0.0,20.0,area_weak_06,5.700254000094392
day_2,Mild cloudy day,0.35,28,7.0,8.5,0.0,20.0,area_weak_06,5.610196852261827
day_2,Mild cloudy day,0.35,29,7.25,8.6962,4.5782,20.0,area_weak_06,5.501925630928611
day_2,Mild cloudy day,0.35,30,7.5,8.8916,9.1368,20.0,area_weak_06,5.39409959242735
day_2,Mild cloudy day,0.35,31,7.75,9.0853,13.6563,20.0,area_weak_06,5.287209422433413
day_2,Mild cloudy day,0.35,32,8.0,9.2765,18.1173,20.0,area_weak_06,5.181699508091653
day_2,Mild cloudy day,0.35,33,8.25,9.4643,22.5008,20.0,area_weak_06,5.078058545859679
day_2,Mild cloudy day,0.35,34,8.5,9.6481,26.7878,20.0,area_weak_06,4.976637530134195
day_2,Mild cloudy day,0.35,35,8.75,9.8269,30.9602,20.0,area_weak_06,4.877967477467812
day_2,Mild cloudy day,0.35,36,9.0,10.0,35.0,20.0,area_weak_06,4.782441304508683
day_2,Mild cloudy day,0.35,37,9.25,10.1667,38.8899,20.0,area_weak_06,4.6904491430000945
day_2,Mild cloudy day,0.35,38,9.5,10.3263,42.6133,20.0,area_weak_06,4.602378339780473
day_2,Mild cloudy day,0.35,39,9.75,10.478,46.1542,20.0,area_weak_06,4.518659755313897
day_2,Mild cloudy day,0.35,40,10.0,10.6213,49.4975,20.0,area_weak_06,4.43958296741157
day_2,Mild cloudy day,0.35,41,10.25,10.7555,52.6288,20.0,area_weak_06,4.365526570353773
day_2,Mild cloudy day,0.35,42,10.5,10.8801,55.5347,20.0,area_weak_06,4.2967733786113245
day_2,Mild cloudy day,0.35,43,10.75,10.9944,58.2029,20.0,area_weak_06,4.23369363174991
day_2,Mild cloudy day,0.35,44,11.0,11.0981,60.6218,20.0,area_weak_06,4.1764711816824756
day_2,Mild cloudy day,0.35,45,11.25,11.1906,62.7811,20.0,area_weak_06,4.125422410416695
day_2,Mild cloudy day,0.35,46,11.5,11.2716,64.6716,20.0,area_weak_06,4.080721621620265
day_2,Mild cloudy day,0.35,47,11.75,11.3408,66.2851,20.0,area_weak_06,4.042539140525361
day_2,Mild cloudy day,0.35,48,12.0,11.3978,67.6148,20.0,area_weak_06,4.011085623241397
day_2,Mild cloudy day,0.35,49,12.25,11.4424,68.655,20.0,area_weak_06,3.9864755482247807
day_2,Mild cloudy day,0.35,50,12.5,11.4743,69.4011,20.0,area_weak_06,3.968864918339811
day_2,Mild cloudy day,0.35,51,12.75,11.4936,69.8501,20.0,area_weak_06,3.9582197682060807
day_2,Mild cloudy day,0.35,52,13.0,11.5,70.0,20.0,area_weak_06,3.954685756755539
day_2,Mild cloudy day,0.35,53,13.25,11.4936,69.8501,20.0,area_weak_06,3.9582197682060807
day_2,Mild cloudy day,0.35,54,13.5,11.4743,69.4011,20.0,area_weak_06,3.968864918339811
day_2,Mild cloudy day,0.35,55,13.75,11.4424,68.655,20.0,area_weak_06,3.9864755482247807
day_2,Mild cloudy day,0.35,56,14.0,11.3978,67.6148,20.0,area_weak_06,4.011085623241397
day_2,Mild cloudy day,0.35,57,14.25,11.3408,66.2851,20.0,area_weak_06,4.042539140525361
day_2,Mild cloudy day,0.35,58,14.5,11.2716,64.6716,20.0,area_weak_06,4.080721621620265
day_2,Mild cloudy day,0.35,59,14.75,11.1906,62.7811,20.0,area_weak_06,4.125422410416695
day_2,Mild cloudy day,0.35,60,15.0,11.0981,60.6218,20.0,area_weak_06,4.1764711816824756
day_2,Mild cloudy day,0.35,61,15.25,10.9944,58.2029,20.0,area_weak_06,4.23369363174991
day_2,Mild cloudy day,0.35,62,15.5,10.8801,55.5347,20.0,area_weak_06,4.2967733786113245
day_2,Mild cloudy day,0.35,63,15.75,10.7555,52.6288,20.0,area_weak_06,4.365526570353773
day_2,Mild cloudy day,0.35,64,16.0,10.6213,49.4975,20.0,area_weak_06,4.43958296741157
day_2,Mild cloudy day,0.35,65,16.25,10.478,46.1542,20.0,area_weak_06,4.518659755313897
day_2,Mild cloudy day,0.35,66,16.5,10.3263,42.6133,20.0,area_weak_06,4.602378339780473
day_2,Mild cloudy day,0.35,67,16.75,10.1667,38.8899,20.0,area_weak_06,4.6904491430000945
day_2,Mild cloudy day,0.35,68,17.0,10.0,35.0,20.0,area_weak_06,4.782441304508683
day_2,Mild cloudy day,0.35,69,17.25,9.8269,30.9602,20.0,area_weak_06,4.877967477467812
day_2,Mild cloudy day,0.35,70,17.5,9.6481,26.7878,20.0,area_weak_06,4.976637530134195
day_2,Mild cloudy day,0.35,71,17.75,9.4643,22.5008,20.0,area_weak_06,5.078058545859679
day_2,Mild cloudy day,0.35,72,18.0,9.2765,18.1173,20.0,area_weak_06,5.181699508091653
day_2,Mild cloudy day,0.35,73,18.25,9.0853,13.6563,20.0,area_weak_06,5.287209422433413
day_2,Mild cloudy day,0.35,74,18.5,8.8916,9.1368,20.0,area_weak_06,5.39409959242735
day_2,Mild cloudy day,0.35,75,18.75,8.6962,4.5782,20.0,area_weak_06,5.501925630928611
day_2,Mild cloudy day,0.35,76,19.0,8.5,0.0,20.0,area_weak_06,5.610196852261827
day_2,Mild cloudy day,0.35,77,19.25,8.3038,0.0,20.0,area_weak_06,5.700254000094392
day_2,Mild cloudy day,0.35,78,19.5,8.1084,0.0,20.0,area_weak_06,5.78994394243121
day_2,Mild cloudy day,0.35,79,19.75,7.9147,0.0,20.0,area_weak_06,5.878853573089558
day_2,Mild cloudy day,0.35,80,20.0,7.7235,0.0,20.0,area_weak_06,5.96661568657369
day_2,Mild cloudy day,0.35,81,20.25,7.5357,0.0,20.0,area_weak_06,6.052817176700886
day_2,Mild cloudy day,0.35,82,20.5,7.3519,0.0,20.0,area_weak_06,6.1371826393493345
day_2,Mild cloudy day,0.35,83,20.75,7.1731,0.0,20.0,area_weak_06,6.219253067649349
day_2,Mild cloudy day,0.35,84,21.0,7.0,0.0,20.0,area_weak_06,6.298707156792148
day_2,Mild cloudy day,0.35,85,21.25,6.8333,0.0,20.0,area_weak_06,6.375223601968951
day_2,Mild cloudy day,0.35,86,21.5,6.6737,0.0,20.0,area_weak_06,6.448481098370978
day_2,Mild cloudy day,0.35,87,21.75,6.522,0.0,20.0,area_weak_06,6.518112440502478
day_2,Mild cloudy day,0.35,88,22.0,6.3787,0.0,20.0,area_weak_06,6.583888124928608
day_2,Mild cloudy day,0.35,89,22.25,6.2445,0.0,20.0,area_weak_06,6.645486846840588
day_2,Mild cloudy day,0.35,90,22.5,6.1199,0.0,20.0,area_weak_06,6.702679102803573
day_2,Mild cloudy day,0.35,91,22.75,6.0056,0.0,20.0,area_weak_06,6.755143588008783
day_2,Mild cloudy day,0.35,92,23.0,5.9019,0.0,20.0,area_weak_06,6.802742600395312
day_2,Mild cloudy day,0.35,93,23.25,5.8094,0.0,20.0,area_weak_06,6.84520073584135
day_2,Mild cloudy day,0.35,94,23.5,5.7284,0.0,20.0,area_weak_06,6.882380292285987
day_2,Mild cloudy day,0.35,95,23.75,5.6592,0.0,20.0,area_weak_06,6.91414356766832
day_2,Mild cloudy day,0.35,0,0.0,5.6022,0.0,20.0,area_weak_07,3.657406262009295
day_2,Mild cloudy day,0.35,1,0.25,5.5576,0.0,20.0,area_weak_07,3.6719697102938325
day_2,Mild cloudy day,0.35,2,0.5,5.5257,0.0,20.0,area_weak_07,3.682386167699142
day_2,Mild cloudy day,0.35,3,0.75,5.5064,0.0,20.0,area_weak_07,3.688688287696711
day_2,Mild cloudy day,0.35,4,1.0,5.5,0.0,20.0,area_weak_07,3.6907781098720704
day_2,Mild cloudy day,0.35,5,1.25,5.5064,0.0,20.0,area_weak_07,3.688688287696711
day_2,Mild cloudy day,0.35,6,1.5,5.5257,0.0,20.0,area_weak_07,3.682386167699142
day_2,Mild cloudy day,0.35,7,1.75,5.5576,0.0,20.0,area_weak_07,3.6719697102938325
day_2,Mild cloudy day,0.35,8,2.0,5.6022,0.0,20.0,area_weak_07,3.657406262009295
day_2,Mild cloudy day,0.35,9,2.25,5.6592,0.0,20.0,area_weak_07,3.638793783259997
day_2,Mild cloudy day,0.35,10,2.5,5.7284,0.0,20.0,area_weak_07,3.6161975809889197
day_2,Mild cloudy day,0.35,11,2.75,5.8094,0.0,20.0,area_weak_07,3.5897482690820235
day_2,Mild cloudy day,0.35,12,3.0,5.9019,0.0,20.0,area_weak_07,3.5595438079537773
day_2,Mild cloudy day,0.35,13,3.25,6.0056,0.0,20.0,area_weak_07,3.525682158018652
day_2,Mild cloudy day,0.35,14,3.5,6.1199,0.0,20.0,area_weak_07,3.488359240105587
day_2,Mild cloudy day,0.35,15,3.75,6.2445,0.0,20.0,area_weak_07,3.4476730146290526
day_2,Mild cloudy day,0.35,16,4.0,6.3787,0.0,20.0,area_weak_07,3.4038520558894785
day_2,Mild cloudy day,0.35,17,4.25,6.522,0.0,20.0,area_weak_07,3.357059631244314
day_2,Mild cloudy day,0.35,18,4.5,6.6737,0.0,20.0,area_weak_07,3.307524314993991
day_2,Mild cloudy day,0.35,19,4.75,6.8333,0.0,20.0,area_weak_07,3.255409374495957
day_2,Mild cloudy day,0.35,20,5.0,7.0,0.0,20.0,area_weak_07,3.2009760375221354
day_2,Mild cloudy day,0.35,21,5.25,7.1731,0.0,20.0,area_weak_07,3.1444528783729524
day_2,Mild cloudy day,0.35,22,5.5,7.3519,0.0,20.0,area_weak_07,3.08606847134884
day_2,Mild cloudy day,0.35,23,5.75,7.5357,0.0,20.0,area_weak_07,3.0260513907502284
day_2,Mild cloudy day,0.35,24,6.0,7.7235,0.0,20.0,area_weak_07,2.964728171292016
day_2,Mild cloudy day,0.35,25,6.25,7.9147,0.0,20.0,area_weak_07,2.902294733803145
day_2,Mild cloudy day,0.35,26,6.5,8.1084,0.0,20.0,area_weak_07,2.8390449595270235
day_2,Mild cloudy day,0.35,27,6.75,8.3038,0.0,20.0,area_weak_07,2.775240076235571
day_2,Mild cloudy day,0.35,28,7.0,8.5,0.0,20.0,area_weak_07,2.7111739651721996
day_2,Mild cloudy day,0.35,29,7.25,8.6962,4.5782,20.0,area_weak_07,2.6342501870094743
day_2,Mild cloudy day,0.35,30,7.5,8.8916,9.1368,20.0,area_weak_07,2.557642682329897
day_2,Mild cloudy day,0.35,31,7.75,9.0853,13.6563,20.0,area_weak_07,2.4817000972426415
day_2,Mild cloudy day,0.35,32,8.0,9.2765,18.1173,20.0,area_weak_07,2.4067381435399264
day_2,Mild cloudy day,0.35,33,8.25,9.4643,22.5008,20.0,area_weak_07,2.3331040631035966
day_2,Mild cloudy day,0.35,34,8.5,9.6481,26.7878,20.0,area_weak_07,2.261047137401029
day_2,Mild cloudy day,0.35,35,8.75,9.8269,30.9602,20.0,area_weak_07,2.1909447341763695
day_2,Mild cloudy day,0.35,36,9.0,10.0,35.0,20.0,area_weak_07,2.1230759799138292
day_2,Mild cloudy day,0.35,37,9.25,10.1667,38.8899,20.0,area_weak_07,2.057718035179363
day_2,Mild cloudy day,0.35,38,9.5,10.3263,42.6133,20.0,area_weak_07,1.9951460946206654
day_2,Mild cloudy day,0.35,39,9.75,10.478,46.1542,20.0,area_weak_07,1.9356663212841287
day_2,Mild cloudy day,0.35,40,10.0,10.6213,49.4975,20.0,area_weak_07,1.8794843901924854
day_2,Mild cloudy day,0.35,41,10.25,10.7555,52.6288,20.0,area_weak_07,1.8268693173931918
day_2,Mild cloudy day,0.35,42,10.5,10.8801,55.5347,20.0,area_weak_07,1.7780220035360677
day_2,Mild cloudy day,0.35,43,10.75,10.9944,58.2029,20.0,area_weak_07,1.7332055669137942
day_2,Mild cloudy day,0.35,44,11.0,11.0981,60.6218,20.0,area_weak_07,1.6925505460148342
day_2,Mild cloudy day,0.35,45,11.25,11.1906,62.7811,20.0,area_weak_07,1.656281788751069
day_2,Mild cloudy day,0.35,46,11.5,11.2716,64.6716,20.0,area_weak_07,1.6245230933197898
day_2,Mild cloudy day,0.35,47,11.75,11.3408,66.2851,20.0,area_weak_07,1.5973954494636342
day_2,Mild cloudy day,0.35,48,12.0,11.3978,67.6148,20.0,area_weak_07,1.5750485685602118
day_2,Mild cloudy day,0.35,49,12.25,11.4424,68.655,20.0,area_weak_07,1.5575637657440355
day_2,Mild cloudy day,0.35,50,12.5,11.4743,69.4011,20.0,area_weak_07,1.5450519203209845
day_2,Mild cloudy day,0.35,51,12.75,11.4936,69.8501,20.0,area_weak_07,1.5374888041835326
day_2,Mild cloudy day,0.35,52,13.0,11.5,70.0,20.0,area_weak_07,1.5349779946554591
day_2,Mild cloudy day,0.35,53,13.25,11.4936,69.8501,20.0,area_weak_07,1.5374888041835326
day_2,Mild cloudy day,0.35,54,13.5,11.4743,69.4011,20.0,area_weak_07,1.5450519203209845
day_2,Mild cloudy day,0.35,55,13.75,11.4424,68.655,20.0,area_weak_07,1.5575637657440355
day_2,Mild cloudy day,0.35,56,14.0,11.3978,67.6148,20.0,area_weak_07,1.5750485685602118
day_2,Mild cloudy day,0.35,57,14.25,11.3408,66.2851,20.0,area_weak_07,1.5973954494636342
day_2,Mild cloudy day,0.35,58,14.5,11.2716,64.6716,20.0,area_weak_07,1.6245230933197898
day_2,Mild cloudy day,0.35,59,14.75,11.1906,62.7811,20.0,area_weak_07,1.656281788751069
day_2,Mild cloudy day,0.35,60,15.0,11.0981,60.6218,20.0,area_weak_07,1.6925505460148342
day_2,Mild cloudy day,0.35,61,15.25,10.9944,58.2029,20.0,area_weak_07,1.7332055669137942
day_2,Mild cloudy day,0.35,62,15.5,10.8801,55.5347,20.0,area_weak_07,1.7780220035360677
day_2,Mild cloudy day,0.35,63,15.75,10.7555,52.6288,20.0,area_weak_07,1.8268693173931918
day_2,Mild cloudy day,0.35,64,16.0,10.6213,49.4975,20.0,area_weak_07,1.8794843901924854
day_2,Mild cloudy day,0.35,65,16.25,10.478,46.1542,20.0,area_weak_07,1.9356663212841287
day_2,Mild cloudy day,0.35,66,16.5,10.3263,42.6133,20.0,area_weak_07,1.9951460946206654
day_2,Mild cloudy day,0.35,67,16.75,10.1667,38.8899,20.0,area_weak_07,2.057718035179363
day_2,Mild cloudy day,0.35,68,17.0,10.0,35.0,20.0,area_weak_07,2.1230759799138292
day_2,Mild cloudy day,0.35,69,17.25,9.8269,30.9602,20.0,area_weak_07,2.1909447341763695
day_2,Mild cloudy day,0.35,70,17.5,9.6481,26.7878,20.0,area_weak_07,2.261047137401029
day_2,Mild cloudy day,0.35,71,17.75,9.4643,22.5008,20.0,area_weak_07,2.3331040631035966
day_2,Mild cloudy day,0.35,72,18.0,9.2765,18.1173,20.0,area_weak_07,2.4067381435399264
day_2,Mild cloudy day,0.35,73,18.25,9.0853,13.6563,20.0,area_weak_07,2.4817000972426415
day_2,Mild cloudy day,0.35,74,18.5,8.8916,9.1368,20.0,area_weak_07,2.557642682329897
day_2,Mild cloudy day,0.35,75,18.75,8.6962,4.5782,20.0,area_weak_07,2.6342501870094743
day_2,Mild cloudy day,0.35,76,19.0,8.5,0.0,20.0,area_weak_07,2.7111739651721996
day_2,Mild cloudy day,0.35,77,19.25,8.3038,0.0,20.0,area_weak_07,2.775240076235571
day_2,Mild cloudy day,0.35,78,19.5,8.1084,0.0,20.0,area_weak_07,2.8390449595270235
day_2,Mild cloudy day,0.35,79,19.75,7.9147,0.0,20.0,area_weak_07,2.902294733803145
day_2,Mild cloudy day,0.35,80,20.0,7.7235,0.0,20.0,area_weak_07,2.964728171292016
day_2,Mild cloudy day,0.35,81,20.25,7.5357,0.0,20.0,area_weak_07,3.0260513907502284
day_2,Mild cloudy day,0.35,82,20.5,7.3519,0.0,20.0,area_weak_07,3.08606847134884
day_2,Mild cloudy day,0.35,83,20.75,7.1731,0.0,20.0,area_weak_07,3.1444528783729524
day_2,Mild cloudy day,0.35,84,21.0,7.0,0.0,20.0,area_weak_07,3.2009760375221354
day_2,Mild cloudy day,0.35,85,21.25,6.8333,0.0,20.0,area_weak_07,3.255409374495957
day_2,Mild cloudy day,0.35,86,21.5,6.6737,0.0,20.0,area_weak_07,3.307524314993991
day_2,Mild cloudy day,0.35,87,21.75,6.522,0.0,20.0,area_weak_07,3.357059631244314
day_2,Mild cloudy day,0.35,88,22.0,6.3787,0.0,20.0,area_weak_07,3.4038520558894785
day_2,Mild cloudy day,0.35,89,22.25,6.2445,0.0,20.0,area_weak_07,3.4476730146290526
day_2,Mild cloudy day,0.35,90,22.5,6.1199,0.0,20.0,area_weak_07,3.488359240105587
day_2,Mild cloudy day,0.35,91,22.75,6.0056,0.0,20.0,area_weak_07,3.525682158018652
day_2,Mild cloudy day,0.35,92,23.0,5.9019,0.0,20.0,area_weak_07,3.5595438079537773
day_2,Mild cloudy day,0.35,93,23.25,5.8094,0.0,20.0,area_weak_07,3.5897482690820235
day_2,Mild cloudy day,0.35,94,23.5,5.7284,0.0,20.0,area_weak_07,3.6161975809889197
day_2,Mild cloudy day,0.35,95,23.75,5.6592,0.0,20.0,area_weak_07,3.638793783259997
day_2,Mild cloudy day,0.35,0,0.0,5.6022,0.0,20.0,area_weak_08,5.483239201178018
day_2,Mild cloudy day,0.35,1,0.25,5.5576,0.0,20.0,area_weak_08,5.496240249091467
day_2,Mild cloudy day,0.35,2,0.5,5.5257,0.0,20.0,area_weak_08,5.505539204886064
day_2,Mild cloudy day,0.35,3,0.75,5.5064,0.0,20.0,area_weak_08,5.511165218893454
day_2,Mild cloudy day,0.35,4,1.0,5.5,0.0,20.0,area_weak_08,5.513030840118701
day_2,Mild cloudy day,0.35,5,1.25,5.5064,0.0,20.0,area_weak_08,5.511165218893454
day_2,Mild cloudy day,0.35,6,1.5,5.5257,0.0,20.0,area_weak_08,5.505539204886064
day_2,Mild cloudy day,0.35,7,1.75,5.5576,0.0,20.0,area_weak_08,5.496240249091467
day_2,Mild cloudy day,0.35,8,2.0,5.6022,0.0,20.0,area_weak_08,5.483239201178018
day_2,Mild cloudy day,0.35,9,2.25,5.6592,0.0,20.0,area_weak_08,5.466623512140652
day_2,Mild cloudy day,0.35,10,2.5,5.7284,0.0,20.0,area_weak_08,5.446451482642654
day_2,Mild cloudy day,0.35,11,2.75,5.8094,0.0,20.0,area_weak_08,5.422839714010607
day_2,Mild cloudy day,0.35,12,3.0,5.9019,0.0,20.0,area_weak_08,5.395875657239441
day_2,Mild cloudy day,0.35,13,3.25,6.0056,0.0,20.0,area_weak_08,5.36564676332409
day_2,Mild cloudy day,0.35,14,3.5,6.1199,0.0,20.0,area_weak_08,5.3323279342544225
day_2,Mild cloudy day,0.35,15,3.75,6.2445,0.0,20.0,area_weak_08,5.296006621025371
day_2,Mild cloudy day,0.35,16,4.0,6.3787,0.0,20.0,area_weak_08,5.256886875958447
day_2,Mild cloudy day,0.35,17,4.25,6.522,0.0,20.0,area_weak_08,5.215114450711873
day_2,Mild cloudy day,0.35,18,4.5,6.6737,0.0,20.0,area_weak_08,5.170893397607161
day_2,Mild cloudy day,0.35,19,4.75,6.8333,0.0,20.0,area_weak_08,5.1243694683025325
day_2,Mild cloudy day,0.35,20,5.0,7.0,0.0,20.0,area_weak_08,5.075775865451146
day_2,Mild cloudy day,0.35,21,5.25,7.1731,0.0,20.0,area_weak_08,5.025316641374509
day_2,Mild cloudy day,0.35,22,5.5,7.3519,0.0,20.0,area_weak_08,4.973195848394136
day_2,Mild cloudy day,0.35,23,5.75,7.5357,0.0,20.0,area_weak_08,4.919617538831538
day_2,Mild cloudy day,0.35,24,6.0,7.7235,0.0,20.0,area_weak_08,4.864873216003161
day_2,Mild cloudy day,0.35,25,6.25,7.9147,0.0,20.0,area_weak_08,4.809137781898869
day_2,Mild cloudy day,0.35,26,6.5,8.1084,0.0,20.0,area_weak_08,4.752673589503466
day_2,Mild cloudy day,0.35,27,6.75,8.3038,0.0,20.0,area_weak_08,4.695713841470106
day_2,Mild cloudy day,0.35,28,7.0,8.5,0.0,20.0,area_weak_08,4.638520890783589
day_2,Mild cloudy day,0.35,29,7.25,8.6962,4.5782,20.0,area_weak_08,4.580728418619056
day_2,Mild cloudy day,0.35,30,7.5,8.8916,9.1368,20.0,area_weak_08,4.523171715754172
day_2,Mild cloudy day,0.35,31,7.75,9.0853,13.6563,20.0,area_weak_08,4.466115688725093
day_2,Mild cloudy day,0.35,32,8.0,9.2765,18.1173,20.0,area_weak_08,4.409796080641196
day_2,Mild cloudy day,0.35,33,8.25,9.4643,22.5008,20.0,area_weak_08,4.354477732562964
day_2,Mild cloudy day,0.35,34,8.5,9.6481,26.7878,20.0,area_weak_08,4.300338034555944
day_2,Mild cloudy day,0.35,35,8.75,9.8269,30.9602,20.0,area_weak_08,4.2476708601560444
day_2,Mild cloudy day,0.35,36,9.0,10.0,35.0,20.0,area_weak_08,4.196682618809108
day_2,Mild cloudy day,0.35,37,9.25,10.1667,38.8899,20.0,area_weak_08,4.147579628295029
day_2,Mild cloudy day,0.35,38,9.5,10.3263,42.6133,20.0,area_weak_08,4.100568114727755
day_2,Mild cloudy day,0.35,39,9.75,10.478,46.1542,20.0,area_weak_08,4.055883375982069
day_2,Mild cloudy day,0.35,40,10.0,10.6213,49.4975,20.0,area_weak_08,4.013673141081602
day_2,Mild cloudy day,0.35,41,10.25,10.7555,52.6288,20.0,area_weak_08,3.974143348047331
day_2,Mild cloudy day,0.35,42,10.5,10.8801,55.5347,20.0,area_weak_08,3.937441503285588
day_2,Mild cloudy day,0.35,43,10.75,10.9944,58.2029,20.0,area_weak_08,3.9037732698195104
day_2,Mild cloudy day,0.35,44,11.0,11.0981,60.6218,20.0,area_weak_08,3.873227617679711
day_2,Mild cloudy day,0.35,45,11.25,11.1906,62.7811,20.0,area_weak_08,3.8459807976549785
day_2,Mild cloudy day,0.35,46,11.5,11.2716,64.6716,20.0,area_weak_08,3.8221214654926805
day_2,Mild cloudy day,0.35,47,11.75,11.3408,66.2851,20.0,area_weak_08,3.801738145988835
day_2,Mild cloudy day,0.35,48,12.0,11.3978,67.6148,20.0,area_weak_08,3.78494833093921
day_2,Mild cloudy day,0.35,49,12.25,11.4424,68.655,20.0,area_weak_08,3.7718110674297995
day_2,Mild cloudy day,0.35,50,12.5,11.4743,69.4011,20.0,area_weak_08,3.7624144088317544
day_2,Mild cloudy day,0.35,51,12.75,11.4936,69.8501,20.0,area_weak_08,3.7567295976674844
day_2,Mild cloudy day,0.35,52,13.0,11.5,70.0,20.0,area_weak_08,3.7548443468346275
day_2,Mild cloudy day,0.35,53,13.25,11.4936,69.8501,20.0,area_weak_08,3.7567295976674844
day_2,Mild cloudy day,0.35,54,13.5,11.4743,69.4011,20.0,area_weak_08,3.7624144088317544
day_2,Mild cloudy day,0.35,55,13.75,11.4424,68.655,20.0,area_weak_08,3.7718110674297995
day_2,Mild cloudy day,0.35,56,14.0,11.3978,67.6148,20.0,area_weak_08,3.78494833093921
day_2,Mild cloudy day,0.35,57,14.25,11.3408,66.2851,20.0,area_weak_08,3.801738145988835
day_2,Mild cloudy day,0.35,58,14.5,11.2716,64.6716,20.0,area_weak_08,3.8221214654926805
day_2,Mild cloudy day,0.35,59,14.75,11.1906,62.7811,20.0,area_weak_08,3.8459807976549785
day_2,Mild cloudy day,0.35,60,15.0,11.0981,60.6218,20.0,area_weak_08,3.873227617679711
day_2,Mild cloudy day,0.35,61,15.25,10.9944,58.2029,20.0,area_weak_08,3.9037732698195104
day_2,Mild cloudy day,0.35,62,15.5,10.8801,55.5347,20.0,area_weak_08,3.937441503285588
day_2,Mild cloudy day,0.35,63,15.75,10.7555,52.6288,20.0,area_weak_08,3.974143348047331
day_2,Mild cloudy day,0.35,64,16.0,10.6213,49.4975,20.0,area_weak_08,4.013673141081602
day_2,Mild cloudy day,0.35,65,16.25,10.478,46.1542,20.0,area_weak_08,4.055883375982069
day_2,Mild cloudy day,0.35,66,16.5,10.3263,42.6133,20.0,area_weak_08,4.100568114727755
day_2,Mild cloudy day,0.35,67,16.75,10.1667,38.8899,20.0,area_weak_08,4.147579628295029
day_2,Mild cloudy day,0.35,68,17.0,10.0,35.0,20.0,area_weak_08,4.196682618809108
day_2,Mild cloudy day,0.35,69,17.25,9.8269,30.9602,20.0,area_weak_08,4.2476708601560444
day_2,Mild cloudy day,0.35,70,17.5,9.6481,26.7878,20.0,area_weak_08,4.300338034555944
day_2,Mild cloudy day,0.35,71,17.75,9.4643,22.5008,20.0,area_weak_08,4.354477732562964
day_2,Mild cloudy day,0.35,72,18.0,9.2765,18.1173,20.0,area_weak_08,4.409796080641196
day_2,Mild cloudy day,0.35,73,18.25,9.0853,13.6563,20.0,area_weak_08,4.466115688725093
day_2,Mild cloudy day,0.35,74,18.5,8.8916,9.1368,20.0,area_weak_08,4.523171715754172
day_2,Mild cloudy day,0.35,75,18.75,8.6962,4.5782,20.0,area_weak_08,4.580728418619056
day_2,Mild cloudy day,0.35,76,19.0,8.5,0.0,20.0,area_weak_08,4.638520890783589
day_2,Mild cloudy day,0.35,77,19.25,8.3038,0.0,20.0,area_weak_08,4.695713841470106
day_2,Mild cloudy day,0.35,78,19.5,8.1084,0.0,20.0,area_weak_08,4.752673589503466
day_2,Mild cloudy day,0.35,79,19.75,7.9147,0.0,20.0,area_weak_08,4.809137781898869
day_2,Mild cloudy day,0.35,80,20.0,7.7235,0.0,20.0,area_weak_08,4.864873216003161
day_2,Mild cloudy day,0.35,81,20.25,7.5357,0.0,20.0,area_weak_08,4.919617538831538
day_2,Mild cloudy day,0.35,82,20.5,7.3519,0.0,20.0,area_weak_08,4.973195848394136
day_2,Mild cloudy day,0.35,83,20.75,7.1731,0.0,20.0,area_weak_08,5.025316641374509
day_2,Mild cloudy day,0.35,84,21.0,7.0,0.0,20.0,area_weak_08,5.075775865451146
day_2,Mild cloudy day,0.35,85,21.25,6.8333,0.0,20.0,area_weak_08,5.1243694683025325
day_2,Mild cloudy day,0.35,86,21.5,6.6737,0.0,20.0,area_weak_08,5.170893397607161
day_2,Mild cloudy day,0.35,87,21.75,6.522,0.0,20.0,area_weak_08,5.215114450711873
day_2,Mild cloudy day,0.35,88,22.0,6.3787,0.0,20.0,area_weak_08,5.256886875958447
day_2,Mild cloudy day,0.35,89,22.25,6.2445,0.0,20.0,area_weak_08,5.296006621025371
day_2,Mild cloudy day,0.35,90,22.5,6.1199,0.0,20.0,area_weak_08,5.3323279342544225
day_2,Mild cloudy day,0.35,91,22.75,6.0056,0.0,20.0,area_weak_08,5.36564676332409
day_2,Mild cloudy day,0.35,92,23.0,5.9019,0.0,20.0,area_weak_08,5.395875657239441
day_2,Mild cloudy day,0.35,93,23.25,5.8094,0.0,20.0,area_weak_08,5.422839714010607
day_2,Mild cloudy day,0.35,94,23.5,5.7284,0.0,20.0,area_weak_08,5.446451482642654
day_2,Mild cloudy day,0.35,95,23.75,5.6592,0.0,20.0,area_weak_08,5.466623512140652
day_2,Mild cloudy day,0.35,0,0.0,5.6022,0.0,20.0,year_area100_01,4.901777377112488
day_2,Mild cloudy day,0.35,1,0.25,5.5576,0.0,20.0,year_area100_01,4.922901550940988
day_2,Mild cloudy day,0.35,2,0.5,5.5257,0.0,20.0,year_area100_01,4.938010545226394
day_2,Mild cloudy day,0.35,3,0.75,5.5064,0.0,20.0,year_area100_01,4.947151723587158
day_2,Mild cloudy day,0.35,4,1.0,5.5,0.0,20.0,year_area100_01,4.950182995167928
day_2,Mild cloudy day,0.35,5,1.25,5.5064,0.0,20.0,year_area100_01,4.947151723587158
day_2,Mild cloudy day,0.35,6,1.5,5.5257,0.0,20.0,year_area100_01,4.938010545226394
day_2,Mild cloudy day,0.35,7,1.75,5.5576,0.0,20.0,year_area100_01,4.922901550940988
day_2,Mild cloudy day,0.35,8,2.0,5.6022,0.0,20.0,year_area100_01,4.901777377112488
day_2,Mild cloudy day,0.35,9,2.25,5.6592,0.0,20.0,year_area100_01,4.874780114596245
day_2,Mild cloudy day,0.35,10,2.5,5.7284,0.0,20.0,year_area100_01,4.842004490629156
day_2,Mild cloudy day,0.35,11,2.75,5.8094,0.0,20.0,year_area100_01,4.80363995968502
day_2,Mild cloudy day,0.35,12,3.0,5.9019,0.0,20.0,year_area100_01,4.759828612619186
day_2,Mild cloudy day,0.35,13,3.25,6.0056,0.0,20.0,year_area100_01,4.710712540287002
day_2,Mild cloudy day,0.35,14,3.5,6.1199,0.0,20.0,year_area100_01,4.656575924399167
day_2,Mild cloudy day,0.35,15,3.75,6.2445,0.0,20.0,year_area100_01,4.597560855811027
day_2,Mild cloudy day,0.35,16,4.0,6.3787,0.0,20.0,year_area100_01,4.5339988798517314
day_2,Mild cloudy day,0.35,17,4.25,6.522,0.0,20.0,year_area100_01,4.466126814613526
day_2,Mild cloudy day,0.35,18,4.5,6.6737,0.0,20.0,year_area100_01,4.394276205425557
day_2,Mild cloudy day,0.35,19,4.75,6.8333,0.0,20.0,year_area100_01,4.318683870380076
day_2,Mild cloudy day,0.35,20,5.0,7.0,0.0,20.0,year_area100_01,4.239728718424676
day_2,Mild cloudy day,0.35,21,5.25,7.1731,0.0,20.0,year_area100_01,4.157742294888504
day_2,Mild cloudy day,0.35,22,5.5,7.3519,0.0,20.0,year_area100_01,4.073056145100708
day_2,Mild cloudy day,0.35,23,5.75,7.5357,0.0,20.0,year_area100_01,3.9860018143904346
day_2,Mild cloudy day,0.35,24,6.0,7.7235,0.0,20.0,year_area100_01,3.89705293894218
day_2,Mild cloudy day,0.35,25,6.25,7.9147,0.0,20.0,year_area100_01,3.8064937004666395
day_2,Mild cloudy day,0.35,26,6.5,8.1084,0.0,20.0,year_area100_01,3.714750371529861
day_2,Mild cloudy day,0.35,27,6.75,8.3038,0.0,20.0,year_area100_01,3.622201861079439
day_2,Mild cloudy day,0.35,28,7.0,8.5,0.0,20.0,year_area100_01,3.5292744416814217
day_2,Mild cloudy day,0.35,29,7.25,8.6962,4.5782,20.0,year_area100_01,3.420720340555149
day_2,Mild cloudy day,0.35,30,7.5,8.8916,9.1368,20.0,year_area100_01,3.3126120486783113
day_2,Mild cloudy day,0.35,31,7.75,9.0853,13.6563,20.0,year_area100_01,3.2054423975907196
day_2,Mild cloudy day,0.35,32,8.0,9.2765,18.1173,20.0,year_area100_01,3.099656513885669
day_2,Mild cloudy day,0.35,33,8.25,9.4643,22.5008,20.0,year_area100_01,2.995745522462619
day_2,Mild cloudy day,0.35,34,8.5,9.6481,26.7878,20.0,year_area100_01,2.894058457365682
day_2,Mild cloudy day,0.35,35,8.75,9.8269,30.9602,20.0,year_area100_01,2.795130735160129
day_2,Mild cloudy day,0.35,36,9.0,10.0,35.0,20.0,year_area100_01,2.6993553402278185
day_2,Mild cloudy day,0.35,37,9.25,10.1667,38.8899,20.0,year_area100_01,2.6071228676541103
day_2,Mild cloudy day,0.35,38,9.5,10.3263,42.6133,20.0,year_area100_01,2.5188215232278703
day_2,Mild cloudy day,0.35,39,9.75,10.478,46.1542,20.0,year_area100_01,2.4348848283879927
day_2,Mild cloudy day,0.35,40,10.0,10.6213,49.4975,20.0,year_area100_01,2.355601141765383
day_2,Mild cloudy day,0.35,41,10.25,10.7555,52.6288,20.0,year_area100_01,2.2813511599313583
day_2,Mild cloudy day,0.35,42,10.5,10.8801,55.5347,20.0,year_area100_01,2.212417438939623
day_2,Mild cloudy day,0.35,43,10.75,10.9944,58.2029,20.0,year_area100_01,2.149173507472011
day_2,Mild cloudy day,0.35,44,11.0,11.0981,60.6218,20.0,year_area100_01,2.09180105044006
day_2,Mild cloudy day,0.35,45,11.25,11.1906,62.7811,20.0,year_area100_01,2.0406194063457392
day_2,Mild cloudy day,0.35,46,11.5,11.2716,64.6716,20.0,year_area100_01,1.995802068226892
day_2,Mild cloudy day,0.35,47,11.75,11.3408,66.2851,20.0,year_area100_01,1.9575191158406562
day_2,Mild cloudy day,0.35,48,12.0,11.3978,67.6148,20.0,year_area100_01,1.9259832139696305
day_2,Mild cloudy day,0.35,49,12.25,11.4424,68.655,20.0,year_area100_01,1.9013085455507404
day_2,Mild cloudy day,0.35,50,12.5,11.4743,69.4011,20.0,year_area100_01,1.8836529025305797
day_2,Mild cloudy day,0.35,51,12.75,11.4936,69.8501,20.0,year_area100_01,1.8729791611328173
day_2,Mild cloudy day,0.35,52,13.0,11.5,70.0,20.0,year_area100_01,1.869436238774215
day_2,Mild cloudy day,0.35,53,13.25,11.4936,69.8501,20.0,year_area100_01,1.8729791611328173
day_2,Mild cloudy day,0.35,54,13.5,11.4743,69.4011,20.0,year_area100_01,1.8836529025305797
day_2,Mild cloudy day,0.35,55,13.75,11.4424,68.655,20.0,year_area100_01,1.9013085455507404
day_2,Mild cloudy day,0.35,56,14.0,11.3978,67.6148,20.0,year_area100_01,1.9259832139696305
day_2,Mild cloudy day,0.35,57,14.25,11.3408,66.2851,20.0,year_area100_01,1.9575191158406562
day_2,Mild cloudy day,0.35,58,14.5,11.2716,64.6716,20.0,year_area100_01,1.995802068226892
day_2,Mild cloudy day,0.35,59,14.75,11.1906,62.7811,20.0,year_area100_01,2.0406194063457392
day_2,Mild cloudy day,0.35,60,15.0,11.0981,60.6218,20.0,year_area100_01,2.09180105044006
day_2,Mild cloudy day,0.35,61,15.25,10.9944,58.2029,20.0,year_area100_01,2.149173507472011
day_2,Mild cloudy day,0.35,62,15.5,10.8801,55.5347,20.0,year_area100_01,2.212417438939623
day_2,Mild cloudy day,0.35,63,15.75,10.7555,52.6288,20.0,year_area100_01,2.2813511599313583
day_2,Mild cloudy day,0.35,64,16.0,10.6213,49.4975,20.0,year_area100_01,2.355601141765383
day_2,Mild cloudy day,0.35,65,16.25,10.478,46.1542,20.0,year_area100_01,2.4348848283879927
day_2,Mild cloudy day,0.35,66,16.5,10.3263,42.6133,20.0,year_area100_01,2.5188215232278703
day_2,Mild cloudy day,0.35,67,16.75,10.1667,38.8899,20.0,year_area100_01,2.6071228676541103
day_2,Mild cloudy day,0.35,68,17.0,10.0,35.0,20.0,year_area100_01,2.6993553402278185
day_2,Mild cloudy day,0.35,69,17.25,9.8269,30.9602,20.0,year_area100_01,2.795130735160129
day_2,Mild cloudy day,0.35,70,17.5,9.6481,26.7878,20.0,year_area100_01,2.894058457365682
day_2,Mild cloudy day,0.35,71,17.75,9.4643,22.5008,20.0,year_area100_01,2.995745522462619
day_2,Mild cloudy day,0.35,72,18.0,9.2765,18.1173,20.0,year_area100_01,3.099656513885669
day_2,Mild cloudy day,0.35,73,18.25,9.0853,13.6563,20.0,year_area100_01,3.2054423975907196
day_2,Mild cloudy day,0.35,74,18.5,8.8916,9.1368,20.0,year_area100_01,3.3126120486783113
day_2,Mild cloudy day,0.35,75,18.75,8.6962,4.5782,20.0,year_area100_01,3.420720340555149
day_2,Mild cloudy day,0.35,76,19.0,8.5,0.0,20.0,year_area100_01,3.5292744416814217
day_2,Mild cloudy day,0.35,77,19.25,8.3038,0.0,20.0,year_area100_01,3.622201861079439
day_2,Mild cloudy day,0.35,78,19.5,8.1084,0.0,20.0,year_area100_01,3.714750371529861
day_2,Mild cloudy day,0.35,79,19.75,7.9147,0.0,20.0,year_area100_01,3.8064937004666395
day_2,Mild cloudy day,0.35,80,20.0,7.7235,0.0,20.0,year_area100_01,3.89705293894218
day_2,Mild cloudy day,0.35,81,20.25,7.5357,0.0,20.0,year_area100_01,3.9860018143904346
day_2,Mild cloudy day,0.35,82,20.5,7.3519,0.0,20.0,year_area100_01,4.073056145100708
day_2,Mild cloudy day,0.35,83,20.75,7.1731,0.0,20.0,year_area100_01,4.157742294888504
day_2,Mild cloudy day,0.35,84,21.0,7.0,0.0,20.0,year_area100_01,4.239728718424676
day_2,Mild cloudy day,0.35,85,21.25,6.8333,0.0,20.0,year_area100_01,4.318683870380076
day_2,Mild cloudy day,0.35,86,21.5,6.6737,0.0,20.0,year_area100_01,4.394276205425557
day_2,Mild cloudy day,0.35,87,21.75,6.522,0.0,20.0,year_area100_01,4.466126814613526
day_2,Mild cloudy day,0.35,88,22.0,6.3787,0.0,20.0,year_area100_01,4.5339988798517314
day_2,Mild cloudy day,0.35,89,22.25,6.2445,0.0,20.0,year_area100_01,4.597560855811027
day_2,Mild cloudy day,0.35,90,22.5,6.1199,0.0,20.0,year_area100_01,4.656575924399167
day_2,Mild cloudy day,0.35,91,22.75,6.0056,0.0,20.0,year_area100_01,4.710712540287002
day_2,Mild cloudy day,0.35,92,23.0,5.9019,0.0,20.0,year_area100_01,4.759828612619186
day_2,Mild cloudy day,0.35,93,23.25,5.8094,0.0,20.0,year_area100_01,4.80363995968502
day_2,Mild cloudy day,0.35,94,23.5,5.7284,0.0,20.0,year_area100_01,4.842004490629156
day_2,Mild cloudy day,0.35,95,23.75,5.6592,0.0,20.0,year_area100_01,4.874780114596245
day_2,Mild cloudy day,0.35,0,0.0,5.6022,0.0,20.0,year_area100_02,2.932983999297469
day_2,Mild cloudy day,0.35,1,0.25,5.5576,0.0,20.0,year_area100_02,2.935712546767576
day_2,Mild cloudy day,0.35,2,0.5,5.5257,0.0,20.0,year_area100_02,2.9376641311688414
day_2,Mild cloudy day,0.35,3,0.75,5.5064,0.0,20.0,year_area100_02,2.938844870320704
day_2,Mild cloudy day,0.35,4,1.0,5.5,0.0,20.0,year_area100_02,2.939236410764845
day_2,Mild cloudy day,0.35,5,1.25,5.5064,0.0,20.0,year_area100_02,2.938844870320704
day_2,Mild cloudy day,0.35,6,1.5,5.5257,0.0,20.0,year_area100_02,2.9376641311688414
day_2,Mild cloudy day,0.35,7,1.75,5.5576,0.0,20.0,year_area100_02,2.935712546767576
day_2,Mild cloudy day,0.35,8,2.0,5.6022,0.0,20.0,year_area100_02,2.932983999297469
day_2,Mild cloudy day,0.35,9,2.25,5.6592,0.0,20.0,year_area100_02,2.9294968422168384
day_2,Mild cloudy day,0.35,10,2.5,5.7284,0.0,20.0,year_area100_02,2.925263311164564
day_2,Mild cloudy day,0.35,11,2.75,5.8094,0.0,20.0,year_area100_02,2.9203078774184053
day_2,Mild cloudy day,0.35,12,3.0,5.9019,0.0,20.0,year_area100_02,2.91464889443668
day_2,Mild cloudy day,0.35,13,3.25,6.0056,0.0,20.0,year_area100_02,2.9083047156777084
day_2,Mild cloudy day,0.35,14,3.5,6.1199,0.0,20.0,year_area100_02,2.9013120480581285
day_2,Mild cloudy day,0.35,15,3.75,6.2445,0.0,20.0,year_area100_02,2.893689245036259
day_2,Mild cloudy day,0.35,16,4.0,6.3787,0.0,20.0,year_area100_02,2.8854791313481782
day_2,Mild cloudy day,0.35,17,4.25,6.522,0.0,20.0,year_area100_02,2.8767122960910845
day_2,Mild cloudy day,0.35,18,4.5,6.6737,0.0,20.0,year_area100_02,2.867431564001056
day_2,Mild cloudy day,0.35,19,4.75,6.8333,0.0,20.0,year_area100_02,2.8576675241752905
day_2,Mild cloudy day,0.35,20,5.0,7.0,0.0,20.0,year_area100_02,2.8474691191693062
day_2,Mild cloudy day,0.35,21,5.25,7.1731,0.0,20.0,year_area100_02,2.836879173719181
day_2,Mild cloudy day,0.35,22,5.5,7.3519,0.0,20.0,year_area100_02,2.825940512560993
day_2,Mild cloudy day,0.35,23,5.75,7.5357,0.0,20.0,year_area100_02,2.8146959604308197
day_2,Mild cloudy day,0.35,24,6.0,7.7235,0.0,20.0,year_area100_02,2.803206695523058
day_2,Mild cloudy day,0.35,25,6.25,7.9147,0.0,20.0,year_area100_02,2.791509424754347
day_2,Mild cloudy day,0.35,26,6.5,8.1084,0.0,20.0,year_area100_02,2.779659208499643
day_2,Mild cloudy day,0.35,27,6.75,8.3038,0.0,20.0,year_area100_02,2.7677049893144643
day_2,Mild cloudy day,0.35,28,7.0,8.5,0.0,20.0,year_area100_02,2.755701827573768
day_2,Mild cloudy day,0.35,29,7.25,8.6962,4.5782,20.0,year_area100_02,2.714940104524229
day_2,Mild cloudy day,0.35,30,7.5,8.8916,9.1368,20.0,year_area100_02,2.6743504439903787
day_2,Mild cloudy day,0.35,31,7.75,9.0853,13.6563,20.0,year_area100_02,2.6341103981442826
day_2,Mild cloudy day,0.35,32,8.0,9.2765,18.1173,20.0,year_area100_02,2.5943907731755047
day_2,Mild cloudy day,0.35,33,8.25,9.4643,22.5008,20.0,year_area100_02,2.5553659804408
day_2,Mild cloudy day,0.35,34,8.5,9.6481,26.7878,20.0,year_area100_02,2.517192077838606
day_2,Mild cloudy day,0.35,35,8.75,9.8269,30.9602,20.0,year_area100_02,2.480043941077558
day_2,Mild cloudy day,0.35,36,9.0,10.0,35.0,20.0,year_area100_02,2.444077464244911
day_2,Mild cloudy day,0.35,37,9.25,10.1667,38.8899,20.0,year_area100_02,2.409444144286486
day_2,Mild cloudy day,0.35,38,9.5,10.3263,42.6133,20.0,year_area100_02,2.376291081006668
day_2,Mild cloudy day,0.35,39,9.75,10.478,46.1542,20.0,year_area100_02,2.3447677230509107
day_2,Mild cloudy day,0.35,40,10.0,10.6213,49.4975,20.0,year_area100_02,2.314999512138788
day_2,Mild cloudy day,0.35,41,10.25,10.7555,52.6288,20.0,year_area100_02,2.2871197284873204
day_2,Mild cloudy day,0.35,42,10.5,10.8801,55.5347,20.0,year_area100_02,2.261243135044027
day_2,Mild cloudy day,0.35,43,10.75,10.9944,58.2029,20.0,year_area100_02,2.2374898206016227
day_2,Mild cloudy day,0.35,44,11.0,11.0981,60.6218,20.0,year_area100_02,2.2159510055336304
day_2,Mild cloudy day,0.35,45,11.25,11.1906,62.7811,20.0,year_area100_02,2.196728097552084
day_2,Mild cloudy day,0.35,46,11.5,11.2716,64.6716,20.0,year_area100_02,2.1798972411170157
day_2,Mild cloudy day,0.35,47,11.75,11.3408,66.2851,20.0,year_area100_02,2.1655282990578355
day_2,Mild cloudy day,0.35,48,12.0,11.3978,67.6148,20.0,year_area100_02,2.153688457740525
day_2,Mild cloudy day,0.35,49,12.25,11.4424,68.655,20.0,year_area100_02,2.1444257580985036
day_2,Mild cloudy day,0.35,50,12.5,11.4743,69.4011,20.0,year_area100_02,2.137787449090946
day_2,Mild cloudy day,0.35,51,12.75,11.4936,69.8501,20.0,year_area100_02,2.133786257790276
day_2,Mild cloudy day,0.35,52,13.0,11.5,70.0,20.0,year_area100_02,2.1324531009160546
day_2,Mild cloudy day,0.35,53,13.25,11.4936,69.8501,20.0,year_area100_02,2.133786257790276
day_2,Mild cloudy day,0.35,54,13.5,11.4743,69.4011,20.0,year_area100_02,2.137787449090946
day_2,Mild cloudy day,0.35,55,13.75,11.4424,68.655,20.0,year_area100_02,2.1444257580985036
day_2,Mild cloudy day,0.35,56,14.0,11.3978,67.6148,20.0,year_area100_02,2.153688457740525
day_2,Mild cloudy day,0.35,57,14.25,11.3408,66.2851,20.0,year_area100_02,2.1655282990578355
day_2,Mild cloudy day,0.35,58,14.5,11.2716,64.6716,20.0,year_area100_02,2.1798972411170157
day_2,Mild cloudy day,0.35,59,14.75,11.1906,62.7811,20.0,year_area100_02,2.196728097552084
day_2,Mild cloudy day,0.35,60,15.0,11.0981,60.6218,20.0,year_area100_02,2.2159510055336304
day_2,Mild cloudy day,0.35,61,15.25,10.9944,58.2029,20.0,year_area100_02,2.2374898206016227
day_2,Mild cloudy day,0.35,62,15.5,10.8801,55.5347,20.0,year_area100_02,2.261243135044027
day_2,Mild cloudy day,0.35,63,15.75,10.7555,52.6288,20.0,year_area100_02,2.2871197284873204
day_2,Mild cloudy day,0.35,64,16.0,10.6213,49.4975,20.0,year_area100_02,2.314999512138788
day_2,Mild cloudy day,0.35,65,16.25,10.478,46.1542,20.0,year_area100_02,2.3447677230509107
day_2,Mild cloudy day,0.35,66,16.5,10.3263,42.6133,20.0,year_area100_02,2.376291081006668
day_2,Mild cloudy day,0.35,67,16.75,10.1667,38.8899,20.0,year_area100_02,2.409444144286486
day_2,Mild cloudy day,0.35,68,17.0,10.0,35.0,20.0,year_area100_02,2.444077464244911
day_2,Mild cloudy day,0.35,69,17.25,9.8269,30.9602,20.0,year_area100_02,2.480043941077558
day_2,Mild cloudy day,0.35,70,17.5,9.6481,26.7878,20.0,year_area100_02,2.517192077838606
day_2,Mild cloudy day,0.35,71,17.75,9.4643,22.5008,20.0,year_area100_02,2.5553659804408
day_2,Mild cloudy day,0.35,72,18.0,9.2765,18.1173,20.0,year_area100_02,2.5943907731755047
day_2,Mild cloudy day,0.35,73,18.25,9.0853,13.6563,20.0,year_area100_02,2.6341103981442826
day_2,Mild cloudy day,0.35,74,18.5,8.8916,9.1368,20.0,year_area100_02,2.6743504439903787
day_2,Mild cloudy day,0.35,75,18.75,8.6962,4.5782,20.0,year_area100_02,2.714940104524229
day_2,Mild cloudy day,0.35,76,19.0,8.5,0.0,20.0,year_area100_02,2.755701827573768
day_2,Mild cloudy day,0.35,77,19.25,8.3038,0.0,20.0,year_area100_02,2.7677049893144643
day_2,Mild cloudy day,0.35,78,19.5,8.1084,0.0,20.0,year_area100_02,2.779659208499643
day_2,Mild cloudy day,0.35,79,19.75,7.9147,0.0,20.0,year_area100_02,2.791509424754347
day_2,Mild cloudy day,0.35,80,20.0,7.7235,0.0,20.0,year_area100_02,2.803206695523058
day_2,Mild cloudy day,0.35,81,20.25,7.5357,0.0,20.0,year_area100_02,2.8146959604308197
day_2,Mild cloudy day,0.35,82,20.5,7.3519,0.0,20.0,year_area100_02,2.825940512560993
day_2,Mild cloudy day,0.35,83,20.75,7.1731,0.0,20.0,year_area100_02,2.836879173719181
day_2,Mild cloudy day,0.35,84,21.0,7.0,0.0,20.0,year_area100_02,2.8474691191693062
day_2,Mild cloudy day,0.35,85,21.25,6.8333,0.0,20.0,year_area100_02,2.8576675241752905
day_2,Mild cloudy day,0.35,86,21.5,6.6737,0.0,20.0,year_area100_02,2.867431564001056
day_2,Mild cloudy day,0.35,87,21.75,6.522,0.0,20.0,year_area100_02,2.8767122960910845
day_2,Mild cloudy day,0.35,88,22.0,6.3787,0.0,20.0,year_area100_02,2.8854791313481782
day_2,Mild cloudy day,0.35,89,22.25,6.2445,0.0,20.0,year_area100_02,2.893689245036259
day_2,Mild cloudy day,0.35,90,22.5,6.1199,0.0,20.0,year_area100_02,2.9013120480581285
day_2,Mild cloudy day,0.35,91,22.75,6.0056,0.0,20.0,year_area100_02,2.9083047156777084
day_2,Mild cloudy day,0.35,92,23.0,5.9019,0.0,20.0,year_area100_02,2.91464889443668
day_2,Mild cloudy day,0.35,93,23.25,5.8094,0.0,20.0,year_area100_02,2.9203078774184053
day_2,Mild cloudy day,0.35,94,23.5,5.7284,0.0,20.0,year_area100_02,2.925263311164564
day_2,Mild cloudy day,0.35,95,23.75,5.6592,0.0,20.0,year_area100_02,2.9294968422168384
day_2,Mild cloudy day,0.35,0,0.0,5.6022,0.0,20.0,year_area100_03,4.382782613435259
day_2,Mild cloudy day,0.35,1,0.25,5.5576,0.0,20.0,year_area100_03,4.391711840606295
day_2,Mild cloudy day,0.35,2,0.5,5.5257,0.0,20.0,year_area100_03,4.3980984403093455
day_2,Mild cloudy day,0.35,3,0.75,5.5064,0.0,20.0,year_area100_03,4.401962433233136
day_2,Mild cloudy day,0.35,4,1.0,5.5,0.0,20.0,year_area100_03,4.403243757311491
day_2,Mild cloudy day,0.35,5,1.25,5.5064,0.0,20.0,year_area100_03,4.401962433233136
day_2,Mild cloudy day,0.35,6,1.5,5.5257,0.0,20.0,year_area100_03,4.3980984403093455
day_2,Mild cloudy day,0.35,7,1.75,5.5576,0.0,20.0,year_area100_03,4.391711840606295
day_2,Mild cloudy day,0.35,8,2.0,5.6022,0.0,20.0,year_area100_03,4.382782613435259
day_2,Mild cloudy day,0.35,9,2.25,5.6592,0.0,20.0,year_area100_03,4.371370820862409
day_2,Mild cloudy day,0.35,10,2.5,5.7284,0.0,20.0,year_area100_03,4.357516504265195
day_2,Mild cloudy day,0.35,11,2.75,5.8094,0.0,20.0,year_area100_03,4.341299746398515
day_2,Mild cloudy day,0.35,12,3.0,5.9019,0.0,20.0,year_area100_03,4.3227806093285395
day_2,Mild cloudy day,0.35,13,3.25,6.0056,0.0,20.0,year_area100_03,4.302019155121443
day_2,Mild cloudy day,0.35,14,3.5,6.1199,0.0,20.0,year_area100_03,4.279135507909571
day_2,Mild cloudy day,0.35,15,3.75,6.2445,0.0,20.0,year_area100_03,4.254189729759098
day_2,Mild cloudy day,0.35,16,4.0,6.3787,0.0,20.0,year_area100_03,4.2273219654910905
day_2,Mild cloudy day,0.35,17,4.25,6.522,0.0,20.0,year_area100_03,4.198632318549173
day_2,Mild cloudy day,0.35,18,4.5,6.6737,0.0,20.0,year_area100_03,4.168260933754413
day_2,Mild cloudy day,0.35,19,4.75,6.8333,0.0,20.0,year_area100_03,4.136307914550435
day_2,Mild cloudy day,0.35,20,5.0,7.0,0.0,20.0,year_area100_03,4.102933426447032
day_2,Mild cloudy day,0.35,21,5.25,7.1731,0.0,20.0,year_area100_03,4.0682776142652735
day_2,Mild cloudy day,0.35,22,5.5,7.3519,0.0,20.0,year_area100_03,4.03248062282623
day_2,Mild cloudy day,0.35,23,5.75,7.5357,0.0,20.0,year_area100_03,3.9956825969509717
day_2,Mild cloudy day,0.35,24,6.0,7.7235,0.0,20.0,year_area100_03,3.9580837435267417
day_2,Mild cloudy day,0.35,25,6.25,7.9147,0.0,20.0,year_area100_03,3.9198041866858855
day_2,Mild cloudy day,0.35,26,6.5,8.1084,0.0,20.0,year_area100_03,3.881024112626922
day_2,Mild cloudy day,0.35,27,6.75,8.3038,0.0,20.0,year_area100_03,3.841903686859645
day_2,Mild cloudy day,0.35,28,7.0,8.5,0.0,20.0,year_area100_03,3.8026230955825735
day_2,Mild cloudy day,0.35,29,7.25,8.6962,4.5782,20.0,year_area100_03,3.7627589773624344
day_2,Mild cloudy day,0.35,30,7.5,8.8916,9.1368,20.0,year_area100_03,3.7230575228234404
day_2,Mild cloudy day,0.35,31,7.75,9.0853,13.6563,20.0,year_area100_03,3.6837014035896924
day_2,Mild cloudy day,0.35,32,8.0,9.2765,18.1173,20.0,year_area100_03,3.644853257850791
day_2,Mild cloudy day,0.35,33,8.25,9.4643,22.5008,20.0,year_area100_03,3.606695693501975
day_2,Mild cloudy day,0.35,34,8.5,9.6481,26.7878,20.0,year_area100_03,3.5693512563723075
day_2,Mild cloudy day,0.35,35,8.75,9.8269,30.9602,20.0,year_area100_03,3.533022460333801
day_2,Mild cloudy day,0.35,36,9.0,10.0,35.0,20.0,year_area100_03,3.497851744446524
day_2,Mild cloudy day,0.35,37,9.25,10.1667,38.8899,20.0,year_area100_03,3.4639814585501356
day_2,Mild cloudy day,0.35,38,9.5,10.3263,42.6133,20.0,year_area100_03,3.4315538632638933
day_2,Mild cloudy day,0.35,39,9.75,10.478,46.1542,20.0,year_area100_03,3.4007311634211437
day_2,Mild cloudy day,0.35,40,10.0,10.6213,49.4975,20.0,year_area100_03,3.371615387077111
day_2,Mild cloudy day,0.35,41,10.25,10.7555,52.6288,20.0,year_area100_03,3.3443485144440634
day_2,Mild cloudy day,0.35,42,10.5,10.8801,55.5347,20.0,year_area100_03,3.319032356899097
day_2,Mild cloudy day,0.35,43,10.75,10.9944,58.2029,20.0,year_area100_03,3.2958086269932636
day_2,Mild cloudy day,0.35,44,11.0,11.0981,60.6218,20.0,year_area100_03,3.2747388653023113
day_2,Mild cloudy day,0.35,45,11.25,11.1906,62.7811,20.0,year_area100_03,3.2559445087731236
day_2,Mild cloudy day,0.35,46,11.5,11.2716,64.6716,20.0,year_area100_03,3.239486792082916
day_2,Mild cloudy day,0.35,47,11.75,11.3408,66.2851,20.0,year_area100_03,3.225426822451182
day_2,Mild cloudy day,0.35,48,12.0,11.3978,67.6148,20.0,year_area100_03,3.2138455493453284
day_2,Mild cloudy day,0.35,49,12.25,11.4424,68.655,20.0,year_area100_03,3.2047837406518207
day_2,Mild cloudy day,0.35,50,12.5,11.4743,69.4011,20.0,year_area100_03,3.1983020447423516
day_2,Mild cloudy day,0.35,51,12.75,11.4936,69.8501,20.0,year_area100_03,3.1943808233013637
day_2,Mild cloudy day,0.35,52,13.0,11.5,70.0,20.0,year_area100_03,3.193080393310474
day_2,Mild cloudy day,0.35,53,13.25,11.4936,69.8501,20.0,year_area100_03,3.1943808233013637
day_2,Mild cloudy day,0.35,54,13.5,11.4743,69.4011,20.0,year_area100_03,3.1983020447423516
day_2,Mild cloudy day,0.35,55,13.75,11.4424,68.655,20.0,year_area100_03,3.2047837406518207
day_2,Mild cloudy day,0.35,56,14.0,11.3978,67.6148,20.0,year_area100_03,3.2138455493453284
day_2,Mild cloudy day,0.35,57,14.25,11.3408,66.2851,20.0,year_area100_03,3.225426822451182
day_2,Mild cloudy day,0.35,58,14.5,11.2716,64.6716,20.0,year_area100_03,3.239486792082916
day_2,Mild cloudy day,0.35,59,14.75,11.1906,62.7811,20.0,year_area100_03,3.2559445087731236
day_2,Mild cloudy day,0.35,60,15.0,11.0981,60.6218,20.0,year_area100_03,3.2747388653023113
day_2,Mild cloudy day,0.35,61,15.25,10.9944,58.2029,20.0,year_area100_03,3.2958086269932636
day_2,Mild cloudy day,0.35,62,15.5,10.8801,55.5347,20.0,year_area100_03,3.319032356899097
day_2,Mild cloudy day,0.35,63,15.75,10.7555,52.6288,20.0,year_area100_03,3.3443485144440634
day_2,Mild cloudy day,0.35,64,16.0,10.6213,49.4975,20.0,year_area100_03,3.371615387077111
day_2,Mild cloudy day,0.35,65,16.25,10.478,46.1542,20.0,year_area100_03,3.4007311634211437
day_2,Mild cloudy day,0.35,66,16.5,10.3263,42.6133,20.0,year_area100_03,3.4315538632638933
day_2,Mild cloudy day,0.35,67,16.75,10.1667,38.8899,20.0,year_area100_03,3.4639814585501356
day_2,Mild cloudy day,0.35,68,17.0,10.0,35.0,20.0,year_area100_03,3.497851744446524
day_2,Mild cloudy day,0.35,69,17.25,9.8269,30.9602,20.0,year_area100_03,3.533022460333801
day_2,Mild cloudy day,0.35,70,17.5,9.6481,26.7878,20.0,year_area100_03,3.5693512563723075
day_2,Mild cloudy day,0.35,71,17.75,9.4643,22.5008,20.0,year_area100_03,3.606695693501975
day_2,Mild cloudy day,0.35,72,18.0,9.2765,18.1173,20.0,year_area100_03,3.644853257850791
day_2,Mild cloudy day,0.35,73,18.25,9.0853,13.6563,20.0,year_area100_03,3.6837014035896924
day_2,Mild cloudy day,0.35,74,18.5,8.8916,9.1368,20.0,year_area100_03,3.7230575228234404
day_2,Mild cloudy day,0.35,75,18.75,8.6962,4.5782,20.0,year_area100_03,3.7627589773624344
day_2,Mild cloudy day,0.35,76,19.0,8.5,0.0,20.0,year_area100_03,3.8026230955825735
day_2,Mild cloudy day,0.35,77,19.25,8.3038,0.0,20.0,year_area100_03,3.841903686859645
day_2,Mild cloudy day,0.35,78,19.5,8.1084,0.0,20.0,year_area100_03,3.881024112626922
day_2,Mild cloudy day,0.35,79,19.75,7.9147,0.0,20.0,year_area100_03,3.9198041866858855
day_2,Mild cloudy day,0.35,80,20.0,7.7235,0.0,20.0,year_area100_03,3.9580837435267417
day_2,Mild cloudy day,0.35,81,20.25,7.5357,0.0,20.0,year_area100_03,3.9956825969509717
day_2,Mild cloudy day,0.35,82,20.5,7.3519,0.0,20.0,year_area100_03,4.03248062282623
day_2,Mild cloudy day,0.35,83,20.75,7.1731,0.0,20.0,year_area100_03,4.0682776142652735
day_2,Mild cloudy day,0.35,84,21.0,7.0,0.0,20.0,year_area100_03,4.102933426447032
day_2,Mild cloudy day,0.35,85,21.25,6.8333,0.0,20.0,year_area100_03,4.136307914550435
day_2,Mild cloudy day,0.35,86,21.5,6.6737,0.0,20.0,year_area100_03,4.168260933754413
day_2,Mild cloudy day,0.35,87,21.75,6.522,0.0,20.0,year_area100_03,4.198632318549173
day_2,Mild cloudy day,0.35,88,22.0,6.3787,0.0,20.0,year_area100_03,4.2273219654910905
day_2,Mild cloudy day,0.35,89,22.25,6.2445,0.0,20.0,year_area100_03,4.254189729759098
day_2,Mild cloudy day,0.35,90,22.5,6.1199,0.0,20.0,year_area100_03,4.279135507909571
day_2,Mild cloudy day,0.35,91,22.75,6.0056,0.0,20.0,year_area100_03,4.302019155121443
day_2,Mild cloudy day,0.35,92,23.0,5.9019,0.0,20.0,year_area100_03,4.3227806093285395
day_2,Mild cloudy day,0.35,93,23.25,5.8094,0.0,20.0,year_area100_03,4.341299746398515
day_2,Mild cloudy day,0.35,94,23.5,5.7284,0.0,20.0,year_area100_03,4.357516504265195
day_2,Mild cloudy day,0.35,95,23.75,5.6592,0.0,20.0,year_area100_03,4.371370820862409
day_2,Mild cloudy day,0.35,0,0.0,5.6022,0.0,20.0,year_area100_04,3.574439807567148
day_2,Mild cloudy day,0.35,1,0.25,5.5576,0.0,20.0,year_area100_04,3.5843040185984125
day_2,Mild cloudy day,0.35,2,0.5,5.5257,0.0,20.0,year_area100_04,3.5913593623629274
day_2,Mild cloudy day,0.35,3,0.75,5.5064,0.0,20.0,year_area100_04,3.595627955925784
day_2,Mild cloudy day,0.35,4,1.0,5.5,0.0,20.0,year_area100_04,3.5970434480917057
day_2,Mild cloudy day,0.35,5,1.25,5.5064,0.0,20.0,year_area100_04,3.595627955925784
day_2,Mild cloudy day,0.35,6,1.5,5.5257,0.0,20.0,year_area100_04,3.5913593623629274
day_2,Mild cloudy day,0.35,7,1.75,5.5576,0.0,20.0,year_area100_04,3.5843040185984125
day_2,Mild cloudy day,0.35,8,2.0,5.6022,0.0,20.0,year_area100_04,3.574439807567148
day_2,Mild cloudy day,0.35,9,2.25,5.6592,0.0,20.0,year_area100_04,3.5618330804644103
day_2,Mild cloudy day,0.35,10,2.5,5.7284,0.0,20.0,year_area100_04,3.5465280714203846
day_2,Mild cloudy day,0.35,11,2.75,5.8094,0.0,20.0,year_area100_04,3.528613248695442
day_2,Mild cloudy day,0.35,12,3.0,5.9019,0.0,20.0,year_area100_04,3.508154963484859
day_2,Mild cloudy day,0.35,13,3.25,6.0056,0.0,20.0,year_area100_04,3.4852195669839134
day_2,Mild cloudy day,0.35,14,3.5,6.1199,0.0,20.0,year_area100_04,3.4599397615831604
day_2,Mild cloudy day,0.35,15,3.75,6.2445,0.0,20.0,year_area100_04,3.432381898477878
day_2,Mild cloudy day,0.35,16,4.0,6.3787,0.0,20.0,year_area100_04,3.402700797123713
day_2,Mild cloudy day,0.35,17,4.25,6.522,0.0,20.0,year_area100_04,3.371007042846129
day_2,Mild cloudy day,0.35,18,4.5,6.6737,0.0,20.0,year_area100_04,3.337455455100773
day_2,Mild cloudy day,0.35,19,4.75,6.8333,0.0,20.0,year_area100_04,3.302156619213107
day_2,Mild cloudy day,0.35,20,5.0,7.0,0.0,20.0,year_area100_04,3.265287471703873
day_2,Mild cloudy day,0.35,21,5.25,7.1731,0.0,20.0,year_area100_04,3.227002832028717
day_2,Mild cloudy day,0.35,22,5.5,7.3519,0.0,20.0,year_area100_04,3.1874575196432873
day_2,Mild cloudy day,0.35,23,5.75,7.5357,0.0,20.0,year_area100_04,3.146806354003232
day_2,Mild cloudy day,0.35,24,6.0,7.7235,0.0,20.0,year_area100_04,3.105270505759475
day_2,Mild cloudy day,0.35,25,6.25,7.9147,0.0,20.0,year_area100_04,3.0629826773025726
day_2,Mild cloudy day,0.35,26,6.5,8.1084,0.0,20.0,year_area100_04,3.0201419222183574
day_2,Mild cloudy day,0.35,27,6.75,8.3038,0.0,20.0,year_area100_04,2.9769251770275686
day_2,Mild cloudy day,0.35,28,7.0,8.5,0.0,20.0,year_area100_04,2.9335314953160405
day_2,Mild cloudy day,0.35,29,7.25,8.6962,4.5782,20.0,year_area100_04,2.847654344483862
day_2,Mild cloudy day,0.35,30,7.5,8.8916,9.1368,20.0,year_area100_04,2.7621360086388
day_2,Mild cloudy day,0.35,31,7.75,9.0853,13.6563,20.0,year_area100_04,2.6773564918817048
day_2,Mild cloudy day,0.35,32,8.0,9.2765,18.1173,20.0,year_area100_04,2.593672753296975
day_2,Mild cloudy day,0.35,33,8.25,9.4643,22.5008,20.0,year_area100_04,2.5114601572286652
day_2,Mild cloudy day,0.35,34,8.5,9.6481,26.7878,20.0,year_area100_04,2.4310277168255525
day_2,Mild cloudy day,0.35,35,8.75,9.8269,30.9602,20.0,year_area100_04,2.352764561934553
day_2,Mild cloudy day,0.35,36,9.0,10.0,35.0,20.0,year_area100_04,2.2769925432559455
day_2,Mild cloudy day,0.35,37,9.25,10.1667,38.8899,20.0,year_area100_04,2.204027015830496
day_2,Mild cloudy day,0.35,38,9.5,10.3263,42.6133,20.0,year_area100_04,2.134176839039456
day_2,Mild cloudy day,0.35,39,9.75,10.478,46.1542,20.0,year_area100_04,2.067767421621017
day_2,Mild cloudy day,0.35,40,10.0,10.6213,49.4975,20.0,year_area100_04,2.0050494695558587
day_2,Mild cloudy day,0.35,41,10.25,10.7555,52.6288,20.0,year_area100_04,1.9463114272953352
day_2,Mild cloudy day,0.35,42,10.5,10.8801,55.5347,20.0,year_area100_04,1.8917882256470233
day_2,Mild cloudy day,0.35,43,10.75,10.9944,58.2029,20.0,year_area100_04,1.8417488220837352
day_2,Mild cloudy day,0.35,44,11.0,11.0981,60.6218,20.0,year_area100_04,1.7963672101584005
day_2,Mild cloudy day,0.35,45,11.25,11.1906,62.7811,20.0,year_area100_04,1.755871671251557
day_2,Mild cloudy day,0.35,46,11.5,11.2716,64.6716,20.0,year_area100_04,1.7204139280835165
day_2,Mild cloudy day,0.35,47,11.75,11.3408,66.2851,20.0,year_area100_04,1.690136423861
day_2,Mild cloudy day,0.35,48,12.0,11.3978,67.6148,20.0,year_area100_04,1.6651907275367934
day_2,Mild cloudy day,0.35,49,12.25,11.4424,68.655,20.0,year_area100_04,1.6456739664685491
day_2,Mild cloudy day,0.35,50,12.5,11.4743,69.4011,20.0,year_area100_04,1.631695177614061
day_2,Mild cloudy day,0.35,51,12.75,11.4936,69.8501,20.0,year_area100_04,1.6232600824490082
day_2,Mild cloudy day,0.35,52,13.0,11.5,70.0,20.0,year_area100_04,1.6204535911958509
day_2,Mild cloudy day,0.35,53,13.25,11.4936,69.8501,20.0,year_area100_04,1.6232600824490082
day_2,Mild cloudy day,0.35,54,13.5,11.4743,69.4011,20.0,year_area100_04,1.631695177614061
day_2,Mild cloudy day,0.35,55,13.75,11.4424,68.655,20.0,year_area100_04,1.6456739664685491
day_2,Mild cloudy day,0.35,56,14.0,11.3978,67.6148,20.0,year_area100_04,1.6651907275367934
day_2,Mild cloudy day,0.35,57,14.25,11.3408,66.2851,20.0,year_area100_04,1.690136423861
day_2,Mild cloudy day,0.35,58,14.5,11.2716,64.6716,20.0,year_area100_04,1.7204139280835165
day_2,Mild cloudy day,0.35,59,14.75,11.1906,62.7811,20.0,year_area100_04,1.755871671251557
day_2,Mild cloudy day,0.35,60,15.0,11.0981,60.6218,20.0,year_area100_04,1.7963672101584005
day_2,Mild cloudy day,0.35,61,15.25,10.9944,58.2029,20.0,year_area100_04,1.8417488220837352
day_2,Mild cloudy day,0.35,62,15.5,10.8801,55.5347,20.0,year_area100_04,1.8917882256470233
day_2,Mild cloudy day,0.35,63,15.75,10.7555,52.6288,20.0,year_area100_04,1.9463114272953352
day_2,Mild cloudy day,0.35,64,16.0,10.6213,49.4975,20.0,year_area100_04,2.0050494695558587
day_2,Mild cloudy day,0.35,65,16.25,10.478,46.1542,20.0,year_area100_04,2.067767421621017
day_2,Mild cloudy day,0.35,66,16.5,10.3263,42.6133,20.0,year_area100_04,2.134176839039456
day_2,Mild cloudy day,0.35,67,16.75,10.1667,38.8899,20.0,year_area100_04,2.204027015830496
day_2,Mild cloudy day,0.35,68,17.0,10.0,35.0,20.0,year_area100_04,2.2769925432559455
day_2,Mild cloudy day,0.35,69,17.25,9.8269,30.9602,20.0,year_area100_04,2.352764561934553
day_2,Mild cloudy day,0.35,70,17.5,9.6481,26.7878,20.0,year_area100_04,2.4310277168255525
day_2,Mild cloudy day,0.35,71,17.75,9.4643,22.5008,20.0,year_area100_04,2.5114601572286652
day_2,Mild cloudy day,0.35,72,18.0,9.2765,18.1173,20.0,year_area100_04,2.593672753296975
day_2,Mild cloudy day,0.35,73,18.25,9.0853,13.6563,20.0,year_area100_04,2.6773564918817048
day_2,Mild cloudy day,0.35,74,18.5,8.8916,9.1368,20.0,year_area100_04,2.7621360086388
day_2,Mild cloudy day,0.35,75,18.75,8.6962,4.5782,20.0,year_area100_04,2.847654344483862
day_2,Mild cloudy day,0.35,76,19.0,8.5,0.0,20.0,year_area100_04,2.9335314953160405
day_2,Mild cloudy day,0.35,77,19.25,8.3038,0.0,20.0,year_area100_04,2.9769251770275686
day_2,Mild cloudy day,0.35,78,19.5,8.1084,0.0,20.0,year_area100_04,3.0201419222183574
day_2,Mild cloudy day,0.35,79,19.75,7.9147,0.0,20.0,year_area100_04,3.0629826773025726
day_2,Mild cloudy day,0.35,80,20.0,7.7235,0.0,20.0,year_area100_04,3.105270505759475
day_2,Mild cloudy day,0.35,81,20.25,7.5357,0.0,20.0,year_area100_04,3.146806354003232
day_2,Mild cloudy day,0.35,82,20.5,7.3519,0.0,20.0,year_area100_04,3.1874575196432873
day_2,Mild cloudy day,0.35,83,20.75,7.1731,0.0,20.0,year_area100_04,3.227002832028717
day_2,Mild cloudy day,0.35,84,21.0,7.0,0.0,20.0,year_area100_04,3.265287471703873
day_2,Mild cloudy day,0.35,85,21.25,6.8333,0.0,20.0,year_area100_04,3.302156619213107
day_2,Mild cloudy day,0.35,86,21.5,6.6737,0.0,20.0,year_area100_04,3.337455455100773
day_2,Mild cloudy day,0.35,87,21.75,6.522,0.0,20.0,year_area100_04,3.371007042846129
day_2,Mild cloudy day,0.35,88,22.0,6.3787,0.0,20.0,year_area100_04,3.402700797123713
day_2,Mild cloudy day,0.35,89,22.25,6.2445,0.0,20.0,year_area100_04,3.432381898477878
day_2,Mild cloudy day,0.35,90,22.5,6.1199,0.0,20.0,year_area100_04,3.4599397615831604
day_2,Mild cloudy day,0.35,91,22.75,6.0056,0.0,20.0,year_area100_04,3.4852195669839134
day_2,Mild cloudy day,0.35,92,23.0,5.9019,0.0,20.0,year_area100_04,3.508154963484859
day_2,Mild cloudy day,0.35,93,23.25,5.8094,0.0,20.0,year_area100_04,3.528613248695442
day_2,Mild cloudy day,0.35,94,23.5,5.7284,0.0,20.0,year_area100_04,3.5465280714203846
day_2,Mild cloudy day,0.35,95,23.75,5.6592,0.0,20.0,year_area100_04,3.5618330804644103
day_2,Mild cloudy day,0.35,0,0.0,5.6022,0.0,20.0,year_area100_05,3.0551121649158484
day_2,Mild cloudy day,0.35,1,0.25,5.5576,0.0,20.0,year_area100_05,3.067936841018895
day_2,Mild cloudy day,0.35,2,0.5,5.5257,0.0,20.0,year_area100_05,3.077109647469281
day_2,Mild cloudy day,0.35,3,0.75,5.5064,0.0,20.0,year_area100_05,3.0826593391461605
day_2,Mild cloudy day,0.35,4,1.0,5.5,0.0,20.0,year_area100_05,3.0844996514120684
day_2,Mild cloudy day,0.35,5,1.25,5.5064,0.0,20.0,year_area100_05,3.0826593391461605
day_2,Mild cloudy day,0.35,6,1.5,5.5257,0.0,20.0,year_area100_05,3.077109647469281
day_2,Mild cloudy day,0.35,7,1.75,5.5576,0.0,20.0,year_area100_05,3.067936841018895
day_2,Mild cloudy day,0.35,8,2.0,5.6022,0.0,20.0,year_area100_05,3.0551121649158484
day_2,Mild cloudy day,0.35,9,2.25,5.6592,0.0,20.0,year_area100_05,3.0387218837976038
day_2,Mild cloudy day,0.35,10,2.5,5.7284,0.0,20.0,year_area100_05,3.018823507422473
day_2,Mild cloudy day,0.35,11,2.75,5.8094,0.0,20.0,year_area100_05,2.9955320553070734
day_2,Mild cloudy day,0.35,12,3.0,5.9019,0.0,20.0,year_area100_05,2.9689337920888708
day_2,Mild cloudy day,0.35,13,3.25,6.0056,0.0,20.0,year_area100_05,2.9391149824053286
day_2,Mild cloudy day,0.35,14,3.5,6.1199,0.0,20.0,year_area100_05,2.906248155531376
day_2,Mild cloudy day,0.35,15,3.75,6.2445,0.0,20.0,year_area100_05,2.870419576104478
day_2,Mild cloudy day,0.35,16,4.0,6.3787,0.0,20.0,year_area100_05,2.8318305282787177
day_2,Mild cloudy day,0.35,17,4.25,6.522,0.0,20.0,year_area100_05,2.790624786449869
day_2,Mild cloudy day,0.35,18,4.5,6.6737,0.0,20.0,year_area100_05,2.7470036347720166
day_2,Mild cloudy day,0.35,19,4.75,6.8333,0.0,20.0,year_area100_05,2.7011108476409325
day_2,Mild cloudy day,0.35,20,5.0,7.0,0.0,20.0,year_area100_05,2.6531764640898583
day_2,Mild cloudy day,0.35,21,5.25,7.1731,0.0,20.0,year_area100_05,2.6034017682728754
day_2,Mild cloudy day,0.35,22,5.5,7.3519,0.0,20.0,year_area100_05,2.5519880443440677
day_2,Mild cloudy day,0.35,23,5.75,7.5357,0.0,20.0,year_area100_05,2.49913657645752
day_2,Mild cloudy day,0.35,24,6.0,7.7235,0.0,20.0,year_area100_05,2.445134913404779
day_2,Mild cloudy day,0.35,25,6.25,7.9147,0.0,20.0,year_area100_05,2.390155584460775
day_2,Mild cloudy day,0.35,26,6.5,8.1084,0.0,20.0,year_area100_05,2.3344573835379006
day_2,Mild cloudy day,0.35,27,6.75,8.3038,0.0,20.0,year_area100_05,2.278270349669393
day_2,Mild cloudy day,0.35,28,7.0,8.5,0.0,20.0,year_area100_05,2.221853276767648
day_2,Mild cloudy day,0.35,29,7.25,8.6962,4.5782,20.0,year_area100_05,2.1486191339144884
day_2,Mild cloudy day,0.35,30,7.5,8.8916,9.1368,20.0,year_area100_05,2.0756870266371044
day_2,Mild cloudy day,0.35,31,7.75,9.0853,13.6563,20.0,year_area100_05,2.00338737806113
day_2,Mild cloudy day,0.35,32,8.0,9.2765,18.1173,20.0,year_area100_05,1.9320214891037433
day_2,Mild cloudy day,0.35,33,8.25,9.4643,22.5008,20.0,year_area100_05,1.8619179462440856
day_2,Mild cloudy day,0.35,34,8.5,9.6481,26.7878,20.0,year_area100_05,1.7933190713238305
day_2,Mild cloudy day,0.35,35,8.75,9.8269,30.9602,20.0,year_area100_05,1.7265788997375846
day_2,Mild cloudy day,0.35,36,9.0,10.0,35.0,20.0,year_area100_05,1.6619648349131906
day_2,Mild cloudy day,0.35,37,9.25,10.1667,38.8899,20.0,year_area100_05,1.5997417089734014
day_2,Mild cloudy day,0.35,38,9.5,10.3263,42.6133,20.0,year_area100_05,1.540171782735879
day_2,Mild cloudy day,0.35,39,9.75,10.478,46.1542,20.0,year_area100_05,1.4835438679216482
day_2,Mild cloudy day,0.35,40,10.0,10.6213,49.4975,20.0,year_area100_05,1.4300572056505805
day_2,Mild cloudy day,0.35,41,10.25,10.7555,52.6288,20.0,year_area100_05,1.3799659754957683
day_2,Mild cloudy day,0.35,42,10.5,10.8801,55.5347,20.0,year_area100_05,1.3334631739790053
day_2,Mild cloudy day,0.35,43,10.75,10.9944,58.2029,20.0,year_area100_05,1.2907952667581115
day_2,Mild cloudy day,0.35,44,11.0,11.0981,60.6218,20.0,year_area100_05,1.2520911286691965
day_2,Mild cloudy day,0.35,45,11.25,11.1906,62.7811,20.0,year_area100_05,1.2175611239049513
day_2,Mild cloudy day,0.35,46,11.5,11.2716,64.6716,20.0,year_area100_05,1.187325311398317
day_2,Mild cloudy day,0.35,47,11.75,11.3408,66.2851,20.0,year_area100_05,1.1615000767892492
day_2,Mild cloudy day,0.35,48,12.0,11.3978,67.6148,20.0,year_area100_05,1.1402254179866753
day_2,Mild cloudy day,0.35,49,12.25,11.4424,68.655,20.0,year_area100_05,1.1235797825189306
day_2,Mild cloudy day,0.35,50,12.5,11.4743,69.4011,20.0,year_area100_05,1.1116663321712157
day_2,Mild cloudy day,0.35,51,12.75,11.4936,69.8501,20.0,year_area100_05,1.1044673319433371
day_2,Mild cloudy day,0.35,52,13.0,11.5,70.0,20.0,year_area100_05,1.1020763930587323
day_2,Mild cloudy day,0.35,53,13.25,11.4936,69.8501,20.0,year_area100_05,1.1044673319433371
day_2,Mild cloudy day,0.35,54,13.5,11.4743,69.4011,20.0,year_area100_05,1.1116663321712157
day_2,Mild cloudy day,0.35,55,13.75,11.4424,68.655,20.0,year_area100_05,1.1235797825189306
day_2,Mild cloudy day,0.35,56,14.0,11.3978,67.6148,20.0,year_area100_05,1.1402254179866753
day_2,Mild cloudy day,0.35,57,14.25,11.3408,66.2851,20.0,year_area100_05,1.1615000767892492
day_2,Mild cloudy day,0.35,58,14.5,11.2716,64.6716,20.0,year_area100_05,1.187325311398317
day_2,Mild cloudy day,0.35,59,14.75,11.1906,62.7811,20.0,year_area100_05,1.2175611239049513
day_2,Mild cloudy day,0.35,60,15.0,11.0981,60.6218,20.0,year_area100_05,1.2520911286691965
day_2,Mild cloudy day,0.35,61,15.25,10.9944,58.2029,20.0,year_area100_05,1.2907952667581115
day_2,Mild cloudy day,0.35,62,15.5,10.8801,55.5347,20.0,year_area100_05,1.3334631739790053
day_2,Mild cloudy day,0.35,63,15.75,10.7555,52.6288,20.0,year_area100_05,1.3799659754957683
day_2,Mild cloudy day,0.35,64,16.0,10.6213,49.4975,20.0,year_area100_05,1.4300572056505805
day_2,Mild cloudy day,0.35,65,16.25,10.478,46.1542,20.0,year_area100_05,1.4835438679216482
day_2,Mild cloudy day,0.35,66,16.5,10.3263,42.6133,20.0,year_area100_05,1.540171782735879
day_2,Mild cloudy day,0.35,67,16.75,10.1667,38.8899,20.0,year_area100_05,1.5997417089734014
day_2,Mild cloudy day,0.35,68,17.0,10.0,35.0,20.0,year_area100_05,1.6619648349131906
day_2,Mild cloudy day,0.35,69,17.25,9.8269,30.9602,20.0,year_area100_05,1.7265788997375846
day_2,Mild cloudy day,0.35,70,17.5,9.6481,26.7878,20.0,year_area100_05,1.7933190713238305
day_2,Mild cloudy day,0.35,71,17.75,9.4643,22.5008,20.0,year_area100_05,1.8619179462440856
day_2,Mild cloudy day,0.35,72,18.0,9.2765,18.1173,20.0,year_area100_05,1.9320214891037433
day_2,Mild cloudy day,0.35,73,18.25,9.0853,13.6563,20.0,year_area100_05,2.00338737806113
day_2,Mild cloudy day,0.35,74,18.5,8.8916,9.1368,20.0,year_area100_05,2.0756870266371044
day_2,Mild cloudy day,0.35,75,18.75,8.6962,4.5782,20.0,year_area100_05,2.1486191339144884
day_2,Mild cloudy day,0.35,76,19.0,8.5,0.0,20.0,year_area100_05,2.221853276767648
day_2,Mild cloudy day,0.35,77,19.25,8.3038,0.0,20.0,year_area100_05,2.278270349669393
day_2,Mild cloudy day,0.35,78,19.5,8.1084,0.0,20.0,year_area100_05,2.3344573835379006
day_2,Mild cloudy day,0.35,79,19.75,7.9147,0.0,20.0,year_area100_05,2.390155584460775
day_2,Mild cloudy day,0.35,80,20.0,7.7235,0.0,20.0,year_area100_05,2.445134913404779
day_2,Mild cloudy day,0.35,81,20.25,7.5357,0.0,20.0,year_area100_05,2.49913657645752
day_2,Mild cloudy day,0.35,82,20.5,7.3519,0.0,20.0,year_area100_05,2.5519880443440677
day_2,Mild cloudy day,0.35,83,20.75,7.1731,0.0,20.0,year_area100_05,2.6034017682728754
day_2,Mild cloudy day,0.35,84,21.0,7.0,0.0,20.0,year_area100_05,2.6531764640898583
day_2,Mild cloudy day,0.35,85,21.25,6.8333,0.0,20.0,year_area100_05,2.7011108476409325
day_2,Mild cloudy day,0.35,86,21.5,6.6737,0.0,20.0,year_area100_05,2.7470036347720166
day_2,Mild cloudy day,0.35,87,21.75,6.522,0.0,20.0,year_area100_05,2.790624786449869
day_2,Mild cloudy day,0.35,88,22.0,6.3787,0.0,20.0,year_area100_05,2.8318305282787177
day_2,Mild cloudy day,0.35,89,22.25,6.2445,0.0,20.0,year_area100_05,2.870419576104478
day_2,Mild cloudy day,0.35,90,22.5,6.1199,0.0,20.0,year_area100_05,2.906248155531376
day_2,Mild cloudy day,0.35,91,22.75,6.0056,0.0,20.0,year_area100_05,2.9391149824053286
day_2,Mild cloudy day,0.35,92,23.0,5.9019,0.0,20.0,year_area100_05,2.9689337920888708
day_2,Mild cloudy day,0.35,93,23.25,5.8094,0.0,20.0,year_area100_05,2.9955320553070734
day_2,Mild cloudy day,0.35,94,23.5,5.7284,0.0,20.0,year_area100_05,3.018823507422473
day_2,Mild cloudy day,0.35,95,23.75,5.6592,0.0,20.0,year_area100_05,3.0387218837976038
day_2,Mild cloudy day,0.35,0,0.0,5.6022,0.0,20.0,year_area100_06,1.6264781867253384
day_2,Mild cloudy day,0.35,1,0.25,5.5576,0.0,20.0,year_area100_06,1.6343805261105997
day_2,Mild cloudy day,0.35,2,0.5,5.5257,0.0,20.0,year_area100_06,1.6400326477785332
day_2,Mild cloudy day,0.35,3,0.75,5.5064,0.0,20.0,year_area100_06,1.6434522699788818
day_2,Mild cloudy day,0.35,4,1.0,5.5,0.0,20.0,year_area100_06,1.6445862379624172
day_2,Mild cloudy day,0.35,5,1.25,5.5064,0.0,20.0,year_area100_06,1.6434522699788818
day_2,Mild cloudy day,0.35,6,1.5,5.5257,0.0,20.0,year_area100_06,1.6400326477785332
day_2,Mild cloudy day,0.35,7,1.75,5.5576,0.0,20.0,year_area100_06,1.6343805261105997
day_2,Mild cloudy day,0.35,8,2.0,5.6022,0.0,20.0,year_area100_06,1.6264781867253384
day_2,Mild cloudy day,0.35,9,2.25,5.6592,0.0,20.0,year_area100_06,1.6163787843719772
day_2,Mild cloudy day,0.35,10,2.5,5.7284,0.0,20.0,year_area100_06,1.6041177555500021
day_2,Mild cloudy day,0.35,11,2.75,5.8094,0.0,20.0,year_area100_06,1.589765973258384
day_2,Mild cloudy day,0.35,12,3.0,5.9019,0.0,20.0,year_area100_06,1.5733765922463503
day_2,Mild cloudy day,0.35,13,3.25,6.0056,0.0,20.0,year_area100_06,1.5550027672631304
day_2,Mild cloudy day,0.35,14,3.5,6.1199,0.0,20.0,year_area100_06,1.53475080780718
day_2,Mild cloudy day,0.35,15,3.75,6.2445,0.0,20.0,year_area100_06,1.512673868627728
day_2,Mild cloudy day,0.35,16,4.0,6.3787,0.0,20.0,year_area100_06,1.4888959774729726
day_2,Mild cloudy day,0.35,17,4.25,6.522,0.0,20.0,year_area100_06,1.4635057255916286
day_2,Mild cloudy day,0.35,18,4.5,6.6737,0.0,20.0,year_area100_06,1.4366271407318938
day_2,Mild cloudy day,0.35,19,4.75,6.8333,0.0,20.0,year_area100_06,1.408348814142483
day_2,Mild cloudy day,0.35,20,5.0,7.0,0.0,20.0,year_area100_06,1.3788124918213378
day_2,Mild cloudy day,0.35,21,5.25,7.1731,0.0,20.0,year_area100_06,1.3481422015166573
day_2,Mild cloudy day,0.35,22,5.5,7.3519,0.0,20.0,year_area100_06,1.3164619709766407
day_2,Mild cloudy day,0.35,23,5.75,7.5357,0.0,20.0,year_area100_06,1.283895827949487
day_2,Mild cloudy day,0.35,24,6.0,7.7235,0.0,20.0,year_area100_06,1.2506209549326242
day_2,Mild cloudy day,0.35,25,6.25,7.9147,0.0,20.0,year_area100_06,1.2167436614245077
day_2,Mild cloudy day,0.35,26,6.5,8.1084,0.0,20.0,year_area100_06,1.1824234116728234
day_2,Mild cloudy day,0.35,27,6.75,8.3038,0.0,20.0,year_area100_06,1.1478019516755116
day_2,Mild cloudy day,0.35,28,7.0,8.5,0.0,20.0,year_area100_06,1.1130387456802588
day_2,Mild cloudy day,0.35,29,7.25,8.6962,4.5782,20.0,year_area100_06,1.0742485490022389
day_2,Mild cloudy day,0.35,30,7.5,8.8916,9.1368,20.0,year_area100_06,1.0356173385076881
day_2,Mild cloudy day,0.35,31,7.75,9.0853,13.6563,20.0,year_area100_06,0.9973217306696889
day_2,Mild cloudy day,0.35,32,8.0,9.2765,18.1173,20.0,year_area100_06,0.95952053575145
day_2,Mild cloudy day,0.35,33,8.25,9.4643,22.5008,20.0,year_area100_06,0.9223899304254024
day_2,Mild cloudy day,0.35,34,8.5,9.6481,26.7878,20.0,year_area100_06,0.8860529366147485
day_2,Mild cloudy day,0.35,35,8.75,9.8269,30.9602,20.0,year_area100_06,0.8507026576004892
day_2,Mild cloudy day,0.35,36,9.0,10.0,35.0,20.0,year_area100_06,0.8164789539542681
day_2,Mild cloudy day,0.35,37,9.25,10.1667,38.8899,20.0,year_area100_06,0.7835210705268156
day_2,Mild cloudy day,0.35,38,9.5,10.3263,42.6133,20.0,year_area100_06,0.751967636447952
day_2,Mild cloudy day,0.35,39,9.75,10.478,46.1542,20.0,year_area100_06,0.7219744713364571
day_2,Mild cloudy day,0.35,40,10.0,10.6213,49.4975,20.0,year_area100_06,0.6936434484207117
day_2,Mild cloudy day,0.35,41,10.25,10.7555,52.6288,20.0,year_area100_06,0.6671112617076698
day_2,Mild cloudy day,0.35,42,10.5,10.8801,55.5347,20.0,year_area100_06,0.6424782891034975
day_2,Mild cloudy day,0.35,43,10.75,10.9944,58.2029,20.0,year_area100_06,0.6198793774524141
day_2,Mild cloudy day,0.35,44,11.0,11.0981,60.6218,20.0,year_area100_06,0.5993778848787559
day_2,Mild cloudy day,0.35,45,11.25,11.1906,62.7811,20.0,year_area100_06,0.5810891807743943
day_2,Mild cloudy day,0.35,46,11.5,11.2716,64.6716,20.0,year_area100_06,0.5650745122205394
day_2,Mild cloudy day,0.35,47,11.75,11.3408,66.2851,20.0,year_area100_06,0.5513942466971
day_2,Mild cloudy day,0.35,48,12.0,11.3978,67.6148,20.0,year_area100_06,0.5401252384919029
day_2,Mild cloudy day,0.35,49,12.25,11.4424,68.655,20.0,year_area100_06,0.5313079378318581
day_2,Mild cloudy day,0.35,50,12.5,11.4743,69.4011,20.0,year_area100_06,0.5249995456321845
day_2,Mild cloudy day,0.35,51,12.75,11.4936,69.8501,20.0,year_area100_06,0.5211849824470463
day_2,Mild cloudy day,0.35,52,13.0,11.5,70.0,20.0,year_area100_06,0.5199191622282775
day_2,Mild cloudy day,0.35,53,13.25,11.4936,69.8501,20.0,year_area100_06,0.5211849824470463
day_2,Mild cloudy day,0.35,54,13.5,11.4743,69.4011,20.0,year_area100_06,0.5249995456321845
day_2,Mild cloudy day,0.35,55,13.75,11.4424,68.655,20.0,year_area100_06,0.5313079378318581
day_2,Mild cloudy day,0.35,56,14.0,11.3978,67.6148,20.0,year_area100_06,0.5401252384919029
day_2,Mild cloudy day,0.35,57,14.25,11.3408,66.2851,20.0,year_area100_06,0.5513942466971
day_2,Mild cloudy day,0.35,58,14.5,11.2716,64.6716,20.0,year_area100_06,0.5650745122205394
day_2,Mild cloudy day,0.35,59,14.75,11.1906,62.7811,20.0,year_area100_06,0.5810891807743943
day_2,Mild cloudy day,0.35,60,15.0,11.0981,60.6218,20.0,year_area100_06,0.5993778848787559
day_2,Mild cloudy day,0.35,61,15.25,10.9944,58.2029,20.0,year_area100_06,0.6198793774524141
day_2,Mild cloudy day,0.35,62,15.5,10.8801,55.5347,20.0,year_area100_06,0.6424782891034975
day_2,Mild cloudy day,0.35,63,15.75,10.7555,52.6288,20.0,year_area100_06,0.6671112617076698
day_2,Mild cloudy day,0.35,64,16.0,10.6213,49.4975,20.0,year_area100_06,0.6936434484207117
day_2,Mild cloudy day,0.35,65,16.25,10.478,46.1542,20.0,year_area100_06,0.7219744713364571
day_2,Mild cloudy day,0.35,66,16.5,10.3263,42.6133,20.0,year_area100_06,0.751967636447952
day_2,Mild cloudy day,0.35,67,16.75,10.1667,38.8899,20.0,year_area100_06,0.7835210705268156
day_2,Mild cloudy day,0.35,68,17.0,10.0,35.0,20.0,year_area100_06,0.8164789539542681
day_2,Mild cloudy day,0.35,69,17.25,9.8269,30.9602,20.0,year_area100_06,0.8507026576004892
day_2,Mild cloudy day,0.35,70,17.5,9.6481,26.7878,20.0,year_area100_06,0.8860529366147485
day_2,Mild cloudy day,0.35,71,17.75,9.4643,22.5008,20.0,year_area100_06,0.9223899304254024
day_2,Mild cloudy day,0.35,72,18.0,9.2765,18.1173,20.0,year_area100_06,0.95952053575145
day_2,Mild cloudy day,0.35,73,18.25,9.0853,13.6563,20.0,year_area100_06,0.9973217306696889
day_2,Mild cloudy day,0.35,74,18.5,8.8916,9.1368,20.0,year_area100_06,1.0356173385076881
day_2,Mild cloudy day,0.35,75,18.75,8.6962,4.5782,20.0,year_area100_06,1.0742485490022389
day_2,Mild cloudy day,0.35,76,19.0,8.5,0.0,20.0,year_area100_06,1.1130387456802588
day_2,Mild cloudy day,0.35,77,19.25,8.3038,0.0,20.0,year_area100_06,1.1478019516755116
day_2,Mild cloudy day,0.35,78,19.5,8.1084,0.0,20.0,year_area100_06,1.1824234116728234
day_2,Mild cloudy day,0.35,79,19.75,7.9147,0.0,20.0,year_area100_06,1.2167436614245077
day_2,Mild cloudy day,0.35,80,20.0,7.7235,0.0,20.0,year_area100_06,1.2506209549326242
day_2,Mild cloudy day,0.35,81,20.25,7.5357,0.0,20.0,year_area100_06,1.283895827949487
day_2,Mild cloudy day,0.35,82,20.5,7.3519,0.0,20.0,year_area100_06,1.3164619709766407
day_2,Mild cloudy day,0.35,83,20.75,7.1731,0.0,20.0,year_area100_06,1.3481422015166573
day_2,Mild cloudy day,0.35,84,21.0,7.0,0.0,20.0,year_area100_06,1.3788124918213378
day_2,Mild cloudy day,0.35,85,21.25,6.8333,0.0,20.0,year_area100_06,1.408348814142483
day_2,Mild cloudy day,0.35,86,21.5,6.6737,0.0,20.0,year_area100_06,1.4366271407318938
day_2,Mild cloudy day,0.35,87,21.75,6.522,0.0,20.0,year_area100_06,1.4635057255916286
day_2,Mild cloudy day,0.35,88,22.0,6.3787,0.0,20.0,year_area100_06,1.4888959774729726
day_2,Mild cloudy day,0.35,89,22.25,6.2445,0.0,20.0,year_area100_06,1.512673868627728
day_2,Mild cloudy day,0.35,90,22.5,6.1199,0.0,20.0,year_area100_06,1.53475080780718
day_2,Mild cloudy day,0.35,91,22.75,6.0056,0.0,20.0,year_area100_06,1.5550027672631304
day_2,Mild cloudy day,0.35,92,23.0,5.9019,0.0,20.0,year_area100_06,1.5733765922463503
day_2,Mild cloudy day,0.35,93,23.25,5.8094,0.0,20.0,year_area100_06,1.589765973258384
day_2,Mild cloudy day,0.35,94,23.5,5.7284,0.0,20.0,year_area100_06,1.6041177555500021
day_2,Mild cloudy day,0.35,95,23.75,5.6592,0.0,20.0,year_area100_06,1.6163787843719772
day_2,Mild cloudy day,0.35,0,0.0,5.6022,0.0,20.0,year_area100_07,2.5619780805131476
day_2,Mild cloudy day,0.35,1,0.25,5.5576,0.0,20.0,year_area100_07,2.5709584268829473
day_2,Mild cloudy day,0.35,2,0.5,5.5257,0.0,20.0,year_area100_07,2.5773815894209884
day_2,Mild cloudy day,0.35,3,0.75,5.5064,0.0,20.0,year_area100_07,2.5812677034330322
day_2,Mild cloudy day,0.35,4,1.0,5.5,0.0,20.0,year_area100_07,2.5825563630017925
day_2,Mild cloudy day,0.35,5,1.25,5.5064,0.0,20.0,year_area100_07,2.5812677034330322
day_2,Mild cloudy day,0.35,6,1.5,5.5257,0.0,20.0,year_area100_07,2.5773815894209884
day_2,Mild cloudy day,0.35,7,1.75,5.5576,0.0,20.0,year_area100_07,2.5709584268829473
day_2,Mild cloudy day,0.35,8,2.0,5.6022,0.0,20.0,year_area100_07,2.5619780805131476
day_2,Mild cloudy day,0.35,9,2.25,5.6592,0.0,20.0,year_area100_07,2.550500956228874
day_2,Mild cloudy day,0.35,10,2.5,5.7284,0.0,20.0,year_area100_07,2.5365673246416502
day_2,Mild cloudy day,0.35,11,2.75,5.8094,0.0,20.0,year_area100_07,2.5202577269745245
day_2,Mild cloudy day,0.35,12,3.0,5.9019,0.0,20.0,year_area100_07,2.5016325691447823
day_2,Mild cloudy day,0.35,13,3.25,6.0056,0.0,20.0,year_area100_07,2.480752257069709
day_2,Mild cloudy day,0.35,14,3.5,6.1199,0.0,20.0,year_area100_07,2.457737602583876
day_2,Mild cloudy day,0.35,15,3.75,6.2445,0.0,20.0,year_area100_07,2.4326490116045694
day_2,Mild cloudy day,0.35,16,4.0,6.3787,0.0,20.0,year_area100_07,2.4056274312721215
day_2,Mild cloudy day,0.35,17,4.25,6.522,0.0,20.0,year_area100_07,2.3767735381153425
day_2,Mild cloudy day,0.35,18,4.5,6.6737,0.0,20.0,year_area100_07,2.3462282792745652
day_2,Mild cloudy day,0.35,19,4.75,6.8333,0.0,20.0,year_area100_07,2.314092331278599
day_2,Mild cloudy day,0.35,20,5.0,7.0,0.0,20.0,year_area100_07,2.2805267765735393
day_2,Mild cloudy day,0.35,21,5.25,7.1731,0.0,20.0,year_area100_07,2.2456725622997187
day_2,Mild cloudy day,0.35,22,5.5,7.3519,0.0,20.0,year_area100_07,2.2096706355974707
day_2,Mild cloudy day,0.35,23,5.75,7.5357,0.0,20.0,year_area100_07,2.172661943607129
day_2,Mild cloudy day,0.35,24,6.0,7.7235,0.0,20.0,year_area100_07,2.1348478393863117
day_2,Mild cloudy day,0.35,25,6.25,7.9147,0.0,20.0,year_area100_07,2.09634913476959
day_2,Mild cloudy day,0.35,26,6.5,8.1084,0.0,20.0,year_area100_07,2.057347047508822
day_2,Mild cloudy day,0.35,27,6.75,8.3038,0.0,20.0,year_area100_07,2.0180026600501013
day_2,Mild cloudy day,0.35,28,7.0,8.5,0.0,20.0,year_area100_07,1.9784971901452857
day_2,Mild cloudy day,0.35,29,7.25,8.6962,4.5782,20.0,year_area100_07,1.926778371945479
day_2,Mild cloudy day,0.35,30,7.5,8.8916,9.1368,20.0,year_area100_07,1.8752729234720475
day_2,Mild cloudy day,0.35,31,7.75,9.0853,13.6563,20.0,year_area100_07,1.8242140829852924
day_2,Mild cloudy day,0.35,32,8.0,9.2765,18.1173,20.0,year_area100_07,1.773814686667912
day_2,Mild cloudy day,0.35,33,8.25,9.4643,22.5008,20.0,year_area100_07,1.724306638921016
day_2,Mild cloudy day,0.35,34,8.5,9.6481,26.7878,20.0,year_area100_07,1.6758614382284267
day_2,Mild cloudy day,0.35,35,8.75,9.8269,30.9602,20.0,year_area100_07,1.6287287233504717
day_2,Mild cloudy day,0.35,36,9.0,10.0,35.0,20.0,year_area100_07,1.5830974603583545
day_2,Mild cloudy day,0.35,37,9.25,10.1667,38.8899,20.0,year_area100_07,1.5391547479204113
day_2,Mild cloudy day,0.35,38,9.5,10.3263,42.6133,20.0,year_area100_07,1.4970858173021107
day_2,Mild cloudy day,0.35,39,9.75,10.478,46.1542,20.0,year_area100_07,1.457094434443655
day_2,Mild cloudy day,0.35,40,10.0,10.6213,49.4975,20.0,year_area100_07,1.4193215584214167
day_2,Mild cloudy day,0.35,41,10.25,10.7555,52.6288,20.0,year_area100_07,1.3839465515204252
day_2,Mild cloudy day,0.35,42,10.5,10.8801,55.5347,20.0,year_area100_07,1.3511058376958043
day_2,Mild cloudy day,0.35,43,10.75,10.9944,58.2029,20.0,year_area100_07,1.320973177023982
day_2,Mild cloudy day,0.35,44,11.0,11.0981,60.6218,20.0,year_area100_07,1.2936399209554716
day_2,Mild cloudy day,0.35,45,11.25,11.1906,62.7811,20.0,year_area100_07,1.2692543588241754
day_2,Mild cloudy day,0.35,46,11.5,11.2716,64.6716,20.0,year_area100_07,1.2479014395564905
day_2,Mild cloudy day,0.35,47,11.75,11.3408,66.2851,20.0,year_area100_07,1.229663444360432
day_2,Mild cloudy day,0.35,48,12.0,11.3978,67.6148,20.0,year_area100_07,1.2146390549440431
day_2,Mild cloudy day,0.35,49,12.25,11.4424,68.655,20.0,year_area100_07,1.2028837479136234
day_2,Mild cloudy day,0.35,50,12.5,11.4743,69.4011,20.0,year_area100_07,1.1944702006910135
day_2,Mild cloudy day,0.35,51,12.75,11.4936,69.8501,20.0,year_area100_07,1.1893862811255969
day_2,Mild cloudy day,0.35,52,13.0,11.5,70.0,20.0,year_area100_07,1.187697730571423
day_2,Mild cloudy day,0.35,53,13.25,11.4936,69.8501,20.0,year_area100_07,1.1893862811255969
day_2,Mild cloudy day,0.35,54,13.5,11.4743,69.4011,20.0,year_area100_07,1.1944702006910135
day_2,Mild cloudy day,0.35,55,13.75,11.4424,68.655,20.0,year_area100_07,1.2028837479136234
day_2,Mild cloudy day,0.35,56,14.0,11.3978,67.6148,20.0,year_area100_07,1.2146390549440431
day_2,Mild cloudy day,0.35,57,14.25,11.3408,66.2851,20.0,year_area100_07,1.229663444360432
day_2,Mild cloudy day,0.35,58,14.5,11.2716,64.6716,20.0,year_area100_07,1.2479014395564905
day_2,Mild cloudy day,0.35,59,14.75,11.1906,62.7811,20.0,year_area100_07,1.2692543588241754
day_2,Mild cloudy day,0.35,60,15.0,11.0981,60.6218,20.0,year_area100_07,1.2936399209554716
day_2,Mild cloudy day,0.35,61,15.25,10.9944,58.2029,20.0,year_area100_07,1.320973177023982
day_2,Mild cloudy day,0.35,62,15.5,10.8801,55.5347,20.0,year_area100_07,1.3511058376958043
day_2,Mild cloudy day,0.35,63,15.75,10.7555,52.6288,20.0,year_area100_07,1.3839465515204252
day_2,Mild cloudy day,0.35,64,16.0,10.6213,49.4975,20.0,year_area100_07,1.4193215584214167
day_2,Mild cloudy day,0.35,65,16.25,10.478,46.1542,20.0,year_area100_07,1.457094434443655
day_2,Mild cloudy day,0.35,66,16.5,10.3263,42.6133,20.0,year_area100_07,1.4970858173021107
day_2,Mild cloudy day,0.35,67,16.75,10.1667,38.8899,20.0,year_area100_07,1.5391547479204113
day_2,Mild cloudy day,0.35,68,17.0,10.0,35.0,20.0,year_area100_07,1.5830974603583545
day_2,Mild cloudy day,0.35,69,17.25,9.8269,30.9602,20.0,year_area100_07,1.6287287233504717
day_2,Mild cloudy day,0.35,70,17.5,9.6481,26.7878,20.0,year_area100_07,1.6758614382284267
day_2,Mild cloudy day,0.35,71,17.75,9.4643,22.5008,20.0,year_area100_07,1.724306638921016
day_2,Mild cloudy day,0.35,72,18.0,9.2765,18.1173,20.0,year_area100_07,1.773814686667912
day_2,Mild cloudy day,0.35,73,18.25,9.0853,13.6563,20.0,year_area100_07,1.8242140829852924
day_2,Mild cloudy day,0.35,74,18.5,8.8916,9.1368,20.0,year_area100_07,1.8752729234720475
day_2,Mild cloudy day,0.35,75,18.75,8.6962,4.5782,20.0,year_area100_07,1.926778371945479
day_2,Mild cloudy day,0.35,76,19.0,8.5,0.0,20.0,year_area100_07,1.9784971901452857
day_2,Mild cloudy day,0.35,77,19.25,8.3038,0.0,20.0,year_area100_07,2.0180026600501013
day_2,Mild cloudy day,0.35,78,19.5,8.1084,0.0,20.0,year_area100_07,2.057347047508822
day_2,Mild cloudy day,0.35,79,19.75,7.9147,0.0,20.0,year_area100_07,2.09634913476959
day_2,Mild cloudy day,0.35,80,20.0,7.7235,0.0,20.0,year_area100_07,2.1348478393863117
day_2,Mild cloudy day,0.35,81,20.25,7.5357,0.0,20.0,year_area100_07,2.172661943607129
day_2,Mild cloudy day,0.35,82,20.5,7.3519,0.0,20.0,year_area100_07,2.2096706355974707
day_2,Mild cloudy day,0.35,83,20.75,7.1731,0.0,20.0,year_area100_07,2.2456725622997187
day_2,Mild cloudy day,0.35,84,21.0,7.0,0.0,20.0,year_area100_07,2.2805267765735393
day_2,Mild cloudy day,0.35,85,21.25,6.8333,0.0,20.0,year_area100_07,2.314092331278599
day_2,Mild cloudy day,0.35,86,21.5,6.6737,0.0,20.0,year_area100_07,2.3462282792745652
day_2,Mild cloudy day,0.35,87,21.75,6.522,0.0,20.0,year_area100_07,2.3767735381153425
day_2,Mild cloudy day,0.35,88,22.0,6.3787,0.0,20.0,year_area100_07,2.4056274312721215
day_2,Mild cloudy day,0.35,89,22.25,6.2445,0.0,20.0,year_area100_07,2.4326490116045694
day_2,Mild cloudy day,0.35,90,22.5,6.1199,0.0,20.0,year_area100_07,2.457737602583876
day_2,Mild cloudy day,0.35,91,22.75,6.0056,0.0,20.0,year_area100_07,2.480752257069709
day_2,Mild cloudy day,0.35,92,23.0,5.9019,0.0,20.0,year_area100_07,2.5016325691447823
day_2,Mild cloudy day,0.35,93,23.25,5.8094,0.0,20.0,year_area100_07,2.5202577269745245
day_2,Mild cloudy day,0.35,94,23.5,5.7284,0.0,20.0,year_area100_07,2.5365673246416502
day_2,Mild cloudy day,0.35,95,23.75,5.6592,0.0,20.0,year_area100_07,2.550500956228874
day_2,Mild cloudy day,0.35,0,0.0,5.6022,0.0,20.0,year_area100_08,1.4270374790498819
day_2,Mild cloudy day,0.35,1,0.25,5.5576,0.0,20.0,year_area100_08,1.4337142656348694
day_2,Mild cloudy day,0.35,2,0.5,5.5257,0.0,20.0,year_area100_08,1.4384898147842216
day_2,Mild cloudy day,0.35,3,0.75,5.5064,0.0,20.0,year_area100_08,1.4413790968714477
day_2,Mild cloudy day,0.35,4,1.0,5.5,0.0,20.0,year_area100_08,1.4423372007760196
day_2,Mild cloudy day,0.35,5,1.25,5.5064,0.0,20.0,year_area100_08,1.4413790968714477
day_2,Mild cloudy day,0.35,6,1.5,5.5257,0.0,20.0,year_area100_08,1.4384898147842216
day_2,Mild cloudy day,0.35,7,1.75,5.5576,0.0,20.0,year_area100_08,1.4337142656348694
day_2,Mild cloudy day,0.35,8,2.0,5.6022,0.0,20.0,year_area100_08,1.4270374790498819
day_2,Mild cloudy day,0.35,9,2.25,5.6592,0.0,20.0,year_area100_08,1.4185043661497856
day_2,Mild cloudy day,0.35,10,2.5,5.7284,0.0,20.0,year_area100_08,1.4081448676815982
day_2,Mild cloudy day,0.35,11,2.75,5.8094,0.0,20.0,year_area100_08,1.3960188651393564
day_2,Mild cloudy day,0.35,12,3.0,5.9019,0.0,20.0,year_area100_08,1.3821712696435857
day_2,Mild cloudy day,0.35,13,3.25,6.0056,0.0,20.0,year_area100_08,1.3666469923148137
day_2,Mild cloudy day,0.35,14,3.5,6.1199,0.0,20.0,year_area100_08,1.3495358553940942
day_2,Mild cloudy day,0.35,15,3.75,6.2445,0.0,20.0,year_area100_08,1.330882770001954
day_2,Mild cloudy day,0.35,16,4.0,6.3787,0.0,20.0,year_area100_08,1.3107925287529554
day_2,Mild cloudy day,0.35,17,4.25,6.522,0.0,20.0,year_area100_08,1.2893399835146426
day_2,Mild cloudy day,0.35,18,4.5,6.6737,0.0,20.0,year_area100_08,1.2666299269015795
day_2,Mild cloudy day,0.35,19,4.75,6.8333,0.0,20.0,year_area100_08,1.2427372107813097
day_2,Mild cloudy day,0.35,20,5.0,7.0,0.0,20.0,year_area100_08,1.217781598141905
day_2,Mild cloudy day,0.35,21,5.25,7.1731,0.0,20.0,year_area100_08,1.1918678815979282
day_2,Mild cloudy day,0.35,22,5.5,7.3519,0.0,20.0,year_area100_08,1.1651008537639416
day_2,Mild cloudy day,0.35,23,5.75,7.5357,0.0,20.0,year_area100_08,1.1375853072545081
day_2,Mild cloudy day,0.35,24,6.0,7.7235,0.0,20.0,year_area100_08,1.1094709458047172
day_2,Mild cloudy day,0.35,25,6.25,7.9147,0.0,20.0,year_area100_08,1.0808475916556222
day_2,Mild cloudy day,0.35,26,6.5,8.1084,0.0,20.0,year_area100_08,1.0518499781688035
day_2,Mild cloudy day,0.35,27,6.75,8.3038,0.0,20.0,year_area100_08,1.0225978683323325
day_2,Mild cloudy day,0.35,28,7.0,8.5,0.0,20.0,year_area100_08,0.9932259955077903
day_2,Mild cloudy day,0.35,29,7.25,8.6962,4.5782,20.0,year_area100_08,0.9417583035506877
day_2,Mild cloudy day,0.35,30,7.5,8.8916,9.1368,20.0,year_area100_08,0.8905049702862996
day_2,Mild cloudy day,0.35,31,7.75,9.0853,13.6563,20.0,year_area100_08,0.8396948421497045
day_2,Mild cloudy day,0.35,32,8.0,9.2765,18.1173,20.0,year_area100_08,0.7895413125713241
day_2,Mild cloudy day,0.35,33,8.25,9.4643,22.5008,20.0,year_area100_08,0.7402708148305063
day_2,Mild cloudy day,0.35,34,8.5,9.6481,26.7878,20.0,year_area100_08,0.6920648710860707
day_2,Mild cloudy day,0.35,35,8.75,9.8269,30.9602,20.0,year_area100_08,0.6451605413105578
day_2,Mild cloudy day,0.35,36,9.0,10.0,35.0,20.0,year_area100_08,0.5997494917248357
day_2,Mild cloudy day,0.35,37,9.25,10.1667,38.8899,20.0,year_area100_08,0.5560200101317488
day_2,Mild cloudy day,0.35,38,9.5,10.3263,42.6133,20.0,year_area100_08,0.5141570059161195
day_2,Mild cloudy day,0.35,39,9.75,10.478,46.1542,20.0,year_area100_08,0.47435746304940085
day_2,Mild cloudy day,0.35,40,10.0,10.6213,49.4975,20.0,year_area100_08,0.43676911070220525
day_2,Mild cloudy day,0.35,41,10.25,10.7555,52.6288,20.0,year_area100_08,0.4015662403741388
day_2,Mild cloudy day,0.35,42,10.5,10.8801,55.5347,20.0,year_area100_08,0.36888837650632944
day_2,Mild cloudy day,0.35,43,10.75,10.9944,58.2029,20.0,year_area100_08,0.3388996753443144
day_2,Mild cloudy day,0.35,44,11.0,11.0981,60.6218,20.0,year_area100_08,0.3117010332215734
day_2,Mild cloudy day,0.35,45,11.25,11.1906,62.7811,20.0,year_area100_08,0.287431983387212
day_2,Mild cloudy day,0.35,46,11.5,11.2716,64.6716,20.0,year_area100_08,0.2661818390272016
day_2,Mild cloudy day,0.35,47,11.75,11.3408,66.2851,20.0,year_area100_08,0.24803508701605292
day_2,Mild cloudy day,0.35,48,12.0,11.3978,67.6148,20.0,year_area100_08,0.2330844277657388
day_2,Mild cloudy day,0.35,49,12.25,11.4424,68.655,20.0,year_area100_08,0.22138731199860784
day_2,Mild cloudy day,0.35,50,12.5,11.4743,69.4011,20.0,year_area100_08,0.21301085186790847
day_2,Mild cloudy day,0.35,51,12.75,11.4936,69.8501,20.0,year_area100_08,0.20795455593451628
day_2,Mild cloudy day,0.35,52,13.0,11.5,70.0,20.0,year_area100_08,0.2062729879418811
day_2,Mild cloudy day,0.35,53,13.25,11.4936,69.8501,20.0,year_area100_08,0.20795455593451628
day_2,Mild cloudy day,0.35,54,13.5,11.4743,69.4011,20.0,year_area100_08,0.21301085186790847
day_2,Mild cloudy day,0.35,55,13.75,11.4424,68.655,20.0,year_area100_08,0.22138731199860784
day_2,Mild cloudy day,0.35,56,14.0,11.3978,67.6148,20.0,year_area100_08,0.2330844277657388
day_2,Mild cloudy day,0.35,57,14.25,11.3408,66.2851,20.0,year_area100_08,0.24803508701605292
day_2,Mild cloudy day,0.35,58,14.5,11.2716,64.6716,20.0,year_area100_08,0.2661818390272016
day_2,Mild cloudy day,0.35,59,14.75,11.1906,62.7811,20.0,year_area100_08,0.287431983387212
day_2,Mild cloudy day,0.35,60,15.0,11.0981,60.6218,20.0,year_area100_08,0.3117010332215734
day_2,Mild cloudy day,0.35,61,15.25,10.9944,58.2029,20.0,year_area100_08,0.3388996753443144
day_2,Mild cloudy day,0.35,62,15.5,10.8801,55.5347,20.0,year_area100_08,0.36888837650632944
day_2,Mild cloudy day,0.35,63,15.75,10.7555,52.6288,20.0,year_area100_08,0.4015662403741388
day_2,Mild cloudy day,0.35,64,16.0,10.6213,49.4975,20.0,year_area100_08,0.43676911070220525
day_2,Mild cloudy day,0.35,65,16.25,10.478,46.1542,20.0,year_area100_08,0.47435746304940085
day_2,Mild cloudy day,0.35,66,16.5,10.3263,42.6133,20.0,year_area100_08,0.5141570059161195
day_2,Mild cloudy day,0.35,67,16.75,10.1667,38.8899,20.0,year_area100_08,0.5560200101317488
day_2,Mild cloudy day,0.35,68,17.0,10.0,35.0,20.0,year_area100_08,0.5997494917248357
day_2,Mild cloudy day,0.35,69,17.25,9.8269,30.9602,20.0,year_area100_08,0.6451605413105578
day_2,Mild cloudy day,0.35,70,17.5,9.6481,26.7878,20.0,year_area100_08,0.6920648710860707
day_2,Mild cloudy day,0.35,71,17.75,9.4643,22.5008,20.0,year_area100_08,0.7402708148305063
day_2,Mild cloudy day,0.35,72,18.0,9.2765,18.1173,20.0,year_area100_08,0.7895413125713241
day_2,Mild cloudy day,0.35,73,18.25,9.0853,13.6563,20.0,year_area100_08,0.8396948421497045
day_2,Mild cloudy day,0.35,74,18.5,8.8916,9.1368,20.0,year_area100_08,0.8905049702862996
day_2,Mild cloudy day,0.35,75,18.75,8.6962,4.5782,20.0,year_area100_08,0.9417583035506877
day_2,Mild cloudy day,0.35,76,19.0,8.5,0.0,20.0,year_area100_08,0.9932259955077903
day_2,Mild cloudy day,0.35,77,19.25,8.3038,0.0,20.0,year_area100_08,1.0225978683323325
day_2,Mild cloudy day,0.35,78,19.5,8.1084,0.0,20.0,year_area100_08,1.0518499781688035
day_2,Mild cloudy day,0.35,79,19.75,7.9147,0.0,20.0,year_area100_08,1.0808475916556222
day_2,Mild cloudy day,0.35,80,20.0,7.7235,0.0,20.0,year_area100_08,1.1094709458047172
day_2,Mild cloudy day,0.35,81,20.25,7.5357,0.0,20.0,year_area100_08,1.1375853072545081
day_2,Mild cloudy day,0.35,82,20.5,7.3519,0.0,20.0,year_area100_08,1.1651008537639416
day_2,Mild cloudy day,0.35,83,20.75,7.1731,0.0,20.0,year_area100_08,1.1918678815979282
day_2,Mild cloudy day,0.35,84,21.0,7.0,0.0,20.0,year_area100_08,1.217781598141905
day_2,Mild cloudy day,0.35,85,21.25,6.8333,0.0,20.0,year_area100_08,1.2427372107813097
day_2,Mild cloudy day,0.35,86,21.5,6.6737,0.0,20.0,year_area100_08,1.2666299269015795
day_2,Mild cloudy day,0.35,87,21.75,6.522,0.0,20.0,year_area100_08,1.2893399835146426
day_2,Mild cloudy day,0.35,88,22.0,6.3787,0.0,20.0,year_area100_08,1.3107925287529554
day_2,Mild cloudy day,0.35,89,22.25,6.2445,0.0,20.0,year_area100_08,1.330882770001954
day_2,Mild cloudy day,0.35,90,22.5,6.1199,0.0,20.0,year_area100_08,1.3495358553940942
day_2,Mild cloudy day,0.35,91,22.75,6.0056,0.0,20.0,year_area100_08,1.3666469923148137
day_2,Mild cloudy day,0.35,92,23.0,5.9019,0.0,20.0,year_area100_08,1.3821712696435857
day_2,Mild cloudy day,0.35,93,23.25,5.8094,0.0,20.0,year_area100_08,1.3960188651393564
day_2,Mild cloudy day,0.35,94,23.5,5.7284,0.0,20.0,year_area100_08,1.4081448676815982
day_2,Mild cloudy day,0.35,95,23.75,5.6592,0.0,20.0,year_area100_08,1.4185043661497856
day_2,Mild cloudy day,0.35,0,0.0,5.6022,0.0,20.0,year_area140_01,0.9104968975488275
day_2,Mild cloudy day,0.35,1,0.25,5.5576,0.0,20.0,year_area140_01,0.9159862692835135
day_2,Mild cloudy day,0.35,2,0.5,5.5257,0.0,20.0,year_area140_01,0.9199125239547352
day_2,Mild cloudy day,0.35,3,0.75,5.5064,0.0,20.0,year_area140_01,0.9222879695708666
day_2,Mild cloudy day,0.35,4,1.0,5.5,0.0,20.0,year_area140_01,0.9230756821067856
day_2,Mild cloudy day,0.35,5,1.25,5.5064,0.0,20.0,year_area140_01,0.9222879695708666
day_2,Mild cloudy day,0.35,6,1.5,5.5257,0.0,20.0,year_area140_01,0.9199125239547352
day_2,Mild cloudy day,0.35,7,1.75,5.5576,0.0,20.0,year_area140_01,0.9159862692835135
day_2,Mild cloudy day,0.35,8,2.0,5.6022,0.0,20.0,year_area140_01,0.9104968975488275
day_2,Mild cloudy day,0.35,9,2.25,5.6592,0.0,20.0,year_area140_01,0.903481332775798
day_2,Mild cloudy day,0.35,10,2.5,5.7284,0.0,20.0,year_area140_01,0.8949641909811727
day_2,Mild cloudy day,0.35,11,2.75,5.8094,0.0,20.0,year_area140_01,0.8849947041984467
day_2,Mild cloudy day,0.35,12,3.0,5.9019,0.0,20.0,year_area140_01,0.873609796452741
day_2,Mild cloudy day,0.35,13,3.25,6.0056,0.0,20.0,year_area140_01,0.8608463917691771
day_2,Mild cloudy day,0.35,14,3.5,6.1199,0.0,20.0,year_area140_01,0.846778338197997
day_2,Mild cloudy day,0.35,15,3.75,6.2445,0.0,20.0,year_area140_01,0.8314425597643222
day_2,Mild cloudy day,0.35,16,4.0,6.3787,0.0,20.0,year_area140_01,0.8149252125267687
day_2,Mild cloudy day,0.35,17,4.25,6.522,0.0,20.0,year_area140_01,0.7972878365272054
day_2,Mild cloudy day,0.35,18,4.5,6.6737,0.0,20.0,year_area140_01,0.7786165878242481
day_2,Mild cloudy day,0.35,19,4.75,6.8333,0.0,20.0,year_area140_01,0.7589730064597655
day_2,Mild cloudy day,0.35,20,5.0,7.0,0.0,20.0,year_area140_01,0.7384555565007482
day_2,Mild cloudy day,0.35,21,5.25,7.1731,0.0,20.0,year_area140_01,0.7171503940058115
day_2,Mild cloudy day,0.35,22,5.5,7.3519,0.0,20.0,year_area140_01,0.6951436750335718
day_2,Mild cloudy day,0.35,23,5.75,7.5357,0.0,20.0,year_area140_01,0.6725215556426454
day_2,Mild cloudy day,0.35,24,6.0,7.7235,0.0,20.0,year_area140_01,0.6494071159167696
day_2,Mild cloudy day,0.35,25,6.25,7.9147,0.0,20.0,year_area140_01,0.6258742039061866
day_2,Mild cloudy day,0.35,26,6.5,8.1084,0.0,20.0,year_area140_01,0.6020335916862602
day_2,Mild cloudy day,0.35,27,6.75,8.3038,0.0,20.0,year_area140_01,0.5779837433239803
day_2,Mild cloudy day,0.35,28,7.0,8.5,0.0,20.0,year_area140_01,0.5538354308947109
day_2,Mild cloudy day,0.35,29,7.25,8.6962,4.5782,20.0,year_area140_01,0.4892727589028547
day_2,Mild cloudy day,0.35,30,7.5,8.8916,9.1368,20.0,year_area140_01,0.4249815712583225
day_2,Mild cloudy day,0.35,31,7.75,9.0853,13.6563,20.0,year_area140_01,0.3612447775602803
day_2,Mild cloudy day,0.35,32,8.0,9.2765,18.1173,20.0,year_area140_01,0.29833209664298765
day_2,Mild cloudy day,0.35,33,8.25,9.4643,22.5008,20.0,year_area140_01,0.23652202432294844
day_2,Mild cloudy day,0.35,34,8.5,9.6481,26.7878,20.0,year_area140_01,0.17605613239154572
day_2,Mild cloudy day,0.35,35,8.75,9.8269,30.9602,20.0,year_area140_01,0.11721727986486596
day_2,Mild cloudy day,0.35,36,9.0,10.0,35.0,20.0,year_area140_01,0.06025051897734346
day_2,Mild cloudy day,0.35,37,9.25,10.1667,38.8899,20.0,year_area140_01,0.005394722667684482
day_2,Mild cloudy day,0.35,38,9.5,10.3263,42.6133,20.0,year_area140_01,0.0
day_2,Mild cloudy day,0.35,39,9.75,10.478,46.1542,20.0,year_area140_01,0.0
day_2,Mild cloudy day,0.35,40,10.0,10.6213,49.4975,20.0,year_area140_01,0.0
day_2,Mild cloudy day,0.35,41,10.25,10.7555,52.6288,20.0,year_area140_01,0.0
day_2,Mild cloudy day,0.35,42,10.5,10.8801,55.5347,20.0,year_area140_01,0.0
day_2,Mild cloudy day,0.35,43,10.75,10.9944,58.2029,20.0,year_area140_01,0.0
day_2,Mild cloudy day,0.35,44,11.0,11.0981,60.6218,20.0,year_area140_01,0.0
day_2,Mild cloudy day,0.35,45,11.25,11.1906,62.7811,20.0,year_area140_01,0.0
day_2,Mild cloudy day,0.35,46,11.5,11.2716,64.6716,20.0,year_area140_01,0.0
day_2,Mild cloudy day,0.35,47,11.75,11.3408,66.2851,20.0,year_area140_01,0.0
day_2,Mild cloudy day,0.35,48,12.0,11.3978,67.6148,20.0,year_area140_01,0.0
day_2,Mild cloudy day,0.35,49,12.25,11.4424,68.655,20.0,year_area140_01,0.0
day_2,Mild cloudy day,0.35,50,12.5,11.4743,69.4011,20.0,year_area140_01,0.0
day_2,Mild cloudy day,0.35,51,12.75,11.4936,69.8501,20.0,year_area140_01,0.0
day_2,Mild cloudy day,0.35,52,13.0,11.5,70.0,20.0,year_area140_01,0.0
day_2,Mild cloudy day,0.35,53,13.25,11.4936,69.8501,20.0,year_area140_01,0.0
day_2,Mild cloudy day,0.35,54,13.5,11.4743,69.4011,20.0,year_area140_01,0.0
day_2,Mild cloudy day,0.35,55,13.75,11.4424,68.655,20.0,year_area140_01,0.0
day_2,Mild cloudy day,0.35,56,14.0,11.3978,67.6148,20.0,year_area140_01,0.0
day_2,Mild cloudy day,0.35,57,14.25,11.3408,66.2851,20.0,year_area140_01,0.0
day_2,Mild cloudy day,0.35,58,14.5,11.2716,64.6716,20.0,year_area140_01,0.0
day_2,Mild cloudy day,0.35,59,14.75,11.1906,62.7811,20.0,year_area140_01,0.0
day_2,Mild cloudy day,0.35,60,15.0,11.0981,60.6218,20.0,year_area140_01,0.0
day_2,Mild cloudy day,0.35,61,15.25,10.9944,58.2029,20.0,year_area140_01,0.0
day_2,Mild cloudy day,0.35,62,15.5,10.8801,55.5347,20.0,year_area140_01,0.0
day_2,Mild cloudy day,0.35,63,15.75,10.7555,52.6288,20.0,year_area140_01,0.0
day_2,Mild cloudy day,0.35,64,16.0,10.6213,49.4975,20.0,year_area140_01,0.0
day_2,Mild cloudy day,0.35,65,16.25,10.478,46.1542,20.0,year_area140_01,0.0
day_2,Mild cloudy day,0.35,66,16.5,10.3263,42.6133,20.0,year_area140_01,0.0
day_2,Mild cloudy day,0.35,67,16.75,10.1667,38.8899,20.0,year_area140_01,0.005394722667684482
day_2,Mild cloudy day,0.35,68,17.0,10.0,35.0,20.0,year_area140_01,0.06025051897734346
day_2,Mild cloudy day,0.35,69,17.25,9.8269,30.9602,20.0,year_area140_01,0.11721727986486596
day_2,Mild cloudy day,0.35,70,17.5,9.6481,26.7878,20.0,year_area140_01,0.17605613239154572
day_2,Mild cloudy day,0.35,71,17.75,9.4643,22.5008,20.0,year_area140_01,0.23652202432294844
day_2,Mild cloudy day,0.35,72,18.0,9.2765,18.1173,20.0,year_area140_01,0.29833209664298765
day_2,Mild cloudy day,0.35,73,18.25,9.0853,13.6563,20.0,year_area140_01,0.3612447775602803
day_2,Mild cloudy day,0.35,74,18.5,8.8916,9.1368,20.0,year_area140_01,0.4249815712583225
day_2,Mild cloudy day,0.35,75,18.75,8.6962,4.5782,20.0,year_area140_01,0.4892727589028547
day_2,Mild cloudy day,0.35,76,19.0,8.5,0.0,20.0,year_area140_01,0.5538354308947109
day_2,Mild cloudy day,0.35,77,19.25,8.3038,0.0,20.0,year_area140_01,0.5779837433239803
day_2,Mild cloudy day,0.35,78,19.5,8.1084,0.0,20.0,year_area140_01,0.6020335916862602
day_2,Mild cloudy day,0.35,79,19.75,7.9147,0.0,20.0,year_area140_01,0.6258742039061866
day_2,Mild cloudy day,0.35,80,20.0,7.7235,0.0,20.0,year_area140_01,0.6494071159167696
day_2,Mild cloudy day,0.35,81,20.25,7.5357,0.0,20.0,year_area140_01,0.6725215556426454
day_2,Mild cloudy day,0.35,82,20.5,7.3519,0.0,20.0,year_area140_01,0.6951436750335718
day_2,Mild cloudy day,0.35,83,20.75,7.1731,0.0,20.0,year_area140_01,0.7171503940058115
day_2,Mild cloudy day,0.35,84,21.0,7.0,0.0,20.0,year_area140_01,0.7384555565007482
day_2,Mild cloudy day,0.35,85,21.25,6.8333,0.0,20.0,year_area140_01,0.7589730064597655
day_2,Mild cloudy day,0.35,86,21.5,6.6737,0.0,20.0,year_area140_01,0.7786165878242481
day_2,Mild cloudy day,0.35,87,21.75,6.522,0.0,20.0,year_area140_01,0.7972878365272054
day_2,Mild cloudy day,0.35,88,22.0,6.3787,0.0,20.0,year_area140_01,0.8149252125267687
day_2,Mild cloudy day,0.35,89,22.25,6.2445,0.0,20.0,year_area140_01,0.8314425597643222
day_2,Mild cloudy day,0.35,90,22.5,6.1199,0.0,20.0,year_area140_01,0.846778338197997
day_2,Mild cloudy day,0.35,91,22.75,6.0056,0.0,20.0,year_area140_01,0.8608463917691771
day_2,Mild cloudy day,0.35,92,23.0,5.9019,0.0,20.0,year_area140_01,0.873609796452741
day_2,Mild cloudy day,0.35,93,23.25,5.8094,0.0,20.0,year_area140_01,0.8849947041984467
day_2,Mild cloudy day,0.35,94,23.5,5.7284,0.0,20.0,year_area140_01,0.8949641909811727
day_2,Mild cloudy day,0.35,95,23.75,5.6592,0.0,20.0,year_area140_01,0.903481332775798
day_2,Mild cloudy day,0.35,0,0.0,5.6022,0.0,20.0,year_area140_02,3.698705076892892
day_2,Mild cloudy day,0.35,1,0.25,5.5576,0.0,20.0,year_area140_02,3.712829974319758
day_2,Mild cloudy day,0.35,2,0.5,5.5257,0.0,20.0,year_area140_02,3.7229327596990642
day_2,Mild cloudy day,0.35,3,0.75,5.5064,0.0,20.0,year_area140_02,3.7290451032044127
day_2,Mild cloudy day,0.35,4,1.0,5.5,0.0,20.0,year_area140_02,3.7310719943149935
day_2,Mild cloudy day,0.35,5,1.25,5.5064,0.0,20.0,year_area140_02,3.7290451032044127
day_2,Mild cloudy day,0.35,6,1.5,5.5257,0.0,20.0,year_area140_02,3.7229327596990642
day_2,Mild cloudy day,0.35,7,1.75,5.5576,0.0,20.0,year_area140_02,3.712829974319758
day_2,Mild cloudy day,0.35,8,2.0,5.6022,0.0,20.0,year_area140_02,3.698705076892892
day_2,Mild cloudy day,0.35,9,2.25,5.6592,0.0,20.0,year_area140_02,3.6806530779392728
day_2,Mild cloudy day,0.35,10,2.5,5.7284,0.0,20.0,year_area140_02,3.6587373178061076
day_2,Mild cloudy day,0.35,11,2.75,5.8094,0.0,20.0,year_area140_02,3.6330844771878072
day_2,Mild cloudy day,0.35,12,3.0,5.9019,0.0,20.0,year_area140_02,3.60378956660518
day_2,Mild cloudy day,0.35,13,3.25,6.0056,0.0,20.0,year_area140_02,3.570947596579035
day_2,Mild cloudy day,0.35,14,3.5,6.1199,0.0,20.0,year_area140_02,3.5347485881509892
day_2,Mild cloudy day,0.35,15,3.75,6.2445,0.0,20.0,year_area140_02,3.495287551841851
day_2,Mild cloudy day,0.35,16,4.0,6.3787,0.0,20.0,year_area140_02,3.4527861788668397
day_2,Mild cloudy day,0.35,17,4.25,6.522,0.0,20.0,year_area140_02,3.4074028200939703
day_2,Mild cloudy day,0.35,18,4.5,6.6737,0.0,20.0,year_area140_02,3.359359166738463
day_2,Mild cloudy day,0.35,19,4.75,6.8333,0.0,20.0,year_area140_02,3.3088135696683296
day_2,Mild cloudy day,0.35,20,5.0,7.0,0.0,20.0,year_area140_02,3.2560193902723964
day_2,Mild cloudy day,0.35,21,5.25,7.1731,0.0,20.0,year_area140_02,3.2011983197658807
day_2,Mild cloudy day,0.35,22,5.5,7.3519,0.0,20.0,year_area140_02,3.1445720493640024
day_2,Mild cloudy day,0.35,23,5.75,7.5357,0.0,20.0,year_area140_02,3.0863622702819833
day_2,Mild cloudy day,0.35,24,6.0,7.7235,0.0,20.0,year_area140_02,3.0268856842558503
day_2,Mild cloudy day,0.35,25,6.25,7.9147,0.0,20.0,year_area140_02,2.9663323123272205
day_2,Mild cloudy day,0.35,26,6.5,8.1084,0.0,20.0,year_area140_02,2.9049871860585195
day_2,Mild cloudy day,0.35,27,6.75,8.3038,0.0,20.0,year_area140_02,2.8431036668385703
day_2,Mild cloudy day,0.35,28,7.0,8.5,0.0,20.0,year_area140_02,2.7809667862297984
day_2,Mild cloudy day,0.35,29,7.25,8.6962,4.5782,20.0,year_area140_02,2.6786230130434645
day_2,Mild cloudy day,0.35,30,7.5,8.8916,9.1368,20.0,year_area140_02,2.5767047333272344
day_2,Mild cloudy day,0.35,31,7.75,9.0853,13.6563,20.0,year_area140_02,2.4756682324999093
day_2,Mild cloudy day,0.35,32,8.0,9.2765,18.1173,20.0,year_area140_02,2.3759372475817844
day_2,Mild cloudy day,0.35,33,8.25,9.4643,22.5008,20.0,year_area140_02,2.27796367286714
day_2,Mild cloudy day,0.35,34,8.5,9.6481,26.7878,20.0,year_area140_02,2.1821043921294456
day_2,Mild cloudy day,0.35,35,8.75,9.8269,30.9602,20.0,year_area140_02,2.088835065812444
day_2,Mild cloudy day,0.35,36,9.0,10.0,35.0,20.0,year_area140_02,1.9985354656141636
day_2,Mild cloudy day,0.35,37,9.25,10.1667,38.8899,20.0,year_area140_02,1.911579215658302
day_2,Mild cloudy day,0.35,38,9.5,10.3263,42.6133,20.0,year_area140_02,1.8283337924942256
day_2,Mild cloudy day,0.35,39,9.75,10.478,46.1542,20.0,year_area140_02,1.7491930734954755
day_2,Mild cloudy day,0.35,40,10.0,10.6213,49.4975,20.0,year_area140_02,1.6744480214906452
day_2,Mild cloudy day,0.35,41,10.25,10.7555,52.6288,20.0,year_area140_02,1.6044467920812013
day_2,Mild cloudy day,0.35,42,10.5,10.8801,55.5347,20.0,year_area140_02,1.5394654182723602
day_2,Mild cloudy day,0.35,43,10.75,10.9944,58.2029,20.0,year_area140_02,1.4798336129425946
day_2,Mild cloudy day,0.35,44,11.0,11.0981,60.6218,20.0,year_area140_02,1.4257482607016345
day_2,Mild cloudy day,0.35,45,11.25,11.1906,62.7811,20.0,year_area140_02,1.3774898397562612
day_2,Mild cloudy day,0.35,46,11.5,11.2716,64.6716,20.0,year_area140_02,1.3352341573184945
day_2,Mild cloudy day,0.35,47,11.75,11.3408,66.2851,20.0,year_area140_02,1.2991482383513122
day_2,Mild cloudy day,0.35,48,12.0,11.3978,67.6148,20.0,year_area140_02,1.2694184828426311
day_2,Mild cloudy day,0.35,49,12.25,11.4424,68.655,20.0,year_area140_02,1.2461582899592143
day_2,Mild cloudy day,0.35,50,12.5,11.4743,69.4011,20.0,year_area140_02,1.229503068567476
day_2,Mild cloudy day,0.35,51,12.75,11.4936,69.8501,20.0,year_area140_02,1.2194474952409475
day_2,Mild cloudy day,0.35,52,13.0,11.5,70.0,20.0,year_area140_02,1.2161041449985288
day_2,Mild cloudy day,0.35,53,13.25,11.4936,69.8501,20.0,year_area140_02,1.2194474952409475
day_2,Mild cloudy day,0.35,54,13.5,11.4743,69.4011,20.0,year_area140_02,1.229503068567476
day_2,Mild cloudy day,0.35,55,13.75,11.4424,68.655,20.0,year_area140_02,1.2461582899592143
day_2,Mild cloudy day,0.35,56,14.0,11.3978,67.6148,20.0,year_area140_02,1.2694184828426311
day_2,Mild cloudy day,0.35,57,14.25,11.3408,66.2851,20.0,year_area140_02,1.2991482383513122
day_2,Mild cloudy day,0.35,58,14.5,11.2716,64.6716,20.0,year_area140_02,1.3352341573184945
day_2,Mild cloudy day,0.35,59,14.75,11.1906,62.7811,20.0,year_area140_02,1.3774898397562612
day_2,Mild cloudy day,0.35,60,15.0,11.0981,60.6218,20.0,year_area140_02,1.4257482607016345
day_2,Mild cloudy day,0.35,61,15.25,10.9944,58.2029,20.0,year_area140_02,1.4798336129425946
day_2,Mild cloudy day,0.35,62,15.5,10.8801,55.5347,20.0,year_area140_02,1.5394654182723602
day_2,Mild cloudy day,0.35,63,15.75,10.7555,52.6288,20.0,year_area140_02,1.6044467920812013
day_2,Mild cloudy day,0.35,64,16.0,10.6213,49.4975,20.0,year_area140_02,1.6744480214906452
day_2,Mild cloudy day,0.35,65,16.25,10.478,46.1542,20.0,year_area140_02,1.7491930734954755
day_2,Mild cloudy day,0.35,66,16.5,10.3263,42.6133,20.0,year_area140_02,1.8283337924942256
day_2,Mild cloudy day,0.35,67,16.75,10.1667,38.8899,20.0,year_area140_02,1.911579215658302
day_2,Mild cloudy day,0.35,68,17.0,10.0,35.0,20.0,year_area140_02,1.9985354656141636
day_2,Mild cloudy day,0.35,69,17.25,9.8269,30.9602,20.0,year_area140_02,2.088835065812444
day_2,Mild cloudy day,0.35,70,17.5,9.6481,26.7878,20.0,year_area140_02,2.1821043921294456
day_2,Mild cloudy day,0.35,71,17.75,9.4643,22.5008,20.0,year_area140_02,2.27796367286714
day_2,Mild cloudy day,0.35,72,18.0,9.2765,18.1173,20.0,year_area140_02,2.3759372475817844
day_2,Mild cloudy day,0.35,73,18.25,9.0853,13.6563,20.0,year_area140_02,2.4756682324999093
day_2,Mild cloudy day,0.35,74,18.5,8.8916,9.1368,20.0,year_area140_02,2.5767047333272344
day_2,Mild cloudy day,0.35,75,18.75,8.6962,4.5782,20.0,year_area140_02,2.6786230130434645
day_2,Mild cloudy day,0.35,76,19.0,8.5,0.0,20.0,year_area140_02,2.7809667862297984
day_2,Mild cloudy day,0.35,77,19.25,8.3038,0.0,20.0,year_area140_02,2.8431036668385703
day_2,Mild cloudy day,0.35,78,19.5,8.1084,0.0,20.0,year_area140_02,2.9049871860585195
day_2,Mild cloudy day,0.35,79,19.75,7.9147,0.0,20.0,year_area140_02,2.9663323123272205
day_2,Mild cloudy day,0.35,80,20.0,7.7235,0.0,20.0,year_area140_02,3.0268856842558503
day_2,Mild cloudy day,0.35,81,20.25,7.5357,0.0,20.0,year_area140_02,3.0863622702819833
day_2,Mild cloudy day,0.35,82,20.5,7.3519,0.0,20.0,year_area140_02,3.1445720493640024
day_2,Mild cloudy day,0.35,83,20.75,7.1731,0.0,20.0,year_area140_02,3.2011983197658807
day_2,Mild cloudy day,0.35,84,21.0,7.0,0.0,20.0,year_area140_02,3.2560193902723964
day_2,Mild cloudy day,0.35,85,21.25,6.8333,0.0,20.0,year_area140_02,3.3088135696683296
day_2,Mild cloudy day,0.35,86,21.5,6.6737,0.0,20.0,year_area140_02,3.359359166738463
day_2,Mild cloudy day,0.35,87,21.75,6.522,0.0,20.0,year_area140_02,3.4074028200939703
day_2,Mild cloudy day,0.35,88,22.0,6.3787,0.0,20.0,year_area140_02,3.4527861788668397
day_2,Mild cloudy day,0.35,89,22.25,6.2445,0.0,20.0,year_area140_02,3.495287551841851
day_2,Mild cloudy day,0.35,90,22.5,6.1199,0.0,20.0,year_area140_02,3.5347485881509892
day_2,Mild cloudy day,0.35,91,22.75,6.0056,0.0,20.0,year_area140_02,3.570947596579035
day_2,Mild cloudy day,0.35,92,23.0,5.9019,0.0,20.0,year_area140_02,3.60378956660518
day_2,Mild cloudy day,0.35,93,23.25,5.8094,0.0,20.0,year_area140_02,3.6330844771878072
day_2,Mild cloudy day,0.35,94,23.5,5.7284,0.0,20.0,year_area140_02,3.6587373178061076
day_2,Mild cloudy day,0.35,95,23.75,5.6592,0.0,20.0,year_area140_02,3.6806530779392728
day_2,Mild cloudy day,0.35,0,0.0,5.6022,0.0,20.0,year_area140_03,4.301369923639947
day_2,Mild cloudy day,0.35,1,0.25,5.5576,0.0,20.0,year_area140_03,4.3166823307975175
day_2,Mild cloudy day,0.35,2,0.5,5.5257,0.0,20.0,year_area140_03,4.327634478517843
day_2,Mild cloudy day,0.35,3,0.75,5.5064,0.0,20.0,year_area140_03,4.334260699552397
day_2,Mild cloudy day,0.35,4,1.0,5.5,0.0,20.0,year_area140_03,4.336457995646756
day_2,Mild cloudy day,0.35,5,1.25,5.5064,0.0,20.0,year_area140_03,4.334260699552397
day_2,Mild cloudy day,0.35,6,1.5,5.5257,0.0,20.0,year_area140_03,4.327634478517843
day_2,Mild cloudy day,0.35,7,1.75,5.5576,0.0,20.0,year_area140_03,4.3166823307975175
day_2,Mild cloudy day,0.35,8,2.0,5.6022,0.0,20.0,year_area140_03,4.301369923639947
day_2,Mild cloudy day,0.35,9,2.25,5.6592,0.0,20.0,year_area140_03,4.281800255299554
day_2,Mild cloudy day,0.35,10,2.5,5.7284,0.0,20.0,year_area140_03,4.258041991279288
day_2,Mild cloudy day,0.35,11,2.75,5.8094,0.0,20.0,year_area140_03,4.230232462585046
day_2,Mild cloudy day,0.35,12,3.0,5.9019,0.0,20.0,year_area140_03,4.198474667471251
day_2,Mild cloudy day,0.35,13,3.25,6.0056,0.0,20.0,year_area140_03,4.1628716041923255
day_2,Mild cloudy day,0.35,14,3.5,6.1199,0.0,20.0,year_area140_03,4.123629269257117
day_2,Mild cloudy day,0.35,15,3.75,6.2445,0.0,20.0,year_area140_03,4.080850660920048
day_2,Mild cloudy day,0.35,16,4.0,6.3787,0.0,20.0,year_area140_03,4.03477610844144
day_2,Mild cloudy day,0.35,17,4.25,6.522,0.0,20.0,year_area140_03,3.9855772755786623
day_2,Mild cloudy day,0.35,18,4.5,6.6737,0.0,20.0,year_area140_03,3.9334944915920387
day_2,Mild cloudy day,0.35,19,4.75,6.8333,0.0,20.0,year_area140_03,3.878699420238939
day_2,Mild cloudy day,0.35,20,5.0,7.0,0.0,20.0,year_area140_03,3.8214667235311586
day_2,Mild cloudy day,0.35,21,5.25,7.1731,0.0,20.0,year_area140_03,3.762036730729019
day_2,Mild cloudy day,0.35,22,5.5,7.3519,0.0,20.0,year_area140_03,3.7006497710928397
day_2,Mild cloudy day,0.35,23,5.75,7.5357,0.0,20.0,year_area140_03,3.637546173882942
day_2,Mild cloudy day,0.35,24,6.0,7.7235,0.0,20.0,year_area140_03,3.573069266614069
day_2,Mild cloudy day,0.35,25,6.25,7.9147,0.0,20.0,year_area140_03,3.5074250457950678
day_2,Mild cloudy day,0.35,26,6.5,8.1084,0.0,20.0,year_area140_03,3.4409225061892066
day_2,Mild cloudy day,0.35,27,6.75,8.3038,0.0,20.0,year_area140_03,3.373836309808281
day_2,Mild cloudy day,0.35,28,7.0,8.5,0.0,20.0,year_area140_03,3.3064754514155617
day_2,Mild cloudy day,0.35,29,7.25,8.6962,4.5782,20.0,year_area140_03,3.223829455638248
day_2,Mild cloudy day,0.35,30,7.5,8.8916,9.1368,20.0,year_area140_03,3.1415235599690843
day_2,Mild cloudy day,0.35,31,7.75,9.0853,13.6563,20.0,year_area140_03,3.05993186339986
day_2,Mild cloudy day,0.35,32,8.0,9.2765,18.1173,20.0,year_area140_03,2.979393798303047
day_2,Mild cloudy day,0.35,33,8.25,9.4643,22.5008,20.0,year_area140_03,2.9002817943312422
day_2,Mild cloudy day,0.35,34,8.5,9.6481,26.7878,20.0,year_area140_03,2.822865282882614
day_2,Mild cloudy day,0.35,35,8.75,9.8269,30.9602,20.0,year_area140_03,2.747548021550686
day_2,Mild cloudy day,0.35,36,9.0,10.0,35.0,20.0,year_area140_03,2.674630435806716
day_2,Mild cloudy day,0.35,37,9.25,10.1667,38.8899,20.0,year_area140_03,2.6044106140470964
day_2,Mild cloudy day,0.35,38,9.5,10.3263,42.6133,20.0,year_area140_03,2.5371843075933467
day_2,Mild cloudy day,0.35,39,9.75,10.478,46.1542,20.0,year_area140_03,2.47327959731143
day_2,Mild cloudy day,0.35,40,10.0,10.6213,49.4975,20.0,year_area140_03,2.41291856100234
day_2,Mild cloudy day,0.35,41,10.25,10.7555,52.6288,20.0,year_area140_03,2.3563896048951483
day_2,Mild cloudy day,0.35,42,10.5,10.8801,55.5347,20.0,year_area140_03,2.3039091310375923
day_2,Mild cloudy day,0.35,43,10.75,10.9944,58.2029,20.0,year_area140_03,2.2557585344341358
day_2,Mild cloudy day,0.35,44,11.0,11.0981,60.6218,20.0,year_area140_03,2.2120795420084733
day_2,Mild cloudy day,0.35,45,11.25,11.1906,62.7811,20.0,year_area140_03,2.173112538656822
day_2,Mild cloudy day,0.35,46,11.5,11.2716,64.6716,20.0,year_area140_03,2.1389912384747514
day_2,Mild cloudy day,0.35,47,11.75,11.3408,66.2851,20.0,year_area140_03,2.1098460168794464
day_2,Mild cloudy day,0.35,48,12.0,11.3978,67.6148,20.0,year_area140_03,2.085836907889826
day_2,Mild cloudy day,0.35,49,12.25,11.4424,68.655,20.0,year_area140_03,2.0670516074756367
day_2,Mild cloudy day,0.35,50,12.5,11.4743,69.4011,20.0,year_area140_03,2.0536084718118737
day_2,Mild cloudy day,0.35,51,12.75,11.4936,69.8501,20.0,year_area140_03,2.04548318418222
day_2,Mild cloudy day,0.35,52,13.0,11.5,70.0,20.0,year_area140_03,2.042785420197871
day_2,Mild cloudy day,0.35,53,13.25,11.4936,69.8501,20.0,year_area140_03,2.04548318418222
day_2,Mild cloudy day,0.35,54,13.5,11.4743,69.4011,20.0,year_area140_03,2.0536084718118737
day_2,Mild cloudy day,0.35,55,13.75,11.4424,68.655,20.0,year_area140_03,2.0670516074756367
day_2,Mild cloudy day,0.35,56,14.0,11.3978,67.6148,20.0,year_area140_03,2.085836907889826
day_2,Mild cloudy day,0.35,57,14.25,11.3408,66.2851,20.0,year_area140_03,2.1098460168794464
day_2,Mild cloudy day,0.35,58,14.5,11.2716,64.6716,20.0,year_area140_03,2.1389912384747514
day_2,Mild cloudy day,0.35,59,14.75,11.1906,62.7811,20.0,year_area140_03,2.173112538656822
day_2,Mild cloudy day,0.35,60,15.0,11.0981,60.6218,20.0,year_area140_03,2.2120795420084733
day_2,Mild cloudy day,0.35,61,15.25,10.9944,58.2029,20.0,year_area140_03,2.2557585344341358
day_2,Mild cloudy day,0.35,62,15.5,10.8801,55.5347,20.0,year_area140_03,2.3039091310375923
day_2,Mild cloudy day,0.35,63,15.75,10.7555,52.6288,20.0,year_area140_03,2.3563896048951483
day_2,Mild cloudy day,0.35,64,16.0,10.6213,49.4975,20.0,year_area140_03,2.41291856100234
day_2,Mild cloudy day,0.35,65,16.25,10.478,46.1542,20.0,year_area140_03,2.47327959731143
day_2,Mild cloudy day,0.35,66,16.5,10.3263,42.6133,20.0,year_area140_03,2.5371843075933467
day_2,Mild cloudy day,0.35,67,16.75,10.1667,38.8899,20.0,year_area140_03,2.6044106140470964
day_2,Mild cloudy day,0.35,68,17.0,10.0,35.0,20.0,year_area140_03,2.674630435806716
day_2,Mild cloudy day,0.35,69,17.25,9.8269,30.9602,20.0,year_area140_03,2.747548021550686
day_2,Mild cloudy day,0.35,70,17.5,9.6481,26.7878,20.0,year_area140_03,2.822865282882614
day_2,Mild cloudy day,0.35,71,17.75,9.4643,22.5008,20.0,year_area140_03,2.9002817943312422
day_2,Mild cloudy day,0.35,72,18.0,9.2765,18.1173,20.0,year_area140_03,2.979393798303047
day_2,Mild cloudy day,0.35,73,18.25,9.0853,13.6563,20.0,year_area140_03,3.05993186339986
day_2,Mild cloudy day,0.35,74,18.5,8.8916,9.1368,20.0,year_area140_03,3.1415235599690843
day_2,Mild cloudy day,0.35,75,18.75,8.6962,4.5782,20.0,year_area140_03,3.223829455638248
day_2,Mild cloudy day,0.35,76,19.0,8.5,0.0,20.0,year_area140_03,3.3064754514155617
day_2,Mild cloudy day,0.35,77,19.25,8.3038,0.0,20.0,year_area140_03,3.373836309808281
day_2,Mild cloudy day,0.35,78,19.5,8.1084,0.0,20.0,year_area140_03,3.4409225061892066
day_2,Mild cloudy day,0.35,79,19.75,7.9147,0.0,20.0,year_area140_03,3.5074250457950678
day_2,Mild cloudy day,0.35,80,20.0,7.7235,0.0,20.0,year_area140_03,3.573069266614069
day_2,Mild cloudy day,0.35,81,20.25,7.5357,0.0,20.0,year_area140_03,3.637546173882942
day_2,Mild cloudy day,0.35,82,20.5,7.3519,0.0,20.0,year_area140_03,3.7006497710928397
day_2,Mild cloudy day,0.35,83,20.75,7.1731,0.0,20.0,year_area140_03,3.762036730729019
day_2,Mild cloudy day,0.35,84,21.0,7.0,0.0,20.0,year_area140_03,3.8214667235311586
day_2,Mild cloudy day,0.35,85,21.25,6.8333,0.0,20.0,year_area140_03,3.878699420238939
day_2,Mild cloudy day,0.35,86,21.5,6.6737,0.0,20.0,year_area140_03,3.9334944915920387
day_2,Mild cloudy day,0.35,87,21.75,6.522,0.0,20.0,year_area140_03,3.9855772755786623
day_2,Mild cloudy day,0.35,88,22.0,6.3787,0.0,20.0,year_area140_03,4.03477610844144
day_2,Mild cloudy day,0.35,89,22.25,6.2445,0.0,20.0,year_area140_03,4.080850660920048
day_2,Mild cloudy day,0.35,90,22.5,6.1199,0.0,20.0,year_area140_03,4.123629269257117
day_2,Mild cloudy day,0.35,91,22.75,6.0056,0.0,20.0,year_area140_03,4.1628716041923255
day_2,Mild cloudy day,0.35,92,23.0,5.9019,0.0,20.0,year_area140_03,4.198474667471251
day_2,Mild cloudy day,0.35,93,23.25,5.8094,0.0,20.0,year_area140_03,4.230232462585046
day_2,Mild cloudy day,0.35,94,23.5,5.7284,0.0,20.0,year_area140_03,4.258041991279288
day_2,Mild cloudy day,0.35,95,23.75,5.6592,0.0,20.0,year_area140_03,4.281800255299554
day_2,Mild cloudy day,0.35,0,0.0,5.6022,0.0,20.0,year_area140_04,2.4937881295655973
day_2,Mild cloudy day,0.35,1,0.25,5.5576,0.0,20.0,year_area140_04,2.499894743680986
day_2,Mild cloudy day,0.35,2,0.5,5.5257,0.0,20.0,year_area140_04,2.5042624788890775
day_2,Mild cloudy day,0.35,3,0.75,5.5064,0.0,20.0,year_area140_04,2.506905027149773
day_2,Mild cloudy day,0.35,4,1.0,5.5,0.0,20.0,year_area140_04,2.5077813125833712
day_2,Mild cloudy day,0.35,5,1.25,5.5064,0.0,20.0,year_area140_04,2.506905027149773
day_2,Mild cloudy day,0.35,6,1.5,5.5257,0.0,20.0,year_area140_04,2.5042624788890775
day_2,Mild cloudy day,0.35,7,1.75,5.5576,0.0,20.0,year_area140_04,2.499894743680986
day_2,Mild cloudy day,0.35,8,2.0,5.6022,0.0,20.0,year_area140_04,2.4937881295655973
day_2,Mild cloudy day,0.35,9,2.25,5.6592,0.0,20.0,year_area140_04,2.485983712422612
day_2,Mild cloudy day,0.35,10,2.5,5.7284,0.0,20.0,year_area140_04,2.4765088761718297
day_2,Mild cloudy day,0.35,11,2.75,5.8094,0.0,20.0,year_area140_04,2.465418388652851
day_2,Mild cloudy day,0.35,12,3.0,5.9019,0.0,20.0,year_area140_04,2.4527533257453746
day_2,Mild cloudy day,0.35,13,3.25,6.0056,0.0,20.0,year_area140_04,2.438554763329101
day_2,Mild cloudy day,0.35,14,3.5,6.1199,0.0,20.0,year_area140_04,2.422904853163431
day_2,Mild cloudy day,0.35,15,3.75,6.2445,0.0,20.0,year_area140_04,2.405844671128063
day_2,Mild cloudy day,0.35,16,4.0,6.3787,0.0,20.0,year_area140_04,2.387470060942298
day_2,Mild cloudy day,0.35,17,4.25,6.522,0.0,20.0,year_area140_04,2.3678494824056346
day_2,Mild cloudy day,0.35,18,4.5,6.6737,0.0,20.0,year_area140_04,2.347078779237374
day_2,Mild cloudy day,0.35,19,4.75,6.8333,0.0,20.0,year_area140_04,2.325226411237015
day_2,Mild cloudy day,0.35,20,5.0,7.0,0.0,20.0,year_area140_04,2.302401914083758
day_2,Mild cloudy day,0.35,21,5.25,7.1731,0.0,20.0,year_area140_04,2.2787011314969026
day_2,Mild cloudy day,0.35,22,5.5,7.3519,0.0,20.0,year_area140_04,2.2542199071957487
day_2,Mild cloudy day,0.35,23,5.75,7.5357,0.0,20.0,year_area140_04,2.2290540848995963
day_2,Mild cloudy day,0.35,24,6.0,7.7235,0.0,20.0,year_area140_04,2.203340584207445
day_2,Mild cloudy day,0.35,25,6.25,7.9147,0.0,20.0,year_area140_04,2.177161556878694
day_2,Mild cloudy day,0.35,26,6.5,8.1084,0.0,20.0,year_area140_04,2.150640230552444
day_2,Mild cloudy day,0.35,27,6.75,8.3038,0.0,20.0,year_area140_04,2.1238861409078944
day_2,Mild cloudy day,0.35,28,7.0,8.5,0.0,20.0,year_area140_04,2.097022515584145
day_2,Mild cloudy day,0.35,29,7.25,8.6962,4.5782,20.0,year_area140_04,2.065139575035206
day_2,Mild cloudy day,0.35,30,7.5,8.8916,9.1368,20.0,year_area140_04,2.0333876586496773
day_2,Mild cloudy day,0.35,31,7.75,9.0853,13.6563,20.0,year_area140_04,2.0019113729157465
day_2,Mild cloudy day,0.35,32,8.0,9.2765,18.1173,20.0,year_area140_04,1.9708415227265768
day_2,Mild cloudy day,0.35,33,8.25,9.4643,22.5008,20.0,year_area140_04,1.9403221663947372
day_2,Mild cloudy day,0.35,34,8.5,9.6481,26.7878,20.0,year_area140_04,1.9104562863530976
day_2,Mild cloudy day,0.35,35,8.75,9.8269,30.9602,20.0,year_area140_04,1.8814006461580157
day_2,Mild cloudy day,0.35,36,9.0,10.0,35.0,20.0,year_area140_04,1.8532708238510258
day_2,Mild cloudy day,0.35,37,9.25,10.1667,38.8899,20.0,year_area140_04,1.8261816300277967
day_2,Mild cloudy day,0.35,38,9.5,10.3263,42.6133,20.0,year_area140_04,1.8002471078381341
day_2,Mild cloudy day,0.35,39,9.75,10.478,46.1542,20.0,year_area140_04,1.775594334581001
day_2,Mild cloudy day,0.35,40,10.0,10.6213,49.4975,20.0,year_area140_04,1.7523083249595501
day_2,Mild cloudy day,0.35,41,10.25,10.7555,52.6288,20.0,year_area140_04,1.730500710150868
day_2,Mild cloudy day,0.35,42,10.5,10.8801,55.5347,20.0,year_area140_04,1.7102546410610073
day_2,Mild cloudy day,0.35,43,10.75,10.9944,58.2029,20.0,year_area140_04,1.6916794465294611
day_2,Mild cloudy day,0.35,44,11.0,11.0981,60.6218,20.0,year_area140_04,1.6748289201102584
day_2,Mild cloudy day,0.35,45,11.25,11.1906,62.7811,20.0,year_area140_04,1.6597965059805224
day_2,Mild cloudy day,0.35,46,11.5,11.2716,64.6716,20.0,year_area140_04,1.6466333664513164
day_2,Mild cloudy day,0.35,47,11.75,11.3408,66.2851,20.0,year_area140_04,1.6353895674824694
day_2,Mild cloudy day,0.35,48,12.0,11.3978,67.6148,20.0,year_area140_04,1.6261273321019813
day_2,Mild cloudy day,0.35,49,12.25,11.4424,68.655,20.0,year_area140_04,1.6188802934316935
day_2,Mild cloudy day,0.35,50,12.5,11.4743,69.4011,20.0,year_area140_04,1.6136945705669867
day_2,Mild cloudy day,0.35,51,12.75,11.4936,69.8501,20.0,year_area140_04,1.6105597606016673
day_2,Mild cloudy day,0.35,52,13.0,11.5,70.0,20.0,year_area140_04,1.609519132117906
day_2,Mild cloudy day,0.35,53,13.25,11.4936,69.8501,20.0,year_area140_04,1.6105597606016673
day_2,Mild cloudy day,0.35,54,13.5,11.4743,69.4011,20.0,year_area140_04,1.6136945705669867
day_2,Mild cloudy day,0.35,55,13.75,11.4424,68.655,20.0,year_area140_04,1.6188802934316935
day_2,Mild cloudy day,0.35,56,14.0,11.3978,67.6148,20.0,year_area140_04,1.6261273321019813
day_2,Mild cloudy day,0.35,57,14.25,11.3408,66.2851,20.0,year_area140_04,1.6353895674824694
day_2,Mild cloudy day,0.35,58,14.5,11.2716,64.6716,20.0,year_area140_04,1.6466333664513164
day_2,Mild cloudy day,0.35,59,14.75,11.1906,62.7811,20.0,year_area140_04,1.6597965059805224
day_2,Mild cloudy day,0.35,60,15.0,11.0981,60.6218,20.0,year_area140_04,1.6748289201102584
day_2,Mild cloudy day,0.35,61,15.25,10.9944,58.2029,20.0,year_area140_04,1.6916794465294611
day_2,Mild cloudy day,0.35,62,15.5,10.8801,55.5347,20.0,year_area140_04,1.7102546410610073
day_2,Mild cloudy day,0.35,63,15.75,10.7555,52.6288,20.0,year_area140_04,1.730500710150868
day_2,Mild cloudy day,0.35,64,16.0,10.6213,49.4975,20.0,year_area140_04,1.7523083249595501
day_2,Mild cloudy day,0.35,65,16.25,10.478,46.1542,20.0,year_area140_04,1.775594334581001
day_2,Mild cloudy day,0.35,66,16.5,10.3263,42.6133,20.0,year_area140_04,1.8002471078381341
day_2,Mild cloudy day,0.35,67,16.75,10.1667,38.8899,20.0,year_area140_04,1.8261816300277967
day_2,Mild cloudy day,0.35,68,17.0,10.0,35.0,20.0,year_area140_04,1.8532708238510258
day_2,Mild cloudy day,0.35,69,17.25,9.8269,30.9602,20.0,year_area140_04,1.8814006461580157
day_2,Mild cloudy day,0.35,70,17.5,9.6481,26.7878,20.0,year_area140_04,1.9104562863530976
day_2,Mild cloudy day,0.35,71,17.75,9.4643,22.5008,20.0,year_area140_04,1.9403221663947372
day_2,Mild cloudy day,0.35,72,18.0,9.2765,18.1173,20.0,year_area140_04,1.9708415227265768
day_2,Mild cloudy day,0.35,73,18.25,9.0853,13.6563,20.0,year_area140_04,2.0019113729157465
day_2,Mild cloudy day,0.35,74,18.5,8.8916,9.1368,20.0,year_area140_04,2.0333876586496773
day_2,Mild cloudy day,0.35,75,18.75,8.6962,4.5782,20.0,year_area140_04,2.065139575035206
day_2,Mild cloudy day,0.35,76,19.0,8.5,0.0,20.0,year_area140_04,2.097022515584145
day_2,Mild cloudy day,0.35,77,19.25,8.3038,0.0,20.0,year_area140_04,2.1238861409078944
day_2,Mild cloudy day,0.35,78,19.5,8.1084,0.0,20.0,year_area140_04,2.150640230552444
day_2,Mild cloudy day,0.35,79,19.75,7.9147,0.0,20.0,year_area140_04,2.177161556878694
day_2,Mild cloudy day,0.35,80,20.0,7.7235,0.0,20.0,year_area140_04,2.203340584207445
day_2,Mild cloudy day,0.35,81,20.25,7.5357,0.0,20.0,year_area140_04,2.2290540848995963
day_2,Mild cloudy day,0.35,82,20.5,7.3519,0.0,20.0,year_area140_04,2.2542199071957487
day_2,Mild cloudy day,0.35,83,20.75,7.1731,0.0,20.0,year_area140_04,2.2787011314969026
day_2,Mild cloudy day,0.35,84,21.0,7.0,0.0,20.0,year_area140_04,2.302401914083758
day_2,Mild cloudy day,0.35,85,21.25,6.8333,0.0,20.0,year_area140_04,2.325226411237015
day_2,Mild cloudy day,0.35,86,21.5,6.6737,0.0,20.0,year_area140_04,2.347078779237374
day_2,Mild cloudy day,0.35,87,21.75,6.522,0.0,20.0,year_area140_04,2.3678494824056346
day_2,Mild cloudy day,0.35,88,22.0,6.3787,0.0,20.0,year_area140_04,2.387470060942298
day_2,Mild cloudy day,0.35,89,22.25,6.2445,0.0,20.0,year_area140_04,2.405844671128063
day_2,Mild cloudy day,0.35,90,22.5,6.1199,0.0,20.0,year_area140_04,2.422904853163431
day_2,Mild cloudy day,0.35,91,22.75,6.0056,0.0,20.0,year_area140_04,2.438554763329101
day_2,Mild cloudy day,0.35,92,23.0,5.9019,0.0,20.0,year_area140_04,2.4527533257453746
day_2,Mild cloudy day,0.35,93,23.25,5.8094,0.0,20.0,year_area140_04,2.465418388652851
day_2,Mild cloudy day,0.35,94,23.5,5.7284,0.0,20.0,year_area140_04,2.4765088761718297
day_2,Mild cloudy day,0.35,95,23.75,5.6592,0.0,20.0,year_area140_04,2.485983712422612
day_2,Mild cloudy day,0.35,0,0.0,5.6022,0.0,20.0,year_area140_05,3.7914540964702765
day_2,Mild cloudy day,0.35,1,0.25,5.5576,0.0,20.0,year_area140_05,3.8066530367044114
day_2,Mild cloudy day,0.35,2,0.5,5.5257,0.0,20.0,year_area140_05,3.8175240275893647
day_2,Mild cloudy day,0.35,3,0.75,5.5064,0.0,20.0,year_area140_05,3.8241011474664677
day_2,Mild cloudy day,0.35,4,1.0,5.5,0.0,20.0,year_area140_05,3.8262821613117244
day_2,Mild cloudy day,0.35,5,1.25,5.5064,0.0,20.0,year_area140_05,3.8241011474664677
day_2,Mild cloudy day,0.35,6,1.5,5.5257,0.0,20.0,year_area140_05,3.8175240275893647
day_2,Mild cloudy day,0.35,7,1.75,5.5576,0.0,20.0,year_area140_05,3.8066530367044114
day_2,Mild cloudy day,0.35,8,2.0,5.6022,0.0,20.0,year_area140_05,3.7914540964702765
day_2,Mild cloudy day,0.35,9,2.25,5.6592,0.0,20.0,year_area140_05,3.772029441910956
day_2,Mild cloudy day,0.35,10,2.5,5.7284,0.0,20.0,year_area140_05,3.748447229709115
day_2,Mild cloudy day,0.35,11,2.75,5.8094,0.0,20.0,year_area140_05,3.7208437732300808
day_2,Mild cloudy day,0.35,12,3.0,5.9019,0.0,20.0,year_area140_05,3.6893213074978504
day_2,Mild cloudy day,0.35,13,3.25,6.0056,0.0,20.0,year_area140_05,3.6539820675364205
day_2,Mild cloudy day,0.35,14,3.5,6.1199,0.0,20.0,year_area140_05,3.615030523393783
day_2,Mild cloudy day,0.35,15,3.75,6.2445,0.0,20.0,year_area140_05,3.572568910093936
day_2,Mild cloudy day,0.35,16,4.0,6.3787,0.0,20.0,year_area140_05,3.526835776026203
day_2,Mild cloudy day,0.35,17,4.25,6.522,0.0,20.0,year_area140_05,3.478001512897245
day_2,Mild cloudy day,0.35,18,4.5,6.6737,0.0,20.0,year_area140_05,3.4263046690963876
day_2,Mild cloudy day,0.35,19,4.75,6.8333,0.0,20.0,year_area140_05,3.3719156363302907
day_2,Mild cloudy day,0.35,20,5.0,7.0,0.0,20.0,year_area140_05,3.3151070413296124
day_2,Mild cloudy day,0.35,21,5.25,7.1731,0.0,20.0,year_area140_05,3.2561174324836766
day_2,Mild cloudy day,0.35,22,5.5,7.3519,0.0,20.0,year_area140_05,3.1951853581818086
day_2,Mild cloudy day,0.35,23,5.75,7.5357,0.0,20.0,year_area140_05,3.132549366813334
day_2,Mild cloudy day,0.35,24,6.0,7.7235,0.0,20.0,year_area140_05,3.068550241791573
day_2,Mild cloudy day,0.35,25,6.25,7.9147,0.0,20.0,year_area140_05,3.0033924531645195
day_2,Mild cloudy day,0.35,26,6.5,8.1084,0.0,20.0,year_area140_05,2.9373827060041635
day_2,Mild cloudy day,0.35,27,6.75,8.3038,0.0,20.0,year_area140_05,2.87079362704116
day_2,Mild cloudy day,0.35,28,7.0,8.5,0.0,20.0,year_area140_05,2.8039319213474996
day_2,Mild cloudy day,0.35,29,7.25,8.6962,4.5782,20.0,year_area140_05,2.7202704793110826
day_2,Mild cloudy day,0.35,30,7.5,8.8916,9.1368,20.0,year_area140_05,2.636953586339934
day_2,Mild cloudy day,0.35,31,7.75,9.0853,13.6563,20.0,year_area140_05,2.5543595028899677
day_2,Mild cloudy day,0.35,32,8.0,9.2765,18.1173,20.0,year_area140_05,2.4728320441250786
day_2,Mild cloudy day,0.35,33,8.25,9.4643,22.5008,20.0,year_area140_05,2.3927476357477477
day_2,Mild cloudy day,0.35,34,8.5,9.6481,26.7878,20.0,year_area140_05,2.3143804684364575
day_2,Mild cloudy day,0.35,35,8.75,9.8269,30.9602,20.0,year_area140_05,2.238137743678838
day_2,Mild cloudy day,0.35,36,9.0,10.0,35.0,20.0,year_area140_05,2.16432406098784
day_2,Mild cloudy day,0.35,37,9.25,10.1667,38.8899,20.0,year_area140_05,2.0932414512216
day_2,Mild cloudy day,0.35,38,9.5,10.3263,42.6133,20.0,year_area140_05,2.025189376583453
day_2,Mild cloudy day,0.35,39,9.75,10.478,46.1542,20.0,year_area140_05,1.960499175913942
day_2,Mild cloudy day,0.35,40,10.0,10.6213,49.4975,20.0,year_area140_05,1.8993966504734345
day_2,Mild cloudy day,0.35,41,10.25,10.7555,52.6288,20.0,year_area140_05,1.8421731895501523
day_2,Mild cloudy day,0.35,42,10.5,10.8801,55.5347,20.0,year_area140_05,1.789048356242787
day_2,Mild cloudy day,0.35,43,10.75,10.9944,58.2029,20.0,year_area140_05,1.7403058338751394
day_2,Mild cloudy day,0.35,44,11.0,11.0981,60.6218,20.0,year_area140_05,1.6960904237508738
day_2,Mild cloudy day,0.35,45,11.25,11.1906,62.7811,20.0,year_area140_05,1.6566443918387228
day_2,Mild cloudy day,0.35,46,11.5,11.2716,64.6716,20.0,year_area140_05,1.6221037326258672
day_2,Mild cloudy day,0.35,47,11.75,11.3408,66.2851,20.0,year_area140_05,1.5926007710926204
day_2,Mild cloudy day,0.35,48,12.0,11.3978,67.6148,20.0,year_area140_05,1.5682967732510136
day_2,Mild cloudy day,0.35,49,12.25,11.4424,68.655,20.0,year_area140_05,1.5492808119728583
day_2,Mild cloudy day,0.35,50,12.5,11.4743,69.4011,20.0,year_area140_05,1.5356720020137429
day_2,Mild cloudy day,0.35,51,12.75,11.4936,69.8501,20.0,year_area140_05,1.5274472735529385
day_2,Mild cloudy day,0.35,52,13.0,11.5,70.0,20.0,year_area140_05,1.5247162006281791
day_2,Mild cloudy day,0.35,53,13.25,11.4936,69.8501,20.0,year_area140_05,1.5274472735529385
day_2,Mild cloudy day,0.35,54,13.5,11.4743,69.4011,20.0,year_area140_05,1.5356720020137429
day_2,Mild cloudy day,0.35,55,13.75,11.4424,68.655,20.0,year_area140_05,1.5492808119728583
day_2,Mild cloudy day,0.35,56,14.0,11.3978,67.6148,20.0,year_area140_05,1.5682967732510136
day_2,Mild cloudy day,0.35,57,14.25,11.3408,66.2851,20.0,year_area140_05,1.5926007710926204
day_2,Mild cloudy day,0.35,58,14.5,11.2716,64.6716,20.0,year_area140_05,1.6221037326258672
day_2,Mild cloudy day,0.35,59,14.75,11.1906,62.7811,20.0,year_area140_05,1.6566443918387228
day_2,Mild cloudy day,0.35,60,15.0,11.0981,60.6218,20.0,year_area140_05,1.6960904237508738
day_2,Mild cloudy day,0.35,61,15.25,10.9944,58.2029,20.0,year_area140_05,1.7403058338751394
day_2,Mild cloudy day,0.35,62,15.5,10.8801,55.5347,20.0,year_area140_05,1.789048356242787
day_2,Mild cloudy day,0.35,63,15.75,10.7555,52.6288,20.0,year_area140_05,1.8421731895501523
day_2,Mild cloudy day,0.35,64,16.0,10.6213,49.4975,20.0,year_area140_05,1.8993966504734345
day_2,Mild cloudy day,0.35,65,16.25,10.478,46.1542,20.0,year_area140_05,1.960499175913942
day_2,Mild cloudy day,0.35,66,16.5,10.3263,42.6133,20.0,year_area140_05,2.025189376583453
day_2,Mild cloudy day,0.35,67,16.75,10.1667,38.8899,20.0,year_area140_05,2.0932414512216
day_2,Mild cloudy day,0.35,68,17.0,10.0,35.0,20.0,year_area140_05,2.16432406098784
day_2,Mild cloudy day,0.35,69,17.25,9.8269,30.9602,20.0,year_area140_05,2.238137743678838
day_2,Mild cloudy day,0.35,70,17.5,9.6481,26.7878,20.0,year_area140_05,2.3143804684364575
day_2,Mild cloudy day,0.35,71,17.75,9.4643,22.5008,20.0,year_area140_05,2.3927476357477477
day_2,Mild cloudy day,0.35,72,18.0,9.2765,18.1173,20.0,year_area140_05,2.4728320441250786
day_2,Mild cloudy day,0.35,73,18.25,9.0853,13.6563,20.0,year_area140_05,2.5543595028899677
day_2,Mild cloudy day,0.35,74,18.5,8.8916,9.1368,20.0,year_area140_05,2.636953586339934
day_2,Mild cloudy day,0.35,75,18.75,8.6962,4.5782,20.0,year_area140_05,2.7202704793110826
day_2,Mild cloudy day,0.35,76,19.0,8.5,0.0,20.0,year_area140_05,2.8039319213474996
day_2,Mild cloudy day,0.35,77,19.25,8.3038,0.0,20.0,year_area140_05,2.87079362704116
day_2,Mild cloudy day,0.35,78,19.5,8.1084,0.0,20.0,year_area140_05,2.9373827060041635
day_2,Mild cloudy day,0.35,79,19.75,7.9147,0.0,20.0,year_area140_05,3.0033924531645195
day_2,Mild cloudy day,0.35,80,20.0,7.7235,0.0,20.0,year_area140_05,3.068550241791573
day_2,Mild cloudy day,0.35,81,20.25,7.5357,0.0,20.0,year_area140_05,3.132549366813334
day_2,Mild cloudy day,0.35,82,20.5,7.3519,0.0,20.0,year_area140_05,3.1951853581818086
day_2,Mild cloudy day,0.35,83,20.75,7.1731,0.0,20.0,year_area140_05,3.2561174324836766
day_2,Mild cloudy day,0.35,84,21.0,7.0,0.0,20.0,year_area140_05,3.3151070413296124
day_2,Mild cloudy day,0.35,85,21.25,6.8333,0.0,20.0,year_area140_05,3.3719156363302907
day_2,Mild cloudy day,0.35,86,21.5,6.6737,0.0,20.0,year_area140_05,3.4263046690963876
day_2,Mild cloudy day,0.35,87,21.75,6.522,0.0,20.0,year_area140_05,3.478001512897245
day_2,Mild cloudy day,0.35,88,22.0,6.3787,0.0,20.0,year_area140_05,3.526835776026203
day_2,Mild cloudy day,0.35,89,22.25,6.2445,0.0,20.0,year_area140_05,3.572568910093936
day_2,Mild cloudy day,0.35,90,22.5,6.1199,0.0,20.0,year_area140_05,3.615030523393783
day_2,Mild cloudy day,0.35,91,22.75,6.0056,0.0,20.0,year_area140_05,3.6539820675364205
day_2,Mild cloudy day,0.35,92,23.0,5.9019,0.0,20.0,year_area140_05,3.6893213074978504
day_2,Mild cloudy day,0.35,93,23.25,5.8094,0.0,20.0,year_area140_05,3.7208437732300808
day_2,Mild cloudy day,0.35,94,23.5,5.7284,0.0,20.0,year_area140_05,3.748447229709115
day_2,Mild cloudy day,0.35,95,23.75,5.6592,0.0,20.0,year_area140_05,3.772029441910956
day_2,Mild cloudy day,0.35,0,0.0,5.6022,0.0,20.0,year_area140_06,2.7975190551971405
day_2,Mild cloudy day,0.35,1,0.25,5.5576,0.0,20.0,year_area140_06,2.8031401977798054
day_2,Mild cloudy day,0.35,2,0.5,5.5257,0.0,20.0,year_area140_06,2.8071607011068687
day_2,Mild cloudy day,0.35,3,0.75,5.5064,0.0,20.0,year_area140_06,2.8095931686370355
day_2,Mild cloudy day,0.35,4,1.0,5.5,0.0,20.0,year_area140_06,2.810399789994189
day_2,Mild cloudy day,0.35,5,1.25,5.5064,0.0,20.0,year_area140_06,2.8095931686370355
day_2,Mild cloudy day,0.35,6,1.5,5.5257,0.0,20.0,year_area140_06,2.8071607011068687
day_2,Mild cloudy day,0.35,7,1.75,5.5576,0.0,20.0,year_area140_06,2.8031401977798054
day_2,Mild cloudy day,0.35,8,2.0,5.6022,0.0,20.0,year_area140_06,2.7975190551971405
day_2,Mild cloudy day,0.35,9,2.25,5.6592,0.0,20.0,year_area140_06,2.7903350837349903
day_2,Mild cloudy day,0.35,10,2.5,5.7284,0.0,20.0,year_area140_06,2.781613490310766
day_2,Mild cloudy day,0.35,11,2.75,5.8094,0.0,20.0,year_area140_06,2.771404688759289
day_2,Mild cloudy day,0.35,12,3.0,5.9019,0.0,20.0,year_area140_06,2.7597464894566768
day_2,Mild cloudy day,0.35,13,3.25,6.0056,0.0,20.0,year_area140_06,2.7466767027790455
day_2,Mild cloudy day,0.35,14,3.5,6.1199,0.0,20.0,year_area140_06,2.7322709494786284
day_2,Mild cloudy day,0.35,15,3.75,6.2445,0.0,20.0,year_area140_06,2.716567039931542
day_2,Mild cloudy day,0.35,16,4.0,6.3787,0.0,20.0,year_area140_06,2.699653198348725
day_2,Mild cloudy day,0.35,17,4.25,6.522,0.0,20.0,year_area140_06,2.6815924420237054
day_2,Mild cloudy day,0.35,18,4.5,6.6737,0.0,20.0,year_area140_06,2.662472995167421
day_2,Mild cloudy day,0.35,19,4.75,6.8333,0.0,20.0,year_area140_06,2.6423578750734005
day_2,Mild cloudy day,0.35,20,5.0,7.0,0.0,20.0,year_area140_06,2.6213479094112873
day_2,Mild cloudy day,0.35,21,5.25,7.1731,0.0,20.0,year_area140_06,2.5995313223920204
day_2,Mild cloudy day,0.35,22,5.5,7.3519,0.0,20.0,year_area140_06,2.5769963382265386
day_2,Mild cloudy day,0.35,23,5.75,7.5357,0.0,20.0,year_area140_06,2.5538311811257803
day_2,Mild cloudy day,0.35,24,6.0,7.7235,0.0,20.0,year_area140_06,2.5301618856768013
day_2,Mild cloudy day,0.35,25,6.25,7.9147,0.0,20.0,year_area140_06,2.506064072631834
day_2,Mild cloudy day,0.35,26,6.5,8.1084,0.0,20.0,year_area140_06,2.4816511731192286
day_2,Mild cloudy day,0.35,27,6.75,8.3038,0.0,20.0,year_area140_06,2.4570240148086295
day_2,Mild cloudy day,0.35,28,7.0,8.5,0.0,20.0,year_area140_06,2.432296028828386
day_2,Mild cloudy day,0.35,29,7.25,8.6962,4.5782,20.0,year_area140_06,2.372484262248471
day_2,Mild cloudy day,0.35,30,7.5,8.8916,9.1368,20.0,year_area140_06,2.312923522564917
day_2,Mild cloudy day,0.35,31,7.75,9.0853,13.6563,20.0,year_area140_06,2.253876673810205
day_2,Mild cloudy day,0.35,32,8.0,9.2765,18.1173,20.0,year_area140_06,2.1955932102355242
day_2,Mild cloudy day,0.35,33,8.25,9.4643,22.5008,20.0,year_area140_06,2.1383321642604303
day_2,Mild cloudy day,0.35,34,8.5,9.6481,26.7878,20.0,year_area140_06,2.0823147579283607
day_2,Mild cloudy day,0.35,35,8.75,9.8269,30.9602,20.0,year_area140_06,2.0278057302143075
day_2,Mild cloudy day,0.35,36,9.0,10.0,35.0,20.0,year_area140_06,1.9750312433945623
day_2,Mild cloudy day,0.35,37,9.25,10.1667,38.8899,20.0,year_area140_06,1.9242120954873174
day_2,Mild cloudy day,0.35,38,9.5,10.3263,42.6133,20.0,year_area140_06,1.8755637202526705
day_2,Mild cloudy day,0.35,39,9.75,10.478,46.1542,20.0,year_area140_06,1.829309556973911
day_2,Mild cloudy day,0.35,40,10.0,10.6213,49.4975,20.0,year_area140_06,1.7856283376549458
day_2,Mild cloudy day,0.35,41,10.25,10.7555,52.6288,20.0,year_area140_06,1.7447186369589947
day_2,Mild cloudy day,0.35,42,10.5,10.8801,55.5347,20.0,year_area140_06,1.706746159406014
day_2,Mild cloudy day,0.35,43,10.75,10.9944,58.2029,20.0,year_area140_06,1.6718933868849333
day_2,Mild cloudy day,0.35,44,11.0,11.0981,60.6218,20.0,year_area140_06,1.6402870231917621
day_2,Mild cloudy day,0.35,45,11.25,11.1906,62.7811,20.0,year_area140_06,1.6120816203050188
day_2,Mild cloudy day,0.35,46,11.5,11.2716,64.6716,20.0,year_area140_06,1.587385490278666
day_2,Mild cloudy day,0.35,47,11.75,11.3408,66.2851,20.0,year_area140_06,1.5662992819408137
day_2,Mild cloudy day,0.35,48,12.0,11.3978,67.6148,20.0,year_area140_06,1.5489255190620843
day_2,Mild cloudy day,0.35,49,12.25,11.4424,68.655,20.0,year_area140_06,1.53533308894725
day_2,Mild cloudy day,0.35,50,12.5,11.4743,69.4011,20.0,year_area140_06,1.5255950528113504
day_2,Mild cloudy day,0.35,51,12.75,11.4936,69.8501,20.0,year_area140_06,1.519721796873239
day_2,Mild cloudy day,0.35,52,13.0,11.5,70.0,20.0,year_area140_06,1.5177664579607382
day_2,Mild cloudy day,0.35,53,13.25,11.4936,69.8501,20.0,year_area140_06,1.519721796873239
day_2,Mild cloudy day,0.35,54,13.5,11.4743,69.4011,20.0,year_area140_06,1.5255950528113504
day_2,Mild cloudy day,0.35,55,13.75,11.4424,68.655,20.0,year_area140_06,1.53533308894725
day_2,Mild cloudy day,0.35,56,14.0,11.3978,67.6148,20.0,year_area140_06,1.5489255190620843
day_2,Mild cloudy day,0.35,57,14.25,11.3408,66.2851,20.0,year_area140_06,1.5662992819408137
day_2,Mild cloudy day,0.35,58,14.5,11.2716,64.6716,20.0,year_area140_06,1.587385490278666
day_2,Mild cloudy day,0.35,59,14.75,11.1906,62.7811,20.0,year_area140_06,1.6120816203050188
day_2,Mild cloudy day,0.35,60,15.0,11.0981,60.6218,20.0,year_area140_06,1.6402870231917621
day_2,Mild cloudy day,0.35,61,15.25,10.9944,58.2029,20.0,year_area140_06,1.6718933868849333
day_2,Mild cloudy day,0.35,62,15.5,10.8801,55.5347,20.0,year_area140_06,1.706746159406014
day_2,Mild cloudy day,0.35,63,15.75,10.7555,52.6288,20.0,year_area140_06,1.7447186369589947
day_2,Mild cloudy day,0.35,64,16.0,10.6213,49.4975,20.0,year_area140_06,1.7856283376549458
day_2,Mild cloudy day,0.35,65,16.25,10.478,46.1542,20.0,year_area140_06,1.829309556973911
day_2,Mild cloudy day,0.35,66,16.5,10.3263,42.6133,20.0,year_area140_06,1.8755637202526705
day_2,Mild cloudy day,0.35,67,16.75,10.1667,38.8899,20.0,year_area140_06,1.9242120954873174
day_2,Mild cloudy day,0.35,68,17.0,10.0,35.0,20.0,year_area140_06,1.9750312433945623
day_2,Mild cloudy day,0.35,69,17.25,9.8269,30.9602,20.0,year_area140_06,2.0278057302143075
day_2,Mild cloudy day,0.35,70,17.5,9.6481,26.7878,20.0,year_area140_06,2.0823147579283607
day_2,Mild cloudy day,0.35,71,17.75,9.4643,22.5008,20.0,year_area140_06,2.1383321642604303
day_2,Mild cloudy day,0.35,72,18.0,9.2765,18.1173,20.0,year_area140_06,2.1955932102355242
day_2,Mild cloudy day,0.35,73,18.25,9.0853,13.6563,20.0,year_area140_06,2.253876673810205
day_2,Mild cloudy day,0.35,74,18.5,8.8916,9.1368,20.0,year_area140_06,2.312923522564917
day_2,Mild cloudy day,0.35,75,18.75,8.6962,4.5782,20.0,year_area140_06,2.372484262248471
day_2,Mild cloudy day,0.35,76,19.0,8.5,0.0,20.0,year_area140_06,2.432296028828386
day_2,Mild cloudy day,0.35,77,19.25,8.3038,0.0,20.0,year_area140_06,2.4570240148086295
day_2,Mild cloudy day,0.35,78,19.5,8.1084,0.0,20.0,year_area140_06,2.4816511731192286
day_2,Mild cloudy day,0.35,79,19.75,7.9147,0.0,20.0,year_area140_06,2.506064072631834
day_2,Mild cloudy day,0.35,80,20.0,7.7235,0.0,20.0,year_area140_06,2.5301618856768013
day_2,Mild cloudy day,0.35,81,20.25,7.5357,0.0,20.0,year_area140_06,2.5538311811257803
day_2,Mild cloudy day,0.35,82,20.5,7.3519,0.0,20.0,year_area140_06,2.5769963382265386
day_2,Mild cloudy day,0.35,83,20.75,7.1731,0.0,20.0,year_area140_06,2.5995313223920204
day_2,Mild cloudy day,0.35,84,21.0,7.0,0.0,20.0,year_area140_06,2.6213479094112873
day_2,Mild cloudy day,0.35,85,21.25,6.8333,0.0,20.0,year_area140_06,2.6423578750734005
day_2,Mild cloudy day,0.35,86,21.5,6.6737,0.0,20.0,year_area140_06,2.662472995167421
day_2,Mild cloudy day,0.35,87,21.75,6.522,0.0,20.0,year_area140_06,2.6815924420237054
day_2,Mild cloudy day,0.35,88,22.0,6.3787,0.0,20.0,year_area140_06,2.699653198348725
day_2,Mild cloudy day,0.35,89,22.25,6.2445,0.0,20.0,year_area140_06,2.716567039931542
day_2,Mild cloudy day,0.35,90,22.5,6.1199,0.0,20.0,year_area140_06,2.7322709494786284
day_2,Mild cloudy day,0.35,91,22.75,6.0056,0.0,20.0,year_area140_06,2.7466767027790455
day_2,Mild cloudy day,0.35,92,23.0,5.9019,0.0,20.0,year_area140_06,2.7597464894566768
day_2,Mild cloudy day,0.35,93,23.25,5.8094,0.0,20.0,year_area140_06,2.771404688759289
day_2,Mild cloudy day,0.35,94,23.5,5.7284,0.0,20.0,year_area140_06,2.781613490310766
day_2,Mild cloudy day,0.35,95,23.75,5.6592,0.0,20.0,year_area140_06,2.7903350837349903
day_2,Mild cloudy day,0.35,0,0.0,5.6022,0.0,20.0,year_area140_07,3.2498858762146425
day_2,Mild cloudy day,0.35,1,0.25,5.5576,0.0,20.0,year_area140_07,3.255952616438681
day_2,Mild cloudy day,0.35,2,0.5,5.5257,0.0,20.0,year_area140_07,3.2602918319800898
day_2,Mild cloudy day,0.35,3,0.75,5.5064,0.0,20.0,year_area140_07,3.262917125395425
day_2,Mild cloudy day,0.35,4,1.0,5.5,0.0,20.0,year_area140_07,3.2637876890150177
day_2,Mild cloudy day,0.35,5,1.25,5.5064,0.0,20.0,year_area140_07,3.262917125395425
day_2,Mild cloudy day,0.35,6,1.5,5.5257,0.0,20.0,year_area140_07,3.2602918319800898
day_2,Mild cloudy day,0.35,7,1.75,5.5576,0.0,20.0,year_area140_07,3.255952616438681
day_2,Mild cloudy day,0.35,8,2.0,5.6022,0.0,20.0,year_area140_07,3.2498858762146425
day_2,Mild cloudy day,0.35,9,2.25,5.6592,0.0,20.0,year_area140_07,3.2421324189776426
day_2,Mild cloudy day,0.35,10,2.5,5.7284,0.0,20.0,year_area140_07,3.2327194498407934
day_2,Mild cloudy day,0.35,11,2.75,5.8094,0.0,20.0,year_area140_07,3.2217013790303195
day_2,Mild cloudy day,0.35,12,3.0,5.9019,0.0,20.0,year_area140_07,3.20911901421589
day_2,Mild cloudy day,0.35,13,3.25,6.0056,0.0,20.0,year_area140_07,3.1950131630671725
day_2,Mild cloudy day,0.35,14,3.5,6.1199,0.0,20.0,year_area140_07,3.1794654409235044
day_2,Mild cloudy day,0.35,15,3.75,6.2445,0.0,20.0,year_area140_07,3.1625166554545534
day_2,Mild cloudy day,0.35,16,4.0,6.3787,0.0,20.0,year_area140_07,3.1442620245562134
day_2,Mild cloudy day,0.35,17,4.25,6.522,0.0,20.0,year_area140_07,3.1247695610112642
day_2,Mild cloudy day,0.35,18,4.5,6.6737,0.0,20.0,year_area140_07,3.104134482715599
day_2,Mild cloudy day,0.35,19,4.75,6.8333,0.0,20.0,year_area140_07,3.0824248024519996
day_2,Mild cloudy day,0.35,20,5.0,7.0,0.0,20.0,year_area140_07,3.059749340672914
day_2,Mild cloudy day,0.35,21,5.25,7.1731,0.0,20.0,year_area140_07,3.036203315274235
day_2,Mild cloudy day,0.35,22,5.5,7.3519,0.0,20.0,year_area140_07,3.011881944151856
day_2,Mild cloudy day,0.35,23,5.75,7.5357,0.0,20.0,year_area140_07,2.9868804452016704
day_2,Mild cloudy day,0.35,24,6.0,7.7235,0.0,20.0,year_area140_07,2.9613348439892393
day_2,Mild cloudy day,0.35,25,6.25,7.9147,0.0,20.0,year_area140_07,2.935326755853899
day_2,Mild cloudy day,0.35,26,6.5,8.1084,0.0,20.0,year_area140_07,2.9089786038046554
day_2,Mild cloudy day,0.35,27,6.75,8.3038,0.0,20.0,year_area140_07,2.8823992082939567
day_2,Mild cloudy day,0.35,28,7.0,8.5,0.0,20.0,year_area140_07,2.8557109923308097
day_2,Mild cloudy day,0.35,29,7.25,8.6962,4.5782,20.0,year_area140_07,2.761750286548329
day_2,Mild cloudy day,0.35,30,7.5,8.8916,9.1368,20.0,year_area140_07,2.6681864054121855
day_2,Mild cloudy day,0.35,31,7.75,9.0853,13.6563,20.0,year_area140_07,2.5754283067161206
day_2,Mild cloudy day,0.35,32,8.0,9.2765,18.1173,20.0,year_area140_07,2.483869876288166
day_2,Mild cloudy day,0.35,33,8.25,9.4643,22.5008,20.0,year_area140_07,2.3939127248763
day_2,Mild cloudy day,0.35,34,8.5,9.6481,26.7878,20.0,year_area140_07,2.305917655558834
day_2,Mild cloudy day,0.35,35,8.75,9.8269,30.9602,20.0,year_area140_07,2.2202866569579296
day_2,Mild cloudy day,0.35,36,9.0,10.0,35.0,20.0,year_area140_07,2.1373794406169275
day_2,Mild cloudy day,0.35,37,9.25,10.1667,38.8899,20.0,year_area140_07,2.057545432215102
day_2,Mild cloudy day,0.35,38,9.5,10.3263,42.6133,20.0,year_area140_07,1.9811237715676597
day_2,Mild cloudy day,0.35,39,9.75,10.478,46.1542,20.0,year_area140_07,1.9084583845914485
day_2,Mild cloudy day,0.35,40,10.0,10.6213,49.4975,20.0,year_area140_07,1.8398391648512749
day_2,Mild cloudy day,0.35,41,10.25,10.7555,52.6288,20.0,year_area140_07,1.7755729251609902
day_2,Mild cloudy day,0.35,42,10.5,10.8801,55.5347,20.0,year_area140_07,1.7159245791298092
day_2,Mild cloudy day,0.35,43,10.75,10.9944,58.2029,20.0,year_area140_07,1.6611700819793818
day_2,Mild cloudy day,0.35,44,11.0,11.0981,60.6218,20.0,year_area140_07,1.6115206928410641
day_2,Mild cloudy day,0.35,45,11.25,11.1906,62.7811,20.0,year_area140_07,1.5672093761969008
day_2,Mild cloudy day,0.35,46,11.5,11.2716,64.6716,20.0,year_area140_07,1.528412125358589
day_2,Mild cloudy day,0.35,47,11.75,11.3408,66.2851,20.0,year_area140_07,1.4952902395463008
day_2,Mild cloudy day,0.35,48,12.0,11.3978,67.6148,20.0,year_area140_07,1.4679980488086306
day_2,Mild cloudy day,0.35,49,12.25,11.4424,68.655,20.0,year_area140_07,1.446646514580383
day_2,Mild cloudy day,0.35,50,12.5,11.4743,69.4011,20.0,year_area140_07,1.4313440373522404
day_2,Mild cloudy day,0.35,51,12.75,11.4936,69.8501,20.0,year_area140_07,1.4221210968422215
day_2,Mild cloudy day,0.35,52,13.0,11.5,70.0,20.0,year_area140_07,1.419047888903045
day_2,Mild cloudy day,0.35,53,13.25,11.4936,69.8501,20.0,year_area140_07,1.4221210968422215
day_2,Mild cloudy day,0.35,54,13.5,11.4743,69.4011,20.0,year_area140_07,1.4313440373522404
day_2,Mild cloudy day,0.35,55,13.75,11.4424,68.655,20.0,year_area140_07,1.446646514580383
day_2,Mild cloudy day,0.35,56,14.0,11.3978,67.6148,20.0,year_area140_07,1.4679980488086306
day_2,Mild cloudy day,0.35,57,14.25,11.3408,66.2851,20.0,year_area140_07,1.4952902395463008
day_2,Mild cloudy day,0.35,58,14.5,11.2716,64.6716,20.0,year_area140_07,1.528412125358589
day_2,Mild cloudy day,0.35,59,14.75,11.1906,62.7811,20.0,year_area140_07,1.5672093761969008
day_2,Mild cloudy day,0.35,60,15.0,11.0981,60.6218,20.0,year_area140_07,1.6115206928410641
day_2,Mild cloudy day,0.35,61,15.25,10.9944,58.2029,20.0,year_area140_07,1.6611700819793818
day_2,Mild cloudy day,0.35,62,15.5,10.8801,55.5347,20.0,year_area140_07,1.7159245791298092
day_2,Mild cloudy day,0.35,63,15.75,10.7555,52.6288,20.0,year_area140_07,1.7755729251609902
day_2,Mild cloudy day,0.35,64,16.0,10.6213,49.4975,20.0,year_area140_07,1.8398391648512749
day_2,Mild cloudy day,0.35,65,16.25,10.478,46.1542,20.0,year_area140_07,1.9084583845914485
day_2,Mild cloudy day,0.35,66,16.5,10.3263,42.6133,20.0,year_area140_07,1.9811237715676597
day_2,Mild cloudy day,0.35,67,16.75,10.1667,38.8899,20.0,year_area140_07,2.057545432215102
day_2,Mild cloudy day,0.35,68,17.0,10.0,35.0,20.0,year_area140_07,2.1373794406169275
day_2,Mild cloudy day,0.35,69,17.25,9.8269,30.9602,20.0,year_area140_07,2.2202866569579296
day_2,Mild cloudy day,0.35,70,17.5,9.6481,26.7878,20.0,year_area140_07,2.305917655558834
day_2,Mild cloudy day,0.35,71,17.75,9.4643,22.5008,20.0,year_area140_07,2.3939127248763
day_2,Mild cloudy day,0.35,72,18.0,9.2765,18.1173,20.0,year_area140_07,2.483869876288166
day_2,Mild cloudy day,0.35,73,18.25,9.0853,13.6563,20.0,year_area140_07,2.5754283067161206
day_2,Mild cloudy day,0.35,74,18.5,8.8916,9.1368,20.0,year_area140_07,2.6681864054121855
day_2,Mild cloudy day,0.35,75,18.75,8.6962,4.5782,20.0,year_area140_07,2.761750286548329
day_2,Mild cloudy day,0.35,76,19.0,8.5,0.0,20.0,year_area140_07,2.8557109923308097
day_2,Mild cloudy day,0.35,77,19.25,8.3038,0.0,20.0,year_area140_07,2.8823992082939567
day_2,Mild cloudy day,0.35,78,19.5,8.1084,0.0,20.0,year_area140_07,2.9089786038046554
day_2,Mild cloudy day,0.35,79,19.75,7.9147,0.0,20.0,year_area140_07,2.935326755853899
day_2,Mild cloudy day,0.35,80,20.0,7.7235,0.0,20.0,year_area140_07,2.9613348439892393
day_2,Mild cloudy day,0.35,81,20.25,7.5357,0.0,20.0,year_area140_07,2.9868804452016704
day_2,Mild cloudy day,0.35,82,20.5,7.3519,0.0,20.0,year_area140_07,3.011881944151856
day_2,Mild cloudy day,0.35,83,20.75,7.1731,0.0,20.0,year_area140_07,3.036203315274235
day_2,Mild cloudy day,0.35,84,21.0,7.0,0.0,20.0,year_area140_07,3.059749340672914
day_2,Mild cloudy day,0.35,85,21.25,6.8333,0.0,20.0,year_area140_07,3.0824248024519996
day_2,Mild cloudy day,0.35,86,21.5,6.6737,0.0,20.0,year_area140_07,3.104134482715599
day_2,Mild cloudy day,0.35,87,21.75,6.522,0.0,20.0,year_area140_07,3.1247695610112642
day_2,Mild cloudy day,0.35,88,22.0,6.3787,0.0,20.0,year_area140_07,3.1442620245562134
day_2,Mild cloudy day,0.35,89,22.25,6.2445,0.0,20.0,year_area140_07,3.1625166554545534
day_2,Mild cloudy day,0.35,90,22.5,6.1199,0.0,20.0,year_area140_07,3.1794654409235044
day_2,Mild cloudy day,0.35,91,22.75,6.0056,0.0,20.0,year_area140_07,3.1950131630671725
day_2,Mild cloudy day,0.35,92,23.0,5.9019,0.0,20.0,year_area140_07,3.20911901421589
day_2,Mild cloudy day,0.35,93,23.25,5.8094,0.0,20.0,year_area140_07,3.2217013790303195
day_2,Mild cloudy day,0.35,94,23.5,5.7284,0.0,20.0,year_area140_07,3.2327194498407934
day_2,Mild cloudy day,0.35,95,23.75,5.6592,0.0,20.0,year_area140_07,3.2421324189776426
day_2,Mild cloudy day,0.35,0,0.0,5.6022,0.0,20.0,year_area140_08,4.071805717575484
day_2,Mild cloudy day,0.35,1,0.25,5.5576,0.0,20.0,year_area140_08,4.080662107395941
day_2,Mild cloudy day,0.35,2,0.5,5.5257,0.0,20.0,year_area140_08,4.086996610428958
day_2,Mild cloudy day,0.35,3,0.75,5.5064,0.0,20.0,year_area140_08,4.0908290840508155
day_2,Mild cloudy day,0.35,4,1.0,5.5,0.0,20.0,year_area140_08,4.0920999561326745
day_2,Mild cloudy day,0.35,5,1.25,5.5064,0.0,20.0,year_area140_08,4.0908290840508155
day_2,Mild cloudy day,0.35,6,1.5,5.5257,0.0,20.0,year_area140_08,4.086996610428958
day_2,Mild cloudy day,0.35,7,1.75,5.5576,0.0,20.0,year_area140_08,4.080662107395941
day_2,Mild cloudy day,0.35,8,2.0,5.6022,0.0,20.0,year_area140_08,4.071805717575484
day_2,Mild cloudy day,0.35,9,2.25,5.6592,0.0,20.0,year_area140_08,4.060487013096425
day_2,Mild cloudy day,0.35,10,2.5,5.7284,0.0,20.0,year_area140_08,4.04674570871132
day_2,Mild cloudy day,0.35,11,2.75,5.8094,0.0,20.0,year_area140_08,4.030661233925289
day_2,Mild cloudy day,0.35,12,3.0,5.9019,0.0,20.0,year_area140_08,4.012293160867166
day_2,Mild cloudy day,0.35,13,3.25,6.0056,0.0,20.0,year_area140_08,3.9917010616657898
day_2,Mild cloudy day,0.35,14,3.5,6.1199,0.0,20.0,year_area140_08,3.9690040805788342
day_2,Mild cloudy day,0.35,15,3.75,6.2445,0.0,20.0,year_area140_08,3.944261789735136
day_2,Mild cloudy day,0.35,16,4.0,6.3787,0.0,20.0,year_area140_08,3.917613190768649
day_2,Mild cloudy day,0.35,17,4.25,6.522,0.0,20.0,year_area140_08,3.889157570560768
day_2,Mild cloudy day,0.35,18,4.5,6.6737,0.0,20.0,year_area140_08,3.859033930745447
day_2,Mild cloudy day,0.35,19,4.75,6.8333,0.0,20.0,year_area140_08,3.8273415582040804
day_2,Mild cloudy day,0.35,20,5.0,7.0,0.0,20.0,year_area140_08,3.794239311946902
day_2,Mild cloudy day,0.35,21,5.25,7.1731,0.0,20.0,year_area140_08,3.7598661936078637
day_2,Mild cloudy day,0.35,22,5.5,7.3519,0.0,20.0,year_area140_08,3.7243612048209194
day_2,Mild cloudy day,0.35,23,5.75,7.5357,0.0,20.0,year_area140_08,3.687863347220023
day_2,Mild cloudy day,0.35,24,6.0,7.7235,0.0,20.0,year_area140_08,3.650571194567964
day_2,Mild cloudy day,0.35,25,6.25,7.9147,0.0,20.0,year_area140_08,3.6126038911224176
day_2,Mild cloudy day,0.35,26,6.5,8.1084,0.0,20.0,year_area140_08,3.574140153269895
day_2,Mild cloudy day,0.35,27,6.75,8.3038,0.0,20.0,year_area140_08,3.535338840020628
day_2,Mild cloudy day,0.35,28,7.0,8.5,0.0,20.0,year_area140_08,3.4963786677611295
day_2,Mild cloudy day,0.35,29,7.25,8.6962,4.5782,20.0,year_area140_08,3.4245039806621236
day_2,Mild cloudy day,0.35,30,7.5,8.8916,9.1368,20.0,year_area140_08,3.3529290648294445
day_2,Mild cloudy day,0.35,31,7.75,9.0853,13.6563,20.0,year_area140_08,3.2819728299656177
day_2,Mild cloudy day,0.35,32,8.0,9.2765,18.1173,20.0,year_area140_08,3.211933609456806
day_2,Mild cloudy day,0.35,33,8.25,9.4643,22.5008,20.0,year_area140_08,3.1431267183051226
day_2,Mild cloudy day,0.35,34,8.5,9.6481,26.7878,20.0,year_area140_08,3.075807899383846
day_2,Mild cloudy day,0.35,35,8.75,9.8269,30.9602,20.0,year_area140_08,3.0103058546106274
day_2,Mild cloudy day,0.35,36,9.0,10.0,35.0,20.0,year_area140_08,2.9468889948342034
day_2,Mild cloudy day,0.35,37,9.25,10.1667,38.8899,20.0,year_area140_08,2.885820698322733
day_2,Mild cloudy day,0.35,38,9.5,10.3263,42.6133,20.0,year_area140_08,2.827359310763801
day_2,Mild cloudy day,0.35,39,9.75,10.478,46.1542,20.0,year_area140_08,2.771778721580778
day_2,Mild cloudy day,0.35,40,10.0,10.6213,49.4975,20.0,year_area140_08,2.71928677760746
day_2,Mild cloudy day,0.35,41,10.25,10.7555,52.6288,20.0,year_area140_08,2.670126007849625
day_2,Mild cloudy day,0.35,42,10.5,10.8801,55.5347,20.0,year_area140_08,2.624492037159672
day_2,Mild cloudy day,0.35,43,10.75,10.9944,58.2029,20.0,year_area140_08,2.582612296801655
day_2,Mild cloudy day,0.35,44,11.0,11.0981,60.6218,20.0,year_area140_08,2.5446297559539364
day_2,Mild cloudy day,0.35,45,11.25,11.1906,62.7811,20.0,year_area140_08,2.510737609702649
day_2,Mild cloudy day,0.35,46,11.5,11.2716,64.6716,20.0,year_area140_08,2.4810615726641845
day_2,Mild cloudy day,0.35,47,11.75,11.3408,66.2851,20.0,year_area140_08,2.4557201700541134
day_2,Mild cloudy day,0.35,48,12.0,11.3978,67.6148,20.0,year_area140_08,2.4348417193031366
day_2,Mild cloudy day,0.35,49,12.25,11.4424,68.655,20.0,year_area140_08,2.4185069147484928
day_2,Mild cloudy day,0.35,50,12.5,11.4743,69.4011,20.0,year_area140_08,2.406808399762796
day_2,Mild cloudy day,0.35,51,12.75,11.4936,69.8501,20.0,year_area140_08,2.3997478851722307
day_2,Mild cloudy day,0.35,52,13.0,11.5,70.0,20.0,year_area140_08,2.397399321907278
day_2,Mild cloudy day,0.35,53,13.25,11.4936,69.8501,20.0,year_area140_08,2.3997478851722307
day_2,Mild cloudy day,0.35,54,13.5,11.4743,69.4011,20.0,year_area140_08,2.406808399762796
day_2,Mild cloudy day,0.35,55,13.75,11.4424,68.655,20.0,year_area140_08,2.4185069147484928
day_2,Mild cloudy day,0.35,56,14.0,11.3978,67.6148,20.0,year_area140_08,2.4348417193031366
day_2,Mild cloudy day,0.35,57,14.25,11.3408,66.2851,20.0,year_area140_08,2.4557201700541134
day_2,Mild cloudy day,0.35,58,14.5,11.2716,64.6716,20.0,year_area140_08,2.4810615726641845
day_2,Mild cloudy day,0.35,59,14.75,11.1906,62.7811,20.0,year_area140_08,2.510737609702649
day_2,Mild cloudy day,0.35,60,15.0,11.0981,60.6218,20.0,year_area140_08,2.5446297559539364
day_2,Mild cloudy day,0.35,61,15.25,10.9944,58.2029,20.0,year_area140_08,2.582612296801655
day_2,Mild cloudy day,0.35,62,15.5,10.8801,55.5347,20.0,year_area140_08,2.624492037159672
day_2,Mild cloudy day,0.35,63,15.75,10.7555,52.6288,20.0,year_area140_08,2.670126007849625
day_2,Mild cloudy day,0.35,64,16.0,10.6213,49.4975,20.0,year_area140_08,2.71928677760746
day_2,Mild cloudy day,0.35,65,16.25,10.478,46.1542,20.0,year_area140_08,2.771778721580778
day_2,Mild cloudy day,0.35,66,16.5,10.3263,42.6133,20.0,year_area140_08,2.827359310763801
day_2,Mild cloudy day,0.35,67,16.75,10.1667,38.8899,20.0,year_area140_08,2.885820698322733
day_2,Mild cloudy day,0.35,68,17.0,10.0,35.0,20.0,year_area140_08,2.9468889948342034
day_2,Mild cloudy day,0.35,69,17.25,9.8269,30.9602,20.0,year_area140_08,3.0103058546106274
day_2,Mild cloudy day,0.35,70,17.5,9.6481,26.7878,20.0,year_area140_08,3.075807899383846
day_2,Mild cloudy day,0.35,71,17.75,9.4643,22.5008,20.0,year_area140_08,3.1431267183051226
day_2,Mild cloudy day,0.35,72,18.0,9.2765,18.1173,20.0,year_area140_08,3.211933609456806
day_2,Mild cloudy day,0.35,73,18.25,9.0853,13.6563,20.0,year_area140_08,3.2819728299656177
day_2,Mild cloudy day,0.35,74,18.5,8.8916,9.1368,20.0,year_area140_08,3.3529290648294445
day_2,Mild cloudy day,0.35,75,18.75,8.6962,4.5782,20.0,year_area140_08,3.4245039806621236
day_2,Mild cloudy day,0.35,76,19.0,8.5,0.0,20.0,year_area140_08,3.4963786677611295
day_2,Mild cloudy day,0.35,77,19.25,8.3038,0.0,20.0,year_area140_08,3.535338840020628
day_2,Mild cloudy day,0.35,78,19.5,8.1084,0.0,20.0,year_area140_08,3.574140153269895
day_2,Mild cloudy day,0.35,79,19.75,7.9147,0.0,20.0,year_area140_08,3.6126038911224176
day_2,Mild cloudy day,0.35,80,20.0,7.7235,0.0,20.0,year_area140_08,3.650571194567964
day_2,Mild cloudy day,0.35,81,20.25,7.5357,0.0,20.0,year_area140_08,3.687863347220023
day_2,Mild cloudy day,0.35,82,20.5,7.3519,0.0,20.0,year_area140_08,3.7243612048209194
day_2,Mild cloudy day,0.35,83,20.75,7.1731,0.0,20.0,year_area140_08,3.7598661936078637
day_2,Mild cloudy day,0.35,84,21.0,7.0,0.0,20.0,year_area140_08,3.794239311946902
day_2,Mild cloudy day,0.35,85,21.25,6.8333,0.0,20.0,year_area140_08,3.8273415582040804
day_2,Mild cloudy day,0.35,86,21.5,6.6737,0.0,20.0,year_area140_08,3.859033930745447
day_2,Mild cloudy day,0.35,87,21.75,6.522,0.0,20.0,year_area140_08,3.889157570560768
day_2,Mild cloudy day,0.35,88,22.0,6.3787,0.0,20.0,year_area140_08,3.917613190768649
day_2,Mild cloudy day,0.35,89,22.25,6.2445,0.0,20.0,year_area140_08,3.944261789735136
day_2,Mild cloudy day,0.35,90,22.5,6.1199,0.0,20.0,year_area140_08,3.9690040805788342
day_2,Mild cloudy day,0.35,91,22.75,6.0056,0.0,20.0,year_area140_08,3.9917010616657898
day_2,Mild cloudy day,0.35,92,23.0,5.9019,0.0,20.0,year_area140_08,4.012293160867166
day_2,Mild cloudy day,0.35,93,23.25,5.8094,0.0,20.0,year_area140_08,4.030661233925289
day_2,Mild cloudy day,0.35,94,23.5,5.7284,0.0,20.0,year_area140_08,4.04674570871132
day_2,Mild cloudy day,0.35,95,23.75,5.6592,0.0,20.0,year_area140_08,4.060487013096425
day_3,Mild sunny day,0.2,0,0.0,5.6022,0.0,20.0,area_core_01,1.7153958012288486
day_3,Mild sunny day,0.2,1,0.25,5.5576,0.0,20.0,area_core_01,1.719512398504711
day_3,Mild sunny day,0.2,2,0.5,5.5257,0.0,20.0,area_core_01,1.7224567808612132
day_3,Mild sunny day,0.2,3,0.75,5.5064,0.0,20.0,area_core_01,1.724238178337091
day_3,Mild sunny day,0.2,4,1.0,5.5,0.0,20.0,area_core_01,1.7248289008161386
day_3,Mild sunny day,0.2,5,1.25,5.5064,0.0,20.0,area_core_01,1.724238178337091
day_3,Mild sunny day,0.2,6,1.5,5.5257,0.0,20.0,area_core_01,1.7224567808612132
day_3,Mild sunny day,0.2,7,1.75,5.5576,0.0,20.0,area_core_01,1.719512398504711
day_3,Mild sunny day,0.2,8,2.0,5.6022,0.0,20.0,area_core_01,1.7153958012288486
day_3,Mild sunny day,0.2,9,2.25,5.6592,0.0,20.0,area_core_01,1.710134679149832
day_3,Mild sunny day,0.2,10,2.5,5.7284,0.0,20.0,area_core_01,1.7037474923451312
day_3,Mild sunny day,0.2,11,2.75,5.8094,0.0,20.0,area_core_01,1.6962711609696863
day_3,Mild sunny day,0.2,12,3.0,5.9019,0.0,20.0,area_core_01,1.687733375139703
day_3,Mild sunny day,0.2,13,3.25,6.0056,0.0,20.0,area_core_01,1.6781618249713866
day_3,Mild sunny day,0.2,14,3.5,6.1199,0.0,20.0,area_core_01,1.667611890697148
day_3,Mild sunny day,0.2,15,3.75,6.2445,0.0,20.0,area_core_01,1.6561112624331922
day_3,Mild sunny day,0.2,16,4.0,6.3787,0.0,20.0,area_core_01,1.6437245504506652
day_3,Mild sunny day,0.2,17,4.25,6.522,0.0,20.0,area_core_01,1.6304979049432422
day_3,Mild sunny day,0.2,18,4.5,6.6737,0.0,20.0,area_core_01,1.61649593618207
day_3,Mild sunny day,0.2,19,4.75,6.8333,0.0,20.0,area_core_01,1.601764794360823
day_3,Mild sunny day,0.2,20,5.0,7.0,0.0,20.0,area_core_01,1.5863783197893833
day_3,Mild sunny day,0.2,21,5.25,7.1731,0.0,20.0,area_core_01,1.5704011227388954
day_3,Mild sunny day,0.2,22,5.5,7.3519,0.0,20.0,area_core_01,1.5538978134805062
day_3,Mild sunny day,0.2,23,5.75,7.5357,0.0,20.0,area_core_01,1.5369330022853611
day_3,Mild sunny day,0.2,24,6.0,7.7235,0.0,20.0,area_core_01,1.5195989895408113
day_3,Mild sunny day,0.2,25,6.25,7.9147,0.0,20.0,area_core_01,1.5019511554792677
day_3,Mild sunny day,0.2,26,6.5,8.1084,0.0,20.0,area_core_01,1.4840725704493458
day_3,Mild sunny day,0.2,27,6.75,8.3038,0.0,20.0,area_core_01,1.4660370747609273
day_3,Mild sunny day,0.2,28,7.0,8.5,0.0,20.0,area_core_01,1.447927738762628
day_3,Mild sunny day,0.2,29,7.25,8.6962,17.0048,20.0,area_core_01,1.3982648413506902
day_3,Mild sunny day,0.2,30,7.5,8.8916,33.9368,20.0,area_core_01,1.3488108695934131
day_3,Mild sunny day,0.2,31,7.75,9.0853,50.7235,20.0,area_core_01,1.2997834225138163
day_3,Mild sunny day,0.2,32,8.0,9.2765,67.293,20.0,area_core_01,1.2513897557554294
day_3,Mild sunny day,0.2,33,8.25,9.4643,83.5743,20.0,area_core_01,1.203844684989388
day_3,Mild sunny day,0.2,34,8.5,9.6481,99.4977,20.0,area_core_01,1.1573329235323213
day_3,Mild sunny day,0.2,35,8.75,9.8269,114.9951,20.0,area_core_01,1.1120731359471234
day_3,Mild sunny day,0.2,36,9.0,10.0,130.0,20.0,area_core_01,1.0682533277718065
day_3,Mild sunny day,0.2,37,9.25,10.1667,144.4483,20.0,area_core_01,1.0260570511813678
day_3,Mild sunny day,0.2,38,9.5,10.3263,158.278,20.0,area_core_01,0.9856639616581669
day_3,Mild sunny day,0.2,39,9.75,10.478,171.4299,20.0,area_core_01,0.9472577491331146
day_3,Mild sunny day,0.2,40,10.0,10.6213,183.8478,20.0,area_core_01,0.9109888467171475
day_3,Mild sunny day,0.2,41,10.25,10.7555,195.4783,20.0,area_core_01,0.8770209520084892
day_3,Mild sunny day,0.2,42,10.5,10.8801,206.2719,20.0,area_core_01,0.8454920658129936
day_3,Mild sunny day,0.2,43,10.75,10.9944,216.1821,20.0,area_core_01,0.8165530823102174
day_3,Mild sunny day,0.2,44,11.0,11.0981,225.1666,20.0,area_core_01,0.7903101821394999
day_3,Mild sunny day,0.2,45,11.25,11.1906,233.1869,20.0,area_core_01,0.7668901848982799
day_3,Mild sunny day,0.2,46,11.5,11.2716,240.2087,20.0,area_core_01,0.7463844266825145
day_3,Mild sunny day,0.2,47,11.75,11.3408,246.2018,20.0,area_core_01,0.7288766357596776
day_3,Mild sunny day,0.2,48,12.0,11.3978,251.1407,20.0,area_core_01,0.7144510492667415
day_3,Mild sunny day,0.2,49,12.25,11.4424,255.0042,20.0,area_core_01,0.7031654653211397
day_3,Mild sunny day,0.2,50,12.5,11.4743,257.7757,20.0,area_core_01,0.6950783764665958
day_3,Mild sunny day,0.2,51,12.75,11.4936,259.4433,20.0,area_core_01,0.6902026339226559
day_3,Mild sunny day,0.2,52,13.0,11.5,260.0,20.0,area_core_01,0.6885789167809855
day_3,Mild sunny day,0.2,53,13.25,11.4936,259.4433,20.0,area_core_01,0.6902026339226559
day_3,Mild sunny day,0.2,54,13.5,11.4743,257.7757,20.0,area_core_01,0.6950783764665958
day_3,Mild sunny day,0.2,55,13.75,11.4424,255.0042,20.0,area_core_01,0.7031654653211397
day_3,Mild sunny day,0.2,56,14.0,11.3978,251.1407,20.0,area_core_01,0.7144510492667415
day_3,Mild sunny day,0.2,57,14.25,11.3408,246.2018,20.0,area_core_01,0.7288766357596776
day_3,Mild sunny day,0.2,58,14.5,11.2716,240.2087,20.0,area_core_01,0.7463844266825145
day_3,Mild sunny day,0.2,59,14.75,11.1906,233.1869,20.0,area_core_01,0.7668901848982799
day_3,Mild sunny day,0.2,60,15.0,11.0981,225.1666,20.0,area_core_01,0.7903101821394999
day_3,Mild sunny day,0.2,61,15.25,10.9944,216.1821,20.0,area_core_01,0.8165530823102174
day_3,Mild sunny day,0.2,62,15.5,10.8801,206.2719,20.0,area_core_01,0.8454920658129936
day_3,Mild sunny day,0.2,63,15.75,10.7555,195.4783,20.0,area_core_01,0.8770209520084892
day_3,Mild sunny day,0.2,64,16.0,10.6213,183.8478,20.0,area_core_01,0.9109888467171475
day_3,Mild sunny day,0.2,65,16.25,10.478,171.4299,20.0,area_core_01,0.9472577491331146
day_3,Mild sunny day,0.2,66,16.5,10.3263,158.278,20.0,area_core_01,0.9856639616581669
day_3,Mild sunny day,0.2,67,16.75,10.1667,144.4483,20.0,area_core_01,1.0260570511813678
day_3,Mild sunny day,0.2,68,17.0,10.0,130.0,20.0,area_core_01,1.0682533277718065
day_3,Mild sunny day,0.2,69,17.25,9.8269,114.9951,20.0,area_core_01,1.1120731359471234
day_3,Mild sunny day,0.2,70,17.5,9.6481,99.4977,20.0,area_core_01,1.1573329235323213
day_3,Mild sunny day,0.2,71,17.75,9.4643,83.5743,20.0,area_core_01,1.203844684989388
day_3,Mild sunny day,0.2,72,18.0,9.2765,67.293,20.0,area_core_01,1.2513897557554294
day_3,Mild sunny day,0.2,73,18.25,9.0853,50.7235,20.0,area_core_01,1.2997834225138163
day_3,Mild sunny day,0.2,74,18.5,8.8916,33.9368,20.0,area_core_01,1.3488108695934131
day_3,Mild sunny day,0.2,75,18.75,8.6962,17.0048,20.0,area_core_01,1.3982648413506902
day_3,Mild sunny day,0.2,76,19.0,8.5,0.0,20.0,area_core_01,1.447927738762628
day_3,Mild sunny day,0.2,77,19.25,8.3038,0.0,20.0,area_core_01,1.4660370747609273
day_3,Mild sunny day,0.2,78,19.5,8.1084,0.0,20.0,area_core_01,1.4840725704493458
day_3,Mild sunny day,0.2,79,19.75,7.9147,0.0,20.0,area_core_01,1.5019511554792677
day_3,Mild sunny day,0.2,80,20.0,7.7235,0.0,20.0,area_core_01,1.5195989895408113
day_3,Mild sunny day,0.2,81,20.25,7.5357,0.0,20.0,area_core_01,1.5369330022853611
day_3,Mild sunny day,0.2,82,20.5,7.3519,0.0,20.0,area_core_01,1.5538978134805062
day_3,Mild sunny day,0.2,83,20.75,7.1731,0.0,20.0,area_core_01,1.5704011227388954
day_3,Mild sunny day,0.2,84,21.0,7.0,0.0,20.0,area_core_01,1.5863783197893833
day_3,Mild sunny day,0.2,85,21.25,6.8333,0.0,20.0,area_core_01,1.601764794360823
day_3,Mild sunny day,0.2,86,21.5,6.6737,0.0,20.0,area_core_01,1.61649593618207
day_3,Mild sunny day,0.2,87,21.75,6.522,0.0,20.0,area_core_01,1.6304979049432422
day_3,Mild sunny day,0.2,88,22.0,6.3787,0.0,20.0,area_core_01,1.6437245504506652
day_3,Mild sunny day,0.2,89,22.25,6.2445,0.0,20.0,area_core_01,1.6561112624331922
day_3,Mild sunny day,0.2,90,22.5,6.1199,0.0,20.0,area_core_01,1.667611890697148
day_3,Mild sunny day,0.2,91,22.75,6.0056,0.0,20.0,area_core_01,1.6781618249713866
day_3,Mild sunny day,0.2,92,23.0,5.9019,0.0,20.0,area_core_01,1.687733375139703
day_3,Mild sunny day,0.2,93,23.25,5.8094,0.0,20.0,area_core_01,1.6962711609696863
day_3,Mild sunny day,0.2,94,23.5,5.7284,0.0,20.0,area_core_01,1.7037474923451312
day_3,Mild sunny day,0.2,95,23.75,5.6592,0.0,20.0,area_core_01,1.710134679149832
day_3,Mild sunny day,0.2,0,0.0,5.6022,0.0,20.0,area_core_02,2.6878843240966406
day_3,Mild sunny day,0.2,1,0.25,5.5576,0.0,20.0,area_core_02,2.6936475289263404
day_3,Mild sunny day,0.2,2,0.5,5.5257,0.0,20.0,area_core_02,2.6977696417978074
day_3,Mild sunny day,0.2,3,0.75,5.5064,0.0,20.0,area_core_02,2.700263584694965
day_3,Mild sunny day,0.2,4,1.0,5.5,0.0,20.0,area_core_02,2.7010905916660426
day_3,Mild sunny day,0.2,5,1.25,5.5064,0.0,20.0,area_core_02,2.700263584694965
day_3,Mild sunny day,0.2,6,1.5,5.5257,0.0,20.0,area_core_02,2.6977696417978074
day_3,Mild sunny day,0.2,7,1.75,5.5576,0.0,20.0,area_core_02,2.6936475289263404
day_3,Mild sunny day,0.2,8,2.0,5.6022,0.0,20.0,area_core_02,2.6878843240966406
day_3,Mild sunny day,0.2,9,2.25,5.6592,0.0,20.0,area_core_02,2.680518793260477
day_3,Mild sunny day,0.2,10,2.5,5.7284,0.0,20.0,area_core_02,2.671576780385696
day_3,Mild sunny day,0.2,11,2.75,5.8094,0.0,20.0,area_core_02,2.66110997340799
day_3,Mild sunny day,0.2,12,3.0,5.9019,0.0,20.0,area_core_02,2.649157138279128
day_3,Mild sunny day,0.2,13,3.25,6.0056,0.0,20.0,area_core_02,2.6357570409508795
day_3,Mild sunny day,0.2,14,3.5,6.1199,0.0,20.0,area_core_02,2.620987213326783
day_3,Mild sunny day,0.2,15,3.75,6.2445,0.0,20.0,area_core_02,2.604886421358608
day_3,Mild sunny day,0.2,16,4.0,6.3787,0.0,20.0,area_core_02,2.5875451189338157
day_3,Mild sunny day,0.2,17,4.25,6.522,0.0,20.0,area_core_02,2.569027915972022
day_3,Mild sunny day,0.2,18,4.5,6.6737,0.0,20.0,area_core_02,2.5494252663606884
day_3,Mild sunny day,0.2,19,4.75,6.8333,0.0,20.0,area_core_02,2.5288017800194305
day_3,Mild sunny day,0.2,20,5.0,7.0,0.0,20.0,area_core_02,2.507260832819633
day_3,Mild sunny day,0.2,21,5.25,7.1731,0.0,20.0,area_core_02,2.484892878648757
day_3,Mild sunny day,0.2,22,5.5,7.3519,0.0,20.0,area_core_02,2.461788371394265
day_3,Mild sunny day,0.2,23,5.75,7.5357,0.0,20.0,area_core_02,2.4380377649436182
day_3,Mild sunny day,0.2,24,6.0,7.7235,0.0,20.0,area_core_02,2.413770279136048
day_3,Mild sunny day,0.2,25,6.25,7.9147,0.0,20.0,area_core_02,2.389063445875092
day_3,Mild sunny day,0.2,26,6.5,8.1084,0.0,20.0,area_core_02,2.364033563016059
day_3,Mild sunny day,0.2,27,6.75,8.3038,0.0,20.0,area_core_02,2.338784006430333
day_3,Mild sunny day,0.2,28,7.0,8.5,0.0,20.0,area_core_02,2.313431073973223
day_3,Mild sunny day,0.2,29,7.25,8.6962,17.0048,20.0,area_core_02,2.2422985727162827
day_3,Mild sunny day,0.2,30,7.5,8.8916,33.9368,20.0,area_core_02,2.171465436263771
day_3,Mild sunny day,0.2,31,7.75,9.0853,50.7235,20.0,area_core_02,2.1012431437573382
day_3,Mild sunny day,0.2,32,8.0,9.2765,67.293,20.0,area_core_02,2.031928637061306
day_3,Mild sunny day,0.2,33,8.25,9.4643,83.5743,20.0,area_core_02,1.963829357083815
day_3,Mild sunny day,0.2,34,8.5,9.6481,99.4977,20.0,area_core_02,1.8972104789788582
day_3,Mild sunny day,0.2,35,8.75,9.8269,114.9951,20.0,area_core_02,1.8323845583870444
day_3,Mild sunny day,0.2,36,9.0,10.0,130.0,20.0,area_core_02,1.7696210775481358
day_3,Mild sunny day,0.2,37,9.25,10.1667,144.4483,20.0,area_core_02,1.7091830575282763
day_3,Mild sunny day,0.2,38,9.5,10.3263,158.278,20.0,area_core_02,1.6513278658666968
day_3,Mild sunny day,0.2,39,9.75,10.478,171.4299,20.0,area_core_02,1.5963182540506629
day_3,Mild sunny day,0.2,40,10.0,10.6213,183.8478,20.0,area_core_02,1.5443701311486517
day_3,Mild sunny day,0.2,41,10.25,10.7555,195.4783,20.0,area_core_02,1.4957177121610998
day_3,Mild sunny day,0.2,42,10.5,10.8801,206.2719,20.0,area_core_02,1.4505588687134692
day_3,Mild sunny day,0.2,43,10.75,10.9944,216.1821,20.0,area_core_02,1.409109239932048
day_3,Mild sunny day,0.2,44,11.0,11.0981,225.1666,20.0,area_core_02,1.3715214699536022
day_3,Mild sunny day,0.2,45,11.25,11.1906,233.1869,20.0,area_core_02,1.3379767386751076
day_3,Mild sunny day,0.2,46,11.5,11.2716,240.2087,20.0,area_core_02,1.3086061529879405
day_3,Mild sunny day,0.2,47,11.75,11.3408,246.2018,20.0,area_core_02,1.283529781945215
day_3,Mild sunny day,0.2,48,12.0,11.3978,251.1407,20.0,area_core_02,1.2628679634523026
day_3,Mild sunny day,0.2,49,12.25,11.4424,255.0042,20.0,area_core_02,1.2467036151773319
day_3,Mild sunny day,0.2,50,12.5,11.4743,257.7757,20.0,area_core_02,1.2351201928562547
day_3,Mild sunny day,0.2,51,12.75,11.4936,259.4433,20.0,area_core_02,1.2281368111576652
day_3,Mild sunny day,0.2,52,13.0,11.5,260.0,20.0,area_core_02,1.2258110811230485
day_3,Mild sunny day,0.2,53,13.25,11.4936,259.4433,20.0,area_core_02,1.2281368111576652
day_3,Mild sunny day,0.2,54,13.5,11.4743,257.7757,20.0,area_core_02,1.2351201928562547
day_3,Mild sunny day,0.2,55,13.75,11.4424,255.0042,20.0,area_core_02,1.2467036151773319
day_3,Mild sunny day,0.2,56,14.0,11.3978,251.1407,20.0,area_core_02,1.2628679634523026
day_3,Mild sunny day,0.2,57,14.25,11.3408,246.2018,20.0,area_core_02,1.283529781945215
day_3,Mild sunny day,0.2,58,14.5,11.2716,240.2087,20.0,area_core_02,1.3086061529879405
day_3,Mild sunny day,0.2,59,14.75,11.1906,233.1869,20.0,area_core_02,1.3379767386751076
day_3,Mild sunny day,0.2,60,15.0,11.0981,225.1666,20.0,area_core_02,1.3715214699536022
day_3,Mild sunny day,0.2,61,15.25,10.9944,216.1821,20.0,area_core_02,1.409109239932048
day_3,Mild sunny day,0.2,62,15.5,10.8801,206.2719,20.0,area_core_02,1.4505588687134692
day_3,Mild sunny day,0.2,63,15.75,10.7555,195.4783,20.0,area_core_02,1.4957177121610998
day_3,Mild sunny day,0.2,64,16.0,10.6213,183.8478,20.0,area_core_02,1.5443701311486517
day_3,Mild sunny day,0.2,65,16.25,10.478,171.4299,20.0,area_core_02,1.5963182540506629
day_3,Mild sunny day,0.2,66,16.5,10.3263,158.278,20.0,area_core_02,1.6513278658666968
day_3,Mild sunny day,0.2,67,16.75,10.1667,144.4483,20.0,area_core_02,1.7091830575282763
day_3,Mild sunny day,0.2,68,17.0,10.0,130.0,20.0,area_core_02,1.7696210775481358
day_3,Mild sunny day,0.2,69,17.25,9.8269,114.9951,20.0,area_core_02,1.8323845583870444
day_3,Mild sunny day,0.2,70,17.5,9.6481,99.4977,20.0,area_core_02,1.8972104789788582
day_3,Mild sunny day,0.2,71,17.75,9.4643,83.5743,20.0,area_core_02,1.963829357083815
day_3,Mild sunny day,0.2,72,18.0,9.2765,67.293,20.0,area_core_02,2.031928637061306
day_3,Mild sunny day,0.2,73,18.25,9.0853,50.7235,20.0,area_core_02,2.1012431437573382
day_3,Mild sunny day,0.2,74,18.5,8.8916,33.9368,20.0,area_core_02,2.171465436263771
day_3,Mild sunny day,0.2,75,18.75,8.6962,17.0048,20.0,area_core_02,2.2422985727162827
day_3,Mild sunny day,0.2,76,19.0,8.5,0.0,20.0,area_core_02,2.313431073973223
day_3,Mild sunny day,0.2,77,19.25,8.3038,0.0,20.0,area_core_02,2.338784006430333
day_3,Mild sunny day,0.2,78,19.5,8.1084,0.0,20.0,area_core_02,2.364033563016059
day_3,Mild sunny day,0.2,79,19.75,7.9147,0.0,20.0,area_core_02,2.389063445875092
day_3,Mild sunny day,0.2,80,20.0,7.7235,0.0,20.0,area_core_02,2.413770279136048
day_3,Mild sunny day,0.2,81,20.25,7.5357,0.0,20.0,area_core_02,2.4380377649436182
day_3,Mild sunny day,0.2,82,20.5,7.3519,0.0,20.0,area_core_02,2.461788371394265
day_3,Mild sunny day,0.2,83,20.75,7.1731,0.0,20.0,area_core_02,2.484892878648757
day_3,Mild sunny day,0.2,84,21.0,7.0,0.0,20.0,area_core_02,2.507260832819633
day_3,Mild sunny day,0.2,85,21.25,6.8333,0.0,20.0,area_core_02,2.5288017800194305
day_3,Mild sunny day,0.2,86,21.5,6.6737,0.0,20.0,area_core_02,2.5494252663606884
day_3,Mild sunny day,0.2,87,21.75,6.522,0.0,20.0,area_core_02,2.569027915972022
day_3,Mild sunny day,0.2,88,22.0,6.3787,0.0,20.0,area_core_02,2.5875451189338157
day_3,Mild sunny day,0.2,89,22.25,6.2445,0.0,20.0,area_core_02,2.604886421358608
day_3,Mild sunny day,0.2,90,22.5,6.1199,0.0,20.0,area_core_02,2.620987213326783
day_3,Mild sunny day,0.2,91,22.75,6.0056,0.0,20.0,area_core_02,2.6357570409508795
day_3,Mild sunny day,0.2,92,23.0,5.9019,0.0,20.0,area_core_02,2.649157138279128
day_3,Mild sunny day,0.2,93,23.25,5.8094,0.0,20.0,area_core_02,2.66110997340799
day_3,Mild sunny day,0.2,94,23.5,5.7284,0.0,20.0,area_core_02,2.671576780385696
day_3,Mild sunny day,0.2,95,23.75,5.6592,0.0,20.0,area_core_02,2.680518793260477
day_3,Mild sunny day,0.2,0,0.0,5.6022,0.0,20.0,area_core_03,3.214402107973093
day_3,Mild sunny day,0.2,1,0.25,5.5576,0.0,20.0,area_core_03,3.2271658528373934
day_3,Mild sunny day,0.2,2,0.5,5.5257,0.0,20.0,area_core_03,3.2362950784241913
day_3,Mild sunny day,0.2,3,0.75,5.5064,0.0,20.0,area_core_03,3.241818402995515
day_3,Mild sunny day,0.2,4,1.0,5.5,0.0,20.0,area_core_03,3.24364997176528
day_3,Mild sunny day,0.2,5,1.25,5.5064,0.0,20.0,area_core_03,3.241818402995515
day_3,Mild sunny day,0.2,6,1.5,5.5257,0.0,20.0,area_core_03,3.2362950784241913
day_3,Mild sunny day,0.2,7,1.75,5.5576,0.0,20.0,area_core_03,3.2271658528373934
day_3,Mild sunny day,0.2,8,2.0,5.6022,0.0,20.0,area_core_03,3.214402107973093
day_3,Mild sunny day,0.2,9,2.25,5.6592,0.0,20.0,area_core_03,3.198089698617372
day_3,Mild sunny day,0.2,10,2.5,5.7284,0.0,20.0,area_core_03,3.178285861294287
day_3,Mild sunny day,0.2,11,2.75,5.8094,0.0,20.0,area_core_03,3.1551050690519467
day_3,Mild sunny day,0.2,12,3.0,5.9019,0.0,20.0,area_core_03,3.1286331766764346
day_3,Mild sunny day,0.2,13,3.25,6.0056,0.0,20.0,area_core_03,3.0989560389538338
day_3,Mild sunny day,0.2,14,3.5,6.1199,0.0,20.0,area_core_03,3.0662453654563095
day_3,Mild sunny day,0.2,15,3.75,6.2445,0.0,20.0,area_core_03,3.030587010969945
day_3,Mild sunny day,0.2,16,4.0,6.3787,0.0,20.0,area_core_03,2.992181303328932
day_3,Mild sunny day,0.2,17,4.25,6.522,0.0,20.0,area_core_03,2.95117133384341
day_3,Mild sunny day,0.2,18,4.5,6.6737,0.0,20.0,area_core_03,2.9077574303475706
day_3,Mild sunny day,0.2,19,4.75,6.8333,0.0,20.0,area_core_03,2.8620826841515523
day_3,Mild sunny day,0.2,20,5.0,7.0,0.0,20.0,area_core_03,2.8143760413515766
day_3,Mild sunny day,0.2,21,5.25,7.1731,0.0,20.0,area_core_03,2.7648378297818352
day_3,Mild sunny day,0.2,22,5.5,7.3519,0.0,20.0,area_core_03,2.7136683772765213
day_3,Mild sunny day,0.2,23,5.75,7.5357,0.0,20.0,area_core_03,2.661068011669829
day_3,Mild sunny day,0.2,24,6.0,7.7235,0.0,20.0,area_core_03,2.6073229155820337
day_3,Mild sunny day,0.2,25,6.25,7.9147,0.0,20.0,area_core_03,2.5526047985853
day_3,Mild sunny day,0.2,26,6.5,8.1084,0.0,20.0,area_core_03,2.497171225037877
day_3,Mild sunny day,0.2,27,6.75,8.3038,0.0,20.0,area_core_03,2.441251141035985
day_3,Mild sunny day,0.2,28,7.0,8.5,0.0,20.0,area_core_03,2.385102110937873
day_3,Mild sunny day,0.2,29,7.25,8.6962,17.0048,20.0,area_core_03,2.268408104278754
day_3,Mild sunny day,0.2,30,7.5,8.8916,33.9368,20.0,area_core_03,2.1522022454879224
day_3,Mild sunny day,0.2,31,7.75,9.0853,50.7235,20.0,area_core_03,2.037000232556522
day_3,Mild sunny day,0.2,32,8.0,9.2765,67.293,20.0,area_core_03,1.9232870089353296
day_3,Mild sunny day,0.2,33,8.25,9.4643,83.5743,20.0,area_core_03,1.8115729319196365
day_3,Mild sunny day,0.2,34,8.5,9.6481,99.4977,20.0,area_core_03,1.7022778754155778
day_3,Mild sunny day,0.2,35,8.75,9.8269,114.9951,20.0,area_core_03,1.5959304896351565
day_3,Mild sunny day,0.2,36,9.0,10.0,130.0,20.0,area_core_03,1.4929678732620508
day_3,Mild sunny day,0.2,37,9.25,10.1667,144.4483,20.0,area_core_03,1.393818579866573
day_3,Mild sunny day,0.2,38,9.5,10.3263,158.278,20.0,area_core_03,1.2989036860448402
day_3,Mild sunny day,0.2,39,9.75,10.478,171.4299,20.0,area_core_03,1.2086629173560728
day_3,Mild sunny day,0.2,40,10.0,10.6213,183.8478,20.0,area_core_03,1.1234394631817022
day_3,Mild sunny day,0.2,41,10.25,10.7555,195.4783,20.0,area_core_03,1.0436237801282888
day_3,Mild sunny day,0.2,42,10.5,10.8801,206.2719,20.0,area_core_03,0.969535202469121
day_3,Mild sunny day,0.2,43,10.75,10.9944,216.1821,20.0,area_core_03,0.9015396196098343
day_3,Mild sunny day,0.2,44,11.0,11.0981,225.1666,20.0,area_core_03,0.8398734939595686
day_3,Mild sunny day,0.2,45,11.25,11.1906,233.1869,20.0,area_core_03,0.7848456129507156
day_3,Mild sunny day,0.2,46,11.5,11.2716,240.2087,20.0,area_core_03,0.7366639552811979
day_3,Mild sunny day,0.2,47,11.75,11.3408,246.2018,20.0,area_core_03,0.6955219017469386
day_3,Mild sunny day,0.2,48,12.0,11.3978,251.1407,20.0,area_core_03,0.6616247172255493
day_3,Mild sunny day,0.2,49,12.25,11.4424,255.0042,20.0,area_core_03,0.6351051200758085
day_3,Mild sunny day,0.2,50,12.5,11.4743,257.7757,20.0,area_core_03,0.6161080687845722
day_3,Mild sunny day,0.2,51,12.75,11.4936,259.4433,20.0,area_core_03,0.6046473146102463
day_3,Mild sunny day,0.2,52,13.0,11.5,260.0,20.0,area_core_03,0.6008336355862293
day_3,Mild sunny day,0.2,53,13.25,11.4936,259.4433,20.0,area_core_03,0.6046473146102463
day_3,Mild sunny day,0.2,54,13.5,11.4743,257.7757,20.0,area_core_03,0.6161080687845722
day_3,Mild sunny day,0.2,55,13.75,11.4424,255.0042,20.0,area_core_03,0.6351051200758085
day_3,Mild sunny day,0.2,56,14.0,11.3978,251.1407,20.0,area_core_03,0.6616247172255493
day_3,Mild sunny day,0.2,57,14.25,11.3408,246.2018,20.0,area_core_03,0.6955219017469386
day_3,Mild sunny day,0.2,58,14.5,11.2716,240.2087,20.0,area_core_03,0.7366639552811979
day_3,Mild sunny day,0.2,59,14.75,11.1906,233.1869,20.0,area_core_03,0.7848456129507156
day_3,Mild sunny day,0.2,60,15.0,11.0981,225.1666,20.0,area_core_03,0.8398734939595686
day_3,Mild sunny day,0.2,61,15.25,10.9944,216.1821,20.0,area_core_03,0.9015396196098343
day_3,Mild sunny day,0.2,62,15.5,10.8801,206.2719,20.0,area_core_03,0.969535202469121
day_3,Mild sunny day,0.2,63,15.75,10.7555,195.4783,20.0,area_core_03,1.0436237801282888
day_3,Mild sunny day,0.2,64,16.0,10.6213,183.8478,20.0,area_core_03,1.1234394631817022
day_3,Mild sunny day,0.2,65,16.25,10.478,171.4299,20.0,area_core_03,1.2086629173560728
day_3,Mild sunny day,0.2,66,16.5,10.3263,158.278,20.0,area_core_03,1.2989036860448402
day_3,Mild sunny day,0.2,67,16.75,10.1667,144.4483,20.0,area_core_03,1.393818579866573
day_3,Mild sunny day,0.2,68,17.0,10.0,130.0,20.0,area_core_03,1.4929678732620508
day_3,Mild sunny day,0.2,69,17.25,9.8269,114.9951,20.0,area_core_03,1.5959304896351565
day_3,Mild sunny day,0.2,70,17.5,9.6481,99.4977,20.0,area_core_03,1.7022778754155778
day_3,Mild sunny day,0.2,71,17.75,9.4643,83.5743,20.0,area_core_03,1.8115729319196365
day_3,Mild sunny day,0.2,72,18.0,9.2765,67.293,20.0,area_core_03,1.9232870089353296
day_3,Mild sunny day,0.2,73,18.25,9.0853,50.7235,20.0,area_core_03,2.037000232556522
day_3,Mild sunny day,0.2,74,18.5,8.8916,33.9368,20.0,area_core_03,2.1522022454879224
day_3,Mild sunny day,0.2,75,18.75,8.6962,17.0048,20.0,area_core_03,2.268408104278754
day_3,Mild sunny day,0.2,76,19.0,8.5,0.0,20.0,area_core_03,2.385102110937873
day_3,Mild sunny day,0.2,77,19.25,8.3038,0.0,20.0,area_core_03,2.441251141035985
day_3,Mild sunny day,0.2,78,19.5,8.1084,0.0,20.0,area_core_03,2.497171225037877
day_3,Mild sunny day,0.2,79,19.75,7.9147,0.0,20.0,area_core_03,2.5526047985853
day_3,Mild sunny day,0.2,80,20.0,7.7235,0.0,20.0,area_core_03,2.6073229155820337
day_3,Mild sunny day,0.2,81,20.25,7.5357,0.0,20.0,area_core_03,2.661068011669829
day_3,Mild sunny day,0.2,82,20.5,7.3519,0.0,20.0,area_core_03,2.7136683772765213
day_3,Mild sunny day,0.2,83,20.75,7.1731,0.0,20.0,area_core_03,2.7648378297818352
day_3,Mild sunny day,0.2,84,21.0,7.0,0.0,20.0,area_core_03,2.8143760413515766
day_3,Mild sunny day,0.2,85,21.25,6.8333,0.0,20.0,area_core_03,2.8620826841515523
day_3,Mild sunny day,0.2,86,21.5,6.6737,0.0,20.0,area_core_03,2.9077574303475706
day_3,Mild sunny day,0.2,87,21.75,6.522,0.0,20.0,area_core_03,2.95117133384341
day_3,Mild sunny day,0.2,88,22.0,6.3787,0.0,20.0,area_core_03,2.992181303328932
day_3,Mild sunny day,0.2,89,22.25,6.2445,0.0,20.0,area_core_03,3.030587010969945
day_3,Mild sunny day,0.2,90,22.5,6.1199,0.0,20.0,area_core_03,3.0662453654563095
day_3,Mild sunny day,0.2,91,22.75,6.0056,0.0,20.0,area_core_03,3.0989560389538338
day_3,Mild sunny day,0.2,92,23.0,5.9019,0.0,20.0,area_core_03,3.1286331766764346
day_3,Mild sunny day,0.2,93,23.25,5.8094,0.0,20.0,area_core_03,3.1551050690519467
day_3,Mild sunny day,0.2,94,23.5,5.7284,0.0,20.0,area_core_03,3.178285861294287
day_3,Mild sunny day,0.2,95,23.75,5.6592,0.0,20.0,area_core_03,3.198089698617372
day_3,Mild sunny day,0.2,0,0.0,5.6022,0.0,20.0,area_core_04,1.6528653510330655
day_3,Mild sunny day,0.2,1,0.25,5.5576,0.0,20.0,area_core_04,1.6555860938928024
day_3,Mild sunny day,0.2,2,0.5,5.5257,0.0,20.0,area_core_04,1.6575320960727487
day_3,Mild sunny day,0.2,3,0.75,5.5064,0.0,20.0,area_core_04,1.658709457893218
day_3,Mild sunny day,0.2,4,1.0,5.5,0.0,20.0,area_core_04,1.6590998783932698
day_3,Mild sunny day,0.2,5,1.25,5.5064,0.0,20.0,area_core_04,1.658709457893218
day_3,Mild sunny day,0.2,6,1.5,5.5257,0.0,20.0,area_core_04,1.6575320960727487
day_3,Mild sunny day,0.2,7,1.75,5.5576,0.0,20.0,area_core_04,1.6555860938928024
day_3,Mild sunny day,0.2,8,2.0,5.6022,0.0,20.0,area_core_04,1.6528653510330655
day_3,Mild sunny day,0.2,9,2.25,5.6592,0.0,20.0,area_core_04,1.649388168454478
day_3,Mild sunny day,0.2,10,2.5,5.7284,0.0,20.0,area_core_04,1.6451667467976665
day_3,Mild sunny day,0.2,11,2.75,5.8094,0.0,20.0,area_core_04,1.6402254873438844
day_3,Mild sunny day,0.2,12,3.0,5.9019,0.0,20.0,area_core_04,1.6345826910540713
day_3,Mild sunny day,0.2,13,3.25,6.0056,0.0,20.0,area_core_04,1.6282566588891676
day_3,Mild sunny day,0.2,14,3.5,6.1199,0.0,20.0,area_core_04,1.6212839927710525
day_3,Mild sunny day,0.2,15,3.75,6.2445,0.0,20.0,area_core_04,1.6136829936606667
day_3,Mild sunny day,0.2,16,4.0,6.3787,0.0,20.0,area_core_04,1.6054963638002029
day_3,Mild sunny day,0.2,17,4.25,6.522,0.0,20.0,area_core_04,1.5967546047912275
day_3,Mild sunny day,0.2,18,4.5,6.6737,0.0,20.0,area_core_04,1.5875004188759343
day_3,Mild sunny day,0.2,19,4.75,6.8333,0.0,20.0,area_core_04,1.5777643076558894
day_3,Mild sunny day,0.2,20,5.0,7.0,0.0,20.0,area_core_04,1.5675950736935993
day_3,Mild sunny day,0.2,21,5.25,7.1731,0.0,20.0,area_core_04,1.5570354192312574
day_3,Mild sunny day,0.2,22,5.5,7.3519,0.0,20.0,area_core_04,1.5461280465110567
day_3,Mild sunny day,0.2,23,5.75,7.5357,0.0,20.0,area_core_04,1.5349156577751903
day_3,Mild sunny day,0.2,24,6.0,7.7235,0.0,20.0,area_core_04,1.5234592562267917
day_3,Mild sunny day,0.2,25,6.25,7.9147,0.0,20.0,area_core_04,1.5117954437877403
day_3,Mild sunny day,0.2,26,6.5,8.1084,0.0,20.0,area_core_04,1.4999791233408564
day_3,Mild sunny day,0.2,27,6.75,8.3038,0.0,20.0,area_core_04,1.4880590974486458
day_3,Mild sunny day,0.2,28,7.0,8.5,0.0,20.0,area_core_04,1.476090268993929
day_3,Mild sunny day,0.2,29,7.25,8.6962,17.0048,20.0,area_core_04,1.2745760019786245
day_3,Mild sunny day,0.2,30,7.5,8.8916,33.9368,20.0,area_core_04,1.0739220088708124
day_3,Mild sunny day,0.2,31,7.75,9.0853,50.7235,20.0,area_core_04,0.8749913199229749
day_3,Mild sunny day,0.2,32,8.0,9.2765,67.293,20.0,area_core_04,0.6786341771166358
day_3,Mild sunny day,0.2,33,8.25,9.4643,83.5743,20.0,area_core_04,0.48569689082766443
day_3,Mild sunny day,0.2,34,8.5,9.6481,99.4977,20.0,area_core_04,0.2969929799112574
day_3,Mild sunny day,0.2,35,8.75,9.8269,114.9951,20.0,area_core_04,0.11334252996881089
day_3,Mild sunny day,0.2,36,9.0,10.0,130.0,20.0,area_core_04,0.0
day_3,Mild sunny day,0.2,37,9.25,10.1667,144.4483,20.0,area_core_04,0.0
day_3,Mild sunny day,0.2,38,9.5,10.3263,158.278,20.0,area_core_04,0.0
day_3,Mild sunny day,0.2,39,9.75,10.478,171.4299,20.0,area_core_04,0.0
day_3,Mild sunny day,0.2,40,10.0,10.6213,183.8478,20.0,area_core_04,0.0
day_3,Mild sunny day,0.2,41,10.25,10.7555,195.4783,20.0,area_core_04,0.0
day_3,Mild sunny day,0.2,42,10.5,10.8801,206.2719,20.0,area_core_04,0.0
day_3,Mild sunny day,0.2,43,10.75,10.9944,216.1821,20.0,area_core_04,0.0
day_3,Mild sunny day,0.2,44,11.0,11.0981,225.1666,20.0,area_core_04,0.0
day_3,Mild sunny day,0.2,45,11.25,11.1906,233.1869,20.0,area_core_04,0.0
day_3,Mild sunny day,0.2,46,11.5,11.2716,240.2087,20.0,area_core_04,0.0
day_3,Mild sunny day,0.2,47,11.75,11.3408,246.2018,20.0,area_core_04,0.0
day_3,Mild sunny day,0.2,48,12.0,11.3978,251.1407,20.0,area_core_04,0.0
day_3,Mild sunny day,0.2,49,12.25,11.4424,255.0042,20.0,area_core_04,0.0
day_3,Mild sunny day,0.2,50,12.5,11.4743,257.7757,20.0,area_core_04,0.0
day_3,Mild sunny day,0.2,51,12.75,11.4936,259.4433,20.0,area_core_04,0.0
day_3,Mild sunny day,0.2,52,13.0,11.5,260.0,20.0,area_core_04,0.0
day_3,Mild sunny day,0.2,53,13.25,11.4936,259.4433,20.0,area_core_04,0.0
day_3,Mild sunny day,0.2,54,13.5,11.4743,257.7757,20.0,area_core_04,0.0
day_3,Mild sunny day,0.2,55,13.75,11.4424,255.0042,20.0,area_core_04,0.0
day_3,Mild sunny day,0.2,56,14.0,11.3978,251.1407,20.0,area_core_04,0.0
day_3,Mild sunny day,0.2,57,14.25,11.3408,246.2018,20.0,area_core_04,0.0
day_3,Mild sunny day,0.2,58,14.5,11.2716,240.2087,20.0,area_core_04,0.0
day_3,Mild sunny day,0.2,59,14.75,11.1906,233.1869,20.0,area_core_04,0.0
day_3,Mild sunny day,0.2,60,15.0,11.0981,225.1666,20.0,area_core_04,0.0
day_3,Mild sunny day,0.2,61,15.25,10.9944,216.1821,20.0,area_core_04,0.0
day_3,Mild sunny day,0.2,62,15.5,10.8801,206.2719,20.0,area_core_04,0.0
day_3,Mild sunny day,0.2,63,15.75,10.7555,195.4783,20.0,area_core_04,0.0
day_3,Mild sunny day,0.2,64,16.0,10.6213,183.8478,20.0,area_core_04,0.0
day_3,Mild sunny day,0.2,65,16.25,10.478,171.4299,20.0,area_core_04,0.0
day_3,Mild sunny day,0.2,66,16.5,10.3263,158.278,20.0,area_core_04,0.0
day_3,Mild sunny day,0.2,67,16.75,10.1667,144.4483,20.0,area_core_04,0.0
day_3,Mild sunny day,0.2,68,17.0,10.0,130.0,20.0,area_core_04,0.0
day_3,Mild sunny day,0.2,69,17.25,9.8269,114.9951,20.0,area_core_04,0.11334252996881089
day_3,Mild sunny day,0.2,70,17.5,9.6481,99.4977,20.0,area_core_04,0.2969929799112574
day_3,Mild sunny day,0.2,71,17.75,9.4643,83.5743,20.0,area_core_04,0.48569689082766443
day_3,Mild sunny day,0.2,72,18.0,9.2765,67.293,20.0,area_core_04,0.6786341771166358
day_3,Mild sunny day,0.2,73,18.25,9.0853,50.7235,20.0,area_core_04,0.8749913199229749
day_3,Mild sunny day,0.2,74,18.5,8.8916,33.9368,20.0,area_core_04,1.0739220088708124
day_3,Mild sunny day,0.2,75,18.75,8.6962,17.0048,20.0,area_core_04,1.2745760019786245
day_3,Mild sunny day,0.2,76,19.0,8.5,0.0,20.0,area_core_04,1.476090268993929
day_3,Mild sunny day,0.2,77,19.25,8.3038,0.0,20.0,area_core_04,1.4880590974486458
day_3,Mild sunny day,0.2,78,19.5,8.1084,0.0,20.0,area_core_04,1.4999791233408564
day_3,Mild sunny day,0.2,79,19.75,7.9147,0.0,20.0,area_core_04,1.5117954437877403
day_3,Mild sunny day,0.2,80,20.0,7.7235,0.0,20.0,area_core_04,1.5234592562267917
day_3,Mild sunny day,0.2,81,20.25,7.5357,0.0,20.0,area_core_04,1.5349156577751903
day_3,Mild sunny day,0.2,82,20.5,7.3519,0.0,20.0,area_core_04,1.5461280465110567
day_3,Mild sunny day,0.2,83,20.75,7.1731,0.0,20.0,area_core_04,1.5570354192312574
day_3,Mild sunny day,0.2,84,21.0,7.0,0.0,20.0,area_core_04,1.5675950736935993
day_3,Mild sunny day,0.2,85,21.25,6.8333,0.0,20.0,area_core_04,1.5777643076558894
day_3,Mild sunny day,0.2,86,21.5,6.6737,0.0,20.0,area_core_04,1.5875004188759343
day_3,Mild sunny day,0.2,87,21.75,6.522,0.0,20.0,area_core_04,1.5967546047912275
day_3,Mild sunny day,0.2,88,22.0,6.3787,0.0,20.0,area_core_04,1.6054963638002029
day_3,Mild sunny day,0.2,89,22.25,6.2445,0.0,20.0,area_core_04,1.6136829936606667
day_3,Mild sunny day,0.2,90,22.5,6.1199,0.0,20.0,area_core_04,1.6212839927710525
day_3,Mild sunny day,0.2,91,22.75,6.0056,0.0,20.0,area_core_04,1.6282566588891676
day_3,Mild sunny day,0.2,92,23.0,5.9019,0.0,20.0,area_core_04,1.6345826910540713
day_3,Mild sunny day,0.2,93,23.25,5.8094,0.0,20.0,area_core_04,1.6402254873438844
day_3,Mild sunny day,0.2,94,23.5,5.7284,0.0,20.0,area_core_04,1.6451667467976665
day_3,Mild sunny day,0.2,95,23.75,5.6592,0.0,20.0,area_core_04,1.649388168454478
day_3,Mild sunny day,0.2,0,0.0,5.6022,0.0,20.0,area_core_05,3.718897294792394
day_3,Mild sunny day,0.2,1,0.25,5.5576,0.0,20.0,area_core_05,3.7288023668480985
day_3,Mild sunny day,0.2,2,0.5,5.5257,0.0,20.0,area_core_05,3.7358869363229195
day_3,Mild sunny day,0.2,3,0.75,5.5064,0.0,20.0,area_core_05,3.740173211898594
day_3,Mild sunny day,0.2,4,1.0,5.5,0.0,20.0,area_core_05,3.741594567529906
day_3,Mild sunny day,0.2,5,1.25,5.5064,0.0,20.0,area_core_05,3.740173211898594
day_3,Mild sunny day,0.2,6,1.5,5.5257,0.0,20.0,area_core_05,3.7358869363229195
day_3,Mild sunny day,0.2,7,1.75,5.5576,0.0,20.0,area_core_05,3.7288023668480985
day_3,Mild sunny day,0.2,8,2.0,5.6022,0.0,20.0,area_core_05,3.718897294792394
day_3,Mild sunny day,0.2,9,2.25,5.6592,0.0,20.0,area_core_05,3.7062383462010224
day_3,Mild sunny day,0.2,10,2.5,5.7284,0.0,20.0,area_core_05,3.690869938437463
day_3,Mild sunny day,0.2,11,2.75,5.8094,0.0,20.0,area_core_05,3.672880906228672
day_3,Mild sunny day,0.2,12,3.0,5.9019,0.0,20.0,area_core_05,3.6523378756198666
day_3,Mild sunny day,0.2,13,3.25,6.0056,0.0,20.0,area_core_05,3.629307472656267
day_3,Mild sunny day,0.2,14,3.5,6.1199,0.0,20.0,area_core_05,3.6039229494283056
day_3,Mild sunny day,0.2,15,3.75,6.2445,0.0,20.0,area_core_05,3.5762509319812024
day_3,Mild sunny day,0.2,16,4.0,6.3787,0.0,20.0,area_core_05,3.5464468810871317
day_3,Mild sunny day,0.2,17,4.25,6.522,0.0,20.0,area_core_05,3.5146218401547884
day_3,Mild sunny day,0.2,18,4.5,6.6737,0.0,20.0,area_core_05,3.480931269956349
day_3,Mild sunny day,0.2,19,4.75,6.8333,0.0,20.0,area_core_05,3.4454862139005087
day_3,Mild sunny day,0.2,20,5.0,7.0,0.0,20.0,area_core_05,3.4084643414411815
day_3,Mild sunny day,0.2,21,5.25,7.1731,0.0,20.0,area_core_05,3.3700211133505436
day_3,Mild sunny day,0.2,22,5.5,7.3519,0.0,20.0,area_core_05,3.3303119904007668
day_3,Mild sunny day,0.2,23,5.75,7.5357,0.0,20.0,area_core_05,3.289492433364029
day_3,Mild sunny day,0.2,24,6.0,7.7235,0.0,20.0,area_core_05,3.2477845290577205
day_3,Mild sunny day,0.2,25,6.25,7.9147,0.0,20.0,area_core_05,3.205321529572278
day_3,Mild sunny day,0.2,26,6.5,8.1084,0.0,20.0,area_core_05,3.1623033130433544
day_3,Mild sunny day,0.2,27,6.75,8.3038,0.0,20.0,area_core_05,3.118907548924863
day_3,Mild sunny day,0.2,28,7.0,8.5,0.0,20.0,area_core_05,3.075334115352458
day_3,Mild sunny day,0.2,29,7.25,8.6962,17.0048,20.0,area_core_05,3.029323308394643
day_3,Mild sunny day,0.2,30,7.5,8.8916,33.9368,20.0,area_core_05,2.9835006056375457
day_3,Mild sunny day,0.2,31,7.75,9.0853,50.7235,20.0,area_core_05,2.9380762769632938
day_3,Mild sunny day,0.2,32,8.0,9.2765,67.293,20.0,area_core_05,2.8932382975716164
day_3,Mild sunny day,0.2,33,8.25,9.4643,83.5743,20.0,area_core_05,2.8491967223429873
day_3,Mild sunny day,0.2,34,8.5,9.6481,99.4977,20.0,area_core_05,2.806094793777902
day_3,Mild sunny day,0.2,35,8.75,9.8269,114.9951,20.0,area_core_05,2.764164359768716
day_3,Mild sunny day,0.2,36,9.0,10.0,130.0,20.0,area_core_05,2.723570412827474
day_3,Mild sunny day,0.2,37,9.25,10.1667,144.4483,20.0,area_core_05,2.684477601463578
day_3,Mild sunny day,0.2,38,9.5,10.3263,158.278,20.0,area_core_05,2.647050273184118
day_3,Mild sunny day,0.2,39,9.75,10.478,171.4299,20.0,area_core_05,2.6114745828415087
day_3,Mild sunny day,0.2,40,10.0,10.6213,183.8478,20.0,area_core_05,2.577869629239644
day_3,Mild sunny day,0.2,41,10.25,10.7555,195.4783,20.0,area_core_05,2.5463985272094813
day_3,Mild sunny day,0.2,42,10.5,10.8801,206.2719,20.0,area_core_05,2.517179415214205
day_3,Mild sunny day,0.2,43,10.75,10.9944,216.1821,20.0,area_core_05,2.490374419077178
day_3,Mild sunny day,0.2,44,11.0,11.0981,225.1666,20.0,area_core_05,2.4660562278901805
day_3,Mild sunny day,0.2,45,11.25,11.1906,233.1869,20.0,area_core_05,2.4443636121193633
day_3,Mild sunny day,0.2,46,11.5,11.2716,240.2087,20.0,area_core_05,2.4253681141810324
day_3,Mild sunny day,0.2,47,11.75,11.3408,246.2018,20.0,area_core_05,2.409140688820318
day_3,Mild sunny day,0.2,48,12.0,11.3978,251.1407,20.0,area_core_05,2.3957738257922454
day_3,Mild sunny day,0.2,49,12.25,11.4424,255.0042,20.0,area_core_05,2.385314981150299
day_3,Mild sunny day,0.2,50,12.5,11.4743,257.7757,20.0,area_core_05,2.377833160291301
day_3,Mild sunny day,0.2,51,12.75,11.4936,259.4433,20.0,area_core_05,2.373307860213279
day_3,Mild sunny day,0.2,52,13.0,11.5,260.0,20.0,area_core_05,2.3718067103024896
day_3,Mild sunny day,0.2,53,13.25,11.4936,259.4433,20.0,area_core_05,2.373307860213279
day_3,Mild sunny day,0.2,54,13.5,11.4743,257.7757,20.0,area_core_05,2.377833160291301
day_3,Mild sunny day,0.2,55,13.75,11.4424,255.0042,20.0,area_core_05,2.385314981150299
day_3,Mild sunny day,0.2,56,14.0,11.3978,251.1407,20.0,area_core_05,2.3957738257922454
day_3,Mild sunny day,0.2,57,14.25,11.3408,246.2018,20.0,area_core_05,2.409140688820318
day_3,Mild sunny day,0.2,58,14.5,11.2716,240.2087,20.0,area_core_05,2.4253681141810324
day_3,Mild sunny day,0.2,59,14.75,11.1906,233.1869,20.0,area_core_05,2.4443636121193633
day_3,Mild sunny day,0.2,60,15.0,11.0981,225.1666,20.0,area_core_05,2.4660562278901805
day_3,Mild sunny day,0.2,61,15.25,10.9944,216.1821,20.0,area_core_05,2.490374419077178
day_3,Mild sunny day,0.2,62,15.5,10.8801,206.2719,20.0,area_core_05,2.517179415214205
day_3,Mild sunny day,0.2,63,15.75,10.7555,195.4783,20.0,area_core_05,2.5463985272094813
day_3,Mild sunny day,0.2,64,16.0,10.6213,183.8478,20.0,area_core_05,2.577869629239644
day_3,Mild sunny day,0.2,65,16.25,10.478,171.4299,20.0,area_core_05,2.6114745828415087
day_3,Mild sunny day,0.2,66,16.5,10.3263,158.278,20.0,area_core_05,2.647050273184118
day_3,Mild sunny day,0.2,67,16.75,10.1667,144.4483,20.0,area_core_05,2.684477601463578
day_3,Mild sunny day,0.2,68,17.0,10.0,130.0,20.0,area_core_05,2.723570412827474
day_3,Mild sunny day,0.2,69,17.25,9.8269,114.9951,20.0,area_core_05,2.764164359768716
day_3,Mild sunny day,0.2,70,17.5,9.6481,99.4977,20.0,area_core_05,2.806094793777902
day_3,Mild sunny day,0.2,71,17.75,9.4643,83.5743,20.0,area_core_05,2.8491967223429873
day_3,Mild sunny day,0.2,72,18.0,9.2765,67.293,20.0,area_core_05,2.8932382975716164
day_3,Mild sunny day,0.2,73,18.25,9.0853,50.7235,20.0,area_core_05,2.9380762769632938
day_3,Mild sunny day,0.2,74,18.5,8.8916,33.9368,20.0,area_core_05,2.9835006056375457
day_3,Mild sunny day,0.2,75,18.75,8.6962,17.0048,20.0,area_core_05,3.029323308394643
day_3,Mild sunny day,0.2,76,19.0,8.5,0.0,20.0,area_core_05,3.075334115352458
day_3,Mild sunny day,0.2,77,19.25,8.3038,0.0,20.0,area_core_05,3.118907548924863
day_3,Mild sunny day,0.2,78,19.5,8.1084,0.0,20.0,area_core_05,3.1623033130433544
day_3,Mild sunny day,0.2,79,19.75,7.9147,0.0,20.0,area_core_05,3.205321529572278
day_3,Mild sunny day,0.2,80,20.0,7.7235,0.0,20.0,area_core_05,3.2477845290577205
day_3,Mild sunny day,0.2,81,20.25,7.5357,0.0,20.0,area_core_05,3.289492433364029
day_3,Mild sunny day,0.2,82,20.5,7.3519,0.0,20.0,area_core_05,3.3303119904007668
day_3,Mild sunny day,0.2,83,20.75,7.1731,0.0,20.0,area_core_05,3.3700211133505436
day_3,Mild sunny day,0.2,84,21.0,7.0,0.0,20.0,area_core_05,3.4084643414411815
day_3,Mild sunny day,0.2,85,21.25,6.8333,0.0,20.0,area_core_05,3.4454862139005087
day_3,Mild sunny day,0.2,86,21.5,6.6737,0.0,20.0,area_core_05,3.480931269956349
day_3,Mild sunny day,0.2,87,21.75,6.522,0.0,20.0,area_core_05,3.5146218401547884
day_3,Mild sunny day,0.2,88,22.0,6.3787,0.0,20.0,area_core_05,3.5464468810871317
day_3,Mild sunny day,0.2,89,22.25,6.2445,0.0,20.0,area_core_05,3.5762509319812024
day_3,Mild sunny day,0.2,90,22.5,6.1199,0.0,20.0,area_core_05,3.6039229494283056
day_3,Mild sunny day,0.2,91,22.75,6.0056,0.0,20.0,area_core_05,3.629307472656267
day_3,Mild sunny day,0.2,92,23.0,5.9019,0.0,20.0,area_core_05,3.6523378756198666
day_3,Mild sunny day,0.2,93,23.25,5.8094,0.0,20.0,area_core_05,3.672880906228672
day_3,Mild sunny day,0.2,94,23.5,5.7284,0.0,20.0,area_core_05,3.690869938437463
day_3,Mild sunny day,0.2,95,23.75,5.6592,0.0,20.0,area_core_05,3.7062383462010224
day_3,Mild sunny day,0.2,0,0.0,5.6022,0.0,20.0,area_core_06,4.525107975304658
day_3,Mild sunny day,0.2,1,0.25,5.5576,0.0,20.0,area_core_06,4.54076265053612
day_3,Mild sunny day,0.2,2,0.5,5.5257,0.0,20.0,area_core_06,4.55195960434517
day_3,Mild sunny day,0.2,3,0.75,5.5064,0.0,20.0,area_core_06,4.55873393690049
day_3,Mild sunny day,0.2,4,1.0,5.5,0.0,20.0,area_core_06,4.560980347696036
day_3,Mild sunny day,0.2,5,1.25,5.5064,0.0,20.0,area_core_06,4.55873393690049
day_3,Mild sunny day,0.2,6,1.5,5.5257,0.0,20.0,area_core_06,4.55195960434517
day_3,Mild sunny day,0.2,7,1.75,5.5576,0.0,20.0,area_core_06,4.54076265053612
day_3,Mild sunny day,0.2,8,2.0,5.6022,0.0,20.0,area_core_06,4.525107975304658
day_3,Mild sunny day,0.2,9,2.25,5.6592,0.0,20.0,area_core_06,4.5051008791568234
day_3,Mild sunny day,0.2,10,2.5,5.7284,0.0,20.0,area_core_06,4.48081156242998
day_3,Mild sunny day,0.2,11,2.75,5.8094,0.0,20.0,area_core_06,4.452380425798848
day_3,Mild sunny day,0.2,12,3.0,5.9019,0.0,20.0,area_core_06,4.419912769769469
day_3,Mild sunny day,0.2,13,3.25,6.0056,0.0,20.0,area_core_06,4.3835138948478845
day_3,Mild sunny day,0.2,14,3.5,6.1199,0.0,20.0,area_core_06,4.343394402046176
day_3,Mild sunny day,0.2,15,3.75,6.2445,0.0,20.0,area_core_06,4.299659591870386
day_3,Mild sunny day,0.2,16,4.0,6.3787,0.0,20.0,area_core_06,4.252555165501276
day_3,Mild sunny day,0.2,17,4.25,6.522,0.0,20.0,area_core_06,4.202256623782248
day_3,Mild sunny day,0.2,18,4.5,6.6737,0.0,20.0,area_core_06,4.1490096678940676
day_3,Mild sunny day,0.2,19,4.75,6.8333,0.0,20.0,area_core_06,4.092989798680133
day_3,Mild sunny day,0.2,20,5.0,7.0,0.0,20.0,area_core_06,4.03447781748989
day_3,Mild sunny day,0.2,21,5.25,7.1731,0.0,20.0,area_core_06,3.9737194255041013
day_3,Mild sunny day,0.2,22,5.5,7.3519,0.0,20.0,area_core_06,3.910960323903528
day_3,Mild sunny day,0.2,23,5.75,7.5357,0.0,20.0,area_core_06,3.8464462138689353
day_3,Mild sunny day,0.2,24,6.0,7.7235,0.0,20.0,area_core_06,3.7805280970871262
day_3,Mild sunny day,0.2,25,6.25,7.9147,0.0,20.0,area_core_06,3.713416574570183
day_3,Mild sunny day,0.2,26,6.5,8.1084,0.0,20.0,area_core_06,3.6454275478362295
day_3,Mild sunny day,0.2,27,6.75,8.3038,0.0,20.0,area_core_06,3.5768418182347084
day_3,Mild sunny day,0.2,28,7.0,8.5,0.0,20.0,area_core_06,3.5079752872837444
day_3,Mild sunny day,0.2,29,7.25,8.6962,17.0048,20.0,area_core_06,3.3295403619527466
day_3,Mild sunny day,0.2,30,7.5,8.8916,33.9368,20.0,area_core_06,3.151855316061546
day_3,Mild sunny day,0.2,31,7.75,9.0853,50.7235,20.0,area_core_06,2.975703196204514
day_3,Mild sunny day,0.2,32,8.0,9.2765,67.293,20.0,area_core_06,2.801828082779123
day_3,Mild sunny day,0.2,33,8.25,9.4643,83.5743,20.0,area_core_06,2.631003357309199
day_3,Mild sunny day,0.2,34,8.5,9.6481,99.4977,20.0,area_core_06,2.4638887244180574
day_3,Mild sunny day,0.2,35,8.75,9.8269,114.9951,20.0,area_core_06,2.3012739799951554
day_3,Mild sunny day,0.2,36,9.0,10.0,130.0,20.0,area_core_06,2.143833310015331
day_3,Mild sunny day,0.2,37,9.25,10.1667,144.4483,20.0,area_core_06,1.9922254363405507
day_3,Mild sunny day,0.2,38,9.5,10.3263,158.278,20.0,area_core_06,1.847095549734025
day_3,Mild sunny day,0.2,39,9.75,10.478,171.4299,20.0,area_core_06,1.7091058996626258
day_3,Mild sunny day,0.2,40,10.0,10.6213,183.8478,20.0,area_core_06,1.5787941049461023
day_3,Mild sunny day,0.2,41,10.25,10.7555,195.4783,20.0,area_core_06,1.4567499432765487
day_3,Mild sunny day,0.2,42,10.5,10.8801,206.2719,20.0,area_core_06,1.3434678628252863
day_3,Mild sunny day,0.2,43,10.75,10.9944,216.1821,20.0,area_core_06,1.2394931819599129
day_3,Mild sunny day,0.2,44,11.0,11.0981,225.1666,20.0,area_core_06,1.1452037561757824
day_3,Mild sunny day,0.2,45,11.25,11.1906,233.1869,20.0,area_core_06,1.061058256628915
day_3,Mild sunny day,0.2,46,11.5,11.2716,240.2087,20.0,area_core_06,0.9873829917717692
day_3,Mild sunny day,0.2,47,11.75,11.3408,246.2018,20.0,area_core_06,0.9244778521973186
day_3,Mild sunny day,0.2,48,12.0,11.3978,251.1407,20.0,area_core_06,0.8726475447795167
day_3,Mild sunny day,0.2,49,12.25,11.4424,255.0042,20.0,area_core_06,0.8320988695193999
day_3,Mild sunny day,0.2,50,12.5,11.4743,257.7757,20.0,area_core_06,0.803044087037018
day_3,Mild sunny day,0.2,51,12.75,11.4936,259.4433,20.0,area_core_06,0.785524773389998
day_3,Mild sunny day,0.2,52,13.0,11.5,260.0,20.0,area_core_06,0.7796913327469172
day_3,Mild sunny day,0.2,53,13.25,11.4936,259.4433,20.0,area_core_06,0.785524773389998
day_3,Mild sunny day,0.2,54,13.5,11.4743,257.7757,20.0,area_core_06,0.803044087037018
day_3,Mild sunny day,0.2,55,13.75,11.4424,255.0042,20.0,area_core_06,0.8320988695193999
day_3,Mild sunny day,0.2,56,14.0,11.3978,251.1407,20.0,area_core_06,0.8726475447795167
day_3,Mild sunny day,0.2,57,14.25,11.3408,246.2018,20.0,area_core_06,0.9244778521973186
day_3,Mild sunny day,0.2,58,14.5,11.2716,240.2087,20.0,area_core_06,0.9873829917717692
day_3,Mild sunny day,0.2,59,14.75,11.1906,233.1869,20.0,area_core_06,1.061058256628915
day_3,Mild sunny day,0.2,60,15.0,11.0981,225.1666,20.0,area_core_06,1.1452037561757824
day_3,Mild sunny day,0.2,61,15.25,10.9944,216.1821,20.0,area_core_06,1.2394931819599129
day_3,Mild sunny day,0.2,62,15.5,10.8801,206.2719,20.0,area_core_06,1.3434678628252863
day_3,Mild sunny day,0.2,63,15.75,10.7555,195.4783,20.0,area_core_06,1.4567499432765487
day_3,Mild sunny day,0.2,64,16.0,10.6213,183.8478,20.0,area_core_06,1.5787941049461023
day_3,Mild sunny day,0.2,65,16.25,10.478,171.4299,20.0,area_core_06,1.7091058996626258
day_3,Mild sunny day,0.2,66,16.5,10.3263,158.278,20.0,area_core_06,1.847095549734025
day_3,Mild sunny day,0.2,67,16.75,10.1667,144.4483,20.0,area_core_06,1.9922254363405507
day_3,Mild sunny day,0.2,68,17.0,10.0,130.0,20.0,area_core_06,2.143833310015331
day_3,Mild sunny day,0.2,69,17.25,9.8269,114.9951,20.0,area_core_06,2.3012739799951554
day_3,Mild sunny day,0.2,70,17.5,9.6481,99.4977,20.0,area_core_06,2.4638887244180574
day_3,Mild sunny day,0.2,71,17.75,9.4643,83.5743,20.0,area_core_06,2.631003357309199
day_3,Mild sunny day,0.2,72,18.0,9.2765,67.293,20.0,area_core_06,2.801828082779123
day_3,Mild sunny day,0.2,73,18.25,9.0853,50.7235,20.0,area_core_06,2.975703196204514
day_3,Mild sunny day,0.2,74,18.5,8.8916,33.9368,20.0,area_core_06,3.151855316061546
day_3,Mild sunny day,0.2,75,18.75,8.6962,17.0048,20.0,area_core_06,3.3295403619527466
day_3,Mild sunny day,0.2,76,19.0,8.5,0.0,20.0,area_core_06,3.5079752872837444
day_3,Mild sunny day,0.2,77,19.25,8.3038,0.0,20.0,area_core_06,3.5768418182347084
day_3,Mild sunny day,0.2,78,19.5,8.1084,0.0,20.0,area_core_06,3.6454275478362295
day_3,Mild sunny day,0.2,79,19.75,7.9147,0.0,20.0,area_core_06,3.713416574570183
day_3,Mild sunny day,0.2,80,20.0,7.7235,0.0,20.0,area_core_06,3.7805280970871262
day_3,Mild sunny day,0.2,81,20.25,7.5357,0.0,20.0,area_core_06,3.8464462138689353
day_3,Mild sunny day,0.2,82,20.5,7.3519,0.0,20.0,area_core_06,3.910960323903528
day_3,Mild sunny day,0.2,83,20.75,7.1731,0.0,20.0,area_core_06,3.9737194255041013
day_3,Mild sunny day,0.2,84,21.0,7.0,0.0,20.0,area_core_06,4.03447781748989
day_3,Mild sunny day,0.2,85,21.25,6.8333,0.0,20.0,area_core_06,4.092989798680133
day_3,Mild sunny day,0.2,86,21.5,6.6737,0.0,20.0,area_core_06,4.1490096678940676
day_3,Mild sunny day,0.2,87,21.75,6.522,0.0,20.0,area_core_06,4.202256623782248
day_3,Mild sunny day,0.2,88,22.0,6.3787,0.0,20.0,area_core_06,4.252555165501276
day_3,Mild sunny day,0.2,89,22.25,6.2445,0.0,20.0,area_core_06,4.299659591870386
day_3,Mild sunny day,0.2,90,22.5,6.1199,0.0,20.0,area_core_06,4.343394402046176
day_3,Mild sunny day,0.2,91,22.75,6.0056,0.0,20.0,area_core_06,4.3835138948478845
day_3,Mild sunny day,0.2,92,23.0,5.9019,0.0,20.0,area_core_06,4.419912769769469
day_3,Mild sunny day,0.2,93,23.25,5.8094,0.0,20.0,area_core_06,4.452380425798848
day_3,Mild sunny day,0.2,94,23.5,5.7284,0.0,20.0,area_core_06,4.48081156242998
day_3,Mild sunny day,0.2,95,23.75,5.6592,0.0,20.0,area_core_06,4.5051008791568234
day_3,Mild sunny day,0.2,0,0.0,5.6022,0.0,20.0,area_core_07,4.261719938937217
day_3,Mild sunny day,0.2,1,0.25,5.5576,0.0,20.0,area_core_07,4.276797492088832
day_3,Mild sunny day,0.2,2,0.5,5.5257,0.0,20.0,area_core_07,4.2875816612712665
day_3,Mild sunny day,0.2,3,0.75,5.5064,0.0,20.0,area_core_07,4.294106252657504
day_3,Mild sunny day,0.2,4,1.0,5.5,0.0,20.0,area_core_07,4.296269847728587
day_3,Mild sunny day,0.2,5,1.25,5.5064,0.0,20.0,area_core_07,4.294106252657504
day_3,Mild sunny day,0.2,6,1.5,5.5257,0.0,20.0,area_core_07,4.2875816612712665
day_3,Mild sunny day,0.2,7,1.75,5.5576,0.0,20.0,area_core_07,4.276797492088832
day_3,Mild sunny day,0.2,8,2.0,5.6022,0.0,20.0,area_core_07,4.261719938937217
day_3,Mild sunny day,0.2,9,2.25,5.6592,0.0,20.0,area_core_07,4.242450420335376
day_3,Mild sunny day,0.2,10,2.5,5.7284,0.0,20.0,area_core_07,4.219056548629282
day_3,Mild sunny day,0.2,11,2.75,5.8094,0.0,20.0,area_core_07,4.1916735485108765
day_3,Mild sunny day,0.2,12,3.0,5.9019,0.0,20.0,area_core_07,4.160402838499117
day_3,Mild sunny day,0.2,13,3.25,6.0056,0.0,20.0,area_core_07,4.1253458371129605
day_3,Mild sunny day,0.2,14,3.5,6.1199,0.0,20.0,area_core_07,4.086705381390321
day_3,Mild sunny day,0.2,15,3.75,6.2445,0.0,20.0,area_core_07,4.044582889850157
day_3,Mild sunny day,0.2,16,4.0,6.3787,0.0,20.0,area_core_07,3.999215005703367
day_3,Mild sunny day,0.2,17,4.25,6.522,0.0,20.0,area_core_07,3.95077075981488
day_3,Mild sunny day,0.2,18,4.5,6.6737,0.0,20.0,area_core_07,3.899486795395595
day_3,Mild sunny day,0.2,19,4.75,6.8333,0.0,20.0,area_core_07,3.8455321433104404
day_3,Mild sunny day,0.2,20,5.0,7.0,0.0,20.0,area_core_07,3.7891772529433023
day_3,Mild sunny day,0.2,21,5.25,7.1731,0.0,20.0,area_core_07,3.730658767505081
day_3,Mild sunny day,0.2,22,5.5,7.3519,0.0,20.0,area_core_07,3.670213330206674
day_3,Mild sunny day,0.2,23,5.75,7.5357,0.0,20.0,area_core_07,3.608077584258984
day_3,Mild sunny day,0.2,24,6.0,7.7235,0.0,20.0,area_core_07,3.5445895913918664
day_3,Mild sunny day,0.2,25,6.25,7.9147,0.0,20.0,area_core_07,3.479952188643235
day_3,Mild sunny day,0.2,26,6.5,8.1084,0.0,20.0,area_core_07,3.414469631569962
day_3,Mild sunny day,0.2,27,6.75,8.3038,0.0,20.0,area_core_07,3.3484123695559322
day_3,Mild sunny day,0.2,28,7.0,8.5,0.0,20.0,area_core_07,3.282084658158017
day_3,Mild sunny day,0.2,29,7.25,8.6962,17.0048,20.0,area_core_07,3.1715105512069384
day_3,Mild sunny day,0.2,30,7.5,8.8916,33.9368,20.0,area_core_07,3.061396318837117
day_3,Mild sunny day,0.2,31,7.75,9.0853,50.7235,20.0,area_core_07,2.952234861204455
day_3,Mild sunny day,0.2,32,8.0,9.2765,67.293,20.0,area_core_07,2.8444837110951875
day_3,Mild sunny day,0.2,33,8.25,9.4643,83.5743,20.0,area_core_07,2.738631865673514
day_3,Mild sunny day,0.2,34,8.5,9.6481,99.4977,20.0,area_core_07,2.6350635209918636
day_3,Mild sunny day,0.2,35,8.75,9.8269,114.9951,20.0,area_core_07,2.5342939346034594
day_3,Mild sunny day,0.2,36,9.0,10.0,130.0,20.0,area_core_07,2.4367327823514167
day_3,Mild sunny day,0.2,37,9.25,10.1667,144.4483,20.0,area_core_07,2.342783495292122
day_3,Mild sunny day,0.2,38,9.5,10.3263,158.278,20.0,area_core_07,2.2528440402935797
day_3,Mild sunny day,0.2,39,9.75,10.478,171.4299,20.0,area_core_07,2.1673389048122615
day_3,Mild sunny day,0.2,40,10.0,10.6213,183.8478,20.0,area_core_07,2.086583351802277
day_3,Mild sunny day,0.2,41,10.25,10.7555,195.4783,20.0,area_core_07,2.010952970979192
day_3,Mild sunny day,0.2,42,10.5,10.8801,206.2719,20.0,area_core_07,1.9407455919341683
day_3,Mild sunny day,0.2,43,10.75,10.9944,216.1821,20.0,area_core_07,1.8763188506209334
day_3,Mild sunny day,0.2,44,11.0,11.0981,225.1666,20.0,area_core_07,1.8178842299245004
day_3,Mild sunny day,0.2,45,11.25,11.1906,233.1869,20.0,area_core_07,1.765744743669855
day_3,Mild sunny day,0.2,46,11.5,11.2716,240.2087,20.0,area_core_07,1.720091058786254
day_3,Mild sunny day,0.2,47,11.75,11.3408,246.2018,20.0,area_core_07,1.681103174025629
day_3,Mild sunny day,0.2,48,12.0,11.3978,251.1407,20.0,area_core_07,1.648982664938895
day_3,Mild sunny day,0.2,49,12.25,11.4424,255.0042,20.0,area_core_07,1.6238523061547727
day_3,Mild sunny day,0.2,50,12.5,11.4743,257.7757,20.0,area_core_07,1.6058567093004117
day_3,Mild sunny day,0.2,51,12.75,11.4936,259.4433,20.0,area_core_07,1.5949930319370111
day_3,Mild sunny day,0.2,52,13.0,11.5,260.0,20.0,area_core_07,1.5913809065448155
day_3,Mild sunny day,0.2,53,13.25,11.4936,259.4433,20.0,area_core_07,1.5949930319370111
day_3,Mild sunny day,0.2,54,13.5,11.4743,257.7757,20.0,area_core_07,1.6058567093004117
day_3,Mild sunny day,0.2,55,13.75,11.4424,255.0042,20.0,area_core_07,1.6238523061547727
day_3,Mild sunny day,0.2,56,14.0,11.3978,251.1407,20.0,area_core_07,1.648982664938895
day_3,Mild sunny day,0.2,57,14.25,11.3408,246.2018,20.0,area_core_07,1.681103174025629
day_3,Mild sunny day,0.2,58,14.5,11.2716,240.2087,20.0,area_core_07,1.720091058786254
day_3,Mild sunny day,0.2,59,14.75,11.1906,233.1869,20.0,area_core_07,1.765744743669855
day_3,Mild sunny day,0.2,60,15.0,11.0981,225.1666,20.0,area_core_07,1.8178842299245004
day_3,Mild sunny day,0.2,61,15.25,10.9944,216.1821,20.0,area_core_07,1.8763188506209334
day_3,Mild sunny day,0.2,62,15.5,10.8801,206.2719,20.0,area_core_07,1.9407455919341683
day_3,Mild sunny day,0.2,63,15.75,10.7555,195.4783,20.0,area_core_07,2.010952970979192
day_3,Mild sunny day,0.2,64,16.0,10.6213,183.8478,20.0,area_core_07,2.086583351802277
day_3,Mild sunny day,0.2,65,16.25,10.478,171.4299,20.0,area_core_07,2.1673389048122615
day_3,Mild sunny day,0.2,66,16.5,10.3263,158.278,20.0,area_core_07,2.2528440402935797
day_3,Mild sunny day,0.2,67,16.75,10.1667,144.4483,20.0,area_core_07,2.342783495292122
day_3,Mild sunny day,0.2,68,17.0,10.0,130.0,20.0,area_core_07,2.4367327823514167
day_3,Mild sunny day,0.2,69,17.25,9.8269,114.9951,20.0,area_core_07,2.5342939346034594
day_3,Mild sunny day,0.2,70,17.5,9.6481,99.4977,20.0,area_core_07,2.6350635209918636
day_3,Mild sunny day,0.2,71,17.75,9.4643,83.5743,20.0,area_core_07,2.738631865673514
day_3,Mild sunny day,0.2,72,18.0,9.2765,67.293,20.0,area_core_07,2.8444837110951875
day_3,Mild sunny day,0.2,73,18.25,9.0853,50.7235,20.0,area_core_07,2.952234861204455
day_3,Mild sunny day,0.2,74,18.5,8.8916,33.9368,20.0,area_core_07,3.061396318837117
day_3,Mild sunny day,0.2,75,18.75,8.6962,17.0048,20.0,area_core_07,3.1715105512069384
day_3,Mild sunny day,0.2,76,19.0,8.5,0.0,20.0,area_core_07,3.282084658158017
day_3,Mild sunny day,0.2,77,19.25,8.3038,0.0,20.0,area_core_07,3.3484123695559322
day_3,Mild sunny day,0.2,78,19.5,8.1084,0.0,20.0,area_core_07,3.414469631569962
day_3,Mild sunny day,0.2,79,19.75,7.9147,0.0,20.0,area_core_07,3.479952188643235
day_3,Mild sunny day,0.2,80,20.0,7.7235,0.0,20.0,area_core_07,3.5445895913918664
day_3,Mild sunny day,0.2,81,20.25,7.5357,0.0,20.0,area_core_07,3.608077584258984
day_3,Mild sunny day,0.2,82,20.5,7.3519,0.0,20.0,area_core_07,3.670213330206674
day_3,Mild sunny day,0.2,83,20.75,7.1731,0.0,20.0,area_core_07,3.730658767505081
day_3,Mild sunny day,0.2,84,21.0,7.0,0.0,20.0,area_core_07,3.7891772529433023
day_3,Mild sunny day,0.2,85,21.25,6.8333,0.0,20.0,area_core_07,3.8455321433104404
day_3,Mild sunny day,0.2,86,21.5,6.6737,0.0,20.0,area_core_07,3.899486795395595
day_3,Mild sunny day,0.2,87,21.75,6.522,0.0,20.0,area_core_07,3.95077075981488
day_3,Mild sunny day,0.2,88,22.0,6.3787,0.0,20.0,area_core_07,3.999215005703367
day_3,Mild sunny day,0.2,89,22.25,6.2445,0.0,20.0,area_core_07,4.044582889850157
day_3,Mild sunny day,0.2,90,22.5,6.1199,0.0,20.0,area_core_07,4.086705381390321
day_3,Mild sunny day,0.2,91,22.75,6.0056,0.0,20.0,area_core_07,4.1253458371129605
day_3,Mild sunny day,0.2,92,23.0,5.9019,0.0,20.0,area_core_07,4.160402838499117
day_3,Mild sunny day,0.2,93,23.25,5.8094,0.0,20.0,area_core_07,4.1916735485108765
day_3,Mild sunny day,0.2,94,23.5,5.7284,0.0,20.0,area_core_07,4.219056548629282
day_3,Mild sunny day,0.2,95,23.75,5.6592,0.0,20.0,area_core_07,4.242450420335376
day_3,Mild sunny day,0.2,0,0.0,5.6022,0.0,20.0,area_core_08,2.6566852761044584
day_3,Mild sunny day,0.2,1,0.25,5.5576,0.0,20.0,area_core_08,2.663710731004443
day_3,Mild sunny day,0.2,2,0.5,5.5257,0.0,20.0,area_core_08,2.668735663993446
day_3,Mild sunny day,0.2,3,0.75,5.5064,0.0,20.0,area_core_08,2.671775827212498
day_3,Mild sunny day,0.2,4,1.0,5.5,0.0,20.0,area_core_08,2.6727839642385045
day_3,Mild sunny day,0.2,5,1.25,5.5064,0.0,20.0,area_core_08,2.671775827212498
day_3,Mild sunny day,0.2,6,1.5,5.5257,0.0,20.0,area_core_08,2.668735663993446
day_3,Mild sunny day,0.2,7,1.75,5.5576,0.0,20.0,area_core_08,2.663710731004443
day_3,Mild sunny day,0.2,8,2.0,5.6022,0.0,20.0,area_core_08,2.6566852761044584
day_3,Mild sunny day,0.2,9,2.25,5.6592,0.0,20.0,area_core_08,2.6477065557165855
day_3,Mild sunny day,0.2,10,2.5,5.7284,0.0,20.0,area_core_08,2.636806074122887
day_3,Mild sunny day,0.2,11,2.75,5.8094,0.0,20.0,area_core_08,2.6240468398874883
day_3,Mild sunny day,0.2,12,3.0,5.9019,0.0,20.0,area_core_08,2.609476109433484
day_3,Mild sunny day,0.2,13,3.25,6.0056,0.0,20.0,area_core_08,2.5931411391839676
day_3,Mild sunny day,0.2,14,3.5,6.1199,0.0,20.0,area_core_08,2.5751364419851273
day_3,Mild sunny day,0.2,15,3.75,6.2445,0.0,20.0,area_core_08,2.555509274260058
day_3,Mild sunny day,0.2,16,4.0,6.3787,0.0,20.0,area_core_08,2.534369900995978
day_3,Mild sunny day,0.2,17,4.25,6.522,0.0,20.0,area_core_08,2.5117970828980445
day_3,Mild sunny day,0.2,18,4.5,6.6737,0.0,20.0,area_core_08,2.4879010849534775
day_3,Mild sunny day,0.2,19,4.75,6.8333,0.0,20.0,area_core_08,2.4627606678674328
day_3,Mild sunny day,0.2,20,5.0,7.0,0.0,20.0,area_core_08,2.4365018487681622
day_3,Mild sunny day,0.2,21,5.25,7.1731,0.0,20.0,area_core_08,2.409234892642885
day_3,Mild sunny day,0.2,22,5.5,7.3519,0.0,20.0,area_core_08,2.38107006447882
day_3,Mild sunny day,0.2,23,5.75,7.5357,0.0,20.0,area_core_08,2.352117629263187
day_3,Mild sunny day,0.2,24,6.0,7.7235,0.0,20.0,area_core_08,2.3225351084063006
day_3,Mild sunny day,0.2,25,6.25,7.9147,0.0,20.0,area_core_08,2.2924170147543474
day_3,Mild sunny day,0.2,26,6.5,8.1084,0.0,20.0,area_core_08,2.2619051175766107
day_3,Mild sunny day,0.2,27,6.75,8.3038,0.0,20.0,area_core_08,2.2311254340013407
day_3,Mild sunny day,0.2,28,7.0,8.5,0.0,20.0,area_core_08,2.2002197332978204
day_3,Mild sunny day,0.2,29,7.25,8.6962,17.0048,20.0,area_core_08,2.034351337826781
day_3,Mild sunny day,0.2,30,7.5,8.8916,33.9368,20.0,area_core_08,1.8691867542348315
day_3,Mild sunny day,0.2,31,7.75,9.0853,50.7235,20.0,area_core_08,1.7054431655197693
day_3,Mild sunny day,0.2,32,8.0,9.2765,67.293,20.0,area_core_08,1.54381724049371
day_3,Mild sunny day,0.2,33,8.25,9.4643,83.5743,20.0,area_core_08,1.385014257042826
day_3,Mild sunny day,0.2,34,8.5,9.6481,99.4977,20.0,area_core_08,1.2296819188667876
day_3,Mild sunny day,0.2,35,8.75,9.8269,114.9951,20.0,area_core_08,1.0785182394436577
day_3,Mild sunny day,0.2,36,9.0,10.0,130.0,20.0,area_core_08,0.9321612770426734
day_3,Mild sunny day,0.2,37,9.25,10.1667,144.4483,20.0,area_core_08,0.791230041754471
day_3,Mild sunny day,0.2,38,9.5,10.3263,158.278,20.0,area_core_08,0.6563268765134141
day_3,Mild sunny day,0.2,39,9.75,10.478,171.4299,20.0,area_core_08,0.5280476535198647
day_3,Mild sunny day,0.2,40,10.0,10.6213,183.8478,20.0,area_core_08,0.4069171783278419
day_3,Mild sunny day,0.2,41,10.25,10.7555,195.4783,20.0,area_core_08,0.29346953789839547
day_3,Mild sunny day,0.2,42,10.5,10.8801,206.2719,20.0,area_core_08,0.18817636162028795
day_3,Mild sunny day,0.2,43,10.75,10.9944,216.1821,20.0,area_core_08,0.09151697294109729
day_3,Mild sunny day,0.2,44,11.0,11.0981,225.1666,20.0,area_core_08,0.0038743524317265132
day_3,Mild sunny day,0.2,45,11.25,11.1906,233.1869,20.0,area_core_08,0.0
day_3,Mild sunny day,0.2,46,11.5,11.2716,240.2087,20.0,area_core_08,0.0
day_3,Mild sunny day,0.2,47,11.75,11.3408,246.2018,20.0,area_core_08,0.0
day_3,Mild sunny day,0.2,48,12.0,11.3978,251.1407,20.0,area_core_08,0.0
day_3,Mild sunny day,0.2,49,12.25,11.4424,255.0042,20.0,area_core_08,0.0
day_3,Mild sunny day,0.2,50,12.5,11.4743,257.7757,20.0,area_core_08,0.0
day_3,Mild sunny day,0.2,51,12.75,11.4936,259.4433,20.0,area_core_08,0.0
day_3,Mild sunny day,0.2,52,13.0,11.5,260.0,20.0,area_core_08,0.0
day_3,Mild sunny day,0.2,53,13.25,11.4936,259.4433,20.0,area_core_08,0.0
day_3,Mild sunny day,0.2,54,13.5,11.4743,257.7757,20.0,area_core_08,0.0
day_3,Mild sunny day,0.2,55,13.75,11.4424,255.0042,20.0,area_core_08,0.0
day_3,Mild sunny day,0.2,56,14.0,11.3978,251.1407,20.0,area_core_08,0.0
day_3,Mild sunny day,0.2,57,14.25,11.3408,246.2018,20.0,area_core_08,0.0
day_3,Mild sunny day,0.2,58,14.5,11.2716,240.2087,20.0,area_core_08,0.0
day_3,Mild sunny day,0.2,59,14.75,11.1906,233.1869,20.0,area_core_08,0.0
day_3,Mild sunny day,0.2,60,15.0,11.0981,225.1666,20.0,area_core_08,0.0038743524317265132
day_3,Mild sunny day,0.2,61,15.25,10.9944,216.1821,20.0,area_core_08,0.09151697294109729
day_3,Mild sunny day,0.2,62,15.5,10.8801,206.2719,20.0,area_core_08,0.18817636162028795
day_3,Mild sunny day,0.2,63,15.75,10.7555,195.4783,20.0,area_core_08,0.29346953789839547
day_3,Mild sunny day,0.2,64,16.0,10.6213,183.8478,20.0,area_core_08,0.4069171783278419
day_3,Mild sunny day,0.2,65,16.25,10.478,171.4299,20.0,area_core_08,0.5280476535198647
day_3,Mild sunny day,0.2,66,16.5,10.3263,158.278,20.0,area_core_08,0.6563268765134141
day_3,Mild sunny day,0.2,67,16.75,10.1667,144.4483,20.0,area_core_08,0.791230041754471
day_3,Mild sunny day,0.2,68,17.0,10.0,130.0,20.0,area_core_08,0.9321612770426734
day_3,Mild sunny day,0.2,69,17.25,9.8269,114.9951,20.0,area_core_08,1.0785182394436577
day_3,Mild sunny day,0.2,70,17.5,9.6481,99.4977,20.0,area_core_08,1.2296819188667876
day_3,Mild sunny day,0.2,71,17.75,9.4643,83.5743,20.0,area_core_08,1.385014257042826
day_3,Mild sunny day,0.2,72,18.0,9.2765,67.293,20.0,area_core_08,1.54381724049371
day_3,Mild sunny day,0.2,73,18.25,9.0853,50.7235,20.0,area_core_08,1.7054431655197693
day_3,Mild sunny day,0.2,74,18.5,8.8916,33.9368,20.0,area_core_08,1.8691867542348315
day_3,Mild sunny day,0.2,75,18.75,8.6962,17.0048,20.0,area_core_08,2.034351337826781
day_3,Mild sunny day,0.2,76,19.0,8.5,0.0,20.0,area_core_08,2.2002197332978204
day_3,Mild sunny day,0.2,77,19.25,8.3038,0.0,20.0,area_core_08,2.2311254340013407
day_3,Mild sunny day,0.2,78,19.5,8.1084,0.0,20.0,area_core_08,2.2619051175766107
day_3,Mild sunny day,0.2,79,19.75,7.9147,0.0,20.0,area_core_08,2.2924170147543474
day_3,Mild sunny day,0.2,80,20.0,7.7235,0.0,20.0,area_core_08,2.3225351084063006
day_3,Mild sunny day,0.2,81,20.25,7.5357,0.0,20.0,area_core_08,2.352117629263187
day_3,Mild sunny day,0.2,82,20.5,7.3519,0.0,20.0,area_core_08,2.38107006447882
day_3,Mild sunny day,0.2,83,20.75,7.1731,0.0,20.0,area_core_08,2.409234892642885
day_3,Mild sunny day,0.2,84,21.0,7.0,0.0,20.0,area_core_08,2.4365018487681622
day_3,Mild sunny day,0.2,85,21.25,6.8333,0.0,20.0,area_core_08,2.4627606678674328
day_3,Mild sunny day,0.2,86,21.5,6.6737,0.0,20.0,area_core_08,2.4879010849534775
day_3,Mild sunny day,0.2,87,21.75,6.522,0.0,20.0,area_core_08,2.5117970828980445
day_3,Mild sunny day,0.2,88,22.0,6.3787,0.0,20.0,area_core_08,2.534369900995978
day_3,Mild sunny day,0.2,89,22.25,6.2445,0.0,20.0,area_core_08,2.555509274260058
day_3,Mild sunny day,0.2,90,22.5,6.1199,0.0,20.0,area_core_08,2.5751364419851273
day_3,Mild sunny day,0.2,91,22.75,6.0056,0.0,20.0,area_core_08,2.5931411391839676
day_3,Mild sunny day,0.2,92,23.0,5.9019,0.0,20.0,area_core_08,2.609476109433484
day_3,Mild sunny day,0.2,93,23.25,5.8094,0.0,20.0,area_core_08,2.6240468398874883
day_3,Mild sunny day,0.2,94,23.5,5.7284,0.0,20.0,area_core_08,2.636806074122887
day_3,Mild sunny day,0.2,95,23.75,5.6592,0.0,20.0,area_core_08,2.6477065557165855
day_3,Mild sunny day,0.2,0,0.0,5.6022,0.0,20.0,area_old_01,3.6976042344008264
day_3,Mild sunny day,0.2,1,0.25,5.5576,0.0,20.0,area_old_01,3.700188991960005
day_3,Mild sunny day,0.2,2,0.5,5.5257,0.0,20.0,area_old_01,3.702037731111077
day_3,Mild sunny day,0.2,3,0.75,5.5064,0.0,20.0,area_old_01,3.703156247274578
day_3,Mild sunny day,0.2,4,1.0,5.5,0.0,20.0,area_old_01,3.703527154188899
day_3,Mild sunny day,0.2,5,1.25,5.5064,0.0,20.0,area_old_01,3.703156247274578
day_3,Mild sunny day,0.2,6,1.5,5.5257,0.0,20.0,area_old_01,3.702037731111077
day_3,Mild sunny day,0.2,7,1.75,5.5576,0.0,20.0,area_old_01,3.700188991960005
day_3,Mild sunny day,0.2,8,2.0,5.6022,0.0,20.0,area_old_01,3.6976042344008264
day_3,Mild sunny day,0.2,9,2.25,5.6592,0.0,20.0,area_old_01,3.6943008446951495
day_3,Mild sunny day,0.2,10,2.5,5.7284,0.0,20.0,area_old_01,3.6902904136840475
day_3,Mild sunny day,0.2,11,2.75,5.8094,0.0,20.0,area_old_01,3.685596123049665
day_3,Mild sunny day,0.2,12,3.0,5.9019,0.0,20.0,area_old_01,3.6802353590536105
day_3,Mild sunny day,0.2,13,3.25,6.0056,0.0,20.0,area_old_01,3.6742255079574937
day_3,Mild sunny day,0.2,14,3.5,6.1199,0.0,20.0,area_old_01,3.6676013422845313
day_3,Mild sunny day,0.2,15,3.75,6.2445,0.0,20.0,area_old_01,3.660380248296333
day_3,Mild sunny day,0.2,16,4.0,6.3787,0.0,20.0,area_old_01,3.652602793936652
day_3,Mild sunny day,0.2,17,4.25,6.522,0.0,20.0,area_old_01,3.64429795630817
day_3,Mild sunny day,0.2,18,4.5,6.6737,0.0,20.0,area_old_01,3.635506303354641
day_3,Mild sunny day,0.2,19,4.75,6.8333,0.0,20.0,area_old_01,3.626256812178746
day_3,Mild sunny day,0.2,20,5.0,7.0,0.0,20.0,area_old_01,3.616595846144776
day_3,Mild sunny day,0.2,21,5.25,7.1731,0.0,20.0,area_old_01,3.606563973196484
day_3,Mild sunny day,0.2,22,5.5,7.3519,0.0,20.0,area_old_01,3.5962017612776243
day_3,Mild sunny day,0.2,23,5.75,7.5357,0.0,20.0,area_old_01,3.585549778331951
day_3,Mild sunny day,0.2,24,6.0,7.7235,0.0,20.0,area_old_01,3.574665978564827
day_3,Mild sunny day,0.2,25,6.25,7.9147,0.0,20.0,area_old_01,3.563585134499469
day_3,Mild sunny day,0.2,26,6.5,8.1084,0.0,20.0,area_old_01,3.552359404920705
day_3,Mild sunny day,0.2,27,6.75,8.3038,0.0,20.0,area_old_01,3.5410351531928237
day_3,Mild sunny day,0.2,28,7.0,8.5,0.0,20.0,area_old_01,3.5296645381006524
day_3,Mild sunny day,0.2,29,7.25,8.6962,17.0048,20.0,area_old_01,3.415100987156876
day_3,Mild sunny day,0.2,30,7.5,8.8916,33.9368,20.0,area_old_01,3.301025583410778
day_3,Mild sunny day,0.2,31,7.75,9.0853,50.7235,20.0,area_old_01,3.1879304489427978
day_3,Mild sunny day,0.2,32,8.0,9.2765,67.293,20.0,area_old_01,3.076298269337289
day_3,Mild sunny day,0.2,33,8.25,9.4643,83.5743,20.0,area_old_01,2.966612063985816
day_3,Mild sunny day,0.2,34,8.5,9.6481,99.4977,20.0,area_old_01,2.85932957702131
day_3,Mild sunny day,0.2,35,8.75,9.8269,114.9951,20.0,area_old_01,2.754922024724048
day_3,Mild sunny day,0.2,36,9.0,10.0,130.0,20.0,area_old_01,2.6538335275778975
day_3,Mild sunny day,0.2,37,9.25,10.1667,144.4483,20.0,area_old_01,2.556493641764527
day_3,Mild sunny day,0.2,38,9.5,10.3263,158.278,20.0,area_old_01,2.463319179701181
day_3,Mild sunny day,0.2,39,9.75,10.478,171.4299,20.0,area_old_01,2.3747157575397386
day_3,Mild sunny day,0.2,40,10.0,10.6213,183.8478,20.0,area_old_01,2.2910533997927227
day_3,Mild sunny day,0.2,41,10.25,10.7555,195.4783,20.0,area_old_01,2.2126967301278286
day_3,Mild sunny day,0.2,42,10.5,10.8801,206.2719,20.0,area_old_01,2.1399751143806043
day_3,Mild sunny day,0.2,43,10.75,10.9944,216.1821,20.0,area_old_01,2.073211303849921
day_3,Mild sunny day,0.2,44,11.0,11.0981,225.1666,20.0,area_old_01,2.0126793806236556
day_3,Mild sunny day,0.2,45,11.25,11.1906,233.1869,20.0,area_old_01,1.958647752906145
day_3,Mild sunny day,0.2,46,11.5,11.2716,240.2087,20.0,area_old_01,1.9113419551112665
day_3,Mild sunny day,0.2,47,11.75,11.3408,246.2018,20.0,area_old_01,1.8709626409699744
day_3,Mild sunny day,0.2,48,12.0,11.3978,251.1407,20.0,area_old_01,1.8376877378752843
day_3,Mild sunny day,0.2,49,12.25,11.4424,255.0042,20.0,area_old_01,1.8116574880043659
day_3,Mild sunny day,0.2,50,12.5,11.4743,257.7757,20.0,area_old_01,1.792990014042375
day_3,Mild sunny day,0.2,51,12.75,11.4936,259.4433,20.0,area_old_01,1.7817517352338477
day_3,Mild sunny day,0.2,52,13.0,11.5,260.0,20.0,area_old_01,1.7780025170551428
day_3,Mild sunny day,0.2,53,13.25,11.4936,259.4433,20.0,area_old_01,1.7817517352338477
day_3,Mild sunny day,0.2,54,13.5,11.4743,257.7757,20.0,area_old_01,1.792990014042375
day_3,Mild sunny day,0.2,55,13.75,11.4424,255.0042,20.0,area_old_01,1.8116574880043659
day_3,Mild sunny day,0.2,56,14.0,11.3978,251.1407,20.0,area_old_01,1.8376877378752843
day_3,Mild sunny day,0.2,57,14.25,11.3408,246.2018,20.0,area_old_01,1.8709626409699744
day_3,Mild sunny day,0.2,58,14.5,11.2716,240.2087,20.0,area_old_01,1.9113419551112665
day_3,Mild sunny day,0.2,59,14.75,11.1906,233.1869,20.0,area_old_01,1.958647752906145
day_3,Mild sunny day,0.2,60,15.0,11.0981,225.1666,20.0,area_old_01,2.0126793806236556
day_3,Mild sunny day,0.2,61,15.25,10.9944,216.1821,20.0,area_old_01,2.073211303849921
day_3,Mild sunny day,0.2,62,15.5,10.8801,206.2719,20.0,area_old_01,2.1399751143806043
day_3,Mild sunny day,0.2,63,15.75,10.7555,195.4783,20.0,area_old_01,2.2126967301278286
day_3,Mild sunny day,0.2,64,16.0,10.6213,183.8478,20.0,area_old_01,2.2910533997927227
day_3,Mild sunny day,0.2,65,16.25,10.478,171.4299,20.0,area_old_01,2.3747157575397386
day_3,Mild sunny day,0.2,66,16.5,10.3263,158.278,20.0,area_old_01,2.463319179701181
day_3,Mild sunny day,0.2,67,16.75,10.1667,144.4483,20.0,area_old_01,2.556493641764527
day_3,Mild sunny day,0.2,68,17.0,10.0,130.0,20.0,area_old_01,2.6538335275778975
day_3,Mild sunny day,0.2,69,17.25,9.8269,114.9951,20.0,area_old_01,2.754922024724048
day_3,Mild sunny day,0.2,70,17.5,9.6481,99.4977,20.0,area_old_01,2.85932957702131
day_3,Mild sunny day,0.2,71,17.75,9.4643,83.5743,20.0,area_old_01,2.966612063985816
day_3,Mild sunny day,0.2,72,18.0,9.2765,67.293,20.0,area_old_01,3.076298269337289
day_3,Mild sunny day,0.2,73,18.25,9.0853,50.7235,20.0,area_old_01,3.1879304489427978
day_3,Mild sunny day,0.2,74,18.5,8.8916,33.9368,20.0,area_old_01,3.301025583410778
day_3,Mild sunny day,0.2,75,18.75,8.6962,17.0048,20.0,area_old_01,3.415100987156876
day_3,Mild sunny day,0.2,76,19.0,8.5,0.0,20.0,area_old_01,3.5296645381006524
day_3,Mild sunny day,0.2,77,19.25,8.3038,0.0,20.0,area_old_01,3.5410351531928237
day_3,Mild sunny day,0.2,78,19.5,8.1084,0.0,20.0,area_old_01,3.552359404920705
day_3,Mild sunny day,0.2,79,19.75,7.9147,0.0,20.0,area_old_01,3.563585134499469
day_3,Mild sunny day,0.2,80,20.0,7.7235,0.0,20.0,area_old_01,3.574665978564827
day_3,Mild sunny day,0.2,81,20.25,7.5357,0.0,20.0,area_old_01,3.585549778331951
day_3,Mild sunny day,0.2,82,20.5,7.3519,0.0,20.0,area_old_01,3.5962017612776243
day_3,Mild sunny day,0.2,83,20.75,7.1731,0.0,20.0,area_old_01,3.606563973196484
day_3,Mild sunny day,0.2,84,21.0,7.0,0.0,20.0,area_old_01,3.616595846144776
day_3,Mild sunny day,0.2,85,21.25,6.8333,0.0,20.0,area_old_01,3.626256812178746
day_3,Mild sunny day,0.2,86,21.5,6.6737,0.0,20.0,area_old_01,3.635506303354641
day_3,Mild sunny day,0.2,87,21.75,6.522,0.0,20.0,area_old_01,3.64429795630817
day_3,Mild sunny day,0.2,88,22.0,6.3787,0.0,20.0,area_old_01,3.652602793936652
day_3,Mild sunny day,0.2,89,22.25,6.2445,0.0,20.0,area_old_01,3.660380248296333
day_3,Mild sunny day,0.2,90,22.5,6.1199,0.0,20.0,area_old_01,3.6676013422845313
day_3,Mild sunny day,0.2,91,22.75,6.0056,0.0,20.0,area_old_01,3.6742255079574937
day_3,Mild sunny day,0.2,92,23.0,5.9019,0.0,20.0,area_old_01,3.6802353590536105
day_3,Mild sunny day,0.2,93,23.25,5.8094,0.0,20.0,area_old_01,3.685596123049665
day_3,Mild sunny day,0.2,94,23.5,5.7284,0.0,20.0,area_old_01,3.6902904136840475
day_3,Mild sunny day,0.2,95,23.75,5.6592,0.0,20.0,area_old_01,3.6943008446951495
day_3,Mild sunny day,0.2,0,0.0,5.6022,0.0,20.0,area_old_02,5.14522785406799
day_3,Mild sunny day,0.2,1,0.25,5.5576,0.0,20.0,area_old_02,5.157050010769277
day_3,Mild sunny day,0.2,2,0.5,5.5257,0.0,20.0,area_old_02,5.165505768589256
day_3,Mild sunny day,0.2,3,0.75,5.5064,0.0,20.0,area_old_02,5.170621634605734
day_3,Mild sunny day,0.2,4,1.0,5.5,0.0,20.0,area_old_02,5.17231808758529
day_3,Mild sunny day,0.2,5,1.25,5.5064,0.0,20.0,area_old_02,5.170621634605734
day_3,Mild sunny day,0.2,6,1.5,5.5257,0.0,20.0,area_old_02,5.165505768589256
day_3,Mild sunny day,0.2,7,1.75,5.5576,0.0,20.0,area_old_02,5.157050010769277
day_3,Mild sunny day,0.2,8,2.0,5.6022,0.0,20.0,area_old_02,5.14522785406799
day_3,Mild sunny day,0.2,9,2.25,5.6592,0.0,20.0,area_old_02,5.130118819718811
day_3,Mild sunny day,0.2,10,2.5,5.7284,0.0,20.0,area_old_02,5.111775921877351
day_3,Mild sunny day,0.2,11,2.75,5.8094,0.0,20.0,area_old_02,5.090305188854833
day_3,Mild sunny day,0.2,12,3.0,5.9019,0.0,20.0,area_old_02,5.065786141884674
day_3,Mild sunny day,0.2,13,3.25,6.0056,0.0,20.0,area_old_02,5.038298302200291
day_3,Mild sunny day,0.2,14,3.5,6.1199,0.0,20.0,area_old_02,5.008000712268515
day_3,Mild sunny day,0.2,15,3.75,6.2445,0.0,20.0,area_old_02,4.974972893322766
day_3,Mild sunny day,0.2,16,4.0,6.3787,0.0,20.0,area_old_02,4.939400394907681
day_3,Mild sunny day,0.2,17,4.25,6.522,0.0,20.0,area_old_02,4.901415752412289
day_3,Mild sunny day,0.2,18,4.5,6.6737,0.0,20.0,area_old_02,4.861204515381227
day_3,Mild sunny day,0.2,19,4.75,6.8333,0.0,20.0,area_old_02,4.818899219203526
day_3,Mild sunny day,0.2,20,5.0,7.0,0.0,20.0,area_old_02,4.774711920501629
day_3,Mild sunny day,0.2,21,5.25,7.1731,0.0,20.0,area_old_02,4.728828168820174
day_3,Mild sunny day,0.2,22,5.5,7.3519,0.0,20.0,area_old_02,4.6814335137038015
day_3,Mild sunny day,0.2,23,5.75,7.5357,0.0,20.0,area_old_02,4.632713504697151
day_3,Mild sunny day,0.2,24,6.0,7.7235,0.0,20.0,area_old_02,4.582933212578276
day_3,Mild sunny day,0.2,25,6.25,7.9147,0.0,20.0,area_old_02,4.532251679814012
day_3,Mild sunny day,0.2,26,6.5,8.1084,0.0,20.0,area_old_02,4.480907470104608
day_3,Mild sunny day,0.2,27,6.75,8.3038,0.0,20.0,area_old_02,4.42911264007251
day_3,Mild sunny day,0.2,28,7.0,8.5,0.0,20.0,area_old_02,4.3771057534179665
day_3,Mild sunny day,0.2,29,7.25,8.6962,17.0048,20.0,area_old_02,4.2117826418717055
day_3,Mild sunny day,0.2,30,7.5,8.8916,33.9368,20.0,area_old_02,4.047156710040905
day_3,Mild sunny day,0.2,31,7.75,9.0853,50.7235,20.0,area_old_02,3.883949645585206
day_3,Mild sunny day,0.2,32,8.0,9.2765,67.293,20.0,area_old_02,3.722852630819194
day_3,Mild sunny day,0.2,33,8.25,9.4643,83.5743,20.0,area_old_02,3.5645773577343847
day_3,Mild sunny day,0.2,34,8.5,9.6481,99.4977,20.0,area_old_02,3.409747334176502
day_3,Mild sunny day,0.2,35,8.75,9.8269,114.9951,20.0,area_old_02,3.2590814342564904
day_3,Mild sunny day,0.2,36,9.0,10.0,130.0,20.0,area_old_02,3.1132083488058804
day_3,Mild sunny day,0.2,37,9.25,10.1667,144.4483,20.0,area_old_02,2.972740775587198
day_3,Mild sunny day,0.2,38,9.5,10.3263,158.278,20.0,area_old_02,2.838277418427598
day_3,Mild sunny day,0.2,39,9.75,10.478,171.4299,20.0,area_old_02,2.7104248296515365
day_3,Mild sunny day,0.2,40,10.0,10.6213,183.8478,20.0,area_old_02,2.5896900490138037
day_3,Mild sunny day,0.2,41,10.25,10.7555,195.4783,20.0,area_old_02,2.476614471844301
day_3,Mild sunny day,0.2,42,10.5,10.8801,206.2719,20.0,area_old_02,2.371660490580191
day_3,Mild sunny day,0.2,43,10.75,10.9944,216.1821,20.0,area_old_02,2.2753235204779987
day_3,Mild sunny day,0.2,44,11.0,11.0981,225.1666,20.0,area_old_02,2.1879649606122755
day_3,Mild sunny day,0.2,45,11.25,11.1906,233.1869,20.0,area_old_02,2.1100004089317386
day_3,Mild sunny day,0.2,46,11.5,11.2716,240.2087,20.0,area_old_02,2.0417379542809355
day_3,Mild sunny day,0.2,47,11.75,11.3408,246.2018,20.0,area_old_02,1.9834583640115397
day_3,Mild sunny day,0.2,48,12.0,11.3978,251.1407,20.0,area_old_02,1.9354375927929057
day_3,Mild sunny day,0.2,49,12.25,11.4424,255.0042,20.0,area_old_02,1.8978699268901489
day_3,Mild sunny day,0.2,50,12.5,11.4743,257.7757,20.0,area_old_02,1.8709455062639386
day_3,Mild sunny day,0.2,51,12.75,11.4936,259.4433,20.0,area_old_02,1.854717122803597
day_3,Mild sunny day,0.2,52,13.0,11.5,260.0,20.0,area_old_02,1.8493109441937936
day_3,Mild sunny day,0.2,53,13.25,11.4936,259.4433,20.0,area_old_02,1.854717122803597
day_3,Mild sunny day,0.2,54,13.5,11.4743,257.7757,20.0,area_old_02,1.8709455062639386
day_3,Mild sunny day,0.2,55,13.75,11.4424,255.0042,20.0,area_old_02,1.8978699268901489
day_3,Mild sunny day,0.2,56,14.0,11.3978,251.1407,20.0,area_old_02,1.9354375927929057
day_3,Mild sunny day,0.2,57,14.25,11.3408,246.2018,20.0,area_old_02,1.9834583640115397
day_3,Mild sunny day,0.2,58,14.5,11.2716,240.2087,20.0,area_old_02,2.0417379542809355
day_3,Mild sunny day,0.2,59,14.75,11.1906,233.1869,20.0,area_old_02,2.1100004089317386
day_3,Mild sunny day,0.2,60,15.0,11.0981,225.1666,20.0,area_old_02,2.1879649606122755
day_3,Mild sunny day,0.2,61,15.25,10.9944,216.1821,20.0,area_old_02,2.2753235204779987
day_3,Mild sunny day,0.2,62,15.5,10.8801,206.2719,20.0,area_old_02,2.371660490580191
day_3,Mild sunny day,0.2,63,15.75,10.7555,195.4783,20.0,area_old_02,2.476614471844301
day_3,Mild sunny day,0.2,64,16.0,10.6213,183.8478,20.0,area_old_02,2.5896900490138037
day_3,Mild sunny day,0.2,65,16.25,10.478,171.4299,20.0,area_old_02,2.7104248296515365
day_3,Mild sunny day,0.2,66,16.5,10.3263,158.278,20.0,area_old_02,2.838277418427598
day_3,Mild sunny day,0.2,67,16.75,10.1667,144.4483,20.0,area_old_02,2.972740775587198
day_3,Mild sunny day,0.2,68,17.0,10.0,130.0,20.0,area_old_02,3.1132083488058804
day_3,Mild sunny day,0.2,69,17.25,9.8269,114.9951,20.0,area_old_02,3.2590814342564904
day_3,Mild sunny day,0.2,70,17.5,9.6481,99.4977,20.0,area_old_02,3.409747334176502
day_3,Mild sunny day,0.2,71,17.75,9.4643,83.5743,20.0,area_old_02,3.5645773577343847
day_3,Mild sunny day,0.2,72,18.0,9.2765,67.293,20.0,area_old_02,3.722852630819194
day_3,Mild sunny day,0.2,73,18.25,9.0853,50.7235,20.0,area_old_02,3.883949645585206
day_3,Mild sunny day,0.2,74,18.5,8.8916,33.9368,20.0,area_old_02,4.047156710040905
day_3,Mild sunny day,0.2,75,18.75,8.6962,17.0048,20.0,area_old_02,4.2117826418717055
day_3,Mild sunny day,0.2,76,19.0,8.5,0.0,20.0,area_old_02,4.3771057534179665
day_3,Mild sunny day,0.2,77,19.25,8.3038,0.0,20.0,area_old_02,4.42911264007251
day_3,Mild sunny day,0.2,78,19.5,8.1084,0.0,20.0,area_old_02,4.480907470104608
day_3,Mild sunny day,0.2,79,19.75,7.9147,0.0,20.0,area_old_02,4.532251679814012
day_3,Mild sunny day,0.2,80,20.0,7.7235,0.0,20.0,area_old_02,4.582933212578276
day_3,Mild sunny day,0.2,81,20.25,7.5357,0.0,20.0,area_old_02,4.632713504697151
day_3,Mild sunny day,0.2,82,20.5,7.3519,0.0,20.0,area_old_02,4.6814335137038015
day_3,Mild sunny day,0.2,83,20.75,7.1731,0.0,20.0,area_old_02,4.728828168820174
day_3,Mild sunny day,0.2,84,21.0,7.0,0.0,20.0,area_old_02,4.774711920501629
day_3,Mild sunny day,0.2,85,21.25,6.8333,0.0,20.0,area_old_02,4.818899219203526
day_3,Mild sunny day,0.2,86,21.5,6.6737,0.0,20.0,area_old_02,4.861204515381227
day_3,Mild sunny day,0.2,87,21.75,6.522,0.0,20.0,area_old_02,4.901415752412289
day_3,Mild sunny day,0.2,88,22.0,6.3787,0.0,20.0,area_old_02,4.939400394907681
day_3,Mild sunny day,0.2,89,22.25,6.2445,0.0,20.0,area_old_02,4.974972893322766
day_3,Mild sunny day,0.2,90,22.5,6.1199,0.0,20.0,area_old_02,5.008000712268515
day_3,Mild sunny day,0.2,91,22.75,6.0056,0.0,20.0,area_old_02,5.038298302200291
day_3,Mild sunny day,0.2,92,23.0,5.9019,0.0,20.0,area_old_02,5.065786141884674
day_3,Mild sunny day,0.2,93,23.25,5.8094,0.0,20.0,area_old_02,5.090305188854833
day_3,Mild sunny day,0.2,94,23.5,5.7284,0.0,20.0,area_old_02,5.111775921877351
day_3,Mild sunny day,0.2,95,23.75,5.6592,0.0,20.0,area_old_02,5.130118819718811
day_3,Mild sunny day,0.2,0,0.0,5.6022,0.0,20.0,area_old_03,0.10267674762321244
day_3,Mild sunny day,0.2,1,0.25,5.5576,0.0,20.0,area_old_03,0.10788102486358131
day_3,Mild sunny day,0.2,2,0.5,5.5257,0.0,20.0,area_old_03,0.11160336665658033
day_3,Mild sunny day,0.2,3,0.75,5.5064,0.0,20.0,area_old_03,0.11385544178526041
day_3,Mild sunny day,0.2,4,1.0,5.5,0.0,20.0,area_old_03,0.11460224390047014
day_3,Mild sunny day,0.2,5,1.25,5.5064,0.0,20.0,area_old_03,0.11385544178526041
day_3,Mild sunny day,0.2,6,1.5,5.5257,0.0,20.0,area_old_03,0.11160336665658033
day_3,Mild sunny day,0.2,7,1.75,5.5576,0.0,20.0,area_old_03,0.10788102486358131
day_3,Mild sunny day,0.2,8,2.0,5.6022,0.0,20.0,area_old_03,0.10267674762321244
day_3,Mild sunny day,0.2,9,2.25,5.6592,0.0,20.0,area_old_03,0.09602554128462448
day_3,Mild sunny day,0.2,10,2.5,5.7284,0.0,20.0,area_old_03,0.08795074341391773
day_3,Mild sunny day,0.2,11,2.75,5.8094,0.0,20.0,area_old_03,0.07849902914329299
day_3,Mild sunny day,0.2,12,3.0,5.9019,0.0,20.0,area_old_03,0.06770540482190013
day_3,Mild sunny day,0.2,13,3.25,6.0056,0.0,20.0,area_old_03,0.055604876798890146
day_3,Mild sunny day,0.2,14,3.5,6.1199,0.0,20.0,area_old_03,0.04226745777256391
day_3,Mild sunny day,0.2,15,3.75,6.2445,0.0,20.0,area_old_03,0.027728154092071966
day_3,Mild sunny day,0.2,16,4.0,6.3787,0.0,20.0,area_old_03,0.012068647238764996
day_3,Mild sunny day,0.2,17,4.25,6.522,0.0,20.0,area_old_03,0.0
day_3,Mild sunny day,0.2,18,4.5,6.6737,0.0,20.0,area_old_03,0.0
day_3,Mild sunny day,0.2,19,4.75,6.8333,0.0,20.0,area_old_03,0.0
day_3,Mild sunny day,0.2,20,5.0,7.0,0.0,20.0,area_old_03,0.0
day_3,Mild sunny day,0.2,21,5.25,7.1731,0.0,20.0,area_old_03,0.0
day_3,Mild sunny day,0.2,22,5.5,7.3519,0.0,20.0,area_old_03,0.0
day_3,Mild sunny day,0.2,23,5.75,7.5357,0.0,20.0,area_old_03,0.0
day_3,Mild sunny day,0.2,24,6.0,7.7235,0.0,20.0,area_old_03,0.0
day_3,Mild sunny day,0.2,25,6.25,7.9147,0.0,20.0,area_old_03,0.0
day_3,Mild sunny day,0.2,26,6.5,8.1084,0.0,20.0,area_old_03,0.0
day_3,Mild sunny day,0.2,27,6.75,8.3038,0.0,20.0,area_old_03,0.0
day_3,Mild sunny day,0.2,28,7.0,8.5,0.0,20.0,area_old_03,0.0
day_3,Mild sunny day,0.2,29,7.25,8.6962,17.0048,20.0,area_old_03,0.0
day_3,Mild sunny day,0.2,30,7.5,8.8916,33.9368,20.0,area_old_03,0.0
day_3,Mild sunny day,0.2,31,7.75,9.0853,50.7235,20.0,area_old_03,0.0
day_3,Mild sunny day,0.2,32,8.0,9.2765,67.293,20.0,area_old_03,0.0
day_3,Mild sunny day,0.2,33,8.25,9.4643,83.5743,20.0,area_old_03,0.0
day_3,Mild sunny day,0.2,34,8.5,9.6481,99.4977,20.0,area_old_03,0.0
day_3,Mild sunny day,0.2,35,8.75,9.8269,114.9951,20.0,area_old_03,0.0
day_3,Mild sunny day,0.2,36,9.0,10.0,130.0,20.0,area_old_03,0.0
day_3,Mild sunny day,0.2,37,9.25,10.1667,144.4483,20.0,area_old_03,0.0
day_3,Mild sunny day,0.2,38,9.5,10.3263,158.278,20.0,area_old_03,0.0
day_3,Mild sunny day,0.2,39,9.75,10.478,171.4299,20.0,area_old_03,0.0
day_3,Mild sunny day,0.2,40,10.0,10.6213,183.8478,20.0,area_old_03,0.0
day_3,Mild sunny day,0.2,41,10.25,10.7555,195.4783,20.0,area_old_03,0.0
day_3,Mild sunny day,0.2,42,10.5,10.8801,206.2719,20.0,area_old_03,0.0
day_3,Mild sunny day,0.2,43,10.75,10.9944,216.1821,20.0,area_old_03,0.0
day_3,Mild sunny day,0.2,44,11.0,11.0981,225.1666,20.0,area_old_03,0.0
day_3,Mild sunny day,0.2,45,11.25,11.1906,233.1869,20.0,area_old_03,0.0
day_3,Mild sunny day,0.2,46,11.5,11.2716,240.2087,20.0,area_old_03,0.0
day_3,Mild sunny day,0.2,47,11.75,11.3408,246.2018,20.0,area_old_03,0.0
day_3,Mild sunny day,0.2,48,12.0,11.3978,251.1407,20.0,area_old_03,0.0
day_3,Mild sunny day,0.2,49,12.25,11.4424,255.0042,20.0,area_old_03,0.0
day_3,Mild sunny day,0.2,50,12.5,11.4743,257.7757,20.0,area_old_03,0.0
day_3,Mild sunny day,0.2,51,12.75,11.4936,259.4433,20.0,area_old_03,0.0
day_3,Mild sunny day,0.2,52,13.0,11.5,260.0,20.0,area_old_03,0.0
day_3,Mild sunny day,0.2,53,13.25,11.4936,259.4433,20.0,area_old_03,0.0
day_3,Mild sunny day,0.2,54,13.5,11.4743,257.7757,20.0,area_old_03,0.0
day_3,Mild sunny day,0.2,55,13.75,11.4424,255.0042,20.0,area_old_03,0.0
day_3,Mild sunny day,0.2,56,14.0,11.3978,251.1407,20.0,area_old_03,0.0
day_3,Mild sunny day,0.2,57,14.25,11.3408,246.2018,20.0,area_old_03,0.0
day_3,Mild sunny day,0.2,58,14.5,11.2716,240.2087,20.0,area_old_03,0.0
day_3,Mild sunny day,0.2,59,14.75,11.1906,233.1869,20.0,area_old_03,0.0
day_3,Mild sunny day,0.2,60,15.0,11.0981,225.1666,20.0,area_old_03,0.0
day_3,Mild sunny day,0.2,61,15.25,10.9944,216.1821,20.0,area_old_03,0.0
day_3,Mild sunny day,0.2,62,15.5,10.8801,206.2719,20.0,area_old_03,0.0
day_3,Mild sunny day,0.2,63,15.75,10.7555,195.4783,20.0,area_old_03,0.0
day_3,Mild sunny day,0.2,64,16.0,10.6213,183.8478,20.0,area_old_03,0.0
day_3,Mild sunny day,0.2,65,16.25,10.478,171.4299,20.0,area_old_03,0.0
day_3,Mild sunny day,0.2,66,16.5,10.3263,158.278,20.0,area_old_03,0.0
day_3,Mild sunny day,0.2,67,16.75,10.1667,144.4483,20.0,area_old_03,0.0
day_3,Mild sunny day,0.2,68,17.0,10.0,130.0,20.0,area_old_03,0.0
day_3,Mild sunny day,0.2,69,17.25,9.8269,114.9951,20.0,area_old_03,0.0
day_3,Mild sunny day,0.2,70,17.5,9.6481,99.4977,20.0,area_old_03,0.0
day_3,Mild sunny day,0.2,71,17.75,9.4643,83.5743,20.0,area_old_03,0.0
day_3,Mild sunny day,0.2,72,18.0,9.2765,67.293,20.0,area_old_03,0.0
day_3,Mild sunny day,0.2,73,18.25,9.0853,50.7235,20.0,area_old_03,0.0
day_3,Mild sunny day,0.2,74,18.5,8.8916,33.9368,20.0,area_old_03,0.0
day_3,Mild sunny day,0.2,75,18.75,8.6962,17.0048,20.0,area_old_03,0.0
day_3,Mild sunny day,0.2,76,19.0,8.5,0.0,20.0,area_old_03,0.0
day_3,Mild sunny day,0.2,77,19.25,8.3038,0.0,20.0,area_old_03,0.0
day_3,Mild sunny day,0.2,78,19.5,8.1084,0.0,20.0,area_old_03,0.0
day_3,Mild sunny day,0.2,79,19.75,7.9147,0.0,20.0,area_old_03,0.0
day_3,Mild sunny day,0.2,80,20.0,7.7235,0.0,20.0,area_old_03,0.0
day_3,Mild sunny day,0.2,81,20.25,7.5357,0.0,20.0,area_old_03,0.0
day_3,Mild sunny day,0.2,82,20.5,7.3519,0.0,20.0,area_old_03,0.0
day_3,Mild sunny day,0.2,83,20.75,7.1731,0.0,20.0,area_old_03,0.0
day_3,Mild sunny day,0.2,84,21.0,7.0,0.0,20.0,area_old_03,0.0
day_3,Mild sunny day,0.2,85,21.25,6.8333,0.0,20.0,area_old_03,0.0
day_3,Mild sunny day,0.2,86,21.5,6.6737,0.0,20.0,area_old_03,0.0
day_3,Mild sunny day,0.2,87,21.75,6.522,0.0,20.0,area_old_03,0.0
day_3,Mild sunny day,0.2,88,22.0,6.3787,0.0,20.0,area_old_03,0.012068647238764996
day_3,Mild sunny day,0.2,89,22.25,6.2445,0.0,20.0,area_old_03,0.027728154092071966
day_3,Mild sunny day,0.2,90,22.5,6.1199,0.0,20.0,area_old_03,0.04226745777256391
day_3,Mild sunny day,0.2,91,22.75,6.0056,0.0,20.0,area_old_03,0.055604876798890146
day_3,Mild sunny day,0.2,92,23.0,5.9019,0.0,20.0,area_old_03,0.06770540482190013
day_3,Mild sunny day,0.2,93,23.25,5.8094,0.0,20.0,area_old_03,0.07849902914329299
day_3,Mild sunny day,0.2,94,23.5,5.7284,0.0,20.0,area_old_03,0.08795074341391773
day_3,Mild sunny day,0.2,95,23.75,5.6592,0.0,20.0,area_old_03,0.09602554128462448
day_3,Mild sunny day,0.2,0,0.0,5.6022,0.0,20.0,area_old_04,3.911743796273292
day_3,Mild sunny day,0.2,1,0.25,5.5576,0.0,20.0,area_old_04,3.9265305299484314
day_3,Mild sunny day,0.2,2,0.5,5.5257,0.0,20.0,area_old_04,3.937106691478408
day_3,Mild sunny day,0.2,3,0.75,5.5064,0.0,20.0,area_old_04,3.9435054349746004
day_3,Mild sunny day,0.2,4,1.0,5.5,0.0,20.0,area_old_04,3.9456272981028713
day_3,Mild sunny day,0.2,5,1.25,5.5064,0.0,20.0,area_old_04,3.9435054349746004
day_3,Mild sunny day,0.2,6,1.5,5.5257,0.0,20.0,area_old_04,3.937106691478408
day_3,Mild sunny day,0.2,7,1.75,5.5576,0.0,20.0,area_old_04,3.9265305299484314
day_3,Mild sunny day,0.2,8,2.0,5.6022,0.0,20.0,area_old_04,3.911743796273292
day_3,Mild sunny day,0.2,9,2.25,5.6592,0.0,20.0,area_old_04,3.8928459527871278
day_3,Mild sunny day,0.2,10,2.5,5.7284,0.0,20.0,area_old_04,3.869903307712696
day_3,Mild sunny day,0.2,11,2.75,5.8094,0.0,20.0,area_old_04,3.8430484774955147
day_3,Mild sunny day,0.2,12,3.0,5.9019,0.0,20.0,area_old_04,3.8123809244697213
day_3,Mild sunny day,0.2,13,3.25,6.0056,0.0,20.0,area_old_04,3.7780001109694537
day_3,Mild sunny day,0.2,14,3.5,6.1199,0.0,20.0,area_old_04,3.7401049616629862
day_3,Mild sunny day,0.2,15,3.75,6.2445,0.0,20.0,area_old_04,3.6987949388844585
day_3,Mild sunny day,0.2,16,4.0,6.3787,0.0,20.0,area_old_04,3.654302121413523
day_3,Mild sunny day,0.2,17,4.25,6.522,0.0,20.0,area_old_04,3.6067922798070784
day_3,Mild sunny day,0.2,18,4.5,6.6737,0.0,20.0,area_old_04,3.556497492844777
day_3,Mild sunny day,0.2,19,4.75,6.8333,0.0,20.0,area_old_04,3.5035835310835157
day_3,Mild sunny day,0.2,20,5.0,7.0,0.0,20.0,area_old_04,3.4483156274143294
day_3,Mild sunny day,0.2,21,5.25,7.1731,0.0,20.0,area_old_04,3.3909258606168713
day_3,Mild sunny day,0.2,22,5.5,7.3519,0.0,20.0,area_old_04,3.3316463094707975
day_3,Mild sunny day,0.2,23,5.75,7.5357,0.0,20.0,area_old_04,3.2707090527557616
day_3,Mild sunny day,0.2,24,6.0,7.7235,0.0,20.0,area_old_04,3.2084456315855556
day_3,Mild sunny day,0.2,25,6.25,7.9147,0.0,20.0,area_old_04,3.1450549706284567
day_3,Mild sunny day,0.2,26,6.5,8.1084,0.0,20.0,area_old_04,3.0808354568868754
day_3,Mild sunny day,0.2,27,6.75,8.3038,0.0,20.0,area_old_04,3.0160523232518477
day_3,Mild sunny day,0.2,28,7.0,8.5,0.0,20.0,area_old_04,2.9510039567257866
day_3,Mild sunny day,0.2,29,7.25,8.6962,17.0048,20.0,area_old_04,2.7743460043321244
day_3,Mild sunny day,0.2,30,7.5,8.8916,33.9368,20.0,area_old_04,2.5984311015548416
day_3,Mild sunny day,0.2,31,7.75,9.0853,50.7235,20.0,area_old_04,2.4240334830967303
day_3,Mild sunny day,0.2,32,8.0,9.2765,67.293,20.0,area_old_04,2.2518902914992687
day_3,Mild sunny day,0.2,33,8.25,9.4643,83.5743,20.0,area_old_04,2.0827659163404153
day_3,Mild sunny day,0.2,34,8.5,9.6481,99.4977,20.0,area_old_04,1.9173167524224624
day_3,Mild sunny day,0.2,35,8.75,9.8269,114.9951,20.0,area_old_04,1.756321309526731
day_3,Mild sunny day,0.2,36,9.0,10.0,130.0,20.0,area_old_04,1.6004481336339136
day_3,Mild sunny day,0.2,37,9.25,10.1667,144.4483,20.0,area_old_04,1.4503500185249647
day_3,Mild sunny day,0.2,38,9.5,10.3263,158.278,20.0,area_old_04,1.306665974806071
day_3,Mild sunny day,0.2,39,9.75,10.478,171.4299,20.0,area_old_04,1.1700497896284359
day_3,Mild sunny day,0.2,40,10.0,10.6213,183.8478,20.0,area_old_04,1.041036097559457
day_3,Mild sunny day,0.2,41,10.25,10.7555,195.4783,20.0,area_old_04,0.9202074638229307
day_3,Mild sunny day,0.2,42,10.5,10.8801,206.2719,20.0,area_old_04,0.8080545480953207
day_3,Mild sunny day,0.2,43,10.75,10.9944,216.1821,20.0,area_old_04,0.7051146280261806
day_3,Mild sunny day,0.2,44,11.0,11.0981,225.1666,20.0,area_old_04,0.611764798470007
day_3,Mild sunny day,0.2,45,11.25,11.1906,233.1869,20.0,area_old_04,0.5284566756325182
day_3,Mild sunny day,0.2,46,11.5,11.2716,240.2087,20.0,area_old_04,0.4555148470357544
day_3,Mild sunny day,0.2,47,11.75,11.3408,246.2018,20.0,area_old_04,0.39323699019387415
day_3,Mild sunny day,0.2,48,12.0,11.3978,251.1407,20.0,area_old_04,0.3419230886745952
day_3,Mild sunny day,0.2,49,12.25,11.4424,255.0042,20.0,area_old_04,0.3017785951316847
day_3,Mild sunny day,0.2,50,12.5,11.4743,257.7757,20.0,area_old_04,0.27301192461412516
day_3,Mild sunny day,0.2,51,12.75,11.4936,259.4433,20.0,area_old_04,0.25566802766756425
day_3,Mild sunny day,0.2,52,13.0,11.5,260.0,20.0,area_old_04,0.24989231054204009
day_3,Mild sunny day,0.2,53,13.25,11.4936,259.4433,20.0,area_old_04,0.25566802766756425
day_3,Mild sunny day,0.2,54,13.5,11.4743,257.7757,20.0,area_old_04,0.27301192461412516
day_3,Mild sunny day,0.2,55,13.75,11.4424,255.0042,20.0,area_old_04,0.3017785951316847
day_3,Mild sunny day,0.2,56,14.0,11.3978,251.1407,20.0,area_old_04,0.3419230886745952
day_3,Mild sunny day,0.2,57,14.25,11.3408,246.2018,20.0,area_old_04,0.39323699019387415
day_3,Mild sunny day,0.2,58,14.5,11.2716,240.2087,20.0,area_old_04,0.4555148470357544
day_3,Mild sunny day,0.2,59,14.75,11.1906,233.1869,20.0,area_old_04,0.5284566756325182
day_3,Mild sunny day,0.2,60,15.0,11.0981,225.1666,20.0,area_old_04,0.611764798470007
day_3,Mild sunny day,0.2,61,15.25,10.9944,216.1821,20.0,area_old_04,0.7051146280261806
day_3,Mild sunny day,0.2,62,15.5,10.8801,206.2719,20.0,area_old_04,0.8080545480953207
day_3,Mild sunny day,0.2,63,15.75,10.7555,195.4783,20.0,area_old_04,0.9202074638229307
day_3,Mild sunny day,0.2,64,16.0,10.6213,183.8478,20.0,area_old_04,1.041036097559457
day_3,Mild sunny day,0.2,65,16.25,10.478,171.4299,20.0,area_old_04,1.1700497896284359
day_3,Mild sunny day,0.2,66,16.5,10.3263,158.278,20.0,area_old_04,1.306665974806071
day_3,Mild sunny day,0.2,67,16.75,10.1667,144.4483,20.0,area_old_04,1.4503500185249647
day_3,Mild sunny day,0.2,68,17.0,10.0,130.0,20.0,area_old_04,1.6004481336339136
day_3,Mild sunny day,0.2,69,17.25,9.8269,114.9951,20.0,area_old_04,1.756321309526731
day_3,Mild sunny day,0.2,70,17.5,9.6481,99.4977,20.0,area_old_04,1.9173167524224624
day_3,Mild sunny day,0.2,71,17.75,9.4643,83.5743,20.0,area_old_04,2.0827659163404153
day_3,Mild sunny day,0.2,72,18.0,9.2765,67.293,20.0,area_old_04,2.2518902914992687
day_3,Mild sunny day,0.2,73,18.25,9.0853,50.7235,20.0,area_old_04,2.4240334830967303
day_3,Mild sunny day,0.2,74,18.5,8.8916,33.9368,20.0,area_old_04,2.5984311015548416
day_3,Mild sunny day,0.2,75,18.75,8.6962,17.0048,20.0,area_old_04,2.7743460043321244
day_3,Mild sunny day,0.2,76,19.0,8.5,0.0,20.0,area_old_04,2.9510039567257866
day_3,Mild sunny day,0.2,77,19.25,8.3038,0.0,20.0,area_old_04,3.0160523232518477
day_3,Mild sunny day,0.2,78,19.5,8.1084,0.0,20.0,area_old_04,3.0808354568868754
day_3,Mild sunny day,0.2,79,19.75,7.9147,0.0,20.0,area_old_04,3.1450549706284567
day_3,Mild sunny day,0.2,80,20.0,7.7235,0.0,20.0,area_old_04,3.2084456315855556
day_3,Mild sunny day,0.2,81,20.25,7.5357,0.0,20.0,area_old_04,3.2707090527557616
day_3,Mild sunny day,0.2,82,20.5,7.3519,0.0,20.0,area_old_04,3.3316463094707975
day_3,Mild sunny day,0.2,83,20.75,7.1731,0.0,20.0,area_old_04,3.3909258606168713
day_3,Mild sunny day,0.2,84,21.0,7.0,0.0,20.0,area_old_04,3.4483156274143294
day_3,Mild sunny day,0.2,85,21.25,6.8333,0.0,20.0,area_old_04,3.5035835310835157
day_3,Mild sunny day,0.2,86,21.5,6.6737,0.0,20.0,area_old_04,3.556497492844777
day_3,Mild sunny day,0.2,87,21.75,6.522,0.0,20.0,area_old_04,3.6067922798070784
day_3,Mild sunny day,0.2,88,22.0,6.3787,0.0,20.0,area_old_04,3.654302121413523
day_3,Mild sunny day,0.2,89,22.25,6.2445,0.0,20.0,area_old_04,3.6987949388844585
day_3,Mild sunny day,0.2,90,22.5,6.1199,0.0,20.0,area_old_04,3.7401049616629862
day_3,Mild sunny day,0.2,91,22.75,6.0056,0.0,20.0,area_old_04,3.7780001109694537
day_3,Mild sunny day,0.2,92,23.0,5.9019,0.0,20.0,area_old_04,3.8123809244697213
day_3,Mild sunny day,0.2,93,23.25,5.8094,0.0,20.0,area_old_04,3.8430484774955147
day_3,Mild sunny day,0.2,94,23.5,5.7284,0.0,20.0,area_old_04,3.869903307712696
day_3,Mild sunny day,0.2,95,23.75,5.6592,0.0,20.0,area_old_04,3.8928459527871278
day_3,Mild sunny day,0.2,0,0.0,5.6022,0.0,20.0,area_old_05,2.898495383286124
day_3,Mild sunny day,0.2,1,0.25,5.5576,0.0,20.0,area_old_05,2.9042603980681974
day_3,Mild sunny day,0.2,2,0.5,5.5257,0.0,20.0,area_old_05,2.9083838055020124
day_3,Mild sunny day,0.2,3,0.75,5.5064,0.0,20.0,area_old_05,2.9108785316296806
day_3,Mild sunny day,0.2,4,1.0,5.5,0.0,20.0,area_old_05,2.911705798324866
day_3,Mild sunny day,0.2,5,1.25,5.5064,0.0,20.0,area_old_05,2.9108785316296806
day_3,Mild sunny day,0.2,6,1.5,5.5257,0.0,20.0,area_old_05,2.9083838055020124
day_3,Mild sunny day,0.2,7,1.75,5.5576,0.0,20.0,area_old_05,2.9042603980681974
day_3,Mild sunny day,0.2,8,2.0,5.6022,0.0,20.0,area_old_05,2.898495383286124
day_3,Mild sunny day,0.2,9,2.25,5.6592,0.0,20.0,area_old_05,2.891127539282129
day_3,Mild sunny day,0.2,10,2.5,5.7284,0.0,20.0,area_old_05,2.882182718140437
day_3,Mild sunny day,0.2,11,2.75,5.8094,0.0,20.0,area_old_05,2.871712624029497
day_3,Mild sunny day,0.2,12,3.0,5.9019,0.0,20.0,area_old_05,2.8597560350756455
day_3,Mild sunny day,0.2,13,3.25,6.0056,0.0,20.0,area_old_05,2.846351729405219
day_3,Mild sunny day,0.2,14,3.5,6.1199,0.0,20.0,area_old_05,2.8315772632708924
day_3,Mild sunny day,0.2,15,3.75,6.2445,0.0,20.0,area_old_05,2.815471414799002
day_3,Mild sunny day,0.2,16,4.0,6.3787,0.0,20.0,area_old_05,2.798124666284333
day_3,Mild sunny day,0.2,17,4.25,6.522,0.0,20.0,area_old_05,2.7796016479374477
day_3,Mild sunny day,0.2,18,4.5,6.6737,0.0,20.0,area_old_05,2.7599928420531312
day_3,Mild sunny day,0.2,19,4.75,6.8333,0.0,20.0,area_old_05,2.7393628788419453
day_3,Mild sunny day,0.2,20,5.0,7.0,0.0,20.0,area_old_05,2.717815166640788
day_3,Mild sunny day,0.2,21,5.25,7.1731,0.0,20.0,area_old_05,2.6954401877444454
day_3,Mild sunny day,0.2,22,5.5,7.3519,0.0,20.0,area_old_05,2.6723284244477035
day_3,Mild sunny day,0.2,23,5.75,7.5357,0.0,20.0,area_old_05,2.6485703590453475
day_3,Mild sunny day,0.2,24,6.0,7.7235,0.0,20.0,area_old_05,2.624295251958501
day_3,Mild sunny day,0.2,25,6.25,7.9147,0.0,20.0,area_old_05,2.5995806594398374
day_3,Mild sunny day,0.2,26,6.5,8.1084,0.0,20.0,area_old_05,2.574542915868367
day_3,Mild sunny day,0.2,27,6.75,8.3038,0.0,20.0,area_old_05,2.549285429580988
day_3,Mild sunny day,0.2,28,7.0,8.5,0.0,20.0,area_old_05,2.5239245349567105
day_3,Mild sunny day,0.2,29,7.25,8.6962,17.0048,20.0,area_old_05,2.459196587387428
day_3,Mild sunny day,0.2,30,7.5,8.8916,33.9368,20.0,area_old_05,2.3947405841833653
day_3,Mild sunny day,0.2,31,7.75,9.0853,50.7235,20.0,area_old_05,2.330840701235253
day_3,Mild sunny day,0.2,32,8.0,9.2765,67.293,20.0,area_old_05,2.2677667993585104
day_3,Mild sunny day,0.2,33,8.25,9.4643,83.5743,20.0,area_old_05,2.2057995818608678
day_3,Mild sunny day,0.2,34,8.5,9.6481,99.4977,20.0,area_old_05,2.145177964351784
day_3,Mild sunny day,0.2,35,8.75,9.8269,114.9951,20.0,area_old_05,2.0861888625206326
day_3,Mild sunny day,0.2,36,9.0,10.0,130.0,20.0,area_old_05,2.0290767098419167
day_3,Mild sunny day,0.2,37,9.25,10.1667,144.4483,20.0,area_old_05,1.9740803836573364
day_3,Mild sunny day,0.2,38,9.5,10.3263,158.278,20.0,area_old_05,1.9214338996923908
day_3,Mild sunny day,0.2,39,9.75,10.478,171.4299,20.0,area_old_05,1.8713777175597555
day_3,Mild sunny day,0.2,40,10.0,10.6213,183.8478,20.0,area_old_05,1.824106573579768
day_3,Mild sunny day,0.2,41,10.25,10.7555,195.4783,20.0,area_old_05,1.7798345740020534
day_3,Mild sunny day,0.2,42,10.5,10.8801,206.2719,20.0,area_old_05,1.7387409442762105
day_3,Mild sunny day,0.2,43,10.75,10.9944,216.1821,20.0,area_old_05,1.7010238167700598
day_3,Mild sunny day,0.2,44,11.0,11.0981,225.1666,20.0,area_old_05,1.6668198964505705
day_3,Mild sunny day,0.2,45,11.25,11.1906,233.1869,20.0,area_old_05,1.6362958692007776
day_3,Mild sunny day,0.2,46,11.5,11.2716,240.2087,20.0,area_old_05,1.6095699195449775
day_3,Mild sunny day,0.2,47,11.75,11.3408,246.2018,20.0,area_old_05,1.586750740280596
day_3,Mild sunny day,0.2,48,12.0,11.3978,251.1407,20.0,area_old_05,1.5679490694871012
day_3,Mild sunny day,0.2,49,12.25,11.4424,255.0042,20.0,area_old_05,1.5532398384218005
day_3,Mild sunny day,0.2,50,12.5,11.4743,257.7757,20.0,area_old_05,1.5427002551295765
day_3,Mild sunny day,0.2,51,12.75,11.4936,259.4433,20.0,area_old_05,1.536344942726792
day_3,Mild sunny day,0.2,52,13.0,11.5,260.0,20.0,area_old_05,1.5342288847271228
day_3,Mild sunny day,0.2,53,13.25,11.4936,259.4433,20.0,area_old_05,1.536344942726792
day_3,Mild sunny day,0.2,54,13.5,11.4743,257.7757,20.0,area_old_05,1.5427002551295765
day_3,Mild sunny day,0.2,55,13.75,11.4424,255.0042,20.0,area_old_05,1.5532398384218005
day_3,Mild sunny day,0.2,56,14.0,11.3978,251.1407,20.0,area_old_05,1.5679490694871012
day_3,Mild sunny day,0.2,57,14.25,11.3408,246.2018,20.0,area_old_05,1.586750740280596
day_3,Mild sunny day,0.2,58,14.5,11.2716,240.2087,20.0,area_old_05,1.6095699195449775
day_3,Mild sunny day,0.2,59,14.75,11.1906,233.1869,20.0,area_old_05,1.6362958692007776
day_3,Mild sunny day,0.2,60,15.0,11.0981,225.1666,20.0,area_old_05,1.6668198964505705
day_3,Mild sunny day,0.2,61,15.25,10.9944,216.1821,20.0,area_old_05,1.7010238167700598
day_3,Mild sunny day,0.2,62,15.5,10.8801,206.2719,20.0,area_old_05,1.7387409442762105
day_3,Mild sunny day,0.2,63,15.75,10.7555,195.4783,20.0,area_old_05,1.7798345740020534
day_3,Mild sunny day,0.2,64,16.0,10.6213,183.8478,20.0,area_old_05,1.824106573579768
day_3,Mild sunny day,0.2,65,16.25,10.478,171.4299,20.0,area_old_05,1.8713777175597555
day_3,Mild sunny day,0.2,66,16.5,10.3263,158.278,20.0,area_old_05,1.9214338996923908
day_3,Mild sunny day,0.2,67,16.75,10.1667,144.4483,20.0,area_old_05,1.9740803836573364
day_3,Mild sunny day,0.2,68,17.0,10.0,130.0,20.0,area_old_05,2.0290767098419167
day_3,Mild sunny day,0.2,69,17.25,9.8269,114.9951,20.0,area_old_05,2.0861888625206326
day_3,Mild sunny day,0.2,70,17.5,9.6481,99.4977,20.0,area_old_05,2.145177964351784
day_3,Mild sunny day,0.2,71,17.75,9.4643,83.5743,20.0,area_old_05,2.2057995818608678
day_3,Mild sunny day,0.2,72,18.0,9.2765,67.293,20.0,area_old_05,2.2677667993585104
day_3,Mild sunny day,0.2,73,18.25,9.0853,50.7235,20.0,area_old_05,2.330840701235253
day_3,Mild sunny day,0.2,74,18.5,8.8916,33.9368,20.0,area_old_05,2.3947405841833653
day_3,Mild sunny day,0.2,75,18.75,8.6962,17.0048,20.0,area_old_05,2.459196587387428
day_3,Mild sunny day,0.2,76,19.0,8.5,0.0,20.0,area_old_05,2.5239245349567105
day_3,Mild sunny day,0.2,77,19.25,8.3038,0.0,20.0,area_old_05,2.549285429580988
day_3,Mild sunny day,0.2,78,19.5,8.1084,0.0,20.0,area_old_05,2.574542915868367
day_3,Mild sunny day,0.2,79,19.75,7.9147,0.0,20.0,area_old_05,2.5995806594398374
day_3,Mild sunny day,0.2,80,20.0,7.7235,0.0,20.0,area_old_05,2.624295251958501
day_3,Mild sunny day,0.2,81,20.25,7.5357,0.0,20.0,area_old_05,2.6485703590453475
day_3,Mild sunny day,0.2,82,20.5,7.3519,0.0,20.0,area_old_05,2.6723284244477035
day_3,Mild sunny day,0.2,83,20.75,7.1731,0.0,20.0,area_old_05,2.6954401877444454
day_3,Mild sunny day,0.2,84,21.0,7.0,0.0,20.0,area_old_05,2.717815166640788
day_3,Mild sunny day,0.2,85,21.25,6.8333,0.0,20.0,area_old_05,2.7393628788419453
day_3,Mild sunny day,0.2,86,21.5,6.6737,0.0,20.0,area_old_05,2.7599928420531312
day_3,Mild sunny day,0.2,87,21.75,6.522,0.0,20.0,area_old_05,2.7796016479374477
day_3,Mild sunny day,0.2,88,22.0,6.3787,0.0,20.0,area_old_05,2.798124666284333
day_3,Mild sunny day,0.2,89,22.25,6.2445,0.0,20.0,area_old_05,2.815471414799002
day_3,Mild sunny day,0.2,90,22.5,6.1199,0.0,20.0,area_old_05,2.8315772632708924
day_3,Mild sunny day,0.2,91,22.75,6.0056,0.0,20.0,area_old_05,2.846351729405219
day_3,Mild sunny day,0.2,92,23.0,5.9019,0.0,20.0,area_old_05,2.8597560350756455
day_3,Mild sunny day,0.2,93,23.25,5.8094,0.0,20.0,area_old_05,2.871712624029497
day_3,Mild sunny day,0.2,94,23.5,5.7284,0.0,20.0,area_old_05,2.882182718140437
day_3,Mild sunny day,0.2,95,23.75,5.6592,0.0,20.0,area_old_05,2.891127539282129
day_3,Mild sunny day,0.2,0,0.0,5.6022,0.0,20.0,area_old_06,1.3079486676297134
day_3,Mild sunny day,0.2,1,0.25,5.5576,0.0,20.0,area_old_06,1.3135280047642899
day_3,Mild sunny day,0.2,2,0.5,5.5257,0.0,20.0,area_old_06,1.3175186068852092
day_3,Mild sunny day,0.2,3,0.75,5.5064,0.0,20.0,area_old_06,1.319932983716988
day_3,Mild sunny day,0.2,4,1.0,5.5,0.0,20.0,area_old_06,1.3207336060860753
day_3,Mild sunny day,0.2,5,1.25,5.5064,0.0,20.0,area_old_06,1.319932983716988
day_3,Mild sunny day,0.2,6,1.5,5.5257,0.0,20.0,area_old_06,1.3175186068852092
day_3,Mild sunny day,0.2,7,1.75,5.5576,0.0,20.0,area_old_06,1.3135280047642899
day_3,Mild sunny day,0.2,8,2.0,5.6022,0.0,20.0,area_old_06,1.3079486676297134
day_3,Mild sunny day,0.2,9,2.25,5.6592,0.0,20.0,area_old_06,1.30081812465503
day_3,Mild sunny day,0.2,10,2.5,5.7284,0.0,20.0,area_old_06,1.2921613952892743
day_3,Mild sunny day,0.2,11,2.75,5.8094,0.0,20.0,area_old_06,1.282028518430514
day_3,Mild sunny day,0.2,12,3.0,5.9019,0.0,20.0,area_old_06,1.2704570232522998
day_3,Mild sunny day,0.2,13,3.25,6.0056,0.0,20.0,area_old_06,1.2574844389281832
day_3,Mild sunny day,0.2,14,3.5,6.1199,0.0,20.0,area_old_06,1.2431858238052655
day_3,Mild sunny day,0.2,15,3.75,6.2445,0.0,20.0,area_old_06,1.2275987070570986
day_3,Mild sunny day,0.2,16,4.0,6.3787,0.0,20.0,area_old_06,1.2108106567553005
day_3,Mild sunny day,0.2,17,4.25,6.522,0.0,20.0,area_old_06,1.1928842215224564
day_3,Mild sunny day,0.2,18,4.5,6.6737,0.0,20.0,area_old_06,1.1739069694301856
day_3,Mild sunny day,0.2,19,4.75,6.8333,0.0,20.0,area_old_06,1.1539414491010722
day_3,Mild sunny day,0.2,20,5.0,7.0,0.0,20.0,area_old_06,1.1330877383312532
day_3,Mild sunny day,0.2,21,5.25,7.1731,0.0,20.0,area_old_06,1.111433405192347
day_3,Mild sunny day,0.2,22,5.5,7.3519,0.0,20.0,area_old_06,1.089066017755972
day_3,Mild sunny day,0.2,23,5.75,7.5357,0.0,20.0,area_old_06,1.0660731440937479
day_3,Mild sunny day,0.2,24,6.0,7.7235,0.0,20.0,area_old_06,1.0425798814508442
day_3,Mild sunny day,0.2,25,6.25,7.9147,0.0,20.0,area_old_06,1.0186612881743629
day_3,Mild sunny day,0.2,26,6.5,8.1084,0.0,20.0,area_old_06,0.9944299517849569
day_3,Mild sunny day,0.2,27,6.75,8.3038,0.0,20.0,area_old_06,0.969985950078762
day_3,Mild sunny day,0.2,28,7.0,8.5,0.0,20.0,area_old_06,0.9454418705764314
day_3,Mild sunny day,0.2,29,7.25,8.6962,17.0048,20.0,area_old_06,0.7039343600174532
day_3,Mild sunny day,0.2,30,7.5,8.8916,33.9368,20.0,area_old_06,0.46345577897770807
day_3,Mild sunny day,0.2,31,7.75,9.0853,50.7235,20.0,area_old_06,0.2250437390152744
day_3,Mild sunny day,0.2,32,8.0,9.2765,67.293,20.0,area_old_06,0.0
day_3,Mild sunny day,0.2,33,8.25,9.4643,83.5743,20.0,area_old_06,0.0
day_3,Mild sunny day,0.2,34,8.5,9.6481,99.4977,20.0,area_old_06,0.0
day_3,Mild sunny day,0.2,35,8.75,9.8269,114.9951,20.0,area_old_06,0.0
day_3,Mild sunny day,0.2,36,9.0,10.0,130.0,20.0,area_old_06,0.0
day_3,Mild sunny day,0.2,37,9.25,10.1667,144.4483,20.0,area_old_06,0.0
day_3,Mild sunny day,0.2,38,9.5,10.3263,158.278,20.0,area_old_06,0.0
day_3,Mild sunny day,0.2,39,9.75,10.478,171.4299,20.0,area_old_06,0.0
day_3,Mild sunny day,0.2,40,10.0,10.6213,183.8478,20.0,area_old_06,0.0
day_3,Mild sunny day,0.2,41,10.25,10.7555,195.4783,20.0,area_old_06,0.0
day_3,Mild sunny day,0.2,42,10.5,10.8801,206.2719,20.0,area_old_06,0.0
day_3,Mild sunny day,0.2,43,10.75,10.9944,216.1821,20.0,area_old_06,0.0
day_3,Mild sunny day,0.2,44,11.0,11.0981,225.1666,20.0,area_old_06,0.0
day_3,Mild sunny day,0.2,45,11.25,11.1906,233.1869,20.0,area_old_06,0.0
day_3,Mild sunny day,0.2,46,11.5,11.2716,240.2087,20.0,area_old_06,0.0
day_3,Mild sunny day,0.2,47,11.75,11.3408,246.2018,20.0,area_old_06,0.0
day_3,Mild sunny day,0.2,48,12.0,11.3978,251.1407,20.0,area_old_06,0.0
day_3,Mild sunny day,0.2,49,12.25,11.4424,255.0042,20.0,area_old_06,0.0
day_3,Mild sunny day,0.2,50,12.5,11.4743,257.7757,20.0,area_old_06,0.0
day_3,Mild sunny day,0.2,51,12.75,11.4936,259.4433,20.0,area_old_06,0.0
day_3,Mild sunny day,0.2,52,13.0,11.5,260.0,20.0,area_old_06,0.0
day_3,Mild sunny day,0.2,53,13.25,11.4936,259.4433,20.0,area_old_06,0.0
day_3,Mild sunny day,0.2,54,13.5,11.4743,257.7757,20.0,area_old_06,0.0
day_3,Mild sunny day,0.2,55,13.75,11.4424,255.0042,20.0,area_old_06,0.0
day_3,Mild sunny day,0.2,56,14.0,11.3978,251.1407,20.0,area_old_06,0.0
day_3,Mild sunny day,0.2,57,14.25,11.3408,246.2018,20.0,area_old_06,0.0
day_3,Mild sunny day,0.2,58,14.5,11.2716,240.2087,20.0,area_old_06,0.0
day_3,Mild sunny day,0.2,59,14.75,11.1906,233.1869,20.0,area_old_06,0.0
day_3,Mild sunny day,0.2,60,15.0,11.0981,225.1666,20.0,area_old_06,0.0
day_3,Mild sunny day,0.2,61,15.25,10.9944,216.1821,20.0,area_old_06,0.0
day_3,Mild sunny day,0.2,62,15.5,10.8801,206.2719,20.0,area_old_06,0.0
day_3,Mild sunny day,0.2,63,15.75,10.7555,195.4783,20.0,area_old_06,0.0
day_3,Mild sunny day,0.2,64,16.0,10.6213,183.8478,20.0,area_old_06,0.0
day_3,Mild sunny day,0.2,65,16.25,10.478,171.4299,20.0,area_old_06,0.0
day_3,Mild sunny day,0.2,66,16.5,10.3263,158.278,20.0,area_old_06,0.0
day_3,Mild sunny day,0.2,67,16.75,10.1667,144.4483,20.0,area_old_06,0.0
day_3,Mild sunny day,0.2,68,17.0,10.0,130.0,20.0,area_old_06,0.0
day_3,Mild sunny day,0.2,69,17.25,9.8269,114.9951,20.0,area_old_06,0.0
day_3,Mild sunny day,0.2,70,17.5,9.6481,99.4977,20.0,area_old_06,0.0
day_3,Mild sunny day,0.2,71,17.75,9.4643,83.5743,20.0,area_old_06,0.0
day_3,Mild sunny day,0.2,72,18.0,9.2765,67.293,20.0,area_old_06,0.0
day_3,Mild sunny day,0.2,73,18.25,9.0853,50.7235,20.0,area_old_06,0.2250437390152744
day_3,Mild sunny day,0.2,74,18.5,8.8916,33.9368,20.0,area_old_06,0.46345577897770807
day_3,Mild sunny day,0.2,75,18.75,8.6962,17.0048,20.0,area_old_06,0.7039343600174532
day_3,Mild sunny day,0.2,76,19.0,8.5,0.0,20.0,area_old_06,0.9454418705764314
day_3,Mild sunny day,0.2,77,19.25,8.3038,0.0,20.0,area_old_06,0.969985950078762
day_3,Mild sunny day,0.2,78,19.5,8.1084,0.0,20.0,area_old_06,0.9944299517849569
day_3,Mild sunny day,0.2,79,19.75,7.9147,0.0,20.0,area_old_06,1.0186612881743629
day_3,Mild sunny day,0.2,80,20.0,7.7235,0.0,20.0,area_old_06,1.0425798814508442
day_3,Mild sunny day,0.2,81,20.25,7.5357,0.0,20.0,area_old_06,1.0660731440937479
day_3,Mild sunny day,0.2,82,20.5,7.3519,0.0,20.0,area_old_06,1.089066017755972
day_3,Mild sunny day,0.2,83,20.75,7.1731,0.0,20.0,area_old_06,1.111433405192347
day_3,Mild sunny day,0.2,84,21.0,7.0,0.0,20.0,area_old_06,1.1330877383312532
day_3,Mild sunny day,0.2,85,21.25,6.8333,0.0,20.0,area_old_06,1.1539414491010722
day_3,Mild sunny day,0.2,86,21.5,6.6737,0.0,20.0,area_old_06,1.1739069694301856
day_3,Mild sunny day,0.2,87,21.75,6.522,0.0,20.0,area_old_06,1.1928842215224564
day_3,Mild sunny day,0.2,88,22.0,6.3787,0.0,20.0,area_old_06,1.2108106567553005
day_3,Mild sunny day,0.2,89,22.25,6.2445,0.0,20.0,area_old_06,1.2275987070570986
day_3,Mild sunny day,0.2,90,22.5,6.1199,0.0,20.0,area_old_06,1.2431858238052655
day_3,Mild sunny day,0.2,91,22.75,6.0056,0.0,20.0,area_old_06,1.2574844389281832
day_3,Mild sunny day,0.2,92,23.0,5.9019,0.0,20.0,area_old_06,1.2704570232522998
day_3,Mild sunny day,0.2,93,23.25,5.8094,0.0,20.0,area_old_06,1.282028518430514
day_3,Mild sunny day,0.2,94,23.5,5.7284,0.0,20.0,area_old_06,1.2921613952892743
day_3,Mild sunny day,0.2,95,23.75,5.6592,0.0,20.0,area_old_06,1.30081812465503
day_3,Mild sunny day,0.2,0,0.0,5.6022,0.0,20.0,area_old_07,4.582537485342191
day_3,Mild sunny day,0.2,1,0.25,5.5576,0.0,20.0,area_old_07,4.591694828907807
day_3,Mild sunny day,0.2,2,0.5,5.5257,0.0,20.0,area_old_07,4.5982445880948735
day_3,Mild sunny day,0.2,3,0.75,5.5064,0.0,20.0,area_old_07,4.6022072950638515
day_3,Mild sunny day,0.2,4,1.0,5.5,0.0,20.0,area_old_07,4.603521353333357
day_3,Mild sunny day,0.2,5,1.25,5.5064,0.0,20.0,area_old_07,4.6022072950638515
day_3,Mild sunny day,0.2,6,1.5,5.5257,0.0,20.0,area_old_07,4.5982445880948735
day_3,Mild sunny day,0.2,7,1.75,5.5576,0.0,20.0,area_old_07,4.591694828907807
day_3,Mild sunny day,0.2,8,2.0,5.6022,0.0,20.0,area_old_07,4.582537485342191
day_3,Mild sunny day,0.2,9,2.25,5.6592,0.0,20.0,area_old_07,4.5708341538794075
day_3,Mild sunny day,0.2,10,2.5,5.7284,0.0,20.0,area_old_07,4.556625898840379
day_3,Mild sunny day,0.2,11,2.75,5.8094,0.0,20.0,area_old_07,4.53999484886695
day_3,Mild sunny day,0.2,12,3.0,5.9019,0.0,20.0,area_old_07,4.521002600440504
day_3,Mild sunny day,0.2,13,3.25,6.0056,0.0,20.0,area_old_07,4.499710750042422
day_3,Mild sunny day,0.2,14,3.5,6.1199,0.0,20.0,area_old_07,4.476242490635473
day_3,Mild sunny day,0.2,15,3.75,6.2445,0.0,20.0,area_old_07,4.450659418701037
day_3,Mild sunny day,0.2,16,4.0,6.3787,0.0,20.0,area_old_07,4.423105259362344
day_3,Mild sunny day,0.2,17,4.25,6.522,0.0,20.0,area_old_07,4.393682673421697
day_3,Mild sunny day,0.2,18,4.5,6.6737,0.0,20.0,area_old_07,4.362535386002325
day_3,Mild sunny day,0.2,19,4.75,6.8333,0.0,20.0,area_old_07,4.329766057906531
day_3,Mild sunny day,0.2,20,5.0,7.0,0.0,20.0,area_old_07,4.295538946418006
day_3,Mild sunny day,0.2,21,5.25,7.1731,0.0,20.0,area_old_07,4.259997776659974
day_3,Mild sunny day,0.2,22,5.5,7.3519,0.0,20.0,area_old_07,4.223286273755664
day_3,Mild sunny day,0.2,23,5.75,7.5357,0.0,20.0,area_old_07,4.1855481628283036
day_3,Mild sunny day,0.2,24,6.0,7.7235,0.0,20.0,area_old_07,4.146988765482502
day_3,Mild sunny day,0.2,25,6.25,7.9147,0.0,20.0,area_old_07,4.107731274681025
day_3,Mild sunny day,0.2,26,6.5,8.1084,0.0,20.0,area_old_07,4.067960479868022
day_3,Mild sunny day,0.2,27,6.75,8.3038,0.0,20.0,area_old_07,4.0278406383271825
day_3,Mild sunny day,0.2,28,7.0,8.5,0.0,20.0,area_old_07,3.9875565395026547
day_3,Mild sunny day,0.2,29,7.25,8.6962,17.0048,20.0,area_old_07,3.8971757842061088
day_3,Mild sunny day,0.2,30,7.5,8.8916,33.9368,20.0,area_old_07,3.8071737572009177
day_3,Mild sunny day,0.2,31,7.75,9.0853,50.7235,20.0,area_old_07,3.717948835129798
day_3,Mild sunny day,0.2,32,8.0,9.2765,67.293,20.0,area_old_07,3.6298770948568135
day_3,Mild sunny day,0.2,33,8.25,9.4643,83.5743,20.0,area_old_07,3.543352493979194
day_3,Mild sunny day,0.2,34,8.5,9.6481,99.4977,20.0,area_old_07,3.4587035637733625
day_3,Mild sunny day,0.2,35,8.75,9.8269,114.9951,20.0,area_old_07,3.376336250509069
day_3,Mild sunny day,0.2,36,9.0,10.0,130.0,20.0,area_old_07,3.2965901903261585
day_3,Mild sunny day,0.2,37,9.25,10.1667,144.4483,20.0,area_old_07,3.2197979488916966
day_3,Mild sunny day,0.2,38,9.5,10.3263,158.278,20.0,area_old_07,3.146285905209065
day_3,Mild sunny day,0.2,39,9.75,10.478,171.4299,20.0,area_old_07,3.0763927215571973
day_3,Mild sunny day,0.2,40,10.0,10.6213,183.8478,20.0,area_old_07,3.010386625642669
day_3,Mild sunny day,0.2,41,10.25,10.7555,195.4783,20.0,area_old_07,2.948568660608066
day_3,Mild sunny day,0.2,42,10.5,10.8801,206.2719,20.0,area_old_07,2.8911873157567856
day_3,Mild sunny day,0.2,43,10.75,10.9944,216.1821,20.0,area_old_07,2.838523306622171
day_3,Mild sunny day,0.2,44,11.0,11.0981,225.1666,20.0,area_old_07,2.790762846768357
day_3,Mild sunny day,0.2,45,11.25,11.1906,233.1869,20.0,area_old_07,2.7481425513256257
day_3,Mild sunny day,0.2,46,11.5,11.2716,240.2087,20.0,area_old_07,2.7108250656155097
day_3,Mild sunny day,0.2,47,11.75,11.3408,246.2018,20.0,area_old_07,2.67896095623521
day_3,Mild sunny day,0.2,48,12.0,11.3978,251.1407,20.0,area_old_07,2.6527074755998608
day_3,Mild sunny day,0.2,49,12.25,11.4424,255.0042,20.0,area_old_07,2.632168143873276
day_3,Mild sunny day,0.2,50,12.5,11.4743,257.7757,20.0,area_old_07,2.6174534616402343
day_3,Mild sunny day,0.2,51,12.75,11.4936,259.4433,20.0,area_old_07,2.6085779545011434
day_3,Mild sunny day,0.2,52,13.0,11.5,260.0,20.0,area_old_07,2.605623841149663
day_3,Mild sunny day,0.2,53,13.25,11.4936,259.4433,20.0,area_old_07,2.6085779545011434
day_3,Mild sunny day,0.2,54,13.5,11.4743,257.7757,20.0,area_old_07,2.6174534616402343
day_3,Mild sunny day,0.2,55,13.75,11.4424,255.0042,20.0,area_old_07,2.632168143873276
day_3,Mild sunny day,0.2,56,14.0,11.3978,251.1407,20.0,area_old_07,2.6527074755998608
day_3,Mild sunny day,0.2,57,14.25,11.3408,246.2018,20.0,area_old_07,2.67896095623521
day_3,Mild sunny day,0.2,58,14.5,11.2716,240.2087,20.0,area_old_07,2.7108250656155097
day_3,Mild sunny day,0.2,59,14.75,11.1906,233.1869,20.0,area_old_07,2.7481425513256257
day_3,Mild sunny day,0.2,60,15.0,11.0981,225.1666,20.0,area_old_07,2.790762846768357
day_3,Mild sunny day,0.2,61,15.25,10.9944,216.1821,20.0,area_old_07,2.838523306622171
day_3,Mild sunny day,0.2,62,15.5,10.8801,206.2719,20.0,area_old_07,2.8911873157567856
day_3,Mild sunny day,0.2,63,15.75,10.7555,195.4783,20.0,area_old_07,2.948568660608066
day_3,Mild sunny day,0.2,64,16.0,10.6213,183.8478,20.0,area_old_07,3.010386625642669
day_3,Mild sunny day,0.2,65,16.25,10.478,171.4299,20.0,area_old_07,3.0763927215571973
day_3,Mild sunny day,0.2,66,16.5,10.3263,158.278,20.0,area_old_07,3.146285905209065
day_3,Mild sunny day,0.2,67,16.75,10.1667,144.4483,20.0,area_old_07,3.2197979488916966
day_3,Mild sunny day,0.2,68,17.0,10.0,130.0,20.0,area_old_07,3.2965901903261585
day_3,Mild sunny day,0.2,69,17.25,9.8269,114.9951,20.0,area_old_07,3.376336250509069
day_3,Mild sunny day,0.2,70,17.5,9.6481,99.4977,20.0,area_old_07,3.4587035637733625
day_3,Mild sunny day,0.2,71,17.75,9.4643,83.5743,20.0,area_old_07,3.543352493979194
day_3,Mild sunny day,0.2,72,18.0,9.2765,67.293,20.0,area_old_07,3.6298770948568135
day_3,Mild sunny day,0.2,73,18.25,9.0853,50.7235,20.0,area_old_07,3.717948835129798
day_3,Mild sunny day,0.2,74,18.5,8.8916,33.9368,20.0,area_old_07,3.8071737572009177
day_3,Mild sunny day,0.2,75,18.75,8.6962,17.0048,20.0,area_old_07,3.8971757842061088
day_3,Mild sunny day,0.2,76,19.0,8.5,0.0,20.0,area_old_07,3.9875565395026547
day_3,Mild sunny day,0.2,77,19.25,8.3038,0.0,20.0,area_old_07,4.0278406383271825
day_3,Mild sunny day,0.2,78,19.5,8.1084,0.0,20.0,area_old_07,4.067960479868022
day_3,Mild sunny day,0.2,79,19.75,7.9147,0.0,20.0,area_old_07,4.107731274681025
day_3,Mild sunny day,0.2,80,20.0,7.7235,0.0,20.0,area_old_07,4.146988765482502
day_3,Mild sunny day,0.2,81,20.25,7.5357,0.0,20.0,area_old_07,4.1855481628283036
day_3,Mild sunny day,0.2,82,20.5,7.3519,0.0,20.0,area_old_07,4.223286273755664
day_3,Mild sunny day,0.2,83,20.75,7.1731,0.0,20.0,area_old_07,4.259997776659974
day_3,Mild sunny day,0.2,84,21.0,7.0,0.0,20.0,area_old_07,4.295538946418006
day_3,Mild sunny day,0.2,85,21.25,6.8333,0.0,20.0,area_old_07,4.329766057906531
day_3,Mild sunny day,0.2,86,21.5,6.6737,0.0,20.0,area_old_07,4.362535386002325
day_3,Mild sunny day,0.2,87,21.75,6.522,0.0,20.0,area_old_07,4.393682673421697
day_3,Mild sunny day,0.2,88,22.0,6.3787,0.0,20.0,area_old_07,4.423105259362344
day_3,Mild sunny day,0.2,89,22.25,6.2445,0.0,20.0,area_old_07,4.450659418701037
day_3,Mild sunny day,0.2,90,22.5,6.1199,0.0,20.0,area_old_07,4.476242490635473
day_3,Mild sunny day,0.2,91,22.75,6.0056,0.0,20.0,area_old_07,4.499710750042422
day_3,Mild sunny day,0.2,92,23.0,5.9019,0.0,20.0,area_old_07,4.521002600440504
day_3,Mild sunny day,0.2,93,23.25,5.8094,0.0,20.0,area_old_07,4.53999484886695
day_3,Mild sunny day,0.2,94,23.5,5.7284,0.0,20.0,area_old_07,4.556625898840379
day_3,Mild sunny day,0.2,95,23.75,5.6592,0.0,20.0,area_old_07,4.5708341538794075
day_3,Mild sunny day,0.2,0,0.0,5.6022,0.0,20.0,area_old_08,4.246197708307513
day_3,Mild sunny day,0.2,1,0.25,5.5576,0.0,20.0,area_old_08,4.265173562706488
day_3,Mild sunny day,0.2,2,0.5,5.5257,0.0,20.0,area_old_08,4.278745978745219
day_3,Mild sunny day,0.2,3,0.75,5.5064,0.0,20.0,area_old_08,4.286957503182445
day_3,Mild sunny day,0.2,4,1.0,5.5,0.0,20.0,area_old_08,4.289680495741939
day_3,Mild sunny day,0.2,5,1.25,5.5064,0.0,20.0,area_old_08,4.286957503182445
day_3,Mild sunny day,0.2,6,1.5,5.5257,0.0,20.0,area_old_08,4.278745978745219
day_3,Mild sunny day,0.2,7,1.75,5.5576,0.0,20.0,area_old_08,4.265173562706488
day_3,Mild sunny day,0.2,8,2.0,5.6022,0.0,20.0,area_old_08,4.246197708307513
day_3,Mild sunny day,0.2,9,2.25,5.6592,0.0,20.0,area_old_08,4.221946055824515
day_3,Mild sunny day,0.2,10,2.5,5.7284,0.0,20.0,area_old_08,4.19250369877498
day_3,Mild sunny day,0.2,11,2.75,5.8094,0.0,20.0,area_old_08,4.158040824193879
day_3,Mild sunny day,0.2,12,3.0,5.9019,0.0,20.0,area_old_08,4.118685072357436
day_3,Mild sunny day,0.2,13,3.25,6.0056,0.0,20.0,area_old_08,4.074564083541877
day_3,Mild sunny day,0.2,14,3.5,6.1199,0.0,20.0,area_old_08,4.0259331382996555
day_3,Mild sunny day,0.2,15,3.75,6.2445,0.0,20.0,area_old_08,3.9729198769069987
day_3,Mild sunny day,0.2,16,4.0,6.3787,0.0,20.0,area_old_08,3.915822126675099
day_3,Mild sunny day,0.2,17,4.25,6.522,0.0,20.0,area_old_08,3.8548526213976686
day_3,Mild sunny day,0.2,18,4.5,6.6737,0.0,20.0,area_old_08,3.790309188385902
day_3,Mild sunny day,0.2,19,4.75,6.8333,0.0,20.0,area_old_08,3.7224045614335086
day_3,Mild sunny day,0.2,20,5.0,7.0,0.0,20.0,area_old_08,3.651479114610427
day_3,Mild sunny day,0.2,21,5.25,7.1731,0.0,20.0,area_old_08,3.577830675227851
day_3,Mild sunny day,0.2,22,5.5,7.3519,0.0,20.0,area_old_08,3.501757070596974
day_3,Mild sunny day,0.2,23,5.75,7.5357,0.0,20.0,area_old_08,3.4235561280289932
day_3,Mild sunny day,0.2,24,6.0,7.7235,0.0,20.0,area_old_08,3.343653315111328
day_3,Mild sunny day,0.2,25,6.25,7.9147,0.0,20.0,area_old_08,3.2623039123964306
day_3,Mild sunny day,0.2,26,6.5,8.1084,0.0,20.0,area_old_08,3.1798908407129822
day_3,Mild sunny day,0.2,27,6.75,8.3038,0.0,20.0,area_old_08,3.0967544741309165
day_3,Mild sunny day,0.2,28,7.0,8.5,0.0,20.0,area_old_08,3.0132777334789145
day_3,Mild sunny day,0.2,29,7.25,8.6962,17.0048,20.0,area_old_08,2.8087878220752955
day_3,Mild sunny day,0.2,30,7.5,8.8916,33.9368,20.0,area_old_08,2.6051563595693503
day_3,Mild sunny day,0.2,31,7.75,9.0853,50.7235,20.0,area_old_08,2.4032822066937563
day_3,Mild sunny day,0.2,32,8.0,9.2765,67.293,20.0,area_old_08,2.204017407574966
day_3,Mild sunny day,0.2,33,8.25,9.4643,83.5743,20.0,area_old_08,2.008250148326953
day_3,Mild sunny day,0.2,34,8.5,9.6481,99.4977,20.0,area_old_08,1.8167317234512523
day_3,Mild sunny day,0.2,35,8.75,9.8269,114.9951,20.0,area_old_08,1.630372228224419
day_3,Mild sunny day,0.2,36,9.0,10.0,130.0,20.0,area_old_08,1.4499427313868332
day_3,Mild sunny day,0.2,37,9.25,10.1667,144.4483,20.0,area_old_08,1.2761972222889464
day_3,Mild sunny day,0.2,38,9.5,10.3263,158.278,20.0,area_old_08,1.1098747458150273
day_3,Mild sunny day,0.2,39,9.75,10.478,171.4299,20.0,area_old_08,0.9517369676531742
day_3,Mild sunny day,0.2,40,10.0,10.6213,183.8478,20.0,area_old_08,0.802396563977849
day_3,Mild sunny day,0.2,41,10.25,10.7555,195.4783,20.0,area_old_08,0.6625313785260889
day_3,Mild sunny day,0.2,42,10.5,10.8801,206.2719,20.0,area_old_08,0.5327064075088155
day_3,Mild sunny day,0.2,43,10.75,10.9944,216.1821,20.0,area_old_08,0.4135503914170291
day_3,Mild sunny day,0.2,44,11.0,11.0981,225.1666,20.0,area_old_08,0.30549199477439193
day_3,Mild sunny day,0.2,45,11.25,11.1906,233.1869,20.0,area_old_08,0.20906048001341015
day_3,Mild sunny day,0.2,46,11.5,11.2716,240.2087,20.0,area_old_08,0.1246275803579937
day_3,Mild sunny day,0.2,47,11.75,11.3408,246.2018,20.0,area_old_08,0.05253585174093067
day_3,Mild sunny day,0.2,48,12.0,11.3978,251.1407,20.0,area_old_08,0.0
day_3,Mild sunny day,0.2,49,12.25,11.4424,255.0042,20.0,area_old_08,0.0
day_3,Mild sunny day,0.2,50,12.5,11.4743,257.7757,20.0,area_old_08,0.0
day_3,Mild sunny day,0.2,51,12.75,11.4936,259.4433,20.0,area_old_08,0.0
day_3,Mild sunny day,0.2,52,13.0,11.5,260.0,20.0,area_old_08,0.0
day_3,Mild sunny day,0.2,53,13.25,11.4936,259.4433,20.0,area_old_08,0.0
day_3,Mild sunny day,0.2,54,13.5,11.4743,257.7757,20.0,area_old_08,0.0
day_3,Mild sunny day,0.2,55,13.75,11.4424,255.0042,20.0,area_old_08,0.0
day_3,Mild sunny day,0.2,56,14.0,11.3978,251.1407,20.0,area_old_08,0.0
day_3,Mild sunny day,0.2,57,14.25,11.3408,246.2018,20.0,area_old_08,0.05253585174093067
day_3,Mild sunny day,0.2,58,14.5,11.2716,240.2087,20.0,area_old_08,0.1246275803579937
day_3,Mild sunny day,0.2,59,14.75,11.1906,233.1869,20.0,area_old_08,0.20906048001341015
day_3,Mild sunny day,0.2,60,15.0,11.0981,225.1666,20.0,area_old_08,0.30549199477439193
day_3,Mild sunny day,0.2,61,15.25,10.9944,216.1821,20.0,area_old_08,0.4135503914170291
day_3,Mild sunny day,0.2,62,15.5,10.8801,206.2719,20.0,area_old_08,0.5327064075088155
day_3,Mild sunny day,0.2,63,15.75,10.7555,195.4783,20.0,area_old_08,0.6625313785260889
day_3,Mild sunny day,0.2,64,16.0,10.6213,183.8478,20.0,area_old_08,0.802396563977849
day_3,Mild sunny day,0.2,65,16.25,10.478,171.4299,20.0,area_old_08,0.9517369676531742
day_3,Mild sunny day,0.2,66,16.5,10.3263,158.278,20.0,area_old_08,1.1098747458150273
day_3,Mild sunny day,0.2,67,16.75,10.1667,144.4483,20.0,area_old_08,1.2761972222889464
day_3,Mild sunny day,0.2,68,17.0,10.0,130.0,20.0,area_old_08,1.4499427313868332
day_3,Mild sunny day,0.2,69,17.25,9.8269,114.9951,20.0,area_old_08,1.630372228224419
day_3,Mild sunny day,0.2,70,17.5,9.6481,99.4977,20.0,area_old_08,1.8167317234512523
day_3,Mild sunny day,0.2,71,17.75,9.4643,83.5743,20.0,area_old_08,2.008250148326953
day_3,Mild sunny day,0.2,72,18.0,9.2765,67.293,20.0,area_old_08,2.204017407574966
day_3,Mild sunny day,0.2,73,18.25,9.0853,50.7235,20.0,area_old_08,2.4032822066937563
day_3,Mild sunny day,0.2,74,18.5,8.8916,33.9368,20.0,area_old_08,2.6051563595693503
day_3,Mild sunny day,0.2,75,18.75,8.6962,17.0048,20.0,area_old_08,2.8087878220752955
day_3,Mild sunny day,0.2,76,19.0,8.5,0.0,20.0,area_old_08,3.0132777334789145
day_3,Mild sunny day,0.2,77,19.25,8.3038,0.0,20.0,area_old_08,3.0967544741309165
day_3,Mild sunny day,0.2,78,19.5,8.1084,0.0,20.0,area_old_08,3.1798908407129822
day_3,Mild sunny day,0.2,79,19.75,7.9147,0.0,20.0,area_old_08,3.2623039123964306
day_3,Mild sunny day,0.2,80,20.0,7.7235,0.0,20.0,area_old_08,3.343653315111328
day_3,Mild sunny day,0.2,81,20.25,7.5357,0.0,20.0,area_old_08,3.4235561280289932
day_3,Mild sunny day,0.2,82,20.5,7.3519,0.0,20.0,area_old_08,3.501757070596974
day_3,Mild sunny day,0.2,83,20.75,7.1731,0.0,20.0,area_old_08,3.577830675227851
day_3,Mild sunny day,0.2,84,21.0,7.0,0.0,20.0,area_old_08,3.651479114610427
day_3,Mild sunny day,0.2,85,21.25,6.8333,0.0,20.0,area_old_08,3.7224045614335086
day_3,Mild sunny day,0.2,86,21.5,6.6737,0.0,20.0,area_old_08,3.790309188385902
day_3,Mild sunny day,0.2,87,21.75,6.522,0.0,20.0,area_old_08,3.8548526213976686
day_3,Mild sunny day,0.2,88,22.0,6.3787,0.0,20.0,area_old_08,3.915822126675099
day_3,Mild sunny day,0.2,89,22.25,6.2445,0.0,20.0,area_old_08,3.9729198769069987
day_3,Mild sunny day,0.2,90,22.5,6.1199,0.0,20.0,area_old_08,4.0259331382996555
day_3,Mild sunny day,0.2,91,22.75,6.0056,0.0,20.0,area_old_08,4.074564083541877
day_3,Mild sunny day,0.2,92,23.0,5.9019,0.0,20.0,area_old_08,4.118685072357436
day_3,Mild sunny day,0.2,93,23.25,5.8094,0.0,20.0,area_old_08,4.158040824193879
day_3,Mild sunny day,0.2,94,23.5,5.7284,0.0,20.0,area_old_08,4.19250369877498
day_3,Mild sunny day,0.2,95,23.75,5.6592,0.0,20.0,area_old_08,4.221946055824515
day_3,Mild sunny day,0.2,0,0.0,5.6022,0.0,20.0,area_weak_01,2.960800026887177
day_3,Mild sunny day,0.2,1,0.25,5.5576,0.0,20.0,area_weak_01,2.967584290610688
day_3,Mild sunny day,0.2,2,0.5,5.5257,0.0,20.0,area_weak_01,2.9724367124218993
day_3,Mild sunny day,0.2,3,0.75,5.5064,0.0,20.0,area_weak_01,2.9753725036744507
day_3,Mild sunny day,0.2,4,1.0,5.5,0.0,20.0,area_weak_01,2.976346030307421
day_3,Mild sunny day,0.2,5,1.25,5.5064,0.0,20.0,area_weak_01,2.9753725036744507
day_3,Mild sunny day,0.2,6,1.5,5.5257,0.0,20.0,area_weak_01,2.9724367124218993
day_3,Mild sunny day,0.2,7,1.75,5.5576,0.0,20.0,area_weak_01,2.967584290610688
day_3,Mild sunny day,0.2,8,2.0,5.6022,0.0,20.0,area_weak_01,2.960800026887177
day_3,Mild sunny day,0.2,9,2.25,5.6592,0.0,20.0,area_weak_01,2.9521295553122853
day_3,Mild sunny day,0.2,10,2.5,5.7284,0.0,20.0,area_weak_01,2.9416032985932947
day_3,Mild sunny day,0.2,11,2.75,5.8094,0.0,20.0,area_weak_01,2.9292821021447644
day_3,Mild sunny day,0.2,12,3.0,5.9019,0.0,20.0,area_weak_01,2.9152116000276163
day_3,Mild sunny day,0.2,13,3.25,6.0056,0.0,20.0,area_weak_01,2.89943742630277
day_3,Mild sunny day,0.2,14,3.5,6.1199,0.0,20.0,area_weak_01,2.8820508490920664
day_3,Mild sunny day,0.2,15,3.75,6.2445,0.0,20.0,area_weak_01,2.8630975024564274
day_3,Mild sunny day,0.2,16,4.0,6.3787,0.0,20.0,area_weak_01,2.842683865871332
day_3,Mild sunny day,0.2,17,4.25,6.522,0.0,20.0,area_weak_01,2.820885996104982
day_3,Mild sunny day,0.2,18,4.5,6.6737,0.0,20.0,area_weak_01,2.797810372632859
day_3,Mild sunny day,0.2,19,4.75,6.8333,0.0,20.0,area_weak_01,2.773533052223163
day_3,Mild sunny day,0.2,20,5.0,7.0,0.0,20.0,area_weak_01,2.748175725705016
day_3,Mild sunny day,0.2,21,5.25,7.1731,0.0,20.0,area_weak_01,2.7218448725538984
day_3,Mild sunny day,0.2,22,5.5,7.3519,0.0,20.0,area_weak_01,2.694646972245292
day_3,Mild sunny day,0.2,23,5.75,7.5357,0.0,20.0,area_weak_01,2.666688504254677
day_3,Mild sunny day,0.2,24,6.0,7.7235,0.0,20.0,area_weak_01,2.638121582118456
day_3,Mild sunny day,0.2,25,6.25,7.9147,0.0,20.0,area_weak_01,2.6090374739584696
day_3,Mild sunny day,0.2,26,6.5,8.1084,0.0,20.0,area_weak_01,2.579573081957479
day_3,Mild sunny day,0.2,27,6.75,8.3038,0.0,20.0,area_weak_01,2.5498500969446054
day_3,Mild sunny day,0.2,28,7.0,8.5,0.0,20.0,area_weak_01,2.520005421102611
day_3,Mild sunny day,0.2,29,7.25,8.6962,17.0048,20.0,area_weak_01,2.4182593399083023
day_3,Mild sunny day,0.2,30,7.5,8.8916,33.9368,20.0,area_weak_01,2.3169427698238376
day_3,Mild sunny day,0.2,31,7.75,9.0853,50.7235,20.0,area_weak_01,2.216499164822536
day_3,Mild sunny day,0.2,32,8.0,9.2765,67.293,20.0,area_weak_01,2.1173542305437376
day_3,Mild sunny day,0.2,33,8.25,9.4643,83.5743,20.0,area_weak_01,2.0199450785099202
day_3,Mild sunny day,0.2,34,8.5,9.6481,99.4977,20.0,area_weak_01,1.9246576893919158
day_3,Mild sunny day,0.2,35,8.75,9.8269,114.9951,20.0,area_weak_01,1.831932123994219
day_3,Mild sunny day,0.2,36,9.0,10.0,130.0,20.0,area_weak_01,1.7421560437795112
day_3,Mild sunny day,0.2,37,9.25,10.1667,144.4483,20.0,area_weak_01,1.6557069622891298
day_3,Mild sunny day,0.2,38,9.5,10.3263,158.278,20.0,area_weak_01,1.5729535136332387
day_3,Mild sunny day,0.2,39,9.75,10.478,171.4299,20.0,area_weak_01,1.4942677040340744
day_3,Mild sunny day,0.2,40,10.0,10.6213,183.8478,20.0,area_weak_01,1.4199632207512762
day_3,Mild sunny day,0.2,41,10.25,10.7555,195.4783,20.0,area_weak_01,1.3503723345101961
day_3,Mild sunny day,0.2,42,10.5,10.8801,206.2719,20.0,area_weak_01,1.2857804029567248
day_3,Mild sunny day,0.2,43,10.75,10.9944,216.1821,20.0,area_weak_01,1.2264905215423552
day_3,Mild sunny day,0.2,44,11.0,11.0981,225.1666,20.0,area_weak_01,1.1727271814416698
day_3,Mild sunny day,0.2,45,11.25,11.1906,233.1869,20.0,area_weak_01,1.1247444403480462
day_3,Mild sunny day,0.2,46,11.5,11.2716,240.2087,20.0,area_weak_01,1.0827329630315918
day_3,Mild sunny day,0.2,47,11.75,11.3408,246.2018,20.0,area_weak_01,1.046866078230121
day_3,Mild sunny day,0.2,48,12.0,11.3978,251.1407,20.0,area_weak_01,1.0173124530224584
day_3,Mild sunny day,0.2,49,12.25,11.4424,255.0042,20.0,area_weak_01,0.994192150087744
day_3,Mild sunny day,0.2,50,12.5,11.4743,257.7757,20.0,area_weak_01,0.9776209932761837
day_3,Mild sunny day,0.2,51,12.75,11.4936,259.4433,20.0,area_weak_01,0.9676340880107934
day_3,Mild sunny day,0.2,52,13.0,11.5,260.0,20.0,area_weak_01,0.9643066664564113
day_3,Mild sunny day,0.2,53,13.25,11.4936,259.4433,20.0,area_weak_01,0.9676340880107934
day_3,Mild sunny day,0.2,54,13.5,11.4743,257.7757,20.0,area_weak_01,0.9776209932761837
day_3,Mild sunny day,0.2,55,13.75,11.4424,255.0042,20.0,area_weak_01,0.994192150087744
day_3,Mild sunny day,0.2,56,14.0,11.3978,251.1407,20.0,area_weak_01,1.0173124530224584
day_3,Mild sunny day,0.2,57,14.25,11.3408,246.2018,20.0,area_weak_01,1.046866078230121
day_3,Mild sunny day,0.2,58,14.5,11.2716,240.2087,20.0,area_weak_01,1.0827329630315918
day_3,Mild sunny day,0.2,59,14.75,11.1906,233.1869,20.0,area_weak_01,1.1247444403480462
day_3,Mild sunny day,0.2,60,15.0,11.0981,225.1666,20.0,area_weak_01,1.1727271814416698
day_3,Mild sunny day,0.2,61,15.25,10.9944,216.1821,20.0,area_weak_01,1.2264905215423552
day_3,Mild sunny day,0.2,62,15.5,10.8801,206.2719,20.0,area_weak_01,1.2857804029567248
day_3,Mild sunny day,0.2,63,15.75,10.7555,195.4783,20.0,area_weak_01,1.3503723345101961
day_3,Mild sunny day,0.2,64,16.0,10.6213,183.8478,20.0,area_weak_01,1.4199632207512762
day_3,Mild sunny day,0.2,65,16.25,10.478,171.4299,20.0,area_weak_01,1.4942677040340744
day_3,Mild sunny day,0.2,66,16.5,10.3263,158.278,20.0,area_weak_01,1.5729535136332387
day_3,Mild sunny day,0.2,67,16.75,10.1667,144.4483,20.0,area_weak_01,1.6557069622891298
day_3,Mild sunny day,0.2,68,17.0,10.0,130.0,20.0,area_weak_01,1.7421560437795112
day_3,Mild sunny day,0.2,69,17.25,9.8269,114.9951,20.0,area_weak_01,1.831932123994219
day_3,Mild sunny day,0.2,70,17.5,9.6481,99.4977,20.0,area_weak_01,1.9246576893919158
day_3,Mild sunny day,0.2,71,17.75,9.4643,83.5743,20.0,area_weak_01,2.0199450785099202
day_3,Mild sunny day,0.2,72,18.0,9.2765,67.293,20.0,area_weak_01,2.1173542305437376
day_3,Mild sunny day,0.2,73,18.25,9.0853,50.7235,20.0,area_weak_01,2.216499164822536
day_3,Mild sunny day,0.2,74,18.5,8.8916,33.9368,20.0,area_weak_01,2.3169427698238376
day_3,Mild sunny day,0.2,75,18.75,8.6962,17.0048,20.0,area_weak_01,2.4182593399083023
day_3,Mild sunny day,0.2,76,19.0,8.5,0.0,20.0,area_weak_01,2.520005421102611
day_3,Mild sunny day,0.2,77,19.25,8.3038,0.0,20.0,area_weak_01,2.5498500969446054
day_3,Mild sunny day,0.2,78,19.5,8.1084,0.0,20.0,area_weak_01,2.579573081957479
day_3,Mild sunny day,0.2,79,19.75,7.9147,0.0,20.0,area_weak_01,2.6090374739584696
day_3,Mild sunny day,0.2,80,20.0,7.7235,0.0,20.0,area_weak_01,2.638121582118456
day_3,Mild sunny day,0.2,81,20.25,7.5357,0.0,20.0,area_weak_01,2.666688504254677
day_3,Mild sunny day,0.2,82,20.5,7.3519,0.0,20.0,area_weak_01,2.694646972245292
day_3,Mild sunny day,0.2,83,20.75,7.1731,0.0,20.0,area_weak_01,2.7218448725538984
day_3,Mild sunny day,0.2,84,21.0,7.0,0.0,20.0,area_weak_01,2.748175725705016
day_3,Mild sunny day,0.2,85,21.25,6.8333,0.0,20.0,area_weak_01,2.773533052223163
day_3,Mild sunny day,0.2,86,21.5,6.6737,0.0,20.0,area_weak_01,2.797810372632859
day_3,Mild sunny day,0.2,87,21.75,6.522,0.0,20.0,area_weak_01,2.820885996104982
day_3,Mild sunny day,0.2,88,22.0,6.3787,0.0,20.0,area_weak_01,2.842683865871332
day_3,Mild sunny day,0.2,89,22.25,6.2445,0.0,20.0,area_weak_01,2.8630975024564274
day_3,Mild sunny day,0.2,90,22.5,6.1199,0.0,20.0,area_weak_01,2.8820508490920664
day_3,Mild sunny day,0.2,91,22.75,6.0056,0.0,20.0,area_weak_01,2.89943742630277
day_3,Mild sunny day,0.2,92,23.0,5.9019,0.0,20.0,area_weak_01,2.9152116000276163
day_3,Mild sunny day,0.2,93,23.25,5.8094,0.0,20.0,area_weak_01,2.9292821021447644
day_3,Mild sunny day,0.2,94,23.5,5.7284,0.0,20.0,area_weak_01,2.9416032985932947
day_3,Mild sunny day,0.2,95,23.75,5.6592,0.0,20.0,area_weak_01,2.9521295553122853
day_3,Mild sunny day,0.2,0,0.0,5.6022,0.0,20.0,area_weak_02,4.220131028076704
day_3,Mild sunny day,0.2,1,0.25,5.5576,0.0,20.0,area_weak_02,4.226424412682886
day_3,Mild sunny day,0.2,2,0.5,5.5257,0.0,20.0,area_weak_02,4.230925734856366
day_3,Mild sunny day,0.2,3,0.75,5.5064,0.0,20.0,area_weak_02,4.233649105324961
day_3,Mild sunny day,0.2,4,1.0,5.5,0.0,20.0,area_weak_02,4.23455219190522
day_3,Mild sunny day,0.2,5,1.25,5.5064,0.0,20.0,area_weak_02,4.233649105324961
day_3,Mild sunny day,0.2,6,1.5,5.5257,0.0,20.0,area_weak_02,4.230925734856366
day_3,Mild sunny day,0.2,7,1.75,5.5576,0.0,20.0,area_weak_02,4.226424412682886
day_3,Mild sunny day,0.2,8,2.0,5.6022,0.0,20.0,area_weak_02,4.220131028076704
day_3,Mild sunny day,0.2,9,2.25,5.6592,0.0,20.0,area_weak_02,4.21208791322127
day_3,Mild sunny day,0.2,10,2.5,5.7284,0.0,20.0,area_weak_02,4.202323289572217
day_3,Mild sunny day,0.2,11,2.75,5.8094,0.0,20.0,area_weak_02,4.190893600040809
day_3,Mild sunny day,0.2,12,3.0,5.9019,0.0,20.0,area_weak_02,4.1778411768104995
day_3,Mild sunny day,0.2,13,3.25,6.0056,0.0,20.0,area_weak_02,4.163208352064736
day_3,Mild sunny day,0.2,14,3.5,6.1199,0.0,20.0,area_weak_02,4.147079790170417
day_3,Mild sunny day,0.2,15,3.75,6.2445,0.0,20.0,area_weak_02,4.129497823310993
day_3,Mild sunny day,0.2,16,4.0,6.3787,0.0,20.0,area_weak_02,4.110561226581182
day_3,Mild sunny day,0.2,17,4.25,6.522,0.0,20.0,area_weak_02,4.090340553620063
day_3,Mild sunny day,0.2,18,4.5,6.6737,0.0,20.0,area_weak_02,4.068934579522355
day_3,Mild sunny day,0.2,19,4.75,6.8333,0.0,20.0,area_weak_02,4.0464138579271385
day_3,Mild sunny day,0.2,20,5.0,7.0,0.0,20.0,area_weak_02,4.022891274656947
day_3,Mild sunny day,0.2,21,5.25,7.1731,0.0,20.0,area_weak_02,3.998465604806497
day_3,Mild sunny day,0.2,22,5.5,7.3519,0.0,20.0,area_weak_02,3.9732356234705026
day_3,Mild sunny day,0.2,23,5.75,7.5357,0.0,20.0,area_weak_02,3.9473001057436807
day_3,Mild sunny day,0.2,24,6.0,7.7235,0.0,20.0,area_weak_02,3.920800158904197
day_3,Mild sunny day,0.2,25,6.25,7.9147,0.0,20.0,area_weak_02,3.8938204473189506
day_3,Mild sunny day,0.2,26,6.5,8.1084,0.0,20.0,area_weak_02,3.8664879675382906
day_3,Mild sunny day,0.2,27,6.75,8.3038,0.0,20.0,area_weak_02,3.8389156053847486
day_3,Mild sunny day,0.2,28,7.0,8.5,0.0,20.0,area_weak_02,3.8112303574086748
day_3,Mild sunny day,0.2,29,7.25,8.6962,17.0048,20.0,area_weak_02,3.7708391741400984
day_3,Mild sunny day,0.2,30,7.5,8.8916,33.9368,20.0,area_weak_02,3.7306152726345703
day_3,Mild sunny day,0.2,31,7.75,9.0853,50.7235,20.0,area_weak_02,3.690739821223861
day_3,Mild sunny day,0.2,32,8.0,9.2765,67.293,20.0,area_weak_02,3.651379429193733
day_3,Mild sunny day,0.2,33,8.25,9.4643,83.5743,20.0,area_weak_02,3.612714144080478
day_3,Mild sunny day,0.2,34,8.5,9.6481,99.4977,20.0,area_weak_02,3.5748807098808584
day_3,Mild sunny day,0.2,35,8.75,9.8269,114.9951,20.0,area_weak_02,3.5380711179877258
day_3,Mild sunny day,0.2,36,9.0,10.0,130.0,20.0,area_weak_02,3.502433832095306
day_3,Mild sunny day,0.2,37,9.25,10.1667,144.4483,20.0,area_weak_02,3.4681155226250615
day_3,Mild sunny day,0.2,38,9.5,10.3263,158.278,20.0,area_weak_02,3.435261290884785
day_3,Mild sunny day,0.2,39,9.75,10.478,171.4299,20.0,area_weak_02,3.4040282567585276
day_3,Mild sunny day,0.2,40,10.0,10.6213,183.8478,20.0,area_weak_02,3.3745289663559355
day_3,Mild sunny day,0.2,41,10.25,10.7555,195.4783,20.0,area_weak_02,3.3469020950907304
day_3,Mild sunny day,0.2,42,10.5,10.8801,206.2719,20.0,area_weak_02,3.3212551828527577
day_3,Mild sunny day,0.2,43,10.75,10.9944,216.1821,20.0,area_weak_02,3.2977217493965414
day_3,Mild sunny day,0.2,44,11.0,11.0981,225.1666,20.0,area_weak_02,3.2763757333380017
day_3,Mild sunny day,0.2,45,11.25,11.1906,233.1869,20.0,area_weak_02,3.2573305661279646
day_3,Mild sunny day,0.2,46,11.5,11.2716,240.2087,20.0,area_weak_02,3.24065420880647
day_3,Mild sunny day,0.2,47,11.75,11.3408,246.2018,20.0,area_weak_02,3.226411558905917
day_3,Mild sunny day,0.2,48,12.0,11.3978,251.1407,20.0,area_weak_02,3.214678112860692
day_3,Mild sunny day,0.2,49,12.25,11.4424,255.0042,20.0,area_weak_02,3.205497932702514
day_3,Mild sunny day,0.2,50,12.5,11.4743,257.7757,20.0,area_weak_02,3.198925754084785
day_3,Mild sunny day,0.2,51,12.75,11.4936,259.4433,20.0,area_weak_02,3.194956357923811
day_3,Mild sunny day,0.2,52,13.0,11.5,260.0,20.0,area_weak_02,3.1936373067819375
day_3,Mild sunny day,0.2,53,13.25,11.4936,259.4433,20.0,area_weak_02,3.194956357923811
day_3,Mild sunny day,0.2,54,13.5,11.4743,257.7757,20.0,area_weak_02,3.198925754084785
day_3,Mild sunny day,0.2,55,13.75,11.4424,255.0042,20.0,area_weak_02,3.205497932702514
day_3,Mild sunny day,0.2,56,14.0,11.3978,251.1407,20.0,area_weak_02,3.214678112860692
day_3,Mild sunny day,0.2,57,14.25,11.3408,246.2018,20.0,area_weak_02,3.226411558905917
day_3,Mild sunny day,0.2,58,14.5,11.2716,240.2087,20.0,area_weak_02,3.24065420880647
day_3,Mild sunny day,0.2,59,14.75,11.1906,233.1869,20.0,area_weak_02,3.2573305661279646
day_3,Mild sunny day,0.2,60,15.0,11.0981,225.1666,20.0,area_weak_02,3.2763757333380017
day_3,Mild sunny day,0.2,61,15.25,10.9944,216.1821,20.0,area_weak_02,3.2977217493965414
day_3,Mild sunny day,0.2,62,15.5,10.8801,206.2719,20.0,area_weak_02,3.3212551828527577
day_3,Mild sunny day,0.2,63,15.75,10.7555,195.4783,20.0,area_weak_02,3.3469020950907304
day_3,Mild sunny day,0.2,64,16.0,10.6213,183.8478,20.0,area_weak_02,3.3745289663559355
day_3,Mild sunny day,0.2,65,16.25,10.478,171.4299,20.0,area_weak_02,3.4040282567585276
day_3,Mild sunny day,0.2,66,16.5,10.3263,158.278,20.0,area_weak_02,3.435261290884785
day_3,Mild sunny day,0.2,67,16.75,10.1667,144.4483,20.0,area_weak_02,3.4681155226250615
day_3,Mild sunny day,0.2,68,17.0,10.0,130.0,20.0,area_weak_02,3.502433832095306
day_3,Mild sunny day,0.2,69,17.25,9.8269,114.9951,20.0,area_weak_02,3.5380711179877258
day_3,Mild sunny day,0.2,70,17.5,9.6481,99.4977,20.0,area_weak_02,3.5748807098808584
day_3,Mild sunny day,0.2,71,17.75,9.4643,83.5743,20.0,area_weak_02,3.612714144080478
day_3,Mild sunny day,0.2,72,18.0,9.2765,67.293,20.0,area_weak_02,3.651379429193733
day_3,Mild sunny day,0.2,73,18.25,9.0853,50.7235,20.0,area_weak_02,3.690739821223861
day_3,Mild sunny day,0.2,74,18.5,8.8916,33.9368,20.0,area_weak_02,3.7306152726345703
day_3,Mild sunny day,0.2,75,18.75,8.6962,17.0048,20.0,area_weak_02,3.7708391741400984
day_3,Mild sunny day,0.2,76,19.0,8.5,0.0,20.0,area_weak_02,3.8112303574086748
day_3,Mild sunny day,0.2,77,19.25,8.3038,0.0,20.0,area_weak_02,3.8389156053847486
day_3,Mild sunny day,0.2,78,19.5,8.1084,0.0,20.0,area_weak_02,3.8664879675382906
day_3,Mild sunny day,0.2,79,19.75,7.9147,0.0,20.0,area_weak_02,3.8938204473189506
day_3,Mild sunny day,0.2,80,20.0,7.7235,0.0,20.0,area_weak_02,3.920800158904197
day_3,Mild sunny day,0.2,81,20.25,7.5357,0.0,20.0,area_weak_02,3.9473001057436807
day_3,Mild sunny day,0.2,82,20.5,7.3519,0.0,20.0,area_weak_02,3.9732356234705026
day_3,Mild sunny day,0.2,83,20.75,7.1731,0.0,20.0,area_weak_02,3.998465604806497
day_3,Mild sunny day,0.2,84,21.0,7.0,0.0,20.0,area_weak_02,4.022891274656947
day_3,Mild sunny day,0.2,85,21.25,6.8333,0.0,20.0,area_weak_02,4.0464138579271385
day_3,Mild sunny day,0.2,86,21.5,6.6737,0.0,20.0,area_weak_02,4.068934579522355
day_3,Mild sunny day,0.2,87,21.75,6.522,0.0,20.0,area_weak_02,4.090340553620063
day_3,Mild sunny day,0.2,88,22.0,6.3787,0.0,20.0,area_weak_02,4.110561226581182
day_3,Mild sunny day,0.2,89,22.25,6.2445,0.0,20.0,area_weak_02,4.129497823310993
day_3,Mild sunny day,0.2,90,22.5,6.1199,0.0,20.0,area_weak_02,4.147079790170417
day_3,Mild sunny day,0.2,91,22.75,6.0056,0.0,20.0,area_weak_02,4.163208352064736
day_3,Mild sunny day,0.2,92,23.0,5.9019,0.0,20.0,area_weak_02,4.1778411768104995
day_3,Mild sunny day,0.2,93,23.25,5.8094,0.0,20.0,area_weak_02,4.190893600040809
day_3,Mild sunny day,0.2,94,23.5,5.7284,0.0,20.0,area_weak_02,4.202323289572217
day_3,Mild sunny day,0.2,95,23.75,5.6592,0.0,20.0,area_weak_02,4.21208791322127
day_3,Mild sunny day,0.2,0,0.0,5.6022,0.0,20.0,area_weak_03,3.30244260525115
day_3,Mild sunny day,0.2,1,0.25,5.5576,0.0,20.0,area_weak_03,3.3084993464453376
day_3,Mild sunny day,0.2,2,0.5,5.5257,0.0,20.0,area_weak_03,3.312831410214275
day_3,Mild sunny day,0.2,3,0.75,5.5064,0.0,20.0,area_weak_03,3.315452376695168
day_3,Mild sunny day,0.2,4,1.0,5.5,0.0,20.0,area_weak_03,3.3163215054763966
day_3,Mild sunny day,0.2,5,1.25,5.5064,0.0,20.0,area_weak_03,3.315452376695168
day_3,Mild sunny day,0.2,6,1.5,5.5257,0.0,20.0,area_weak_03,3.312831410214275
day_3,Mild sunny day,0.2,7,1.75,5.5576,0.0,20.0,area_weak_03,3.3084993464453376
day_3,Mild sunny day,0.2,8,2.0,5.6022,0.0,20.0,area_weak_03,3.30244260525115
day_3,Mild sunny day,0.2,9,2.25,5.6592,0.0,20.0,area_weak_03,3.2947019270433318
day_3,Mild sunny day,0.2,10,2.5,5.7284,0.0,20.0,area_weak_03,3.285304472096296
day_3,Mild sunny day,0.2,11,2.75,5.8094,0.0,20.0,area_weak_03,3.2743045609588695
day_3,Mild sunny day,0.2,12,3.0,5.9019,0.0,20.0,area_weak_03,3.261742934042673
day_3,Mild sunny day,0.2,13,3.25,6.0056,0.0,20.0,area_weak_03,3.247660331759326
day_3,Mild sunny day,0.2,14,3.5,6.1199,0.0,20.0,area_weak_03,3.232138234932069
day_3,Mild sunny day,0.2,15,3.75,6.2445,0.0,20.0,area_weak_03,3.215217383972522
day_3,Mild sunny day,0.2,16,4.0,6.3787,0.0,20.0,area_weak_03,3.196992839841132
day_3,Mild sunny day,0.2,17,4.25,6.522,0.0,20.0,area_weak_03,3.177532503223932
day_3,Mild sunny day,0.2,18,4.5,6.6737,0.0,20.0,area_weak_03,3.1569314350813698
day_3,Mild sunny day,0.2,19,4.75,6.8333,0.0,20.0,area_weak_03,3.135257536099478
day_3,Mild sunny day,0.2,20,5.0,7.0,0.0,20.0,area_weak_03,3.112619447375911
day_3,Mild sunny day,0.2,21,5.25,7.1731,0.0,20.0,area_weak_03,3.0891122298711147
day_3,Mild sunny day,0.2,22,5.5,7.3519,0.0,20.0,area_weak_03,3.0648309445455366
day_3,Mild sunny day,0.2,23,5.75,7.5357,0.0,20.0,area_weak_03,3.0398706523596237
day_3,Mild sunny day,0.2,24,6.0,7.7235,0.0,20.0,area_weak_03,3.014367154685443
day_3,Mild sunny day,0.2,25,6.25,7.9147,0.0,20.0,area_weak_03,2.9884019323462345
day_3,Mild sunny day,0.2,26,6.5,8.1084,0.0,20.0,area_weak_03,2.9620972065768587
day_3,Mild sunny day,0.2,27,6.75,8.3038,0.0,20.0,area_weak_03,2.9355616184749684
day_3,Mild sunny day,0.2,28,7.0,8.5,0.0,20.0,area_weak_03,2.908917389275425
day_3,Mild sunny day,0.2,29,7.25,8.6962,17.0048,20.0,area_weak_03,2.8075150828364484
day_3,Mild sunny day,0.2,30,7.5,8.8916,33.9368,20.0,area_weak_03,2.706541467599979
day_3,Mild sunny day,0.2,31,7.75,9.0853,50.7235,20.0,area_weak_03,2.6064374960179384
day_3,Mild sunny day,0.2,32,8.0,9.2765,67.293,20.0,area_weak_03,2.50762790262945
day_3,Mild sunny day,0.2,33,8.25,9.4643,83.5743,20.0,area_weak_03,2.4105470454474607
day_3,Mild sunny day,0.2,34,8.5,9.6481,99.4977,20.0,area_weak_03,2.3155828268928524
day_3,Mild sunny day,0.2,35,8.75,9.8269,114.9951,20.0,area_weak_03,2.223170435867096
day_3,Mild sunny day,0.2,36,9.0,10.0,130.0,20.0,area_weak_03,2.1336972867918034
day_3,Mild sunny day,0.2,37,9.25,10.1667,144.4483,20.0,area_weak_03,2.0475402429862295
day_3,Mild sunny day,0.2,38,9.5,10.3263,158.278,20.0,area_weak_03,1.9650669355550652
day_3,Mild sunny day,0.2,39,9.75,10.478,171.4299,20.0,area_weak_03,1.8866462661207908
day_3,Mild sunny day,0.2,40,10.0,10.6213,183.8478,20.0,area_weak_03,1.812593207016319
day_3,Mild sunny day,0.2,41,10.25,10.7555,195.4783,20.0,area_weak_03,1.7432375812295593
day_3,Mild sunny day,0.2,42,10.5,10.8801,206.2719,20.0,area_weak_03,1.6788649059326752
day_3,Mild sunny day,0.2,43,10.75,10.9944,216.1821,20.0,area_weak_03,1.619774669694297
day_3,Mild sunny day,0.2,44,11.0,11.0981,225.1666,20.0,area_weak_03,1.5661935761051016
day_3,Mild sunny day,0.2,45,11.25,11.1906,233.1869,20.0,area_weak_03,1.51837236325532
day_3,Mild sunny day,0.2,46,11.5,11.2716,240.2087,20.0,area_weak_03,1.4765025643944363
day_3,Mild sunny day,0.2,47,11.75,11.3408,246.2018,20.0,area_weak_03,1.4407576879720732
day_3,Mild sunny day,0.2,48,12.0,11.3978,251.1407,20.0,area_weak_03,1.4113041599996092
day_3,Mild sunny day,0.2,49,12.25,11.4424,255.0042,20.0,area_weak_03,1.3882623421556197
day_3,Mild sunny day,0.2,50,12.5,11.4743,257.7757,20.0,area_weak_03,1.3717459533096992
day_3,Mild sunny day,0.2,51,12.75,11.4936,259.4433,20.0,area_weak_03,1.3617937292071653
day_3,Mild sunny day,0.2,52,13.0,11.5,260.0,20.0,area_weak_03,1.358477184308182
day_3,Mild sunny day,0.2,53,13.25,11.4936,259.4433,20.0,area_weak_03,1.3617937292071653
day_3,Mild sunny day,0.2,54,13.5,11.4743,257.7757,20.0,area_weak_03,1.3717459533096992
day_3,Mild sunny day,0.2,55,13.75,11.4424,255.0042,20.0,area_weak_03,1.3882623421556197
day_3,Mild sunny day,0.2,56,14.0,11.3978,251.1407,20.0,area_weak_03,1.4113041599996092
day_3,Mild sunny day,0.2,57,14.25,11.3408,246.2018,20.0,area_weak_03,1.4407576879720732
day_3,Mild sunny day,0.2,58,14.5,11.2716,240.2087,20.0,area_weak_03,1.4765025643944363
day_3,Mild sunny day,0.2,59,14.75,11.1906,233.1869,20.0,area_weak_03,1.51837236325532
day_3,Mild sunny day,0.2,60,15.0,11.0981,225.1666,20.0,area_weak_03,1.5661935761051016
day_3,Mild sunny day,0.2,61,15.25,10.9944,216.1821,20.0,area_weak_03,1.619774669694297
day_3,Mild sunny day,0.2,62,15.5,10.8801,206.2719,20.0,area_weak_03,1.6788649059326752
day_3,Mild sunny day,0.2,63,15.75,10.7555,195.4783,20.0,area_weak_03,1.7432375812295593
day_3,Mild sunny day,0.2,64,16.0,10.6213,183.8478,20.0,area_weak_03,1.812593207016319
day_3,Mild sunny day,0.2,65,16.25,10.478,171.4299,20.0,area_weak_03,1.8866462661207908
day_3,Mild sunny day,0.2,66,16.5,10.3263,158.278,20.0,area_weak_03,1.9650669355550652
day_3,Mild sunny day,0.2,67,16.75,10.1667,144.4483,20.0,area_weak_03,2.0475402429862295
day_3,Mild sunny day,0.2,68,17.0,10.0,130.0,20.0,area_weak_03,2.1336972867918034
day_3,Mild sunny day,0.2,69,17.25,9.8269,114.9951,20.0,area_weak_03,2.223170435867096
day_3,Mild sunny day,0.2,70,17.5,9.6481,99.4977,20.0,area_weak_03,2.3155828268928524
day_3,Mild sunny day,0.2,71,17.75,9.4643,83.5743,20.0,area_weak_03,2.4105470454474607
day_3,Mild sunny day,0.2,72,18.0,9.2765,67.293,20.0,area_weak_03,2.50762790262945
day_3,Mild sunny day,0.2,73,18.25,9.0853,50.7235,20.0,area_weak_03,2.6064374960179384
day_3,Mild sunny day,0.2,74,18.5,8.8916,33.9368,20.0,area_weak_03,2.706541467599979
day_3,Mild sunny day,0.2,75,18.75,8.6962,17.0048,20.0,area_weak_03,2.8075150828364484
day_3,Mild sunny day,0.2,76,19.0,8.5,0.0,20.0,area_weak_03,2.908917389275425
day_3,Mild sunny day,0.2,77,19.25,8.3038,0.0,20.0,area_weak_03,2.9355616184749684
day_3,Mild sunny day,0.2,78,19.5,8.1084,0.0,20.0,area_weak_03,2.9620972065768587
day_3,Mild sunny day,0.2,79,19.75,7.9147,0.0,20.0,area_weak_03,2.9884019323462345
day_3,Mild sunny day,0.2,80,20.0,7.7235,0.0,20.0,area_weak_03,3.014367154685443
day_3,Mild sunny day,0.2,81,20.25,7.5357,0.0,20.0,area_weak_03,3.0398706523596237
day_3,Mild sunny day,0.2,82,20.5,7.3519,0.0,20.0,area_weak_03,3.0648309445455366
day_3,Mild sunny day,0.2,83,20.75,7.1731,0.0,20.0,area_weak_03,3.0891122298711147
day_3,Mild sunny day,0.2,84,21.0,7.0,0.0,20.0,area_weak_03,3.112619447375911
day_3,Mild sunny day,0.2,85,21.25,6.8333,0.0,20.0,area_weak_03,3.135257536099478
day_3,Mild sunny day,0.2,86,21.5,6.6737,0.0,20.0,area_weak_03,3.1569314350813698
day_3,Mild sunny day,0.2,87,21.75,6.522,0.0,20.0,area_weak_03,3.177532503223932
day_3,Mild sunny day,0.2,88,22.0,6.3787,0.0,20.0,area_weak_03,3.196992839841132
day_3,Mild sunny day,0.2,89,22.25,6.2445,0.0,20.0,area_weak_03,3.215217383972522
day_3,Mild sunny day,0.2,90,22.5,6.1199,0.0,20.0,area_weak_03,3.232138234932069
day_3,Mild sunny day,0.2,91,22.75,6.0056,0.0,20.0,area_weak_03,3.247660331759326
day_3,Mild sunny day,0.2,92,23.0,5.9019,0.0,20.0,area_weak_03,3.261742934042673
day_3,Mild sunny day,0.2,93,23.25,5.8094,0.0,20.0,area_weak_03,3.2743045609588695
day_3,Mild sunny day,0.2,94,23.5,5.7284,0.0,20.0,area_weak_03,3.285304472096296
day_3,Mild sunny day,0.2,95,23.75,5.6592,0.0,20.0,area_weak_03,3.2947019270433318
day_3,Mild sunny day,0.2,0,0.0,5.6022,0.0,20.0,area_weak_04,2.902692389106671
day_3,Mild sunny day,0.2,1,0.25,5.5576,0.0,20.0,area_weak_04,2.908491721553235
day_3,Mild sunny day,0.2,2,0.5,5.5257,0.0,20.0,area_weak_04,2.9126396745811585
day_3,Mild sunny day,0.2,3,0.75,5.5064,0.0,20.0,area_weak_04,2.915149251177991
day_3,Mild sunny day,0.2,4,1.0,5.5,0.0,20.0,area_weak_04,2.915981442381085
day_3,Mild sunny day,0.2,5,1.25,5.5064,0.0,20.0,area_weak_04,2.915149251177991
day_3,Mild sunny day,0.2,6,1.5,5.5257,0.0,20.0,area_weak_04,2.9126396745811585
day_3,Mild sunny day,0.2,7,1.75,5.5576,0.0,20.0,area_weak_04,2.908491721553235
day_3,Mild sunny day,0.2,8,2.0,5.6022,0.0,20.0,area_weak_04,2.902692389106671
day_3,Mild sunny day,0.2,9,2.25,5.6592,0.0,20.0,area_weak_04,2.895280686204111
day_3,Mild sunny day,0.2,10,2.5,5.7284,0.0,20.0,area_weak_04,2.886282618820653
day_3,Mild sunny day,0.2,11,2.75,5.8094,0.0,20.0,area_weak_04,2.875750198906489
day_3,Mild sunny day,0.2,12,3.0,5.9019,0.0,20.0,area_weak_04,2.8637224354242647
day_3,Mild sunny day,0.2,13,3.25,6.0056,0.0,20.0,area_weak_04,2.850238337336626
day_3,Mild sunny day,0.2,14,3.5,6.1199,0.0,20.0,area_weak_04,2.8353759225688613
day_3,Mild sunny day,0.2,15,3.75,6.2445,0.0,20.0,area_weak_04,2.819174200083617
day_3,Mild sunny day,0.2,16,4.0,6.3787,0.0,20.0,area_weak_04,2.801724190793731
day_3,Mild sunny day,0.2,17,4.25,6.522,0.0,20.0,area_weak_04,2.783090909636945
day_3,Mild sunny day,0.2,18,4.5,6.6737,0.0,20.0,area_weak_04,2.763365377526098
day_3,Mild sunny day,0.2,19,4.75,6.8333,0.0,20.0,area_weak_04,2.7426126093989307
day_3,Mild sunny day,0.2,20,5.0,7.0,0.0,20.0,area_weak_04,2.720936629155831
day_3,Mild sunny day,0.2,21,5.25,7.1731,0.0,20.0,area_weak_04,2.6984284577096367
day_3,Mild sunny day,0.2,22,5.5,7.3519,0.0,20.0,area_weak_04,2.6751791159731866
day_3,Mild sunny day,0.2,23,5.75,7.5357,0.0,20.0,area_weak_04,2.6512796248593187
day_3,Mild sunny day,0.2,24,6.0,7.7235,0.0,20.0,area_weak_04,2.6268600142435172
day_3,Mild sunny day,0.2,25,6.25,7.9147,0.0,20.0,area_weak_04,2.6019983020510713
day_3,Mild sunny day,0.2,26,6.5,8.1084,0.0,20.0,area_weak_04,2.5768115151699167
day_3,Mild sunny day,0.2,27,6.75,8.3038,0.0,20.0,area_weak_04,2.5514036775004403
day_3,Mild sunny day,0.2,28,7.0,8.5,0.0,20.0,area_weak_04,2.525891815930577
day_3,Mild sunny day,0.2,29,7.25,8.6962,17.0048,20.0,area_weak_04,2.490783919291
day_3,Mild sunny day,0.2,30,7.5,8.8916,33.9368,20.0,area_weak_04,2.4558211285611877
day_3,Mild sunny day,0.2,31,7.75,9.0853,50.7235,20.0,area_weak_04,2.42116138334446
day_3,Mild sunny day,0.2,32,8.0,9.2765,67.293,20.0,area_weak_04,2.3869492816685964
day_3,Mild sunny day,0.2,33,8.25,9.4643,83.5743,20.0,area_weak_04,2.3533419166669427
day_3,Mild sunny day,0.2,34,8.5,9.6481,99.4977,20.0,area_weak_04,2.320456638902889
day_3,Mild sunny day,0.2,35,8.75,9.8269,114.9951,20.0,area_weak_04,2.2884619079887134
day_3,Mild sunny day,0.2,36,9.0,10.0,130.0,20.0,area_weak_04,2.257486271672744
day_3,Mild sunny day,0.2,37,9.25,10.1667,144.4483,20.0,area_weak_04,2.2276569233513515
day_3,Mild sunny day,0.2,38,9.5,10.3263,158.278,20.0,area_weak_04,2.199099871362944
day_3,Mild sunny day,0.2,39,9.75,10.478,171.4299,20.0,area_weak_04,2.171952546956194
day_3,Mild sunny day,0.2,40,10.0,10.6213,183.8478,20.0,area_weak_04,2.146311679477181
day_3,Mild sunny day,0.2,41,10.25,10.7555,195.4783,20.0,area_weak_04,2.1222984241697995
day_3,Mild sunny day,0.2,42,10.5,10.8801,206.2719,20.0,area_weak_04,2.1000057294809147
day_3,Mild sunny day,0.2,43,10.75,10.9944,216.1821,20.0,area_weak_04,2.079550856892542
day_3,Mild sunny day,0.2,44,11.0,11.0981,225.1666,20.0,area_weak_04,2.0609966858205784
day_3,Mild sunny day,0.2,45,11.25,11.1906,233.1869,20.0,area_weak_04,2.0444429602529652
day_3,Mild sunny day,0.2,46,11.5,11.2716,240.2087,20.0,area_weak_04,2.0299480450990743
day_3,Mild sunny day,0.2,47,11.75,11.3408,246.2018,20.0,area_weak_04,2.0175679915836824
day_3,Mild sunny day,0.2,48,12.0,11.3978,251.1407,20.0,area_weak_04,2.0073692016465317
day_3,Mild sunny day,0.2,49,12.25,11.4424,255.0042,20.0,area_weak_04,1.999389644705011
day_3,Mild sunny day,0.2,50,12.5,11.4743,257.7757,20.0,area_weak_04,1.9936776973228043
day_3,Mild sunny day,0.2,51,12.75,11.4936,259.4433,20.0,area_weak_04,1.9902270718408193
day_3,Mild sunny day,0.2,52,13.0,11.5,260.0,20.0,area_weak_04,1.9890807274149107
day_3,Mild sunny day,0.2,53,13.25,11.4936,259.4433,20.0,area_weak_04,1.9902270718408193
day_3,Mild sunny day,0.2,54,13.5,11.4743,257.7757,20.0,area_weak_04,1.9936776973228043
day_3,Mild sunny day,0.2,55,13.75,11.4424,255.0042,20.0,area_weak_04,1.999389644705011
day_3,Mild sunny day,0.2,56,14.0,11.3978,251.1407,20.0,area_weak_04,2.0073692016465317
day_3,Mild sunny day,0.2,57,14.25,11.3408,246.2018,20.0,area_weak_04,2.0175679915836824
day_3,Mild sunny day,0.2,58,14.5,11.2716,240.2087,20.0,area_weak_04,2.0299480450990743
day_3,Mild sunny day,0.2,59,14.75,11.1906,233.1869,20.0,area_weak_04,2.0444429602529652
day_3,Mild sunny day,0.2,60,15.0,11.0981,225.1666,20.0,area_weak_04,2.0609966858205784
day_3,Mild sunny day,0.2,61,15.25,10.9944,216.1821,20.0,area_weak_04,2.079550856892542
day_3,Mild sunny day,0.2,62,15.5,10.8801,206.2719,20.0,area_weak_04,2.1000057294809147
day_3,Mild sunny day,0.2,63,15.75,10.7555,195.4783,20.0,area_weak_04,2.1222984241697995
day_3,Mild sunny day,0.2,64,16.0,10.6213,183.8478,20.0,area_weak_04,2.146311679477181
day_3,Mild sunny day,0.2,65,16.25,10.478,171.4299,20.0,area_weak_04,2.171952546956194
day_3,Mild sunny day,0.2,66,16.5,10.3263,158.278,20.0,area_weak_04,2.199099871362944
day_3,Mild sunny day,0.2,67,16.75,10.1667,144.4483,20.0,area_weak_04,2.2276569233513515
day_3,Mild sunny day,0.2,68,17.0,10.0,130.0,20.0,area_weak_04,2.257486271672744
day_3,Mild sunny day,0.2,69,17.25,9.8269,114.9951,20.0,area_weak_04,2.2884619079887134
day_3,Mild sunny day,0.2,70,17.5,9.6481,99.4977,20.0,area_weak_04,2.320456638902889
day_3,Mild sunny day,0.2,71,17.75,9.4643,83.5743,20.0,area_weak_04,2.3533419166669427
day_3,Mild sunny day,0.2,72,18.0,9.2765,67.293,20.0,area_weak_04,2.3869492816685964
day_3,Mild sunny day,0.2,73,18.25,9.0853,50.7235,20.0,area_weak_04,2.42116138334446
day_3,Mild sunny day,0.2,74,18.5,8.8916,33.9368,20.0,area_weak_04,2.4558211285611877
day_3,Mild sunny day,0.2,75,18.75,8.6962,17.0048,20.0,area_weak_04,2.490783919291
day_3,Mild sunny day,0.2,76,19.0,8.5,0.0,20.0,area_weak_04,2.525891815930577
day_3,Mild sunny day,0.2,77,19.25,8.3038,0.0,20.0,area_weak_04,2.5514036775004403
day_3,Mild sunny day,0.2,78,19.5,8.1084,0.0,20.0,area_weak_04,2.5768115151699167
day_3,Mild sunny day,0.2,79,19.75,7.9147,0.0,20.0,area_weak_04,2.6019983020510713
day_3,Mild sunny day,0.2,80,20.0,7.7235,0.0,20.0,area_weak_04,2.6268600142435172
day_3,Mild sunny day,0.2,81,20.25,7.5357,0.0,20.0,area_weak_04,2.6512796248593187
day_3,Mild sunny day,0.2,82,20.5,7.3519,0.0,20.0,area_weak_04,2.6751791159731866
day_3,Mild sunny day,0.2,83,20.75,7.1731,0.0,20.0,area_weak_04,2.6984284577096367
day_3,Mild sunny day,0.2,84,21.0,7.0,0.0,20.0,area_weak_04,2.720936629155831
day_3,Mild sunny day,0.2,85,21.25,6.8333,0.0,20.0,area_weak_04,2.7426126093989307
day_3,Mild sunny day,0.2,86,21.5,6.6737,0.0,20.0,area_weak_04,2.763365377526098
day_3,Mild sunny day,0.2,87,21.75,6.522,0.0,20.0,area_weak_04,2.783090909636945
day_3,Mild sunny day,0.2,88,22.0,6.3787,0.0,20.0,area_weak_04,2.801724190793731
day_3,Mild sunny day,0.2,89,22.25,6.2445,0.0,20.0,area_weak_04,2.819174200083617
day_3,Mild sunny day,0.2,90,22.5,6.1199,0.0,20.0,area_weak_04,2.8353759225688613
day_3,Mild sunny day,0.2,91,22.75,6.0056,0.0,20.0,area_weak_04,2.850238337336626
day_3,Mild sunny day,0.2,92,23.0,5.9019,0.0,20.0,area_weak_04,2.8637224354242647
day_3,Mild sunny day,0.2,93,23.25,5.8094,0.0,20.0,area_weak_04,2.875750198906489
day_3,Mild sunny day,0.2,94,23.5,5.7284,0.0,20.0,area_weak_04,2.886282618820653
day_3,Mild sunny day,0.2,95,23.75,5.6592,0.0,20.0,area_weak_04,2.895280686204111
day_3,Mild sunny day,0.2,0,0.0,5.6022,0.0,20.0,area_weak_05,1.7942993965128524
day_3,Mild sunny day,0.2,1,0.25,5.5576,0.0,20.0,area_weak_05,1.8003114474062543
day_3,Mild sunny day,0.2,2,0.5,5.5257,0.0,20.0,area_weak_05,1.804611546587858
day_3,Mild sunny day,0.2,3,0.75,5.5064,0.0,20.0,area_weak_05,1.807213173992402
day_3,Mild sunny day,0.2,4,1.0,5.5,0.0,20.0,area_weak_05,1.8080758898156704
day_3,Mild sunny day,0.2,5,1.25,5.5064,0.0,20.0,area_weak_05,1.807213173992402
day_3,Mild sunny day,0.2,6,1.5,5.5257,0.0,20.0,area_weak_05,1.804611546587858
day_3,Mild sunny day,0.2,7,1.75,5.5576,0.0,20.0,area_weak_05,1.8003114474062543
day_3,Mild sunny day,0.2,8,2.0,5.6022,0.0,20.0,area_weak_05,1.7942993965128524
day_3,Mild sunny day,0.2,9,2.25,5.6592,0.0,20.0,area_weak_05,1.7866158337118678
day_3,Mild sunny day,0.2,10,2.5,5.7284,0.0,20.0,area_weak_05,1.7772877188727776
day_3,Mild sunny day,0.2,11,2.75,5.8094,0.0,20.0,area_weak_05,1.7663689717345363
day_3,Mild sunny day,0.2,12,3.0,5.9019,0.0,20.0,area_weak_05,1.7539000321013594
day_3,Mild sunny day,0.2,13,3.25,6.0056,0.0,20.0,area_weak_05,1.7399213397774629
day_3,Mild sunny day,0.2,14,3.5,6.1199,0.0,20.0,area_weak_05,1.724513774371278
day_3,Mild sunny day,0.2,15,3.75,6.2445,0.0,20.0,area_weak_05,1.7077177756870203
day_3,Mild sunny day,0.2,16,4.0,6.3787,0.0,20.0,area_weak_05,1.6896277032678602
day_3,Mild sunny day,0.2,17,4.25,6.522,0.0,20.0,area_weak_05,1.67031095678749
day_3,Mild sunny day,0.2,18,4.5,6.6737,0.0,20.0,area_weak_05,1.64986189578908
day_3,Mild sunny day,0.2,19,4.75,6.8333,0.0,20.0,area_weak_05,1.628347919946323
day_3,Mild sunny day,0.2,20,5.0,7.0,0.0,20.0,area_weak_05,1.6058768687371279
day_3,Mild sunny day,0.2,21,5.25,7.1731,0.0,20.0,area_weak_05,1.582543101704664
day_3,Mild sunny day,0.2,22,5.5,7.3519,0.0,20.0,area_weak_05,1.5584409783921016
day_3,Mild sunny day,0.2,23,5.75,7.5357,0.0,20.0,area_weak_05,1.533664858342611
day_3,Mild sunny day,0.2,24,6.0,7.7235,0.0,20.0,area_weak_05,1.5083495409035776
day_3,Mild sunny day,0.2,25,6.25,7.9147,0.0,20.0,area_weak_05,1.4825759056834327
day_3,Mild sunny day,0.2,26,6.5,8.1084,0.0,20.0,area_weak_05,1.4564652720948235
day_3,Mild sunny day,0.2,27,6.75,8.3038,0.0,20.0,area_weak_05,1.4301254796156586
day_3,Mild sunny day,0.2,28,7.0,8.5,0.0,20.0,area_weak_05,1.4036778476585854
day_3,Mild sunny day,0.2,29,7.25,8.6962,17.0048,20.0,area_weak_05,1.3129673847810936
day_3,Mild sunny day,0.2,30,7.5,8.8916,33.9368,20.0,area_weak_05,1.2226398798240097
day_3,Mild sunny day,0.2,31,7.75,9.0853,50.7235,20.0,area_weak_05,1.1330906369126337
day_3,Mild sunny day,0.2,32,8.0,9.2765,67.293,20.0,area_weak_05,1.0446992127778372
day_3,Mild sunny day,0.2,33,8.25,9.4643,83.5743,20.0,area_weak_05,0.957855242895693
day_3,Mild sunny day,0.2,34,8.5,9.6481,99.4977,20.0,area_weak_05,0.8729030101087292
day_3,Mild sunny day,0.2,35,8.75,9.8269,114.9951,20.0,area_weak_05,0.7902346704392504
day_3,Mild sunny day,0.2,36,9.0,10.0,130.0,20.0,area_weak_05,0.7101958935461716
day_3,Mild sunny day,0.2,37,9.25,10.1667,144.4483,20.0,area_weak_05,0.6331232792496433
day_3,Mild sunny day,0.2,38,9.5,10.3263,158.278,20.0,area_weak_05,0.5593454912608979
day_3,Mild sunny day,0.2,39,9.75,10.478,171.4299,20.0,area_weak_05,0.4891940917473481
day_3,Mild sunny day,0.2,40,10.0,10.6213,183.8478,20.0,area_weak_05,0.4229488657737372
day_3,Mild sunny day,0.2,41,10.25,10.7555,195.4783,20.0,area_weak_05,0.3609059767957275
day_3,Mild sunny day,0.2,42,10.5,10.8801,206.2719,20.0,area_weak_05,0.30331988991151276
day_3,Mild sunny day,0.2,43,10.75,10.9944,216.1821,20.0,area_weak_05,0.2504606927903105
day_3,Mild sunny day,0.2,44,11.0,11.0981,225.1666,20.0,area_weak_05,0.20252868114454609
day_3,Mild sunny day,0.2,45,11.25,11.1906,233.1869,20.0,area_weak_05,0.1597502299128189
day_3,Mild sunny day,0.2,46,11.5,11.2716,240.2087,20.0,area_weak_05,0.12229540201167594
day_3,Mild sunny day,0.2,47,11.75,11.3408,246.2018,20.0,area_weak_05,0.09031876604977601
day_3,Mild sunny day,0.2,48,12.0,11.3978,251.1407,20.0,area_weak_05,0.06397060880293731
day_3,Mild sunny day,0.2,49,12.25,11.4424,255.0042,20.0,area_weak_05,0.04335800704971743
day_3,Mild sunny day,0.2,50,12.5,11.4743,257.7757,20.0,area_weak_05,0.028584133645780108
day_3,Mild sunny day,0.2,51,12.75,11.4936,259.4433,20.0,area_weak_05,0.019680479940256734
day_3,Mild sunny day,0.2,52,13.0,11.5,260.0,20.0,area_weak_05,0.01671393943375815
day_3,Mild sunny day,0.2,53,13.25,11.4936,259.4433,20.0,area_weak_05,0.019680479940256734
day_3,Mild sunny day,0.2,54,13.5,11.4743,257.7757,20.0,area_weak_05,0.028584133645780108
day_3,Mild sunny day,0.2,55,13.75,11.4424,255.0042,20.0,area_weak_05,0.04335800704971743
day_3,Mild sunny day,0.2,56,14.0,11.3978,251.1407,20.0,area_weak_05,0.06397060880293731
day_3,Mild sunny day,0.2,57,14.25,11.3408,246.2018,20.0,area_weak_05,0.09031876604977601
day_3,Mild sunny day,0.2,58,14.5,11.2716,240.2087,20.0,area_weak_05,0.12229540201167594
day_3,Mild sunny day,0.2,59,14.75,11.1906,233.1869,20.0,area_weak_05,0.1597502299128189
day_3,Mild sunny day,0.2,60,15.0,11.0981,225.1666,20.0,area_weak_05,0.20252868114454609
day_3,Mild sunny day,0.2,61,15.25,10.9944,216.1821,20.0,area_weak_05,0.2504606927903105
day_3,Mild sunny day,0.2,62,15.5,10.8801,206.2719,20.0,area_weak_05,0.30331988991151276
day_3,Mild sunny day,0.2,63,15.75,10.7555,195.4783,20.0,area_weak_05,0.3609059767957275
day_3,Mild sunny day,0.2,64,16.0,10.6213,183.8478,20.0,area_weak_05,0.4229488657737372
day_3,Mild sunny day,0.2,65,16.25,10.478,171.4299,20.0,area_weak_05,0.4891940917473481
day_3,Mild sunny day,0.2,66,16.5,10.3263,158.278,20.0,area_weak_05,0.5593454912608979
day_3,Mild sunny day,0.2,67,16.75,10.1667,144.4483,20.0,area_weak_05,0.6331232792496433
day_3,Mild sunny day,0.2,68,17.0,10.0,130.0,20.0,area_weak_05,0.7101958935461716
day_3,Mild sunny day,0.2,69,17.25,9.8269,114.9951,20.0,area_weak_05,0.7902346704392504
day_3,Mild sunny day,0.2,70,17.5,9.6481,99.4977,20.0,area_weak_05,0.8729030101087292
day_3,Mild sunny day,0.2,71,17.75,9.4643,83.5743,20.0,area_weak_05,0.957855242895693
day_3,Mild sunny day,0.2,72,18.0,9.2765,67.293,20.0,area_weak_05,1.0446992127778372
day_3,Mild sunny day,0.2,73,18.25,9.0853,50.7235,20.0,area_weak_05,1.1330906369126337
day_3,Mild sunny day,0.2,74,18.5,8.8916,33.9368,20.0,area_weak_05,1.2226398798240097
day_3,Mild sunny day,0.2,75,18.75,8.6962,17.0048,20.0,area_weak_05,1.3129673847810936
day_3,Mild sunny day,0.2,76,19.0,8.5,0.0,20.0,area_weak_05,1.4036778476585854
day_3,Mild sunny day,0.2,77,19.25,8.3038,0.0,20.0,area_weak_05,1.4301254796156586
day_3,Mild sunny day,0.2,78,19.5,8.1084,0.0,20.0,area_weak_05,1.4564652720948235
day_3,Mild sunny day,0.2,79,19.75,7.9147,0.0,20.0,area_weak_05,1.4825759056834327
day_3,Mild sunny day,0.2,80,20.0,7.7235,0.0,20.0,area_weak_05,1.5083495409035776
day_3,Mild sunny day,0.2,81,20.25,7.5357,0.0,20.0,area_weak_05,1.533664858342611
day_3,Mild sunny day,0.2,82,20.5,7.3519,0.0,20.0,area_weak_05,1.5584409783921016
day_3,Mild sunny day,0.2,83,20.75,7.1731,0.0,20.0,area_weak_05,1.582543101704664
day_3,Mild sunny day,0.2,84,21.0,7.0,0.0,20.0,area_weak_05,1.6058768687371279
day_3,Mild sunny day,0.2,85,21.25,6.8333,0.0,20.0,area_weak_05,1.628347919946323
day_3,Mild sunny day,0.2,86,21.5,6.6737,0.0,20.0,area_weak_05,1.64986189578908
day_3,Mild sunny day,0.2,87,21.75,6.522,0.0,20.0,area_weak_05,1.67031095678749
day_3,Mild sunny day,0.2,88,22.0,6.3787,0.0,20.0,area_weak_05,1.6896277032678602
day_3,Mild sunny day,0.2,89,22.25,6.2445,0.0,20.0,area_weak_05,1.7077177756870203
day_3,Mild sunny day,0.2,90,22.5,6.1199,0.0,20.0,area_weak_05,1.724513774371278
day_3,Mild sunny day,0.2,91,22.75,6.0056,0.0,20.0,area_weak_05,1.7399213397774629
day_3,Mild sunny day,0.2,92,23.0,5.9019,0.0,20.0,area_weak_05,1.7539000321013594
day_3,Mild sunny day,0.2,93,23.25,5.8094,0.0,20.0,area_weak_05,1.7663689717345363
day_3,Mild sunny day,0.2,94,23.5,5.7284,0.0,20.0,area_weak_05,1.7772877188727776
day_3,Mild sunny day,0.2,95,23.75,5.6592,0.0,20.0,area_weak_05,1.7866158337118678
day_3,Mild sunny day,0.2,0,0.0,5.6022,0.0,20.0,area_weak_06,6.940306959240472
day_3,Mild sunny day,0.2,1,0.25,5.5576,0.0,20.0,area_weak_06,6.9607786656285064
day_3,Mild sunny day,0.2,2,0.5,5.5257,0.0,20.0,area_weak_06,6.975420984771518
day_3,Mild sunny day,0.2,3,0.75,5.5064,0.0,20.0,area_weak_06,6.984279817356476
day_3,Mild sunny day,0.2,4,1.0,5.5,0.0,20.0,area_weak_06,6.987217461322471
day_3,Mild sunny day,0.2,5,1.25,5.5064,0.0,20.0,area_weak_06,6.984279817356476
day_3,Mild sunny day,0.2,6,1.5,5.5257,0.0,20.0,area_weak_06,6.975420984771518
day_3,Mild sunny day,0.2,7,1.75,5.5576,0.0,20.0,area_weak_06,6.9607786656285064
day_3,Mild sunny day,0.2,8,2.0,5.6022,0.0,20.0,area_weak_06,6.940306959240472
day_3,Mild sunny day,0.2,9,2.25,5.6592,0.0,20.0,area_weak_06,6.91414356766832
day_3,Mild sunny day,0.2,10,2.5,5.7284,0.0,20.0,area_weak_06,6.882380292285987
day_3,Mild sunny day,0.2,11,2.75,5.8094,0.0,20.0,area_weak_06,6.84520073584135
day_3,Mild sunny day,0.2,12,3.0,5.9019,0.0,20.0,area_weak_06,6.802742600395312
day_3,Mild sunny day,0.2,13,3.25,6.0056,0.0,20.0,area_weak_06,6.755143588008783
day_3,Mild sunny day,0.2,14,3.5,6.1199,0.0,20.0,area_weak_06,6.702679102803573
day_3,Mild sunny day,0.2,15,3.75,6.2445,0.0,20.0,area_weak_06,6.645486846840588
day_3,Mild sunny day,0.2,16,4.0,6.3787,0.0,20.0,area_weak_06,6.583888124928608
day_3,Mild sunny day,0.2,17,4.25,6.522,0.0,20.0,area_weak_06,6.518112440502478
day_3,Mild sunny day,0.2,18,4.5,6.6737,0.0,20.0,area_weak_06,6.448481098370978
day_3,Mild sunny day,0.2,19,4.75,6.8333,0.0,20.0,area_weak_06,6.375223601968951
day_3,Mild sunny day,0.2,20,5.0,7.0,0.0,20.0,area_weak_06,6.298707156792148
day_3,Mild sunny day,0.2,21,5.25,7.1731,0.0,20.0,area_weak_06,6.219253067649349
day_3,Mild sunny day,0.2,22,5.5,7.3519,0.0,20.0,area_weak_06,6.1371826393493345
day_3,Mild sunny day,0.2,23,5.75,7.5357,0.0,20.0,area_weak_06,6.052817176700886
day_3,Mild sunny day,0.2,24,6.0,7.7235,0.0,20.0,area_weak_06,5.96661568657369
day_3,Mild sunny day,0.2,25,6.25,7.9147,0.0,20.0,area_weak_06,5.878853573089558
day_3,Mild sunny day,0.2,26,6.5,8.1084,0.0,20.0,area_weak_06,5.78994394243121
day_3,Mild sunny day,0.2,27,6.75,8.3038,0.0,20.0,area_weak_06,5.700254000094392
day_3,Mild sunny day,0.2,28,7.0,8.5,0.0,20.0,area_weak_06,5.610196852261827
day_3,Mild sunny day,0.2,29,7.25,8.6962,17.0048,20.0,area_weak_06,5.452487204087676
day_3,Mild sunny day,0.2,30,7.5,8.8916,33.9368,20.0,area_weak_06,5.295434391515179
day_3,Mild sunny day,0.2,31,7.75,9.0853,50.7235,20.0,area_weak_06,5.139739957302301
day_3,Mild sunny day,0.2,32,8.0,9.2765,67.293,20.0,area_weak_06,4.986057156458725
day_3,Mild sunny day,0.2,33,8.25,9.4643,83.5743,20.0,area_weak_06,4.835081564089137
day_3,Mild sunny day,0.2,34,8.5,9.6481,99.4977,20.0,area_weak_06,4.6873658812711385
day_3,Mild sunny day,0.2,35,8.75,9.8269,114.9951,20.0,area_weak_06,4.543640046333371
day_3,Mild sunny day,0.2,36,9.0,10.0,130.0,20.0,area_weak_06,4.40448993004674
day_3,Mild sunny day,0.2,37,9.25,10.1667,144.4483,20.0,area_weak_06,4.270491854936899
day_3,Mild sunny day,0.2,38,9.5,10.3263,158.278,20.0,area_weak_06,4.142213788814912
day_3,Mild sunny day,0.2,39,9.75,10.478,171.4299,20.0,area_weak_06,4.020258460559349
day_3,Mild sunny day,0.2,40,10.0,10.6213,183.8478,20.0,area_weak_06,3.9050789616813137
day_3,Mild sunny day,0.2,41,10.25,10.7555,195.4783,20.0,area_weak_06,3.7972090454463907
day_3,Mild sunny day,0.2,42,10.5,10.8801,206.2719,20.0,area_weak_06,3.6970751478476953
day_3,Mild sunny day,0.2,43,10.75,10.9944,216.1821,20.0,area_weak_06,3.6051835709457185
day_3,Mild sunny day,0.2,44,11.0,11.0981,225.1666,20.0,area_weak_06,3.5218403046238915
day_3,Mild sunny day,0.2,45,11.25,11.1906,233.1869,20.0,area_weak_06,3.4474739227715694
day_3,Mild sunny day,0.2,46,11.5,11.2716,240.2087,20.0,area_weak_06,3.382358587788018
day_3,Mild sunny day,0.2,47,11.75,11.3408,246.2018,20.0,area_weak_06,3.326752150486866
day_3,Mild sunny day,0.2,48,12.0,11.3978,251.1407,20.0,area_weak_06,3.2809396637217647
day_3,Mild sunny day,0.2,49,12.25,11.4424,255.0042,20.0,area_weak_06,3.245097271699691
day_3,Mild sunny day,0.2,50,12.5,11.4743,257.7757,20.0,area_weak_06,3.2194287185111925
day_3,Mild sunny day,0.2,51,12.75,11.4936,259.4433,20.0,area_weak_06,3.203935446851996
day_3,Mild sunny day,0.2,52,13.0,11.5,260.0,20.0,area_weak_06,3.1987830078316533
day_3,Mild sunny day,0.2,53,13.25,11.4936,259.4433,20.0,area_weak_06,3.203935446851996
day_3,Mild sunny day,0.2,54,13.5,11.4743,257.7757,20.0,area_weak_06,3.2194287185111925
day_3,Mild sunny day,0.2,55,13.75,11.4424,255.0042,20.0,area_weak_06,3.245097271699691
day_3,Mild sunny day,0.2,56,14.0,11.3978,251.1407,20.0,area_weak_06,3.2809396637217647
day_3,Mild sunny day,0.2,57,14.25,11.3408,246.2018,20.0,area_weak_06,3.326752150486866
day_3,Mild sunny day,0.2,58,14.5,11.2716,240.2087,20.0,area_weak_06,3.382358587788018
day_3,Mild sunny day,0.2,59,14.75,11.1906,233.1869,20.0,area_weak_06,3.4474739227715694
day_3,Mild sunny day,0.2,60,15.0,11.0981,225.1666,20.0,area_weak_06,3.5218403046238915
day_3,Mild sunny day,0.2,61,15.25,10.9944,216.1821,20.0,area_weak_06,3.6051835709457185
day_3,Mild sunny day,0.2,62,15.5,10.8801,206.2719,20.0,area_weak_06,3.6970751478476953
day_3,Mild sunny day,0.2,63,15.75,10.7555,195.4783,20.0,area_weak_06,3.7972090454463907
day_3,Mild sunny day,0.2,64,16.0,10.6213,183.8478,20.0,area_weak_06,3.9050789616813137
day_3,Mild sunny day,0.2,65,16.25,10.478,171.4299,20.0,area_weak_06,4.020258460559349
day_3,Mild sunny day,0.2,66,16.5,10.3263,158.278,20.0,area_weak_06,4.142213788814912
day_3,Mild sunny day,0.2,67,16.75,10.1667,144.4483,20.0,area_weak_06,4.270491854936899
day_3,Mild sunny day,0.2,68,17.0,10.0,130.0,20.0,area_weak_06,4.40448993004674
day_3,Mild sunny day,0.2,69,17.25,9.8269,114.9951,20.0,area_weak_06,4.543640046333371
day_3,Mild sunny day,0.2,70,17.5,9.6481,99.4977,20.0,area_weak_06,4.6873658812711385
day_3,Mild sunny day,0.2,71,17.75,9.4643,83.5743,20.0,area_weak_06,4.835081564089137
day_3,Mild sunny day,0.2,72,18.0,9.2765,67.293,20.0,area_weak_06,4.986057156458725
day_3,Mild sunny day,0.2,73,18.25,9.0853,50.7235,20.0,area_weak_06,5.139739957302301
day_3,Mild sunny day,0.2,74,18.5,8.8916,33.9368,20.0,area_weak_06,5.295434391515179
day_3,Mild sunny day,0.2,75,18.75,8.6962,17.0048,20.0,area_weak_06,5.452487204087676
day_3,Mild sunny day,0.2,76,19.0,8.5,0.0,20.0,area_weak_06,5.610196852261827
day_3,Mild sunny day,0.2,77,19.25,8.3038,0.0,20.0,area_weak_06,5.700254000094392
day_3,Mild sunny day,0.2,78,19.5,8.1084,0.0,20.0,area_weak_06,5.78994394243121
day_3,Mild sunny day,0.2,79,19.75,7.9147,0.0,20.0,area_weak_06,5.878853573089558
day_3,Mild sunny day,0.2,80,20.0,7.7235,0.0,20.0,area_weak_06,5.96661568657369
day_3,Mild sunny day,0.2,81,20.25,7.5357,0.0,20.0,area_weak_06,6.052817176700886
day_3,Mild sunny day,0.2,82,20.5,7.3519,0.0,20.0,area_weak_06,6.1371826393493345
day_3,Mild sunny day,0.2,83,20.75,7.1731,0.0,20.0,area_weak_06,6.219253067649349
day_3,Mild sunny day,0.2,84,21.0,7.0,0.0,20.0,area_weak_06,6.298707156792148
day_3,Mild sunny day,0.2,85,21.25,6.8333,0.0,20.0,area_weak_06,6.375223601968951
day_3,Mild sunny day,0.2,86,21.5,6.6737,0.0,20.0,area_weak_06,6.448481098370978
day_3,Mild sunny day,0.2,87,21.75,6.522,0.0,20.0,area_weak_06,6.518112440502478
day_3,Mild sunny day,0.2,88,22.0,6.3787,0.0,20.0,area_weak_06,6.583888124928608
day_3,Mild sunny day,0.2,89,22.25,6.2445,0.0,20.0,area_weak_06,6.645486846840588
day_3,Mild sunny day,0.2,90,22.5,6.1199,0.0,20.0,area_weak_06,6.702679102803573
day_3,Mild sunny day,0.2,91,22.75,6.0056,0.0,20.0,area_weak_06,6.755143588008783
day_3,Mild sunny day,0.2,92,23.0,5.9019,0.0,20.0,area_weak_06,6.802742600395312
day_3,Mild sunny day,0.2,93,23.25,5.8094,0.0,20.0,area_weak_06,6.84520073584135
day_3,Mild sunny day,0.2,94,23.5,5.7284,0.0,20.0,area_weak_06,6.882380292285987
day_3,Mild sunny day,0.2,95,23.75,5.6592,0.0,20.0,area_weak_06,6.91414356766832
day_3,Mild sunny day,0.2,0,0.0,5.6022,0.0,20.0,area_weak_07,3.657406262009295
day_3,Mild sunny day,0.2,1,0.25,5.5576,0.0,20.0,area_weak_07,3.6719697102938325
day_3,Mild sunny day,0.2,2,0.5,5.5257,0.0,20.0,area_weak_07,3.682386167699142
day_3,Mild sunny day,0.2,3,0.75,5.5064,0.0,20.0,area_weak_07,3.688688287696711
day_3,Mild sunny day,0.2,4,1.0,5.5,0.0,20.0,area_weak_07,3.6907781098720704
day_3,Mild sunny day,0.2,5,1.25,5.5064,0.0,20.0,area_weak_07,3.688688287696711
day_3,Mild sunny day,0.2,6,1.5,5.5257,0.0,20.0,area_weak_07,3.682386167699142
day_3,Mild sunny day,0.2,7,1.75,5.5576,0.0,20.0,area_weak_07,3.6719697102938325
day_3,Mild sunny day,0.2,8,2.0,5.6022,0.0,20.0,area_weak_07,3.657406262009295
day_3,Mild sunny day,0.2,9,2.25,5.6592,0.0,20.0,area_weak_07,3.638793783259997
day_3,Mild sunny day,0.2,10,2.5,5.7284,0.0,20.0,area_weak_07,3.6161975809889197
day_3,Mild sunny day,0.2,11,2.75,5.8094,0.0,20.0,area_weak_07,3.5897482690820235
day_3,Mild sunny day,0.2,12,3.0,5.9019,0.0,20.0,area_weak_07,3.5595438079537773
day_3,Mild sunny day,0.2,13,3.25,6.0056,0.0,20.0,area_weak_07,3.525682158018652
day_3,Mild sunny day,0.2,14,3.5,6.1199,0.0,20.0,area_weak_07,3.488359240105587
day_3,Mild sunny day,0.2,15,3.75,6.2445,0.0,20.0,area_weak_07,3.4476730146290526
day_3,Mild sunny day,0.2,16,4.0,6.3787,0.0,20.0,area_weak_07,3.4038520558894785
day_3,Mild sunny day,0.2,17,4.25,6.522,0.0,20.0,area_weak_07,3.357059631244314
day_3,Mild sunny day,0.2,18,4.5,6.6737,0.0,20.0,area_weak_07,3.307524314993991
day_3,Mild sunny day,0.2,19,4.75,6.8333,0.0,20.0,area_weak_07,3.255409374495957
day_3,Mild sunny day,0.2,20,5.0,7.0,0.0,20.0,area_weak_07,3.2009760375221354
day_3,Mild sunny day,0.2,21,5.25,7.1731,0.0,20.0,area_weak_07,3.1444528783729524
day_3,Mild sunny day,0.2,22,5.5,7.3519,0.0,20.0,area_weak_07,3.08606847134884
day_3,Mild sunny day,0.2,23,5.75,7.5357,0.0,20.0,area_weak_07,3.0260513907502284
day_3,Mild sunny day,0.2,24,6.0,7.7235,0.0,20.0,area_weak_07,2.964728171292016
day_3,Mild sunny day,0.2,25,6.25,7.9147,0.0,20.0,area_weak_07,2.902294733803145
day_3,Mild sunny day,0.2,26,6.5,8.1084,0.0,20.0,area_weak_07,2.8390449595270235
day_3,Mild sunny day,0.2,27,6.75,8.3038,0.0,20.0,area_weak_07,2.775240076235571
day_3,Mild sunny day,0.2,28,7.0,8.5,0.0,20.0,area_weak_07,2.7111739651721996
day_3,Mild sunny day,0.2,29,7.25,8.6962,17.0048,20.0,area_weak_07,2.5993506443995322
day_3,Mild sunny day,0.2,30,7.5,8.8916,33.9368,20.0,area_weak_07,2.487993006897635
day_3,Mild sunny day,0.2,31,7.75,9.0853,50.7235,20.0,area_weak_07,2.3775985468723695
day_3,Mild sunny day,0.2,32,8.0,9.2765,67.293,20.0,area_weak_07,2.2686304199853176
day_3,Mild sunny day,0.2,33,8.25,9.4643,83.5743,20.0,area_weak_07,2.16158190776036
day_3,Mild sunny day,0.2,34,8.5,9.6481,99.4977,20.0,area_weak_07,2.056844680315857
day_3,Mild sunny day,0.2,35,8.75,9.8269,114.9951,20.0,area_weak_07,1.9549365281286828
day_3,Mild sunny day,0.2,36,9.0,10.0,130.0,20.0,area_weak_07,1.8562727877337923
day_3,Mild sunny day,0.2,37,9.25,10.1667,144.4483,20.0,area_weak_07,1.761262055374971
day_3,Mild sunny day,0.2,38,9.5,10.3263,158.278,20.0,area_weak_07,1.6703070295412303
day_3,Mild sunny day,0.2,39,9.75,10.478,171.4299,20.0,area_weak_07,1.5838351985200372
day_3,Mild sunny day,0.2,40,10.0,10.6213,183.8478,20.0,area_weak_07,1.502167664820426
day_3,Mild sunny day,0.2,41,10.25,10.7555,195.4783,20.0,area_weak_07,1.425682974221379
day_3,Mild sunny day,0.2,42,10.5,10.8801,206.2719,20.0,area_weak_07,1.354683412585744
day_3,Mild sunny day,0.2,43,10.75,10.9944,216.1821,20.0,area_weak_07,1.2895281473553883
day_3,Mild sunny day,0.2,44,11.0,11.0981,225.1666,20.0,area_weak_07,1.230433936576668
day_3,Mild sunny day,0.2,45,11.25,11.1906,233.1869,20.0,area_weak_07,1.177704826582722
day_3,Mild sunny day,0.2,46,11.5,11.2716,240.2087,20.0,area_weak_07,1.1315351077826696
day_3,Mild sunny day,0.2,47,11.75,11.3408,246.2018,20.0,area_weak_07,1.0921075559215485
day_3,Mild sunny day,0.2,48,12.0,11.3978,251.1407,20.0,area_weak_07,1.0596244004790087
day_3,Mild sunny day,0.2,49,12.25,11.4424,255.0042,20.0,area_weak_07,1.034210487636707
day_3,Mild sunny day,0.2,50,12.5,11.4743,257.7757,20.0,area_weak_07,1.016010398156378
day_3,Mild sunny day,0.2,51,12.75,11.4936,259.4433,20.0,area_weak_07,1.0050248991769195
day_3,Mild sunny day,0.2,52,13.0,11.5,260.0,20.0,area_weak_07,1.001371610295385
day_3,Mild sunny day,0.2,53,13.25,11.4936,259.4433,20.0,area_weak_07,1.0050248991769195
day_3,Mild sunny day,0.2,54,13.5,11.4743,257.7757,20.0,area_weak_07,1.016010398156378
day_3,Mild sunny day,0.2,55,13.75,11.4424,255.0042,20.0,area_weak_07,1.034210487636707
day_3,Mild sunny day,0.2,56,14.0,11.3978,251.1407,20.0,area_weak_07,1.0596244004790087
day_3,Mild sunny day,0.2,57,14.25,11.3408,246.2018,20.0,area_weak_07,1.0921075559215485
day_3,Mild sunny day,0.2,58,14.5,11.2716,240.2087,20.0,area_weak_07,1.1315351077826696
day_3,Mild sunny day,0.2,59,14.75,11.1906,233.1869,20.0,area_weak_07,1.177704826582722
day_3,Mild sunny day,0.2,60,15.0,11.0981,225.1666,20.0,area_weak_07,1.230433936576668
day_3,Mild sunny day,0.2,61,15.25,10.9944,216.1821,20.0,area_weak_07,1.2895281473553883
day_3,Mild sunny day,0.2,62,15.5,10.8801,206.2719,20.0,area_weak_07,1.354683412585744
day_3,Mild sunny day,0.2,63,15.75,10.7555,195.4783,20.0,area_weak_07,1.425682974221379
day_3,Mild sunny day,0.2,64,16.0,10.6213,183.8478,20.0,area_weak_07,1.502167664820426
day_3,Mild sunny day,0.2,65,16.25,10.478,171.4299,20.0,area_weak_07,1.5838351985200372
day_3,Mild sunny day,0.2,66,16.5,10.3263,158.278,20.0,area_weak_07,1.6703070295412303
day_3,Mild sunny day,0.2,67,16.75,10.1667,144.4483,20.0,area_weak_07,1.761262055374971
day_3,Mild sunny day,0.2,68,17.0,10.0,130.0,20.0,area_weak_07,1.8562727877337923
day_3,Mild sunny day,0.2,69,17.25,9.8269,114.9951,20.0,area_weak_07,1.9549365281286828
day_3,Mild sunny day,0.2,70,17.5,9.6481,99.4977,20.0,area_weak_07,2.056844680315857
day_3,Mild sunny day,0.2,71,17.75,9.4643,83.5743,20.0,area_weak_07,2.16158190776036
day_3,Mild sunny day,0.2,72,18.0,9.2765,67.293,20.0,area_weak_07,2.2686304199853176
day_3,Mild sunny day,0.2,73,18.25,9.0853,50.7235,20.0,area_weak_07,2.3775985468723695
day_3,Mild sunny day,0.2,74,18.5,8.8916,33.9368,20.0,area_weak_07,2.487993006897635
day_3,Mild sunny day,0.2,75,18.75,8.6962,17.0048,20.0,area_weak_07,2.5993506443995322
day_3,Mild sunny day,0.2,76,19.0,8.5,0.0,20.0,area_weak_07,2.7111739651721996
day_3,Mild sunny day,0.2,77,19.25,8.3038,0.0,20.0,area_weak_07,2.775240076235571
day_3,Mild sunny day,0.2,78,19.5,8.1084,0.0,20.0,area_weak_07,2.8390449595270235
day_3,Mild sunny day,0.2,79,19.75,7.9147,0.0,20.0,area_weak_07,2.902294733803145
day_3,Mild sunny day,0.2,80,20.0,7.7235,0.0,20.0,area_weak_07,2.964728171292016
day_3,Mild sunny day,0.2,81,20.25,7.5357,0.0,20.0,area_weak_07,3.0260513907502284
day_3,Mild sunny day,0.2,82,20.5,7.3519,0.0,20.0,area_weak_07,3.08606847134884
day_3,Mild sunny day,0.2,83,20.75,7.1731,0.0,20.0,area_weak_07,3.1444528783729524
day_3,Mild sunny day,0.2,84,21.0,7.0,0.0,20.0,area_weak_07,3.2009760375221354
day_3,Mild sunny day,0.2,85,21.25,6.8333,0.0,20.0,area_weak_07,3.255409374495957
day_3,Mild sunny day,0.2,86,21.5,6.6737,0.0,20.0,area_weak_07,3.307524314993991
day_3,Mild sunny day,0.2,87,21.75,6.522,0.0,20.0,area_weak_07,3.357059631244314
day_3,Mild sunny day,0.2,88,22.0,6.3787,0.0,20.0,area_weak_07,3.4038520558894785
day_3,Mild sunny day,0.2,89,22.25,6.2445,0.0,20.0,area_weak_07,3.4476730146290526
day_3,Mild sunny day,0.2,90,22.5,6.1199,0.0,20.0,area_weak_07,3.488359240105587
day_3,Mild sunny day,0.2,91,22.75,6.0056,0.0,20.0,area_weak_07,3.525682158018652
day_3,Mild sunny day,0.2,92,23.0,5.9019,0.0,20.0,area_weak_07,3.5595438079537773
day_3,Mild sunny day,0.2,93,23.25,5.8094,0.0,20.0,area_weak_07,3.5897482690820235
day_3,Mild sunny day,0.2,94,23.5,5.7284,0.0,20.0,area_weak_07,3.6161975809889197
day_3,Mild sunny day,0.2,95,23.75,5.6592,0.0,20.0,area_weak_07,3.638793783259997
day_3,Mild sunny day,0.2,0,0.0,5.6022,0.0,20.0,area_weak_08,5.483239201178018
day_3,Mild sunny day,0.2,1,0.25,5.5576,0.0,20.0,area_weak_08,5.496240249091467
day_3,Mild sunny day,0.2,2,0.5,5.5257,0.0,20.0,area_weak_08,5.505539204886064
day_3,Mild sunny day,0.2,3,0.75,5.5064,0.0,20.0,area_weak_08,5.511165218893454
day_3,Mild sunny day,0.2,4,1.0,5.5,0.0,20.0,area_weak_08,5.513030840118701
day_3,Mild sunny day,0.2,5,1.25,5.5064,0.0,20.0,area_weak_08,5.511165218893454
day_3,Mild sunny day,0.2,6,1.5,5.5257,0.0,20.0,area_weak_08,5.505539204886064
day_3,Mild sunny day,0.2,7,1.75,5.5576,0.0,20.0,area_weak_08,5.496240249091467
day_3,Mild sunny day,0.2,8,2.0,5.6022,0.0,20.0,area_weak_08,5.483239201178018
day_3,Mild sunny day,0.2,9,2.25,5.6592,0.0,20.0,area_weak_08,5.466623512140652
day_3,Mild sunny day,0.2,10,2.5,5.7284,0.0,20.0,area_weak_08,5.446451482642654
day_3,Mild sunny day,0.2,11,2.75,5.8094,0.0,20.0,area_weak_08,5.422839714010607
day_3,Mild sunny day,0.2,12,3.0,5.9019,0.0,20.0,area_weak_08,5.395875657239441
day_3,Mild sunny day,0.2,13,3.25,6.0056,0.0,20.0,area_weak_08,5.36564676332409
day_3,Mild sunny day,0.2,14,3.5,6.1199,0.0,20.0,area_weak_08,5.3323279342544225
day_3,Mild sunny day,0.2,15,3.75,6.2445,0.0,20.0,area_weak_08,5.296006621025371
day_3,Mild sunny day,0.2,16,4.0,6.3787,0.0,20.0,area_weak_08,5.256886875958447
day_3,Mild sunny day,0.2,17,4.25,6.522,0.0,20.0,area_weak_08,5.215114450711873
day_3,Mild sunny day,0.2,18,4.5,6.6737,0.0,20.0,area_weak_08,5.170893397607161
day_3,Mild sunny day,0.2,19,4.75,6.8333,0.0,20.0,area_weak_08,5.1243694683025325
day_3,Mild sunny day,0.2,20,5.0,7.0,0.0,20.0,area_weak_08,5.075775865451146
day_3,Mild sunny day,0.2,21,5.25,7.1731,0.0,20.0,area_weak_08,5.025316641374509
day_3,Mild sunny day,0.2,22,5.5,7.3519,0.0,20.0,area_weak_08,4.973195848394136
day_3,Mild sunny day,0.2,23,5.75,7.5357,0.0,20.0,area_weak_08,4.919617538831538
day_3,Mild sunny day,0.2,24,6.0,7.7235,0.0,20.0,area_weak_08,4.864873216003161
day_3,Mild sunny day,0.2,25,6.25,7.9147,0.0,20.0,area_weak_08,4.809137781898869
day_3,Mild sunny day,0.2,26,6.5,8.1084,0.0,20.0,area_weak_08,4.752673589503466
day_3,Mild sunny day,0.2,27,6.75,8.3038,0.0,20.0,area_weak_08,4.695713841470106
day_3,Mild sunny day,0.2,28,7.0,8.5,0.0,20.0,area_weak_08,4.638520890783589
day_3,Mild sunny day,0.2,29,7.25,8.6962,17.0048,20.0,area_weak_08,4.579101138552936
day_3,Mild sunny day,0.2,30,7.5,8.8916,33.9368,20.0,area_weak_08,4.519924122233837
day_3,Mild sunny day,0.2,31,7.75,9.0853,50.7235,20.0,area_weak_08,4.461261688784086
day_3,Mild sunny day,0.2,32,8.0,9.2765,67.293,20.0,area_weak_08,4.403356456259021
day_3,Mild sunny day,0.2,33,8.25,9.4643,83.5743,20.0,area_weak_08,4.346480075189408
day_3,Mild sunny day,0.2,34,8.5,9.6481,99.4977,20.0,area_weak_08,4.290816574874323
day_3,Mild sunny day,0.2,35,8.75,9.8269,114.9951,20.0,area_weak_08,4.236666376417254
day_3,Mild sunny day,0.2,36,9.0,10.0,130.0,20.0,area_weak_08,4.184242240404599
day_3,Mild sunny day,0.2,37,9.25,10.1667,144.4483,20.0,area_weak_08,4.133756613139507
day_3,Mild sunny day,0.2,38,9.5,10.3263,158.278,20.0,area_weak_08,4.085421665927292
day_3,Mild sunny day,0.2,39,9.75,10.478,171.4299,20.0,area_weak_08,4.039478353741124
day_3,Mild sunny day,0.2,40,10.0,10.6213,183.8478,20.0,area_weak_08,3.9960797877051886
day_3,Mild sunny day,0.2,41,10.25,10.7555,195.4783,20.0,area_weak_08,3.955437012943174
day_3,Mild sunny day,0.2,42,10.5,10.8801,206.2719,20.0,area_weak_08,3.917702263205207
day_3,Mild sunny day,0.2,43,10.75,10.9944,216.1821,20.0,area_weak_08,3.8830856800506512
day_3,Mild sunny day,0.2,44,11.0,11.0981,225.1666,20.0,area_weak_08,3.8516802537166135
day_3,Mild sunny day,0.2,45,11.25,11.1906,233.1869,20.0,area_weak_08,3.8236659278199983
day_3,Mild sunny day,0.2,46,11.5,11.2716,240.2087,20.0,area_weak_08,3.7991346449871
day_3,Mild sunny day,0.2,47,11.75,11.3408,246.2018,20.0,area_weak_08,3.7781778109436712
day_3,Mild sunny day,0.2,48,12.0,11.3978,251.1407,20.0,area_weak_08,3.760915366275756
day_3,Mild sunny day,0.2,49,12.25,11.4424,255.0042,20.0,area_weak_08,3.747408387815299
day_3,Mild sunny day,0.2,50,12.5,11.4743,257.7757,20.0,area_weak_08,3.73774650034967
day_3,Mild sunny day,0.2,51,12.75,11.4936,259.4433,20.0,area_weak_08,3.731902111868308
day_3,Mild sunny day,0.2,52,13.0,11.5,260.0,20.0,area_weak_08,3.7299635900256094
day_3,Mild sunny day,0.2,53,13.25,11.4936,259.4433,20.0,area_weak_08,3.731902111868308
day_3,Mild sunny day,0.2,54,13.5,11.4743,257.7757,20.0,area_weak_08,3.73774650034967
day_3,Mild sunny day,0.2,55,13.75,11.4424,255.0042,20.0,area_weak_08,3.747408387815299
day_3,Mild sunny day,0.2,56,14.0,11.3978,251.1407,20.0,area_weak_08,3.760915366275756
day_3,Mild sunny day,0.2,57,14.25,11.3408,246.2018,20.0,area_weak_08,3.7781778109436712
day_3,Mild sunny day,0.2,58,14.5,11.2716,240.2087,20.0,area_weak_08,3.7991346449871
day_3,Mild sunny day,0.2,59,14.75,11.1906,233.1869,20.0,area_weak_08,3.8236659278199983
day_3,Mild sunny day,0.2,60,15.0,11.0981,225.1666,20.0,area_weak_08,3.8516802537166135
day_3,Mild sunny day,0.2,61,15.25,10.9944,216.1821,20.0,area_weak_08,3.8830856800506512
day_3,Mild sunny day,0.2,62,15.5,10.8801,206.2719,20.0,area_weak_08,3.917702263205207
day_3,Mild sunny day,0.2,63,15.75,10.7555,195.4783,20.0,area_weak_08,3.955437012943174
day_3,Mild sunny day,0.2,64,16.0,10.6213,183.8478,20.0,area_weak_08,3.9960797877051886
day_3,Mild sunny day,0.2,65,16.25,10.478,171.4299,20.0,area_weak_08,4.039478353741124
day_3,Mild sunny day,0.2,66,16.5,10.3263,158.278,20.0,area_weak_08,4.085421665927292
day_3,Mild sunny day,0.2,67,16.75,10.1667,144.4483,20.0,area_weak_08,4.133756613139507
day_3,Mild sunny day,0.2,68,17.0,10.0,130.0,20.0,area_weak_08,4.184242240404599
day_3,Mild sunny day,0.2,69,17.25,9.8269,114.9951,20.0,area_weak_08,4.236666376417254
day_3,Mild sunny day,0.2,70,17.5,9.6481,99.4977,20.0,area_weak_08,4.290816574874323
day_3,Mild sunny day,0.2,71,17.75,9.4643,83.5743,20.0,area_weak_08,4.346480075189408
day_3,Mild sunny day,0.2,72,18.0,9.2765,67.293,20.0,area_weak_08,4.403356456259021
day_3,Mild sunny day,0.2,73,18.25,9.0853,50.7235,20.0,area_weak_08,4.461261688784086
day_3,Mild sunny day,0.2,74,18.5,8.8916,33.9368,20.0,area_weak_08,4.519924122233837
day_3,Mild sunny day,0.2,75,18.75,8.6962,17.0048,20.0,area_weak_08,4.579101138552936
day_3,Mild sunny day,0.2,76,19.0,8.5,0.0,20.0,area_weak_08,4.638520890783589
day_3,Mild sunny day,0.2,77,19.25,8.3038,0.0,20.0,area_weak_08,4.695713841470106
day_3,Mild sunny day,0.2,78,19.5,8.1084,0.0,20.0,area_weak_08,4.752673589503466
day_3,Mild sunny day,0.2,79,19.75,7.9147,0.0,20.0,area_weak_08,4.809137781898869
day_3,Mild sunny day,0.2,80,20.0,7.7235,0.0,20.0,area_weak_08,4.864873216003161
day_3,Mild sunny day,0.2,81,20.25,7.5357,0.0,20.0,area_weak_08,4.919617538831538
day_3,Mild sunny day,0.2,82,20.5,7.3519,0.0,20.0,area_weak_08,4.973195848394136
day_3,Mild sunny day,0.2,83,20.75,7.1731,0.0,20.0,area_weak_08,5.025316641374509
day_3,Mild sunny day,0.2,84,21.0,7.0,0.0,20.0,area_weak_08,5.075775865451146
day_3,Mild sunny day,0.2,85,21.25,6.8333,0.0,20.0,area_weak_08,5.1243694683025325
day_3,Mild sunny day,0.2,86,21.5,6.6737,0.0,20.0,area_weak_08,5.170893397607161
day_3,Mild sunny day,0.2,87,21.75,6.522,0.0,20.0,area_weak_08,5.215114450711873
day_3,Mild sunny day,0.2,88,22.0,6.3787,0.0,20.0,area_weak_08,5.256886875958447
day_3,Mild sunny day,0.2,89,22.25,6.2445,0.0,20.0,area_weak_08,5.296006621025371
day_3,Mild sunny day,0.2,90,22.5,6.1199,0.0,20.0,area_weak_08,5.3323279342544225
day_3,Mild sunny day,0.2,91,22.75,6.0056,0.0,20.0,area_weak_08,5.36564676332409
day_3,Mild sunny day,0.2,92,23.0,5.9019,0.0,20.0,area_weak_08,5.395875657239441
day_3,Mild sunny day,0.2,93,23.25,5.8094,0.0,20.0,area_weak_08,5.422839714010607
day_3,Mild sunny day,0.2,94,23.5,5.7284,0.0,20.0,area_weak_08,5.446451482642654
day_3,Mild sunny day,0.2,95,23.75,5.6592,0.0,20.0,area_weak_08,5.466623512140652
day_3,Mild sunny day,0.2,0,0.0,5.6022,0.0,20.0,year_area100_01,4.901777377112488
day_3,Mild sunny day,0.2,1,0.25,5.5576,0.0,20.0,year_area100_01,4.922901550940988
day_3,Mild sunny day,0.2,2,0.5,5.5257,0.0,20.0,year_area100_01,4.938010545226394
day_3,Mild sunny day,0.2,3,0.75,5.5064,0.0,20.0,year_area100_01,4.947151723587158
day_3,Mild sunny day,0.2,4,1.0,5.5,0.0,20.0,year_area100_01,4.950182995167928
day_3,Mild sunny day,0.2,5,1.25,5.5064,0.0,20.0,year_area100_01,4.947151723587158
day_3,Mild sunny day,0.2,6,1.5,5.5257,0.0,20.0,year_area100_01,4.938010545226394
day_3,Mild sunny day,0.2,7,1.75,5.5576,0.0,20.0,year_area100_01,4.922901550940988
day_3,Mild sunny day,0.2,8,2.0,5.6022,0.0,20.0,year_area100_01,4.901777377112488
day_3,Mild sunny day,0.2,9,2.25,5.6592,0.0,20.0,year_area100_01,4.874780114596245
day_3,Mild sunny day,0.2,10,2.5,5.7284,0.0,20.0,year_area100_01,4.842004490629156
day_3,Mild sunny day,0.2,11,2.75,5.8094,0.0,20.0,year_area100_01,4.80363995968502
day_3,Mild sunny day,0.2,12,3.0,5.9019,0.0,20.0,year_area100_01,4.759828612619186
day_3,Mild sunny day,0.2,13,3.25,6.0056,0.0,20.0,year_area100_01,4.710712540287002
day_3,Mild sunny day,0.2,14,3.5,6.1199,0.0,20.0,year_area100_01,4.656575924399167
day_3,Mild sunny day,0.2,15,3.75,6.2445,0.0,20.0,year_area100_01,4.597560855811027
day_3,Mild sunny day,0.2,16,4.0,6.3787,0.0,20.0,year_area100_01,4.5339988798517314
day_3,Mild sunny day,0.2,17,4.25,6.522,0.0,20.0,year_area100_01,4.466126814613526
day_3,Mild sunny day,0.2,18,4.5,6.6737,0.0,20.0,year_area100_01,4.394276205425557
day_3,Mild sunny day,0.2,19,4.75,6.8333,0.0,20.0,year_area100_01,4.318683870380076
day_3,Mild sunny day,0.2,20,5.0,7.0,0.0,20.0,year_area100_01,4.239728718424676
day_3,Mild sunny day,0.2,21,5.25,7.1731,0.0,20.0,year_area100_01,4.157742294888504
day_3,Mild sunny day,0.2,22,5.5,7.3519,0.0,20.0,year_area100_01,4.073056145100708
day_3,Mild sunny day,0.2,23,5.75,7.5357,0.0,20.0,year_area100_01,3.9860018143904346
day_3,Mild sunny day,0.2,24,6.0,7.7235,0.0,20.0,year_area100_01,3.89705293894218
day_3,Mild sunny day,0.2,25,6.25,7.9147,0.0,20.0,year_area100_01,3.8064937004666395
day_3,Mild sunny day,0.2,26,6.5,8.1084,0.0,20.0,year_area100_01,3.714750371529861
day_3,Mild sunny day,0.2,27,6.75,8.3038,0.0,20.0,year_area100_01,3.622201861079439
day_3,Mild sunny day,0.2,28,7.0,8.5,0.0,20.0,year_area100_01,3.5292744416814217
day_3,Mild sunny day,0.2,29,7.25,8.6962,17.0048,20.0,year_area100_01,3.378304866533846
day_3,Mild sunny day,0.2,30,7.5,8.8916,33.9368,20.0,year_area100_01,3.227962687169263
day_3,Mild sunny day,0.2,31,7.75,9.0853,50.7235,20.0,year_area100_01,3.0789216390049057
day_3,Mild sunny day,0.2,32,8.0,9.2765,67.293,20.0,year_area100_01,2.931806045871134
day_3,Mild sunny day,0.2,33,8.25,9.4643,83.5743,20.0,year_area100_01,2.7872845232641184
day_3,Mild sunny day,0.2,34,8.5,9.6481,99.4977,20.0,year_area100_01,2.6458791585597656
day_3,Mild sunny day,0.2,35,8.75,9.8269,114.9951,20.0,year_area100_01,2.50829603235865
day_3,Mild sunny day,0.2,36,9.0,10.0,130.0,20.0,year_area100_01,2.375093673156869
day_3,Mild sunny day,0.2,37,9.25,10.1667,144.4483,20.0,year_area100_01,2.246822417576825
day_3,Mild sunny day,0.2,38,9.5,10.3263,158.278,20.0,year_area100_01,2.1240254343514366
day_3,Mild sunny day,0.2,39,9.75,10.478,171.4299,20.0,year_area100_01,2.0072836986460962
day_3,Mild sunny day,0.2,40,10.0,10.6213,183.8478,20.0,year_area100_01,1.8970258549287284
day_3,Mild sunny day,0.2,41,10.25,10.7555,195.4783,20.0,year_area100_01,1.7937657177181836
day_3,Mild sunny day,0.2,42,10.5,10.8801,206.2719,20.0,year_area100_01,1.6979090625016542
day_3,Mild sunny day,0.2,43,10.75,10.9944,216.1821,20.0,year_area100_01,1.6099461521611178
day_3,Mild sunny day,0.2,44,11.0,11.0981,225.1666,20.0,year_area100_01,1.5301634593257871
day_3,Mild sunny day,0.2,45,11.25,11.1906,233.1869,20.0,year_area100_01,1.4589765770135417
day_3,Mild sunny day,0.2,46,11.5,11.2716,240.2087,20.0,year_area100_01,1.396644671607945
day_3,Mild sunny day,0.2,47,11.75,11.3408,246.2018,20.0,year_area100_01,1.343412915041668
day_3,Mild sunny day,0.2,48,12.0,11.3978,251.1407,20.0,year_area100_01,1.2995578004465114
day_3,Mild sunny day,0.2,49,12.25,11.4424,255.0042,20.0,year_area100_01,1.2652464166103434
day_3,Mild sunny day,0.2,50,12.5,11.4743,257.7757,20.0,year_area100_01,1.24067751484823
day_3,Mild sunny day,0.2,51,12.75,11.4936,259.4433,20.0,year_area100_01,1.2258443495821236
day_3,Mild sunny day,0.2,52,13.0,11.5,260.0,20.0,year_area100_01,1.2209129046323164
day_3,Mild sunny day,0.2,53,13.25,11.4936,259.4433,20.0,year_area100_01,1.2258443495821236
day_3,Mild sunny day,0.2,54,13.5,11.4743,257.7757,20.0,year_area100_01,1.24067751484823
day_3,Mild sunny day,0.2,55,13.75,11.4424,255.0042,20.0,year_area100_01,1.2652464166103434
day_3,Mild sunny day,0.2,56,14.0,11.3978,251.1407,20.0,year_area100_01,1.2995578004465114
day_3,Mild sunny day,0.2,57,14.25,11.3408,246.2018,20.0,year_area100_01,1.343412915041668
day_3,Mild sunny day,0.2,58,14.5,11.2716,240.2087,20.0,year_area100_01,1.396644671607945
day_3,Mild sunny day,0.2,59,14.75,11.1906,233.1869,20.0,year_area100_01,1.4589765770135417
day_3,Mild sunny day,0.2,60,15.0,11.0981,225.1666,20.0,year_area100_01,1.5301634593257871
day_3,Mild sunny day,0.2,61,15.25,10.9944,216.1821,20.0,year_area100_01,1.6099461521611178
day_3,Mild sunny day,0.2,62,15.5,10.8801,206.2719,20.0,year_area100_01,1.6979090625016542
day_3,Mild sunny day,0.2,63,15.75,10.7555,195.4783,20.0,year_area100_01,1.7937657177181836
day_3,Mild sunny day,0.2,64,16.0,10.6213,183.8478,20.0,year_area100_01,1.8970258549287284
day_3,Mild sunny day,0.2,65,16.25,10.478,171.4299,20.0,year_area100_01,2.0072836986460962
day_3,Mild sunny day,0.2,66,16.5,10.3263,158.278,20.0,year_area100_01,2.1240254343514366
day_3,Mild sunny day,0.2,67,16.75,10.1667,144.4483,20.0,year_area100_01,2.246822417576825
day_3,Mild sunny day,0.2,68,17.0,10.0,130.0,20.0,year_area100_01,2.375093673156869
day_3,Mild sunny day,0.2,69,17.25,9.8269,114.9951,20.0,year_area100_01,2.50829603235865
day_3,Mild sunny day,0.2,70,17.5,9.6481,99.4977,20.0,year_area100_01,2.6458791585597656
day_3,Mild sunny day,0.2,71,17.75,9.4643,83.5743,20.0,year_area100_01,2.7872845232641184
day_3,Mild sunny day,0.2,72,18.0,9.2765,67.293,20.0,year_area100_01,2.931806045871134
day_3,Mild sunny day,0.2,73,18.25,9.0853,50.7235,20.0,year_area100_01,3.0789216390049057
day_3,Mild sunny day,0.2,74,18.5,8.8916,33.9368,20.0,year_area100_01,3.227962687169263
day_3,Mild sunny day,0.2,75,18.75,8.6962,17.0048,20.0,year_area100_01,3.378304866533846
day_3,Mild sunny day,0.2,76,19.0,8.5,0.0,20.0,year_area100_01,3.5292744416814217
day_3,Mild sunny day,0.2,77,19.25,8.3038,0.0,20.0,year_area100_01,3.622201861079439
day_3,Mild sunny day,0.2,78,19.5,8.1084,0.0,20.0,year_area100_01,3.714750371529861
day_3,Mild sunny day,0.2,79,19.75,7.9147,0.0,20.0,year_area100_01,3.8064937004666395
day_3,Mild sunny day,0.2,80,20.0,7.7235,0.0,20.0,year_area100_01,3.89705293894218
day_3,Mild sunny day,0.2,81,20.25,7.5357,0.0,20.0,year_area100_01,3.9860018143904346
day_3,Mild sunny day,0.2,82,20.5,7.3519,0.0,20.0,year_area100_01,4.073056145100708
day_3,Mild sunny day,0.2,83,20.75,7.1731,0.0,20.0,year_area100_01,4.157742294888504
day_3,Mild sunny day,0.2,84,21.0,7.0,0.0,20.0,year_area100_01,4.239728718424676
day_3,Mild sunny day,0.2,85,21.25,6.8333,0.0,20.0,year_area100_01,4.318683870380076
day_3,Mild sunny day,0.2,86,21.5,6.6737,0.0,20.0,year_area100_01,4.394276205425557
day_3,Mild sunny day,0.2,87,21.75,6.522,0.0,20.0,year_area100_01,4.466126814613526
day_3,Mild sunny day,0.2,88,22.0,6.3787,0.0,20.0,year_area100_01,4.5339988798517314
day_3,Mild sunny day,0.2,89,22.25,6.2445,0.0,20.0,year_area100_01,4.597560855811027
day_3,Mild sunny day,0.2,90,22.5,6.1199,0.0,20.0,year_area100_01,4.656575924399167
day_3,Mild sunny day,0.2,91,22.75,6.0056,0.0,20.0,year_area100_01,4.710712540287002
day_3,Mild sunny day,0.2,92,23.0,5.9019,0.0,20.0,year_area100_01,4.759828612619186
day_3,Mild sunny day,0.2,93,23.25,5.8094,0.0,20.0,year_area100_01,4.80363995968502
day_3,Mild sunny day,0.2,94,23.5,5.7284,0.0,20.0,year_area100_01,4.842004490629156
day_3,Mild sunny day,0.2,95,23.75,5.6592,0.0,20.0,year_area100_01,4.874780114596245
day_3,Mild sunny day,0.2,0,0.0,5.6022,0.0,20.0,year_area100_02,2.932983999297469
day_3,Mild sunny day,0.2,1,0.25,5.5576,0.0,20.0,year_area100_02,2.935712546767576
day_3,Mild sunny day,0.2,2,0.5,5.5257,0.0,20.0,year_area100_02,2.9376641311688414
day_3,Mild sunny day,0.2,3,0.75,5.5064,0.0,20.0,year_area100_02,2.938844870320704
day_3,Mild sunny day,0.2,4,1.0,5.5,0.0,20.0,year_area100_02,2.939236410764845
day_3,Mild sunny day,0.2,5,1.25,5.5064,0.0,20.0,year_area100_02,2.938844870320704
day_3,Mild sunny day,0.2,6,1.5,5.5257,0.0,20.0,year_area100_02,2.9376641311688414
day_3,Mild sunny day,0.2,7,1.75,5.5576,0.0,20.0,year_area100_02,2.935712546767576
day_3,Mild sunny day,0.2,8,2.0,5.6022,0.0,20.0,year_area100_02,2.932983999297469
day_3,Mild sunny day,0.2,9,2.25,5.6592,0.0,20.0,year_area100_02,2.9294968422168384
day_3,Mild sunny day,0.2,10,2.5,5.7284,0.0,20.0,year_area100_02,2.925263311164564
day_3,Mild sunny day,0.2,11,2.75,5.8094,0.0,20.0,year_area100_02,2.9203078774184053
day_3,Mild sunny day,0.2,12,3.0,5.9019,0.0,20.0,year_area100_02,2.91464889443668
day_3,Mild sunny day,0.2,13,3.25,6.0056,0.0,20.0,year_area100_02,2.9083047156777084
day_3,Mild sunny day,0.2,14,3.5,6.1199,0.0,20.0,year_area100_02,2.9013120480581285
day_3,Mild sunny day,0.2,15,3.75,6.2445,0.0,20.0,year_area100_02,2.893689245036259
day_3,Mild sunny day,0.2,16,4.0,6.3787,0.0,20.0,year_area100_02,2.8854791313481782
day_3,Mild sunny day,0.2,17,4.25,6.522,0.0,20.0,year_area100_02,2.8767122960910845
day_3,Mild sunny day,0.2,18,4.5,6.6737,0.0,20.0,year_area100_02,2.867431564001056
day_3,Mild sunny day,0.2,19,4.75,6.8333,0.0,20.0,year_area100_02,2.8576675241752905
day_3,Mild sunny day,0.2,20,5.0,7.0,0.0,20.0,year_area100_02,2.8474691191693062
day_3,Mild sunny day,0.2,21,5.25,7.1731,0.0,20.0,year_area100_02,2.836879173719181
day_3,Mild sunny day,0.2,22,5.5,7.3519,0.0,20.0,year_area100_02,2.825940512560993
day_3,Mild sunny day,0.2,23,5.75,7.5357,0.0,20.0,year_area100_02,2.8146959604308197
day_3,Mild sunny day,0.2,24,6.0,7.7235,0.0,20.0,year_area100_02,2.803206695523058
day_3,Mild sunny day,0.2,25,6.25,7.9147,0.0,20.0,year_area100_02,2.791509424754347
day_3,Mild sunny day,0.2,26,6.5,8.1084,0.0,20.0,year_area100_02,2.779659208499643
day_3,Mild sunny day,0.2,27,6.75,8.3038,0.0,20.0,year_area100_02,2.7677049893144643
day_3,Mild sunny day,0.2,28,7.0,8.5,0.0,20.0,year_area100_02,2.755701827573768
day_3,Mild sunny day,0.2,29,7.25,8.6962,17.0048,20.0,year_area100_02,2.6368807934499077
day_3,Mild sunny day,0.2,30,7.5,8.8916,33.9368,20.0,year_area100_02,2.5185660045907703
day_3,Mild sunny day,0.2,31,7.75,9.0853,50.7235,20.0,year_area100_02,2.4012679395913326
day_3,Mild sunny day,0.2,32,8.0,9.2765,67.293,20.0,year_area100_02,2.285487190248758
day_3,Mild sunny day,0.2,33,8.25,9.4643,83.5743,20.0,year_area100_02,2.1717248127120916
day_3,Mild sunny day,0.2,34,8.5,9.6481,99.4977,20.0,year_area100_02,2.0604553435522526
day_3,Mild sunny day,0.2,35,8.75,9.8269,114.9951,20.0,year_area100_02,1.9521677400089237
day_3,Mild sunny day,0.2,36,9.0,10.0,130.0,20.0,year_area100_02,1.8473225552544765
day_3,Mild sunny day,0.2,37,9.25,10.1667,144.4483,20.0,year_area100_02,1.7463652665477924
day_3,Mild sunny day,0.2,38,9.5,10.3263,158.278,20.0,year_area100_02,1.649728159723448
day_3,Mild sunny day,0.2,39,9.75,10.478,171.4299,20.0,year_area100_02,1.5578320498697213
day_3,Mild sunny day,0.2,40,10.0,10.6213,183.8478,20.0,year_area100_02,1.4710605537247083
day_3,Mild sunny day,0.2,41,10.25,10.7555,195.4783,20.0,year_area100_02,1.389791935099646
day_3,Mild sunny day,0.2,42,10.5,10.8801,206.2719,20.0,year_area100_02,1.3143677238074698
day_3,Mild sunny day,0.2,43,10.75,10.9944,216.1821,20.0,year_area100_02,1.2451228404081318
day_3,Mild sunny day,0.2,44,11.0,11.0981,225.1666,20.0,year_area100_02,1.1823413513352174
day_3,Mild sunny day,0.2,45,11.25,11.1906,233.1869,20.0,year_area100_02,1.1263018062842716
day_3,Mild sunny day,0.2,46,11.5,11.2716,240.2087,20.0,year_area100_02,1.0772380186439123
day_3,Mild sunny day,0.2,47,11.75,11.3408,246.2018,20.0,year_area100_02,1.035358047117211
day_3,Mild sunny day,0.2,48,12.0,11.3978,251.1407,20.0,year_area100_02,1.0008465445627608
day_3,Mild sunny day,0.2,49,12.25,11.4424,255.0042,20.0,year_area100_02,0.9738489171886058
day_3,Mild sunny day,0.2,50,12.5,11.4743,257.7757,20.0,year_area100_02,0.9544877935213727
day_3,Mild sunny day,0.2,51,12.75,11.4936,259.4433,20.0,year_area100_02,0.94283180714601
day_3,Mild sunny day,0.2,52,13.0,11.5,260.0,20.0,year_area100_02,0.9389432829351854
day_3,Mild sunny day,0.2,53,13.25,11.4936,259.4433,20.0,year_area100_02,0.94283180714601
day_3,Mild sunny day,0.2,54,13.5,11.4743,257.7757,20.0,year_area100_02,0.9544877935213727
day_3,Mild sunny day,0.2,55,13.75,11.4424,255.0042,20.0,year_area100_02,0.9738489171886058
day_3,Mild sunny day,0.2,56,14.0,11.3978,251.1407,20.0,year_area100_02,1.0008465445627608
day_3,Mild sunny day,0.2,57,14.25,11.3408,246.2018,20.0,year_area100_02,1.035358047117211
day_3,Mild sunny day,0.2,58,14.5,11.2716,240.2087,20.0,year_area100_02,1.0772380186439123
day_3,Mild sunny day,0.2,59,14.75,11.1906,233.1869,20.0,year_area100_02,1.1263018062842716
day_3,Mild sunny day,0.2,60,15.0,11.0981,225.1666,20.0,year_area100_02,1.1823413513352174
day_3,Mild sunny day,0.2,61,15.25,10.9944,216.1821,20.0,year_area100_02,1.2451228404081318
day_3,Mild sunny day,0.2,62,15.5,10.8801,206.2719,20.0,year_area100_02,1.3143677238074698
day_3,Mild sunny day,0.2,63,15.75,10.7555,195.4783,20.0,year_area100_02,1.389791935099646
day_3,Mild sunny day,0.2,64,16.0,10.6213,183.8478,20.0,year_area100_02,1.4710605537247083
day_3,Mild sunny day,0.2,65,16.25,10.478,171.4299,20.0,year_area100_02,1.5578320498697213
day_3,Mild sunny day,0.2,66,16.5,10.3263,158.278,20.0,year_area100_02,1.649728159723448
day_3,Mild sunny day,0.2,67,16.75,10.1667,144.4483,20.0,year_area100_02,1.7463652665477924
day_3,Mild sunny day,0.2,68,17.0,10.0,130.0,20.0,year_area100_02,1.8473225552544765
day_3,Mild sunny day,0.2,69,17.25,9.8269,114.9951,20.0,year_area100_02,1.9521677400089237
day_3,Mild sunny day,0.2,70,17.5,9.6481,99.4977,20.0,year_area100_02,2.0604553435522526
day_3,Mild sunny day,0.2,71,17.75,9.4643,83.5743,20.0,year_area100_02,2.1717248127120916
day_3,Mild sunny day,0.2,72,18.0,9.2765,67.293,20.0,year_area100_02,2.285487190248758
day_3,Mild sunny day,0.2,73,18.25,9.0853,50.7235,20.0,year_area100_02,2.4012679395913326
day_3,Mild sunny day,0.2,74,18.5,8.8916,33.9368,20.0,year_area100_02,2.5185660045907703
day_3,Mild sunny day,0.2,75,18.75,8.6962,17.0048,20.0,year_area100_02,2.6368807934499077
day_3,Mild sunny day,0.2,76,19.0,8.5,0.0,20.0,year_area100_02,2.755701827573768
day_3,Mild sunny day,0.2,77,19.25,8.3038,0.0,20.0,year_area100_02,2.7677049893144643
day_3,Mild sunny day,0.2,78,19.5,8.1084,0.0,20.0,year_area100_02,2.779659208499643
day_3,Mild sunny day,0.2,79,19.75,7.9147,0.0,20.0,year_area100_02,2.791509424754347
day_3,Mild sunny day,0.2,80,20.0,7.7235,0.0,20.0,year_area100_02,2.803206695523058
day_3,Mild sunny day,0.2,81,20.25,7.5357,0.0,20.0,year_area100_02,2.8146959604308197
day_3,Mild sunny day,0.2,82,20.5,7.3519,0.0,20.0,year_area100_02,2.825940512560993
day_3,Mild sunny day,0.2,83,20.75,7.1731,0.0,20.0,year_area100_02,2.836879173719181
day_3,Mild sunny day,0.2,84,21.0,7.0,0.0,20.0,year_area100_02,2.8474691191693062
day_3,Mild sunny day,0.2,85,21.25,6.8333,0.0,20.0,year_area100_02,2.8576675241752905
day_3,Mild sunny day,0.2,86,21.5,6.6737,0.0,20.0,year_area100_02,2.867431564001056
day_3,Mild sunny day,0.2,87,21.75,6.522,0.0,20.0,year_area100_02,2.8767122960910845
day_3,Mild sunny day,0.2,88,22.0,6.3787,0.0,20.0,year_area100_02,2.8854791313481782
day_3,Mild sunny day,0.2,89,22.25,6.2445,0.0,20.0,year_area100_02,2.893689245036259
day_3,Mild sunny day,0.2,90,22.5,6.1199,0.0,20.0,year_area100_02,2.9013120480581285
day_3,Mild sunny day,0.2,91,22.75,6.0056,0.0,20.0,year_area100_02,2.9083047156777084
day_3,Mild sunny day,0.2,92,23.0,5.9019,0.0,20.0,year_area100_02,2.91464889443668
day_3,Mild sunny day,0.2,93,23.25,5.8094,0.0,20.0,year_area100_02,2.9203078774184053
day_3,Mild sunny day,0.2,94,23.5,5.7284,0.0,20.0,year_area100_02,2.925263311164564
day_3,Mild sunny day,0.2,95,23.75,5.6592,0.0,20.0,year_area100_02,2.9294968422168384
day_3,Mild sunny day,0.2,0,0.0,5.6022,0.0,20.0,year_area100_03,4.382782613435259
day_3,Mild sunny day,0.2,1,0.25,5.5576,0.0,20.0,year_area100_03,4.391711840606295
day_3,Mild sunny day,0.2,2,0.5,5.5257,0.0,20.0,year_area100_03,4.3980984403093455
day_3,Mild sunny day,0.2,3,0.75,5.5064,0.0,20.0,year_area100_03,4.401962433233136
day_3,Mild sunny day,0.2,4,1.0,5.5,0.0,20.0,year_area100_03,4.403243757311491
day_3,Mild sunny day,0.2,5,1.25,5.5064,0.0,20.0,year_area100_03,4.401962433233136
day_3,Mild sunny day,0.2,6,1.5,5.5257,0.0,20.0,year_area100_03,4.3980984403093455
day_3,Mild sunny day,0.2,7,1.75,5.5576,0.0,20.0,year_area100_03,4.391711840606295
day_3,Mild sunny day,0.2,8,2.0,5.6022,0.0,20.0,year_area100_03,4.382782613435259
day_3,Mild sunny day,0.2,9,2.25,5.6592,0.0,20.0,year_area100_03,4.371370820862409
day_3,Mild sunny day,0.2,10,2.5,5.7284,0.0,20.0,year_area100_03,4.357516504265195
day_3,Mild sunny day,0.2,11,2.75,5.8094,0.0,20.0,year_area100_03,4.341299746398515
day_3,Mild sunny day,0.2,12,3.0,5.9019,0.0,20.0,year_area100_03,4.3227806093285395
day_3,Mild sunny day,0.2,13,3.25,6.0056,0.0,20.0,year_area100_03,4.302019155121443
day_3,Mild sunny day,0.2,14,3.5,6.1199,0.0,20.0,year_area100_03,4.279135507909571
day_3,Mild sunny day,0.2,15,3.75,6.2445,0.0,20.0,year_area100_03,4.254189729759098
day_3,Mild sunny day,0.2,16,4.0,6.3787,0.0,20.0,year_area100_03,4.2273219654910905
day_3,Mild sunny day,0.2,17,4.25,6.522,0.0,20.0,year_area100_03,4.198632318549173
day_3,Mild sunny day,0.2,18,4.5,6.6737,0.0,20.0,year_area100_03,4.168260933754413
day_3,Mild sunny day,0.2,19,4.75,6.8333,0.0,20.0,year_area100_03,4.136307914550435
day_3,Mild sunny day,0.2,20,5.0,7.0,0.0,20.0,year_area100_03,4.102933426447032
day_3,Mild sunny day,0.2,21,5.25,7.1731,0.0,20.0,year_area100_03,4.0682776142652735
day_3,Mild sunny day,0.2,22,5.5,7.3519,0.0,20.0,year_area100_03,4.03248062282623
day_3,Mild sunny day,0.2,23,5.75,7.5357,0.0,20.0,year_area100_03,3.9956825969509717
day_3,Mild sunny day,0.2,24,6.0,7.7235,0.0,20.0,year_area100_03,3.9580837435267417
day_3,Mild sunny day,0.2,25,6.25,7.9147,0.0,20.0,year_area100_03,3.9198041866858855
day_3,Mild sunny day,0.2,26,6.5,8.1084,0.0,20.0,year_area100_03,3.881024112626922
day_3,Mild sunny day,0.2,27,6.75,8.3038,0.0,20.0,year_area100_03,3.841903686859645
day_3,Mild sunny day,0.2,28,7.0,8.5,0.0,20.0,year_area100_03,3.8026230955825735
day_3,Mild sunny day,0.2,29,7.25,8.6962,17.0048,20.0,year_area100_03,3.7611751112336638
day_3,Mild sunny day,0.2,30,7.5,8.8916,33.9368,20.0,year_area100_03,3.7198965713167125
day_3,Mild sunny day,0.2,31,7.75,9.0853,50.7235,20.0,year_area100_03,3.678976902715089
day_3,Mild sunny day,0.2,32,8.0,9.2765,67.293,20.0,year_area100_03,3.6385854351487996
day_3,Mild sunny day,0.2,33,8.25,9.4643,83.5743,20.0,year_area100_03,3.598911404314631
day_3,Mild sunny day,0.2,34,8.5,9.6481,99.4977,20.0,year_area100_03,3.5600838181481533
day_3,Mild sunny day,0.2,35,8.75,9.8269,114.9951,20.0,year_area100_03,3.5223115634074826
day_3,Mild sunny day,0.2,36,9.0,10.0,130.0,20.0,year_area100_03,3.485743260852204
day_3,Mild sunny day,0.2,37,9.25,10.1667,144.4483,20.0,year_area100_03,3.4505272253433708
day_3,Mild sunny day,0.2,38,9.5,10.3263,158.278,20.0,year_area100_03,3.4168115040808202
day_3,Mild sunny day,0.2,39,9.75,10.478,171.4299,20.0,year_area100_03,3.384763808071492
day_3,Mild sunny day,0.2,40,10.0,10.6213,183.8478,20.0,year_area100_03,3.354491403882985
day_3,Mild sunny day,0.2,41,10.25,10.7555,195.4783,20.0,year_area100_03,3.3261412425787285
day_3,Mild sunny day,0.2,42,10.5,10.8801,206.2719,20.0,year_area100_03,3.299819736759584
day_3,Mild sunny day,0.2,43,10.75,10.9944,216.1821,20.0,year_area100_03,3.275672958030697
day_3,Mild sunny day,0.2,44,11.0,11.0981,225.1666,20.0,year_area100_03,3.2537663599198834
day_3,Mild sunny day,0.2,45,11.25,11.1906,233.1869,20.0,year_area100_03,3.234224973681787
day_3,Mild sunny day,0.2,46,11.5,11.2716,240.2087,20.0,year_area100_03,3.217113233182448
day_3,Mild sunny day,0.2,47,11.75,11.3408,246.2018,20.0,year_area100_03,3.202495049711243
day_3,Mild sunny day,0.2,48,12.0,11.3978,251.1407,20.0,year_area100_03,3.1904537561949837
day_3,Mild sunny day,0.2,49,12.25,11.4424,255.0042,20.0,year_area100_03,3.1810320961148246
day_3,Mild sunny day,0.2,50,12.5,11.4743,257.7757,20.0,year_area100_03,3.1742922473351243
day_3,Mild sunny day,0.2,51,12.75,11.4936,259.4433,20.0,year_area100_03,3.170215705914052
day_3,Mild sunny day,0.2,52,13.0,11.5,260.0,20.0,year_area100_03,3.1688634261218342
day_3,Mild sunny day,0.2,53,13.25,11.4936,259.4433,20.0,year_area100_03,3.170215705914052
day_3,Mild sunny day,0.2,54,13.5,11.4743,257.7757,20.0,year_area100_03,3.1742922473351243
day_3,Mild sunny day,0.2,55,13.75,11.4424,255.0042,20.0,year_area100_03,3.1810320961148246
day_3,Mild sunny day,0.2,56,14.0,11.3978,251.1407,20.0,year_area100_03,3.1904537561949837
day_3,Mild sunny day,0.2,57,14.25,11.3408,246.2018,20.0,year_area100_03,3.202495049711243
day_3,Mild sunny day,0.2,58,14.5,11.2716,240.2087,20.0,year_area100_03,3.217113233182448
day_3,Mild sunny day,0.2,59,14.75,11.1906,233.1869,20.0,year_area100_03,3.234224973681787
day_3,Mild sunny day,0.2,60,15.0,11.0981,225.1666,20.0,year_area100_03,3.2537663599198834
day_3,Mild sunny day,0.2,61,15.25,10.9944,216.1821,20.0,year_area100_03,3.275672958030697
day_3,Mild sunny day,0.2,62,15.5,10.8801,206.2719,20.0,year_area100_03,3.299819736759584
day_3,Mild sunny day,0.2,63,15.75,10.7555,195.4783,20.0,year_area100_03,3.3261412425787285
day_3,Mild sunny day,0.2,64,16.0,10.6213,183.8478,20.0,year_area100_03,3.354491403882985
day_3,Mild sunny day,0.2,65,16.25,10.478,171.4299,20.0,year_area100_03,3.384763808071492
day_3,Mild sunny day,0.2,66,16.5,10.3263,158.278,20.0,year_area100_03,3.4168115040808202
day_3,Mild sunny day,0.2,67,16.75,10.1667,144.4483,20.0,year_area100_03,3.4505272253433708
day_3,Mild sunny day,0.2,68,17.0,10.0,130.0,20.0,year_area100_03,3.485743260852204
day_3,Mild sunny day,0.2,69,17.25,9.8269,114.9951,20.0,year_area100_03,3.5223115634074826
day_3,Mild sunny day,0.2,70,17.5,9.6481,99.4977,20.0,year_area100_03,3.5600838181481533
day_3,Mild sunny day,0.2,71,17.75,9.4643,83.5743,20.0,year_area100_03,3.598911404314631
day_3,Mild sunny day,0.2,72,18.0,9.2765,67.293,20.0,year_area100_03,3.6385854351487996
day_3,Mild sunny day,0.2,73,18.25,9.0853,50.7235,20.0,year_area100_03,3.678976902715089
day_3,Mild sunny day,0.2,74,18.5,8.8916,33.9368,20.0,year_area100_03,3.7198965713167125
day_3,Mild sunny day,0.2,75,18.75,8.6962,17.0048,20.0,year_area100_03,3.7611751112336638
day_3,Mild sunny day,0.2,76,19.0,8.5,0.0,20.0,year_area100_03,3.8026230955825735
day_3,Mild sunny day,0.2,77,19.25,8.3038,0.0,20.0,year_area100_03,3.841903686859645
day_3,Mild sunny day,0.2,78,19.5,8.1084,0.0,20.0,year_area100_03,3.881024112626922
day_3,Mild sunny day,0.2,79,19.75,7.9147,0.0,20.0,year_area100_03,3.9198041866858855
day_3,Mild sunny day,0.2,80,20.0,7.7235,0.0,20.0,year_area100_03,3.9580837435267417
day_3,Mild sunny day,0.2,81,20.25,7.5357,0.0,20.0,year_area100_03,3.9956825969509717
day_3,Mild sunny day,0.2,82,20.5,7.3519,0.0,20.0,year_area100_03,4.03248062282623
day_3,Mild sunny day,0.2,83,20.75,7.1731,0.0,20.0,year_area100_03,4.0682776142652735
day_3,Mild sunny day,0.2,84,21.0,7.0,0.0,20.0,year_area100_03,4.102933426447032
day_3,Mild sunny day,0.2,85,21.25,6.8333,0.0,20.0,year_area100_03,4.136307914550435
day_3,Mild sunny day,0.2,86,21.5,6.6737,0.0,20.0,year_area100_03,4.168260933754413
day_3,Mild sunny day,0.2,87,21.75,6.522,0.0,20.0,year_area100_03,4.198632318549173
day_3,Mild sunny day,0.2,88,22.0,6.3787,0.0,20.0,year_area100_03,4.2273219654910905
day_3,Mild sunny day,0.2,89,22.25,6.2445,0.0,20.0,year_area100_03,4.254189729759098
day_3,Mild sunny day,0.2,90,22.5,6.1199,0.0,20.0,year_area100_03,4.279135507909571
day_3,Mild sunny day,0.2,91,22.75,6.0056,0.0,20.0,year_area100_03,4.302019155121443
day_3,Mild sunny day,0.2,92,23.0,5.9019,0.0,20.0,year_area100_03,4.3227806093285395
day_3,Mild sunny day,0.2,93,23.25,5.8094,0.0,20.0,year_area100_03,4.341299746398515
day_3,Mild sunny day,0.2,94,23.5,5.7284,0.0,20.0,year_area100_03,4.357516504265195
day_3,Mild sunny day,0.2,95,23.75,5.6592,0.0,20.0,year_area100_03,4.371370820862409
day_3,Mild sunny day,0.2,0,0.0,5.6022,0.0,20.0,year_area100_04,3.574439807567148
day_3,Mild sunny day,0.2,1,0.25,5.5576,0.0,20.0,year_area100_04,3.5843040185984125
day_3,Mild sunny day,0.2,2,0.5,5.5257,0.0,20.0,year_area100_04,3.5913593623629274
day_3,Mild sunny day,0.2,3,0.75,5.5064,0.0,20.0,year_area100_04,3.595627955925784
day_3,Mild sunny day,0.2,4,1.0,5.5,0.0,20.0,year_area100_04,3.5970434480917057
day_3,Mild sunny day,0.2,5,1.25,5.5064,0.0,20.0,year_area100_04,3.595627955925784
day_3,Mild sunny day,0.2,6,1.5,5.5257,0.0,20.0,year_area100_04,3.5913593623629274
day_3,Mild sunny day,0.2,7,1.75,5.5576,0.0,20.0,year_area100_04,3.5843040185984125
day_3,Mild sunny day,0.2,8,2.0,5.6022,0.0,20.0,year_area100_04,3.574439807567148
day_3,Mild sunny day,0.2,9,2.25,5.6592,0.0,20.0,year_area100_04,3.5618330804644103
day_3,Mild sunny day,0.2,10,2.5,5.7284,0.0,20.0,year_area100_04,3.5465280714203846
day_3,Mild sunny day,0.2,11,2.75,5.8094,0.0,20.0,year_area100_04,3.528613248695442
day_3,Mild sunny day,0.2,12,3.0,5.9019,0.0,20.0,year_area100_04,3.508154963484859
day_3,Mild sunny day,0.2,13,3.25,6.0056,0.0,20.0,year_area100_04,3.4852195669839134
day_3,Mild sunny day,0.2,14,3.5,6.1199,0.0,20.0,year_area100_04,3.4599397615831604
day_3,Mild sunny day,0.2,15,3.75,6.2445,0.0,20.0,year_area100_04,3.432381898477878
day_3,Mild sunny day,0.2,16,4.0,6.3787,0.0,20.0,year_area100_04,3.402700797123713
day_3,Mild sunny day,0.2,17,4.25,6.522,0.0,20.0,year_area100_04,3.371007042846129
day_3,Mild sunny day,0.2,18,4.5,6.6737,0.0,20.0,year_area100_04,3.337455455100773
day_3,Mild sunny day,0.2,19,4.75,6.8333,0.0,20.0,year_area100_04,3.302156619213107
day_3,Mild sunny day,0.2,20,5.0,7.0,0.0,20.0,year_area100_04,3.265287471703873
day_3,Mild sunny day,0.2,21,5.25,7.1731,0.0,20.0,year_area100_04,3.227002832028717
day_3,Mild sunny day,0.2,22,5.5,7.3519,0.0,20.0,year_area100_04,3.1874575196432873
day_3,Mild sunny day,0.2,23,5.75,7.5357,0.0,20.0,year_area100_04,3.146806354003232
day_3,Mild sunny day,0.2,24,6.0,7.7235,0.0,20.0,year_area100_04,3.105270505759475
day_3,Mild sunny day,0.2,25,6.25,7.9147,0.0,20.0,year_area100_04,3.0629826773025726
day_3,Mild sunny day,0.2,26,6.5,8.1084,0.0,20.0,year_area100_04,3.0201419222183574
day_3,Mild sunny day,0.2,27,6.75,8.3038,0.0,20.0,year_area100_04,2.9769251770275686
day_3,Mild sunny day,0.2,28,7.0,8.5,0.0,20.0,year_area100_04,2.9335314953160405
day_3,Mild sunny day,0.2,29,7.25,8.6962,17.0048,20.0,year_area100_04,2.7323415408984637
day_3,Mild sunny day,0.2,30,7.5,8.8916,33.9368,20.0,year_area100_04,2.5320040715910257
day_3,Mild sunny day,0.2,31,7.75,9.0853,50.7235,20.0,year_area100_04,2.3333909057148796
day_3,Mild sunny day,0.2,32,8.0,9.2765,67.293,20.0,year_area100_04,2.137346176817933
day_3,Mild sunny day,0.2,33,8.25,9.4643,83.5743,20.0,year_area100_04,1.9447277839509534
day_3,Mild sunny day,0.2,34,8.5,9.6481,99.4977,20.0,year_area100_04,1.756315211601763
day_3,Mild sunny day,0.2,35,8.75,9.8269,114.9951,20.0,year_area100_04,1.5729615652968105
day_3,Mild sunny day,0.2,36,9.0,10.0,130.0,20.0,year_area100_04,1.3954387521455192
day_3,Mild sunny day,0.2,37,9.25,10.1667,144.4483,20.0,year_area100_04,1.2244964084246979
day_3,Mild sunny day,0.2,38,9.5,10.3263,158.278,20.0,year_area100_04,1.0608646834326128
day_3,Mild sunny day,0.2,39,9.75,10.478,171.4299,20.0,year_area100_04,0.9052698608945703
day_3,Mild sunny day,0.2,40,10.0,10.6213,183.8478,20.0,year_area100_04,0.7583440347998259
day_3,Mild sunny day,0.2,41,10.25,10.7555,195.4783,20.0,year_area100_04,0.6207375506297687
day_3,Mild sunny day,0.2,42,10.5,10.8801,206.2719,20.0,year_area100_04,0.4930203296325967
day_3,Mild sunny day,0.2,43,10.75,10.9944,216.1821,20.0,year_area100_04,0.3757786886459217
day_3,Mild sunny day,0.2,44,11.0,11.0981,225.1666,20.0,year_area100_04,0.2694715022899069
day_3,Mild sunny day,0.2,45,11.25,11.1906,233.1869,20.0,year_area100_04,0.17458873422834575
day_3,Mild sunny day,0.2,46,11.5,11.2716,240.2087,20.0,year_area100_04,0.09151502297267433
day_3,Mild sunny day,0.2,47,11.75,11.3408,246.2018,20.0,year_area100_04,0.02059696102860753
day_3,Mild sunny day,0.2,48,12.0,11.3978,251.1407,20.0,year_area100_04,0.0
day_3,Mild sunny day,0.2,49,12.25,11.4424,255.0042,20.0,year_area100_04,0.0
day_3,Mild sunny day,0.2,50,12.5,11.4743,257.7757,20.0,year_area100_04,0.0
day_3,Mild sunny day,0.2,51,12.75,11.4936,259.4433,20.0,year_area100_04,0.0
day_3,Mild sunny day,0.2,52,13.0,11.5,260.0,20.0,year_area100_04,0.0
day_3,Mild sunny day,0.2,53,13.25,11.4936,259.4433,20.0,year_area100_04,0.0
day_3,Mild sunny day,0.2,54,13.5,11.4743,257.7757,20.0,year_area100_04,0.0
day_3,Mild sunny day,0.2,55,13.75,11.4424,255.0042,20.0,year_area100_04,0.0
day_3,Mild sunny day,0.2,56,14.0,11.3978,251.1407,20.0,year_area100_04,0.0
day_3,Mild sunny day,0.2,57,14.25,11.3408,246.2018,20.0,year_area100_04,0.02059696102860753
day_3,Mild sunny day,0.2,58,14.5,11.2716,240.2087,20.0,year_area100_04,0.09151502297267433
day_3,Mild sunny day,0.2,59,14.75,11.1906,233.1869,20.0,year_area100_04,0.17458873422834575
day_3,Mild sunny day,0.2,60,15.0,11.0981,225.1666,20.0,year_area100_04,0.2694715022899069
day_3,Mild sunny day,0.2,61,15.25,10.9944,216.1821,20.0,year_area100_04,0.3757786886459217
day_3,Mild sunny day,0.2,62,15.5,10.8801,206.2719,20.0,year_area100_04,0.4930203296325967
day_3,Mild sunny day,0.2,63,15.75,10.7555,195.4783,20.0,year_area100_04,0.6207375506297687
day_3,Mild sunny day,0.2,64,16.0,10.6213,183.8478,20.0,year_area100_04,0.7583440347998259
day_3,Mild sunny day,0.2,65,16.25,10.478,171.4299,20.0,year_area100_04,0.9052698608945703
day_3,Mild sunny day,0.2,66,16.5,10.3263,158.278,20.0,year_area100_04,1.0608646834326128
day_3,Mild sunny day,0.2,67,16.75,10.1667,144.4483,20.0,year_area100_04,1.2244964084246979
day_3,Mild sunny day,0.2,68,17.0,10.0,130.0,20.0,year_area100_04,1.3954387521455192
day_3,Mild sunny day,0.2,69,17.25,9.8269,114.9951,20.0,year_area100_04,1.5729615652968105
day_3,Mild sunny day,0.2,70,17.5,9.6481,99.4977,20.0,year_area100_04,1.756315211601763
day_3,Mild sunny day,0.2,71,17.75,9.4643,83.5743,20.0,year_area100_04,1.9447277839509534
day_3,Mild sunny day,0.2,72,18.0,9.2765,67.293,20.0,year_area100_04,2.137346176817933
day_3,Mild sunny day,0.2,73,18.25,9.0853,50.7235,20.0,year_area100_04,2.3333909057148796
day_3,Mild sunny day,0.2,74,18.5,8.8916,33.9368,20.0,year_area100_04,2.5320040715910257
day_3,Mild sunny day,0.2,75,18.75,8.6962,17.0048,20.0,year_area100_04,2.7323415408984637
day_3,Mild sunny day,0.2,76,19.0,8.5,0.0,20.0,year_area100_04,2.9335314953160405
day_3,Mild sunny day,0.2,77,19.25,8.3038,0.0,20.0,year_area100_04,2.9769251770275686
day_3,Mild sunny day,0.2,78,19.5,8.1084,0.0,20.0,year_area100_04,3.0201419222183574
day_3,Mild sunny day,0.2,79,19.75,7.9147,0.0,20.0,year_area100_04,3.0629826773025726
day_3,Mild sunny day,0.2,80,20.0,7.7235,0.0,20.0,year_area100_04,3.105270505759475
day_3,Mild sunny day,0.2,81,20.25,7.5357,0.0,20.0,year_area100_04,3.146806354003232
day_3,Mild sunny day,0.2,82,20.5,7.3519,0.0,20.0,year_area100_04,3.1874575196432873
day_3,Mild sunny day,0.2,83,20.75,7.1731,0.0,20.0,year_area100_04,3.227002832028717
day_3,Mild sunny day,0.2,84,21.0,7.0,0.0,20.0,year_area100_04,3.265287471703873
day_3,Mild sunny day,0.2,85,21.25,6.8333,0.0,20.0,year_area100_04,3.302156619213107
day_3,Mild sunny day,0.2,86,21.5,6.6737,0.0,20.0,year_area100_04,3.337455455100773
day_3,Mild sunny day,0.2,87,21.75,6.522,0.0,20.0,year_area100_04,3.371007042846129
day_3,Mild sunny day,0.2,88,22.0,6.3787,0.0,20.0,year_area100_04,3.402700797123713
day_3,Mild sunny day,0.2,89,22.25,6.2445,0.0,20.0,year_area100_04,3.432381898477878
day_3,Mild sunny day,0.2,90,22.5,6.1199,0.0,20.0,year_area100_04,3.4599397615831604
day_3,Mild sunny day,0.2,91,22.75,6.0056,0.0,20.0,year_area100_04,3.4852195669839134
day_3,Mild sunny day,0.2,92,23.0,5.9019,0.0,20.0,year_area100_04,3.508154963484859
day_3,Mild sunny day,0.2,93,23.25,5.8094,0.0,20.0,year_area100_04,3.528613248695442
day_3,Mild sunny day,0.2,94,23.5,5.7284,0.0,20.0,year_area100_04,3.5465280714203846
day_3,Mild sunny day,0.2,95,23.75,5.6592,0.0,20.0,year_area100_04,3.5618330804644103
day_3,Mild sunny day,0.2,0,0.0,5.6022,0.0,20.0,year_area100_05,3.0551121649158484
day_3,Mild sunny day,0.2,1,0.25,5.5576,0.0,20.0,year_area100_05,3.067936841018895
day_3,Mild sunny day,0.2,2,0.5,5.5257,0.0,20.0,year_area100_05,3.077109647469281
day_3,Mild sunny day,0.2,3,0.75,5.5064,0.0,20.0,year_area100_05,3.0826593391461605
day_3,Mild sunny day,0.2,4,1.0,5.5,0.0,20.0,year_area100_05,3.0844996514120684
day_3,Mild sunny day,0.2,5,1.25,5.5064,0.0,20.0,year_area100_05,3.0826593391461605
day_3,Mild sunny day,0.2,6,1.5,5.5257,0.0,20.0,year_area100_05,3.077109647469281
day_3,Mild sunny day,0.2,7,1.75,5.5576,0.0,20.0,year_area100_05,3.067936841018895
day_3,Mild sunny day,0.2,8,2.0,5.6022,0.0,20.0,year_area100_05,3.0551121649158484
day_3,Mild sunny day,0.2,9,2.25,5.6592,0.0,20.0,year_area100_05,3.0387218837976038
day_3,Mild sunny day,0.2,10,2.5,5.7284,0.0,20.0,year_area100_05,3.018823507422473
day_3,Mild sunny day,0.2,11,2.75,5.8094,0.0,20.0,year_area100_05,2.9955320553070734
day_3,Mild sunny day,0.2,12,3.0,5.9019,0.0,20.0,year_area100_05,2.9689337920888708
day_3,Mild sunny day,0.2,13,3.25,6.0056,0.0,20.0,year_area100_05,2.9391149824053286
day_3,Mild sunny day,0.2,14,3.5,6.1199,0.0,20.0,year_area100_05,2.906248155531376
day_3,Mild sunny day,0.2,15,3.75,6.2445,0.0,20.0,year_area100_05,2.870419576104478
day_3,Mild sunny day,0.2,16,4.0,6.3787,0.0,20.0,year_area100_05,2.8318305282787177
day_3,Mild sunny day,0.2,17,4.25,6.522,0.0,20.0,year_area100_05,2.790624786449869
day_3,Mild sunny day,0.2,18,4.5,6.6737,0.0,20.0,year_area100_05,2.7470036347720166
day_3,Mild sunny day,0.2,19,4.75,6.8333,0.0,20.0,year_area100_05,2.7011108476409325
day_3,Mild sunny day,0.2,20,5.0,7.0,0.0,20.0,year_area100_05,2.6531764640898583
day_3,Mild sunny day,0.2,21,5.25,7.1731,0.0,20.0,year_area100_05,2.6034017682728754
day_3,Mild sunny day,0.2,22,5.5,7.3519,0.0,20.0,year_area100_05,2.5519880443440677
day_3,Mild sunny day,0.2,23,5.75,7.5357,0.0,20.0,year_area100_05,2.49913657645752
day_3,Mild sunny day,0.2,24,6.0,7.7235,0.0,20.0,year_area100_05,2.445134913404779
day_3,Mild sunny day,0.2,25,6.25,7.9147,0.0,20.0,year_area100_05,2.390155584460775
day_3,Mild sunny day,0.2,26,6.5,8.1084,0.0,20.0,year_area100_05,2.3344573835379006
day_3,Mild sunny day,0.2,27,6.75,8.3038,0.0,20.0,year_area100_05,2.278270349669393
day_3,Mild sunny day,0.2,28,7.0,8.5,0.0,20.0,year_area100_05,2.221853276767648
day_3,Mild sunny day,0.2,29,7.25,8.6962,17.0048,20.0,year_area100_05,2.102972591286761
day_3,Mild sunny day,0.2,30,7.5,8.8916,33.9368,20.0,year_area100_05,1.9845893605685394
day_3,Mild sunny day,0.2,31,7.75,9.0853,50.7235,20.0,year_area100_05,1.867228692266908
day_3,Mild sunny day,0.2,32,8.0,9.2765,67.293,20.0,year_area100_05,1.7513847351808434
day_3,Mild sunny day,0.2,33,8.25,9.4643,83.5743,20.0,year_area100_05,1.6375770870247919
day_3,Mild sunny day,0.2,34,8.5,9.6481,99.4977,20.0,year_area100_05,1.5262343055948493
day_3,Mild sunny day,0.2,35,8.75,9.8269,114.9951,20.0,year_area100_05,1.4178940909349544
day_3,Mild sunny day,0.2,36,9.0,10.0,130.0,20.0,year_area100_05,1.313002001182802
day_3,Mild sunny day,0.2,37,9.25,10.1667,144.4483,20.0,year_area100_05,1.2119947785729186
day_3,Mild sunny day,0.2,38,9.5,10.3263,158.278,20.0,year_area100_05,1.1153014514245603
day_3,Mild sunny day,0.2,39,9.75,10.478,171.4299,20.0,year_area100_05,1.0233695177157738
day_3,Mild sunny day,0.2,40,10.0,10.6213,183.8478,20.0,year_area100_05,0.9365491909081818
day_3,Mild sunny day,0.2,41,10.25,10.7555,195.4783,20.0,year_area100_05,0.8552379090013555
day_3,Mild sunny day,0.2,42,10.5,10.8801,206.2719,20.0,year_area100_05,0.7797612743939064
day_3,Mild sunny day,0.2,43,10.75,10.9944,216.1821,20.0,year_area100_05,0.7104913793637972
day_3,Mild sunny day,0.2,44,11.0,11.0981,225.1666,20.0,year_area100_05,0.6476698688418272
day_3,Mild sunny day,0.2,45,11.25,11.1906,233.1869,20.0,year_area100_05,0.5916106938829102
day_3,Mild sunny day,0.2,46,11.5,11.2716,240.2087,20.0,year_area100_05,0.5425261130739527
day_3,Mild sunny day,0.2,47,11.75,11.3408,246.2018,20.0,year_area100_05,0.500613324500615
day_3,Mild sunny day,0.2,48,12.0,11.3978,251.1407,20.0,year_area100_05,0.4660810166506757
day_3,Mild sunny day,0.2,49,12.25,11.4424,255.0042,20.0,year_area100_05,0.4390645730937621
day_3,Mild sunny day,0.2,50,12.5,11.4743,257.7757,20.0,year_area100_05,0.41971123513091557
day_3,Mild sunny day,0.2,51,12.75,11.4936,259.4433,20.0,year_area100_05,0.4080359600695227
day_3,Mild sunny day,0.2,52,13.0,11.5,260.0,20.0,year_area100_05,0.40415072559795484
day_3,Mild sunny day,0.2,53,13.25,11.4936,259.4433,20.0,year_area100_05,0.4080359600695227
day_3,Mild sunny day,0.2,54,13.5,11.4743,257.7757,20.0,year_area100_05,0.41971123513091557
day_3,Mild sunny day,0.2,55,13.75,11.4424,255.0042,20.0,year_area100_05,0.4390645730937621
day_3,Mild sunny day,0.2,56,14.0,11.3978,251.1407,20.0,year_area100_05,0.4660810166506757
day_3,Mild sunny day,0.2,57,14.25,11.3408,246.2018,20.0,year_area100_05,0.500613324500615
day_3,Mild sunny day,0.2,58,14.5,11.2716,240.2087,20.0,year_area100_05,0.5425261130739527
day_3,Mild sunny day,0.2,59,14.75,11.1906,233.1869,20.0,year_area100_05,0.5916106938829102
day_3,Mild sunny day,0.2,60,15.0,11.0981,225.1666,20.0,year_area100_05,0.6476698688418272
day_3,Mild sunny day,0.2,61,15.25,10.9944,216.1821,20.0,year_area100_05,0.7104913793637972
day_3,Mild sunny day,0.2,62,15.5,10.8801,206.2719,20.0,year_area100_05,0.7797612743939064
day_3,Mild sunny day,0.2,63,15.75,10.7555,195.4783,20.0,year_area100_05,0.8552379090013555
day_3,Mild sunny day,0.2,64,16.0,10.6213,183.8478,20.0,year_area100_05,0.9365491909081818
day_3,Mild sunny day,0.2,65,16.25,10.478,171.4299,20.0,year_area100_05,1.0233695177157738
day_3,Mild sunny day,0.2,66,16.5,10.3263,158.278,20.0,year_area100_05,1.1153014514245603
day_3,Mild sunny day,0.2,67,16.75,10.1667,144.4483,20.0,year_area100_05,1.2119947785729186
day_3,Mild sunny day,0.2,68,17.0,10.0,130.0,20.0,year_area100_05,1.313002001182802
day_3,Mild sunny day,0.2,69,17.25,9.8269,114.9951,20.0,year_area100_05,1.4178940909349544
day_3,Mild sunny day,0.2,70,17.5,9.6481,99.4977,20.0,year_area100_05,1.5262343055948493
day_3,Mild sunny day,0.2,71,17.75,9.4643,83.5743,20.0,year_area100_05,1.6375770870247919
day_3,Mild sunny day,0.2,72,18.0,9.2765,67.293,20.0,year_area100_05,1.7513847351808434
day_3,Mild sunny day,0.2,73,18.25,9.0853,50.7235,20.0,year_area100_05,1.867228692266908
day_3,Mild sunny day,0.2,74,18.5,8.8916,33.9368,20.0,year_area100_05,1.9845893605685394
day_3,Mild sunny day,0.2,75,18.75,8.6962,17.0048,20.0,year_area100_05,2.102972591286761
day_3,Mild sunny day,0.2,76,19.0,8.5,0.0,20.0,year_area100_05,2.221853276767648
day_3,Mild sunny day,0.2,77,19.25,8.3038,0.0,20.0,year_area100_05,2.278270349669393
day_3,Mild sunny day,0.2,78,19.5,8.1084,0.0,20.0,year_area100_05,2.3344573835379006
day_3,Mild sunny day,0.2,79,19.75,7.9147,0.0,20.0,year_area100_05,2.390155584460775
day_3,Mild sunny day,0.2,80,20.0,7.7235,0.0,20.0,year_area100_05,2.445134913404779
day_3,Mild sunny day,0.2,81,20.25,7.5357,0.0,20.0,year_area100_05,2.49913657645752
day_3,Mild sunny day,0.2,82,20.5,7.3519,0.0,20.0,year_area100_05,2.5519880443440677
day_3,Mild sunny day,0.2,83,20.75,7.1731,0.0,20.0,year_area100_05,2.6034017682728754
day_3,Mild sunny day,0.2,84,21.0,7.0,0.0,20.0,year_area100_05,2.6531764640898583
day_3,Mild sunny day,0.2,85,21.25,6.8333,0.0,20.0,year_area100_05,2.7011108476409325
day_3,Mild sunny day,0.2,86,21.5,6.6737,0.0,20.0,year_area100_05,2.7470036347720166
day_3,Mild sunny day,0.2,87,21.75,6.522,0.0,20.0,year_area100_05,2.790624786449869
day_3,Mild sunny day,0.2,88,22.0,6.3787,0.0,20.0,year_area100_05,2.8318305282787177
day_3,Mild sunny day,0.2,89,22.25,6.2445,0.0,20.0,year_area100_05,2.870419576104478
day_3,Mild sunny day,0.2,90,22.5,6.1199,0.0,20.0,year_area100_05,2.906248155531376
day_3,Mild sunny day,0.2,91,22.75,6.0056,0.0,20.0,year_area100_05,2.9391149824053286
day_3,Mild sunny day,0.2,92,23.0,5.9019,0.0,20.0,year_area100_05,2.9689337920888708
day_3,Mild sunny day,0.2,93,23.25,5.8094,0.0,20.0,year_area100_05,2.9955320553070734
day_3,Mild sunny day,0.2,94,23.5,5.7284,0.0,20.0,year_area100_05,3.018823507422473
day_3,Mild sunny day,0.2,95,23.75,5.6592,0.0,20.0,year_area100_05,3.0387218837976038
day_3,Mild sunny day,0.2,0,0.0,5.6022,0.0,20.0,year_area100_06,1.6264781867253384
day_3,Mild sunny day,0.2,1,0.25,5.5576,0.0,20.0,year_area100_06,1.6343805261105997
day_3,Mild sunny day,0.2,2,0.5,5.5257,0.0,20.0,year_area100_06,1.6400326477785332
day_3,Mild sunny day,0.2,3,0.75,5.5064,0.0,20.0,year_area100_06,1.6434522699788818
day_3,Mild sunny day,0.2,4,1.0,5.5,0.0,20.0,year_area100_06,1.6445862379624172
day_3,Mild sunny day,0.2,5,1.25,5.5064,0.0,20.0,year_area100_06,1.6434522699788818
day_3,Mild sunny day,0.2,6,1.5,5.5257,0.0,20.0,year_area100_06,1.6400326477785332
day_3,Mild sunny day,0.2,7,1.75,5.5576,0.0,20.0,year_area100_06,1.6343805261105997
day_3,Mild sunny day,0.2,8,2.0,5.6022,0.0,20.0,year_area100_06,1.6264781867253384
day_3,Mild sunny day,0.2,9,2.25,5.6592,0.0,20.0,year_area100_06,1.6163787843719772
day_3,Mild sunny day,0.2,10,2.5,5.7284,0.0,20.0,year_area100_06,1.6041177555500021
day_3,Mild sunny day,0.2,11,2.75,5.8094,0.0,20.0,year_area100_06,1.589765973258384
day_3,Mild sunny day,0.2,12,3.0,5.9019,0.0,20.0,year_area100_06,1.5733765922463503
day_3,Mild sunny day,0.2,13,3.25,6.0056,0.0,20.0,year_area100_06,1.5550027672631304
day_3,Mild sunny day,0.2,14,3.5,6.1199,0.0,20.0,year_area100_06,1.53475080780718
day_3,Mild sunny day,0.2,15,3.75,6.2445,0.0,20.0,year_area100_06,1.512673868627728
day_3,Mild sunny day,0.2,16,4.0,6.3787,0.0,20.0,year_area100_06,1.4888959774729726
day_3,Mild sunny day,0.2,17,4.25,6.522,0.0,20.0,year_area100_06,1.4635057255916286
day_3,Mild sunny day,0.2,18,4.5,6.6737,0.0,20.0,year_area100_06,1.4366271407318938
day_3,Mild sunny day,0.2,19,4.75,6.8333,0.0,20.0,year_area100_06,1.408348814142483
day_3,Mild sunny day,0.2,20,5.0,7.0,0.0,20.0,year_area100_06,1.3788124918213378
day_3,Mild sunny day,0.2,21,5.25,7.1731,0.0,20.0,year_area100_06,1.3481422015166573
day_3,Mild sunny day,0.2,22,5.5,7.3519,0.0,20.0,year_area100_06,1.3164619709766407
day_3,Mild sunny day,0.2,23,5.75,7.5357,0.0,20.0,year_area100_06,1.283895827949487
day_3,Mild sunny day,0.2,24,6.0,7.7235,0.0,20.0,year_area100_06,1.2506209549326242
day_3,Mild sunny day,0.2,25,6.25,7.9147,0.0,20.0,year_area100_06,1.2167436614245077
day_3,Mild sunny day,0.2,26,6.5,8.1084,0.0,20.0,year_area100_06,1.1824234116728234
day_3,Mild sunny day,0.2,27,6.75,8.3038,0.0,20.0,year_area100_06,1.1478019516755116
day_3,Mild sunny day,0.2,28,7.0,8.5,0.0,20.0,year_area100_06,1.1130387456802588
day_3,Mild sunny day,0.2,29,7.25,8.6962,17.0048,20.0,year_area100_06,1.0633180954575114
day_3,Mild sunny day,0.2,30,7.5,8.8916,33.9368,20.0,year_area100_06,1.0138032262075223
day_3,Mild sunny day,0.2,31,7.75,9.0853,50.7235,20.0,year_area100_06,0.9647173732724024
day_3,Mild sunny day,0.2,32,8.0,9.2765,67.293,20.0,year_area100_06,0.9162655259837378
day_3,Mild sunny day,0.2,33,8.25,9.4643,83.5743,20.0,year_area100_06,0.8686696002816856
day_3,Mild sunny day,0.2,34,8.5,9.6481,99.4977,20.0,year_area100_06,0.8220972138754814
day_3,Mild sunny day,0.2,35,8.75,9.8269,114.9951,20.0,year_area100_06,0.7767854501112472
day_3,Mild sunny day,0.2,36,9.0,10.0,130.0,20.0,year_area100_06,0.7329168302237943
day_3,Mild sunny day,0.2,37,9.25,10.1667,144.4483,20.0,year_area100_06,0.6906717644048068
day_3,Mild sunny day,0.2,38,9.5,10.3263,158.278,20.0,year_area100_06,0.6502288156832348
day_3,Mild sunny day,0.2,39,9.75,10.478,171.4299,20.0,year_area100_06,0.6117818024541233
day_3,Mild sunny day,0.2,40,10.0,10.6213,183.8478,20.0,year_area100_06,0.5754687495593824
day_3,Mild sunny day,0.2,41,10.25,10.7555,195.4783,20.0,year_area100_06,0.5414606554567611
day_3,Mild sunny day,0.2,42,10.5,10.8801,206.2719,20.0,year_area100_06,0.5098896516594431
day_3,Mild sunny day,0.2,43,10.75,10.9944,216.1821,20.0,year_area100_06,0.4809206673761903
day_3,Mild sunny day,0.2,44,11.0,11.0981,225.1666,20.0,year_area100_06,0.45464406449132366
day_3,Mild sunny day,0.2,45,11.25,11.1906,233.1869,20.0,year_area100_06,0.4312000171534429
day_3,Mild sunny day,0.2,46,11.5,11.2716,240.2087,20.0,year_area100_06,0.4106718504364495
day_3,Mild sunny day,0.2,47,11.75,11.3408,246.2018,20.0,year_area100_06,0.3931392830489049
day_3,Mild sunny day,0.2,48,12.0,11.3978,251.1407,20.0,year_area100_06,0.37869561782299166
day_3,Mild sunny day,0.2,49,12.25,11.4424,255.0042,20.0,year_area100_06,0.36739493880580754
day_3,Mild sunny day,0.2,50,12.5,11.4743,257.7757,20.0,year_area100_06,0.35930500212820027
day_3,Mild sunny day,0.2,51,12.75,11.4936,259.4433,20.0,year_area100_06,0.3544185567959257
day_3,Mild sunny day,0.2,52,13.0,11.5,260.0,20.0,year_area100_06,0.35279491476732994
day_3,Mild sunny day,0.2,53,13.25,11.4936,259.4433,20.0,year_area100_06,0.3544185567959257
day_3,Mild sunny day,0.2,54,13.5,11.4743,257.7757,20.0,year_area100_06,0.35930500212820027
day_3,Mild sunny day,0.2,55,13.75,11.4424,255.0042,20.0,year_area100_06,0.36739493880580754
day_3,Mild sunny day,0.2,56,14.0,11.3978,251.1407,20.0,year_area100_06,0.37869561782299166
day_3,Mild sunny day,0.2,57,14.25,11.3408,246.2018,20.0,year_area100_06,0.3931392830489049
day_3,Mild sunny day,0.2,58,14.5,11.2716,240.2087,20.0,year_area100_06,0.4106718504364495
day_3,Mild sunny day,0.2,59,14.75,11.1906,233.1869,20.0,year_area100_06,0.4312000171534429
day_3,Mild sunny day,0.2,60,15.0,11.0981,225.1666,20.0,year_area100_06,0.45464406449132366
day_3,Mild sunny day,0.2,61,15.25,10.9944,216.1821,20.0,year_area100_06,0.4809206673761903
day_3,Mild sunny day,0.2,62,15.5,10.8801,206.2719,20.0,year_area100_06,0.5098896516594431
day_3,Mild sunny day,0.2,63,15.75,10.7555,195.4783,20.0,year_area100_06,0.5414606554567611
day_3,Mild sunny day,0.2,64,16.0,10.6213,183.8478,20.0,year_area100_06,0.5754687495593824
day_3,Mild sunny day,0.2,65,16.25,10.478,171.4299,20.0,year_area100_06,0.6117818024541233
day_3,Mild sunny day,0.2,66,16.5,10.3263,158.278,20.0,year_area100_06,0.6502288156832348
day_3,Mild sunny day,0.2,67,16.75,10.1667,144.4483,20.0,year_area100_06,0.6906717644048068
day_3,Mild sunny day,0.2,68,17.0,10.0,130.0,20.0,year_area100_06,0.7329168302237943
day_3,Mild sunny day,0.2,69,17.25,9.8269,114.9951,20.0,year_area100_06,0.7767854501112472
day_3,Mild sunny day,0.2,70,17.5,9.6481,99.4977,20.0,year_area100_06,0.8220972138754814
day_3,Mild sunny day,0.2,71,17.75,9.4643,83.5743,20.0,year_area100_06,0.8686696002816856
day_3,Mild sunny day,0.2,72,18.0,9.2765,67.293,20.0,year_area100_06,0.9162655259837378
day_3,Mild sunny day,0.2,73,18.25,9.0853,50.7235,20.0,year_area100_06,0.9647173732724024
day_3,Mild sunny day,0.2,74,18.5,8.8916,33.9368,20.0,year_area100_06,1.0138032262075223
day_3,Mild sunny day,0.2,75,18.75,8.6962,17.0048,20.0,year_area100_06,1.0633180954575114
day_3,Mild sunny day,0.2,76,19.0,8.5,0.0,20.0,year_area100_06,1.1130387456802588
day_3,Mild sunny day,0.2,77,19.25,8.3038,0.0,20.0,year_area100_06,1.1478019516755116
day_3,Mild sunny day,0.2,78,19.5,8.1084,0.0,20.0,year_area100_06,1.1824234116728234
day_3,Mild sunny day,0.2,79,19.75,7.9147,0.0,20.0,year_area100_06,1.2167436614245077
day_3,Mild sunny day,0.2,80,20.0,7.7235,0.0,20.0,year_area100_06,1.2506209549326242
day_3,Mild sunny day,0.2,81,20.25,7.5357,0.0,20.0,year_area100_06,1.283895827949487
day_3,Mild sunny day,0.2,82,20.5,7.3519,0.0,20.0,year_area100_06,1.3164619709766407
day_3,Mild sunny day,0.2,83,20.75,7.1731,0.0,20.0,year_area100_06,1.3481422015166573
day_3,Mild sunny day,0.2,84,21.0,7.0,0.0,20.0,year_area100_06,1.3788124918213378
day_3,Mild sunny day,0.2,85,21.25,6.8333,0.0,20.0,year_area100_06,1.408348814142483
day_3,Mild sunny day,0.2,86,21.5,6.6737,0.0,20.0,year_area100_06,1.4366271407318938
day_3,Mild sunny day,0.2,87,21.75,6.522,0.0,20.0,year_area100_06,1.4635057255916286
day_3,Mild sunny day,0.2,88,22.0,6.3787,0.0,20.0,year_area100_06,1.4888959774729726
day_3,Mild sunny day,0.2,89,22.25,6.2445,0.0,20.0,year_area100_06,1.512673868627728
day_3,Mild sunny day,0.2,90,22.5,6.1199,0.0,20.0,year_area100_06,1.53475080780718
day_3,Mild sunny day,0.2,91,22.75,6.0056,0.0,20.0,year_area100_06,1.5550027672631304
day_3,Mild sunny day,0.2,92,23.0,5.9019,0.0,20.0,year_area100_06,1.5733765922463503
day_3,Mild sunny day,0.2,93,23.25,5.8094,0.0,20.0,year_area100_06,1.589765973258384
day_3,Mild sunny day,0.2,94,23.5,5.7284,0.0,20.0,year_area100_06,1.6041177555500021
day_3,Mild sunny day,0.2,95,23.75,5.6592,0.0,20.0,year_area100_06,1.6163787843719772
day_3,Mild sunny day,0.2,0,0.0,5.6022,0.0,20.0,year_area100_07,2.5619780805131476
day_3,Mild sunny day,0.2,1,0.25,5.5576,0.0,20.0,year_area100_07,2.5709584268829473
day_3,Mild sunny day,0.2,2,0.5,5.5257,0.0,20.0,year_area100_07,2.5773815894209884
day_3,Mild sunny day,0.2,3,0.75,5.5064,0.0,20.0,year_area100_07,2.5812677034330322
day_3,Mild sunny day,0.2,4,1.0,5.5,0.0,20.0,year_area100_07,2.5825563630017925
day_3,Mild sunny day,0.2,5,1.25,5.5064,0.0,20.0,year_area100_07,2.5812677034330322
day_3,Mild sunny day,0.2,6,1.5,5.5257,0.0,20.0,year_area100_07,2.5773815894209884
day_3,Mild sunny day,0.2,7,1.75,5.5576,0.0,20.0,year_area100_07,2.5709584268829473
day_3,Mild sunny day,0.2,8,2.0,5.6022,0.0,20.0,year_area100_07,2.5619780805131476
day_3,Mild sunny day,0.2,9,2.25,5.6592,0.0,20.0,year_area100_07,2.550500956228874
day_3,Mild sunny day,0.2,10,2.5,5.7284,0.0,20.0,year_area100_07,2.5365673246416502
day_3,Mild sunny day,0.2,11,2.75,5.8094,0.0,20.0,year_area100_07,2.5202577269745245
day_3,Mild sunny day,0.2,12,3.0,5.9019,0.0,20.0,year_area100_07,2.5016325691447823
day_3,Mild sunny day,0.2,13,3.25,6.0056,0.0,20.0,year_area100_07,2.480752257069709
day_3,Mild sunny day,0.2,14,3.5,6.1199,0.0,20.0,year_area100_07,2.457737602583876
day_3,Mild sunny day,0.2,15,3.75,6.2445,0.0,20.0,year_area100_07,2.4326490116045694
day_3,Mild sunny day,0.2,16,4.0,6.3787,0.0,20.0,year_area100_07,2.4056274312721215
day_3,Mild sunny day,0.2,17,4.25,6.522,0.0,20.0,year_area100_07,2.3767735381153425
day_3,Mild sunny day,0.2,18,4.5,6.6737,0.0,20.0,year_area100_07,2.3462282792745652
day_3,Mild sunny day,0.2,19,4.75,6.8333,0.0,20.0,year_area100_07,2.314092331278599
day_3,Mild sunny day,0.2,20,5.0,7.0,0.0,20.0,year_area100_07,2.2805267765735393
day_3,Mild sunny day,0.2,21,5.25,7.1731,0.0,20.0,year_area100_07,2.2456725622997187
day_3,Mild sunny day,0.2,22,5.5,7.3519,0.0,20.0,year_area100_07,2.2096706355974707
day_3,Mild sunny day,0.2,23,5.75,7.5357,0.0,20.0,year_area100_07,2.172661943607129
day_3,Mild sunny day,0.2,24,6.0,7.7235,0.0,20.0,year_area100_07,2.1348478393863117
day_3,Mild sunny day,0.2,25,6.25,7.9147,0.0,20.0,year_area100_07,2.09634913476959
day_3,Mild sunny day,0.2,26,6.5,8.1084,0.0,20.0,year_area100_07,2.057347047508822
day_3,Mild sunny day,0.2,27,6.75,8.3038,0.0,20.0,year_area100_07,2.0180026600501013
day_3,Mild sunny day,0.2,28,7.0,8.5,0.0,20.0,year_area100_07,1.9784971901452857
day_3,Mild sunny day,0.2,29,7.25,8.6962,17.0048,20.0,year_area100_07,1.8936277027037378
day_3,Mild sunny day,0.2,30,7.5,8.8916,33.9368,20.0,year_area100_07,1.8091135076064702
day_3,Mild sunny day,0.2,31,7.75,9.0853,50.7235,20.0,year_area100_07,1.7253292321880123
day_3,Mild sunny day,0.2,32,8.0,9.2765,67.293,20.0,year_area100_07,1.6426277678461023
day_3,Mild sunny day,0.2,33,8.25,9.4643,83.5743,20.0,year_area100_07,1.5613797403376952
day_3,Mild sunny day,0.2,34,8.5,9.6481,99.4977,20.0,year_area100_07,1.4818919014685652
day_3,Mild sunny day,0.2,35,8.75,9.8269,114.9951,20.0,year_area100_07,1.404547275918124
day_3,Mild sunny day,0.2,36,9.0,10.0,130.0,20.0,year_area100_07,1.3296642140990858
day_3,Mild sunny day,0.2,37,9.25,10.1667,144.4483,20.0,year_area100_07,1.257554663900049
day_3,Mild sunny day,0.2,38,9.5,10.3263,158.278,20.0,year_area100_07,1.1885249710010113
day_3,Mild sunny day,0.2,39,9.75,10.478,171.4299,20.0,year_area100_07,1.1228941467762623
day_3,Mild sunny day,0.2,40,10.0,10.6213,183.8478,20.0,year_area100_07,1.0609127935276623
day_3,Mild sunny day,0.2,41,10.25,10.7555,195.4783,20.0,year_area100_07,1.0028643145571259
day_3,Mild sunny day,0.2,42,10.5,10.8801,206.2719,20.0,year_area100_07,0.9489814384533551
day_3,Mild sunny day,0.2,43,10.75,10.9944,216.1821,20.0,year_area100_07,0.8995291612614317
day_3,Mild sunny day,0.2,44,11.0,11.0981,225.1666,20.0,year_area100_07,0.8546807333861858
day_3,Mild sunny day,0.2,45,11.25,11.1906,233.1869,20.0,year_area100_07,0.8146596738198834
day_3,Mild sunny day,0.2,46,11.5,11.2716,240.2087,20.0,year_area100_07,0.7796178912203017
day_3,Mild sunny day,0.2,47,11.75,11.3408,246.2018,20.0,year_area100_07,0.7496963565998526
day_3,Mild sunny day,0.2,48,12.0,11.3978,251.1407,20.0,year_area100_07,0.725043638000317
day_3,Mild sunny day,0.2,49,12.25,11.4424,255.0042,20.0,year_area100_07,0.7057565616629097
day_3,Mild sunny day,0.2,50,12.5,11.4743,257.7757,20.0,year_area100_07,0.6919398176300527
day_3,Mild sunny day,0.2,51,12.75,11.4936,259.4433,20.0,year_area100_07,0.6836050164447248
day_3,Mild sunny day,0.2,52,13.0,11.5,260.0,20.0,year_area100_07,0.680831238052885
day_3,Mild sunny day,0.2,53,13.25,11.4936,259.4433,20.0,year_area100_07,0.6836050164447248
day_3,Mild sunny day,0.2,54,13.5,11.4743,257.7757,20.0,year_area100_07,0.6919398176300527
day_3,Mild sunny day,0.2,55,13.75,11.4424,255.0042,20.0,year_area100_07,0.7057565616629097
day_3,Mild sunny day,0.2,56,14.0,11.3978,251.1407,20.0,year_area100_07,0.725043638000317
day_3,Mild sunny day,0.2,57,14.25,11.3408,246.2018,20.0,year_area100_07,0.7496963565998526
day_3,Mild sunny day,0.2,58,14.5,11.2716,240.2087,20.0,year_area100_07,0.7796178912203017
day_3,Mild sunny day,0.2,59,14.75,11.1906,233.1869,20.0,year_area100_07,0.8146596738198834
day_3,Mild sunny day,0.2,60,15.0,11.0981,225.1666,20.0,year_area100_07,0.8546807333861858
day_3,Mild sunny day,0.2,61,15.25,10.9944,216.1821,20.0,year_area100_07,0.8995291612614317
day_3,Mild sunny day,0.2,62,15.5,10.8801,206.2719,20.0,year_area100_07,0.9489814384533551
day_3,Mild sunny day,0.2,63,15.75,10.7555,195.4783,20.0,year_area100_07,1.0028643145571259
day_3,Mild sunny day,0.2,64,16.0,10.6213,183.8478,20.0,year_area100_07,1.0609127935276623
day_3,Mild sunny day,0.2,65,16.25,10.478,171.4299,20.0,year_area100_07,1.1228941467762623
day_3,Mild sunny day,0.2,66,16.5,10.3263,158.278,20.0,year_area100_07,1.1885249710010113
day_3,Mild sunny day,0.2,67,16.75,10.1667,144.4483,20.0,year_area100_07,1.257554663900049
day_3,Mild sunny day,0.2,68,17.0,10.0,130.0,20.0,year_area100_07,1.3296642140990858
day_3,Mild sunny day,0.2,69,17.25,9.8269,114.9951,20.0,year_area100_07,1.404547275918124
day_3,Mild sunny day,0.2,70,17.5,9.6481,99.4977,20.0,year_area100_07,1.4818919014685652
day_3,Mild sunny day,0.2,71,17.75,9.4643,83.5743,20.0,year_area100_07,1.5613797403376952
day_3,Mild sunny day,0.2,72,18.0,9.2765,67.293,20.0,year_area100_07,1.6426277678461023
day_3,Mild sunny day,0.2,73,18.25,9.0853,50.7235,20.0,year_area100_07,1.7253292321880123
day_3,Mild sunny day,0.2,74,18.5,8.8916,33.9368,20.0,year_area100_07,1.8091135076064702
day_3,Mild sunny day,0.2,75,18.75,8.6962,17.0048,20.0,year_area100_07,1.8936277027037378
day_3,Mild sunny day,0.2,76,19.0,8.5,0.0,20.0,year_area100_07,1.9784971901452857
day_3,Mild sunny day,0.2,77,19.25,8.3038,0.0,20.0,year_area100_07,2.0180026600501013
day_3,Mild sunny day,0.2,78,19.5,8.1084,0.0,20.0,year_area100_07,2.057347047508822
day_3,Mild sunny day,0.2,79,19.75,7.9147,0.0,20.0,year_area100_07,2.09634913476959
day_3,Mild sunny day,0.2,80,20.0,7.7235,0.0,20.0,year_area100_07,2.1348478393863117
day_3,Mild sunny day,0.2,81,20.25,7.5357,0.0,20.0,year_area100_07,2.172661943607129
day_3,Mild sunny day,0.2,82,20.5,7.3519,0.0,20.0,year_area100_07,2.2096706355974707
day_3,Mild sunny day,0.2,83,20.75,7.1731,0.0,20.0,year_area100_07,2.2456725622997187
day_3,Mild sunny day,0.2,84,21.0,7.0,0.0,20.0,year_area100_07,2.2805267765735393
day_3,Mild sunny day,0.2,85,21.25,6.8333,0.0,20.0,year_area100_07,2.314092331278599
day_3,Mild sunny day,0.2,86,21.5,6.6737,0.0,20.0,year_area100_07,2.3462282792745652
day_3,Mild sunny day,0.2,87,21.75,6.522,0.0,20.0,year_area100_07,2.3767735381153425
day_3,Mild sunny day,0.2,88,22.0,6.3787,0.0,20.0,year_area100_07,2.4056274312721215
day_3,Mild sunny day,0.2,89,22.25,6.2445,0.0,20.0,year_area100_07,2.4326490116045694
day_3,Mild sunny day,0.2,90,22.5,6.1199,0.0,20.0,year_area100_07,2.457737602583876
day_3,Mild sunny day,0.2,91,22.75,6.0056,0.0,20.0,year_area100_07,2.480752257069709
day_3,Mild sunny day,0.2,92,23.0,5.9019,0.0,20.0,year_area100_07,2.5016325691447823
day_3,Mild sunny day,0.2,93,23.25,5.8094,0.0,20.0,year_area100_07,2.5202577269745245
day_3,Mild sunny day,0.2,94,23.5,5.7284,0.0,20.0,year_area100_07,2.5365673246416502
day_3,Mild sunny day,0.2,95,23.75,5.6592,0.0,20.0,year_area100_07,2.550500956228874
day_3,Mild sunny day,0.2,0,0.0,5.6022,0.0,20.0,year_area100_08,1.4270374790498819
day_3,Mild sunny day,0.2,1,0.25,5.5576,0.0,20.0,year_area100_08,1.4337142656348694
day_3,Mild sunny day,0.2,2,0.5,5.5257,0.0,20.0,year_area100_08,1.4384898147842216
day_3,Mild sunny day,0.2,3,0.75,5.5064,0.0,20.0,year_area100_08,1.4413790968714477
day_3,Mild sunny day,0.2,4,1.0,5.5,0.0,20.0,year_area100_08,1.4423372007760196
day_3,Mild sunny day,0.2,5,1.25,5.5064,0.0,20.0,year_area100_08,1.4413790968714477
day_3,Mild sunny day,0.2,6,1.5,5.5257,0.0,20.0,year_area100_08,1.4384898147842216
day_3,Mild sunny day,0.2,7,1.75,5.5576,0.0,20.0,year_area100_08,1.4337142656348694
day_3,Mild sunny day,0.2,8,2.0,5.6022,0.0,20.0,year_area100_08,1.4270374790498819
day_3,Mild sunny day,0.2,9,2.25,5.6592,0.0,20.0,year_area100_08,1.4185043661497856
day_3,Mild sunny day,0.2,10,2.5,5.7284,0.0,20.0,year_area100_08,1.4081448676815982
day_3,Mild sunny day,0.2,11,2.75,5.8094,0.0,20.0,year_area100_08,1.3960188651393564
day_3,Mild sunny day,0.2,12,3.0,5.9019,0.0,20.0,year_area100_08,1.3821712696435857
day_3,Mild sunny day,0.2,13,3.25,6.0056,0.0,20.0,year_area100_08,1.3666469923148137
day_3,Mild sunny day,0.2,14,3.5,6.1199,0.0,20.0,year_area100_08,1.3495358553940942
day_3,Mild sunny day,0.2,15,3.75,6.2445,0.0,20.0,year_area100_08,1.330882770001954
day_3,Mild sunny day,0.2,16,4.0,6.3787,0.0,20.0,year_area100_08,1.3107925287529554
day_3,Mild sunny day,0.2,17,4.25,6.522,0.0,20.0,year_area100_08,1.2893399835146426
day_3,Mild sunny day,0.2,18,4.5,6.6737,0.0,20.0,year_area100_08,1.2666299269015795
day_3,Mild sunny day,0.2,19,4.75,6.8333,0.0,20.0,year_area100_08,1.2427372107813097
day_3,Mild sunny day,0.2,20,5.0,7.0,0.0,20.0,year_area100_08,1.217781598141905
day_3,Mild sunny day,0.2,21,5.25,7.1731,0.0,20.0,year_area100_08,1.1918678815979282
day_3,Mild sunny day,0.2,22,5.5,7.3519,0.0,20.0,year_area100_08,1.1651008537639416
day_3,Mild sunny day,0.2,23,5.75,7.5357,0.0,20.0,year_area100_08,1.1375853072545081
day_3,Mild sunny day,0.2,24,6.0,7.7235,0.0,20.0,year_area100_08,1.1094709458047172
day_3,Mild sunny day,0.2,25,6.25,7.9147,0.0,20.0,year_area100_08,1.0808475916556222
day_3,Mild sunny day,0.2,26,6.5,8.1084,0.0,20.0,year_area100_08,1.0518499781688035
day_3,Mild sunny day,0.2,27,6.75,8.3038,0.0,20.0,year_area100_08,1.0225978683323325
day_3,Mild sunny day,0.2,28,7.0,8.5,0.0,20.0,year_area100_08,0.9932259955077903
day_3,Mild sunny day,0.2,29,7.25,8.6962,17.0048,20.0,year_area100_08,0.8817836615445113
day_3,Mild sunny day,0.2,30,7.5,8.8916,33.9368,20.0,year_area100_08,0.770812446043693
day_3,Mild sunny day,0.2,31,7.75,9.0853,50.7235,20.0,year_area100_08,0.6607969899478677
day_3,Mild sunny day,0.2,32,8.0,9.2765,67.293,20.0,year_area100_08,0.5522040680391808
day_3,Mild sunny day,0.2,33,8.25,9.4643,83.5743,20.0,year_area100_08,0.4455110817929725
day_3,Mild sunny day,0.2,34,8.5,9.6481,99.4977,20.0,year_area100_08,0.34114424735915494
day_3,Mild sunny day,0.2,35,8.75,9.8269,114.9951,20.0,year_area100_08,0.2395819402833388
day_3,Mild sunny day,0.2,36,9.0,10.0,130.0,20.0,year_area100_08,0.14124990289226969
day_3,Mild sunny day,0.2,37,9.25,10.1667,144.4483,20.0,year_area100_08,0.04656229436518533
day_3,Mild sunny day,0.2,38,9.5,10.3263,158.278,20.0,year_area100_08,0.0
day_3,Mild sunny day,0.2,39,9.75,10.478,171.4299,20.0,year_area100_08,0.0
day_3,Mild sunny day,0.2,40,10.0,10.6213,183.8478,20.0,year_area100_08,0.0
day_3,Mild sunny day,0.2,41,10.25,10.7555,195.4783,20.0,year_area100_08,0.0
day_3,Mild sunny day,0.2,42,10.5,10.8801,206.2719,20.0,year_area100_08,0.0
day_3,Mild sunny day,0.2,43,10.75,10.9944,216.1821,20.0,year_area100_08,0.0
day_3,Mild sunny day,0.2,44,11.0,11.0981,225.1666,20.0,year_area100_08,0.0
day_3,Mild sunny day,0.2,45,11.25,11.1906,233.1869,20.0,year_area100_08,0.0
day_3,Mild sunny day,0.2,46,11.5,11.2716,240.2087,20.0,year_area100_08,0.0
day_3,Mild sunny day,0.2,47,11.75,11.3408,246.2018,20.0,year_area100_08,0.0
day_3,Mild sunny day,0.2,48,12.0,11.3978,251.1407,20.0,year_area100_08,0.0
day_3,Mild sunny day,0.2,49,12.25,11.4424,255.0042,20.0,year_area100_08,0.0
day_3,Mild sunny day,0.2,50,12.5,11.4743,257.7757,20.0,year_area100_08,0.0
day_3,Mild sunny day,0.2,51,12.75,11.4936,259.4433,20.0,year_area100_08,0.0
day_3,Mild sunny day,0.2,52,13.0,11.5,260.0,20.0,year_area100_08,0.0
day_3,Mild sunny day,0.2,53,13.25,11.4936,259.4433,20.0,year_area100_08,0.0
day_3,Mild sunny day,0.2,54,13.5,11.4743,257.7757,20.0,year_area100_08,0.0
day_3,Mild sunny day,0.2,55,13.75,11.4424,255.0042,20.0,year_area100_08,0.0
day_3,Mild sunny day,0.2,56,14.0,11.3978,251.1407,20.0,year_area100_08,0.0
day_3,Mild sunny day,0.2,57,14.25,11.3408,246.2018,20.0,year_area100_08,0.0
day_3,Mild sunny day,0.2,58,14.5,11.2716,240.2087,20.0,year_area100_08,0.0
day_3,Mild sunny day,0.2,59,14.75,11.1906,233.1869,20.0,year_area100_08,0.0
day_3,Mild sunny day,0.2,60,15.0,11.0981,225.1666,20.0,year_area100_08,0.0
day_3,Mild sunny day,0.2,61,15.25,10.9944,216.1821,20.0,year_area100_08,0.0
day_3,Mild sunny day,0.2,62,15.5,10.8801,206.2719,20.0,year_area100_08,0.0
day_3,Mild sunny day,0.2,63,15.75,10.7555,195.4783,20.0,year_area100_08,0.0
day_3,Mild sunny day,0.2,64,16.0,10.6213,183.8478,20.0,year_area100_08,0.0
day_3,Mild sunny day,0.2,65,16.25,10.478,171.4299,20.0,year_area100_08,0.0
day_3,Mild sunny day,0.2,66,16.5,10.3263,158.278,20.0,year_area100_08,0.0
day_3,Mild sunny day,0.2,67,16.75,10.1667,144.4483,20.0,year_area100_08,0.04656229436518533
day_3,Mild sunny day,0.2,68,17.0,10.0,130.0,20.0,year_area100_08,0.14124990289226969
day_3,Mild sunny day,0.2,69,17.25,9.8269,114.9951,20.0,year_area100_08,0.2395819402833388
day_3,Mild sunny day,0.2,70,17.5,9.6481,99.4977,20.0,year_area100_08,0.34114424735915494
day_3,Mild sunny day,0.2,71,17.75,9.4643,83.5743,20.0,year_area100_08,0.4455110817929725
day_3,Mild sunny day,0.2,72,18.0,9.2765,67.293,20.0,year_area100_08,0.5522040680391808
day_3,Mild sunny day,0.2,73,18.25,9.0853,50.7235,20.0,year_area100_08,0.6607969899478677
day_3,Mild sunny day,0.2,74,18.5,8.8916,33.9368,20.0,year_area100_08,0.770812446043693
day_3,Mild sunny day,0.2,75,18.75,8.6962,17.0048,20.0,year_area100_08,0.8817836615445113
day_3,Mild sunny day,0.2,76,19.0,8.5,0.0,20.0,year_area100_08,0.9932259955077903
day_3,Mild sunny day,0.2,77,19.25,8.3038,0.0,20.0,year_area100_08,1.0225978683323325
day_3,Mild sunny day,0.2,78,19.5,8.1084,0.0,20.0,year_area100_08,1.0518499781688035
day_3,Mild sunny day,0.2,79,19.75,7.9147,0.0,20.0,year_area100_08,1.0808475916556222
day_3,Mild sunny day,0.2,80,20.0,7.7235,0.0,20.0,year_area100_08,1.1094709458047172
day_3,Mild sunny day,0.2,81,20.25,7.5357,0.0,20.0,year_area100_08,1.1375853072545081
day_3,Mild sunny day,0.2,82,20.5,7.3519,0.0,20.0,year_area100_08,1.1651008537639416
day_3,Mild sunny day,0.2,83,20.75,7.1731,0.0,20.0,year_area100_08,1.1918678815979282
day_3,Mild sunny day,0.2,84,21.0,7.0,0.0,20.0,year_area100_08,1.217781598141905
day_3,Mild sunny day,0.2,85,21.25,6.8333,0.0,20.0,year_area100_08,1.2427372107813097
day_3,Mild sunny day,0.2,86,21.5,6.6737,0.0,20.0,year_area100_08,1.2666299269015795
day_3,Mild sunny day,0.2,87,21.75,6.522,0.0,20.0,year_area100_08,1.2893399835146426
day_3,Mild sunny day,0.2,88,22.0,6.3787,0.0,20.0,year_area100_08,1.3107925287529554
day_3,Mild sunny day,0.2,89,22.25,6.2445,0.0,20.0,year_area100_08,1.330882770001954
day_3,Mild sunny day,0.2,90,22.5,6.1199,0.0,20.0,year_area100_08,1.3495358553940942
day_3,Mild sunny day,0.2,91,22.75,6.0056,0.0,20.0,year_area100_08,1.3666469923148137
day_3,Mild sunny day,0.2,92,23.0,5.9019,0.0,20.0,year_area100_08,1.3821712696435857
day_3,Mild sunny day,0.2,93,23.25,5.8094,0.0,20.0,year_area100_08,1.3960188651393564
day_3,Mild sunny day,0.2,94,23.5,5.7284,0.0,20.0,year_area100_08,1.4081448676815982
day_3,Mild sunny day,0.2,95,23.75,5.6592,0.0,20.0,year_area100_08,1.4185043661497856
day_3,Mild sunny day,0.2,0,0.0,5.6022,0.0,20.0,year_area140_01,0.9104968975488275
day_3,Mild sunny day,0.2,1,0.25,5.5576,0.0,20.0,year_area140_01,0.9159862692835135
day_3,Mild sunny day,0.2,2,0.5,5.5257,0.0,20.0,year_area140_01,0.9199125239547352
day_3,Mild sunny day,0.2,3,0.75,5.5064,0.0,20.0,year_area140_01,0.9222879695708666
day_3,Mild sunny day,0.2,4,1.0,5.5,0.0,20.0,year_area140_01,0.9230756821067856
day_3,Mild sunny day,0.2,5,1.25,5.5064,0.0,20.0,year_area140_01,0.9222879695708666
day_3,Mild sunny day,0.2,6,1.5,5.5257,0.0,20.0,year_area140_01,0.9199125239547352
day_3,Mild sunny day,0.2,7,1.75,5.5576,0.0,20.0,year_area140_01,0.9159862692835135
day_3,Mild sunny day,0.2,8,2.0,5.6022,0.0,20.0,year_area140_01,0.9104968975488275
day_3,Mild sunny day,0.2,9,2.25,5.6592,0.0,20.0,year_area140_01,0.903481332775798
day_3,Mild sunny day,0.2,10,2.5,5.7284,0.0,20.0,year_area140_01,0.8949641909811727
day_3,Mild sunny day,0.2,11,2.75,5.8094,0.0,20.0,year_area140_01,0.8849947041984467
day_3,Mild sunny day,0.2,12,3.0,5.9019,0.0,20.0,year_area140_01,0.873609796452741
day_3,Mild sunny day,0.2,13,3.25,6.0056,0.0,20.0,year_area140_01,0.8608463917691771
day_3,Mild sunny day,0.2,14,3.5,6.1199,0.0,20.0,year_area140_01,0.846778338197997
day_3,Mild sunny day,0.2,15,3.75,6.2445,0.0,20.0,year_area140_01,0.8314425597643222
day_3,Mild sunny day,0.2,16,4.0,6.3787,0.0,20.0,year_area140_01,0.8149252125267687
day_3,Mild sunny day,0.2,17,4.25,6.522,0.0,20.0,year_area140_01,0.7972878365272054
day_3,Mild sunny day,0.2,18,4.5,6.6737,0.0,20.0,year_area140_01,0.7786165878242481
day_3,Mild sunny day,0.2,19,4.75,6.8333,0.0,20.0,year_area140_01,0.7589730064597655
day_3,Mild sunny day,0.2,20,5.0,7.0,0.0,20.0,year_area140_01,0.7384555565007482
day_3,Mild sunny day,0.2,21,5.25,7.1731,0.0,20.0,year_area140_01,0.7171503940058115
day_3,Mild sunny day,0.2,22,5.5,7.3519,0.0,20.0,year_area140_01,0.6951436750335718
day_3,Mild sunny day,0.2,23,5.75,7.5357,0.0,20.0,year_area140_01,0.6725215556426454
day_3,Mild sunny day,0.2,24,6.0,7.7235,0.0,20.0,year_area140_01,0.6494071159167696
day_3,Mild sunny day,0.2,25,6.25,7.9147,0.0,20.0,year_area140_01,0.6258742039061866
day_3,Mild sunny day,0.2,26,6.5,8.1084,0.0,20.0,year_area140_01,0.6020335916862602
day_3,Mild sunny day,0.2,27,6.75,8.3038,0.0,20.0,year_area140_01,0.5779837433239803
day_3,Mild sunny day,0.2,28,7.0,8.5,0.0,20.0,year_area140_01,0.5538354308947109
day_3,Mild sunny day,0.2,29,7.25,8.6962,17.0048,20.0,year_area140_01,0.37957613565781534
day_3,Mild sunny day,0.2,30,7.5,8.8916,33.9368,20.0,year_area140_01,0.20605795124343707
day_3,Mild sunny day,0.2,31,7.75,9.0853,50.7235,20.0,year_area140_01,0.034031648212870746
day_3,Mild sunny day,0.2,32,8.0,9.2765,67.293,20.0,year_area140_01,0.0
day_3,Mild sunny day,0.2,33,8.25,9.4643,83.5743,20.0,year_area140_01,0.0
day_3,Mild sunny day,0.2,34,8.5,9.6481,99.4977,20.0,year_area140_01,0.0
day_3,Mild sunny day,0.2,35,8.75,9.8269,114.9951,20.0,year_area140_01,0.0
day_3,Mild sunny day,0.2,36,9.0,10.0,130.0,20.0,year_area140_01,0.0
day_3,Mild sunny day,0.2,37,9.25,10.1667,144.4483,20.0,year_area140_01,0.0
day_3,Mild sunny day,0.2,38,9.5,10.3263,158.278,20.0,year_area140_01,0.0
day_3,Mild sunny day,0.2,39,9.75,10.478,171.4299,20.0,year_area140_01,0.0
day_3,Mild sunny day,0.2,40,10.0,10.6213,183.8478,20.0,year_area140_01,0.0
day_3,Mild sunny day,0.2,41,10.25,10.7555,195.4783,20.0,year_area140_01,0.0
day_3,Mild sunny day,0.2,42,10.5,10.8801,206.2719,20.0,year_area140_01,0.0
day_3,Mild sunny day,0.2,43,10.75,10.9944,216.1821,20.0,year_area140_01,0.0
day_3,Mild sunny day,0.2,44,11.0,11.0981,225.1666,20.0,year_area140_01,0.0
day_3,Mild sunny day,0.2,45,11.25,11.1906,233.1869,20.0,year_area140_01,0.0
day_3,Mild sunny day,0.2,46,11.5,11.2716,240.2087,20.0,year_area140_01,0.0
day_3,Mild sunny day,0.2,47,11.75,11.3408,246.2018,20.0,year_area140_01,0.0
day_3,Mild sunny day,0.2,48,12.0,11.3978,251.1407,20.0,year_area140_01,0.0
day_3,Mild sunny day,0.2,49,12.25,11.4424,255.0042,20.0,year_area140_01,0.0
day_3,Mild sunny day,0.2,50,12.5,11.4743,257.7757,20.0,year_area140_01,0.0
day_3,Mild sunny day,0.2,51,12.75,11.4936,259.4433,20.0,year_area140_01,0.0
day_3,Mild sunny day,0.2,52,13.0,11.5,260.0,20.0,year_area140_01,0.0
day_3,Mild sunny day,0.2,53,13.25,11.4936,259.4433,20.0,year_area140_01,0.0
day_3,Mild sunny day,0.2,54,13.5,11.4743,257.7757,20.0,year_area140_01,0.0
day_3,Mild sunny day,0.2,55,13.75,11.4424,255.0042,20.0,year_area140_01,0.0
day_3,Mild sunny day,0.2,56,14.0,11.3978,251.1407,20.0,year_area140_01,0.0
day_3,Mild sunny day,0.2,57,14.25,11.3408,246.2018,20.0,year_area140_01,0.0
day_3,Mild sunny day,0.2,58,14.5,11.2716,240.2087,20.0,year_area140_01,0.0
day_3,Mild sunny day,0.2,59,14.75,11.1906,233.1869,20.0,year_area140_01,0.0
day_3,Mild sunny day,0.2,60,15.0,11.0981,225.1666,20.0,year_area140_01,0.0
day_3,Mild sunny day,0.2,61,15.25,10.9944,216.1821,20.0,year_area140_01,0.0
day_3,Mild sunny day,0.2,62,15.5,10.8801,206.2719,20.0,year_area140_01,0.0
day_3,Mild sunny day,0.2,63,15.75,10.7555,195.4783,20.0,year_area140_01,0.0
day_3,Mild sunny day,0.2,64,16.0,10.6213,183.8478,20.0,year_area140_01,0.0
day_3,Mild sunny day,0.2,65,16.25,10.478,171.4299,20.0,year_area140_01,0.0
day_3,Mild sunny day,0.2,66,16.5,10.3263,158.278,20.0,year_area140_01,0.0
day_3,Mild sunny day,0.2,67,16.75,10.1667,144.4483,20.0,year_area140_01,0.0
day_3,Mild sunny day,0.2,68,17.0,10.0,130.0,20.0,year_area140_01,0.0
day_3,Mild sunny day,0.2,69,17.25,9.8269,114.9951,20.0,year_area140_01,0.0
day_3,Mild sunny day,0.2,70,17.5,9.6481,99.4977,20.0,year_area140_01,0.0
day_3,Mild sunny day,0.2,71,17.75,9.4643,83.5743,20.0,year_area140_01,0.0
day_3,Mild sunny day,0.2,72,18.0,9.2765,67.293,20.0,year_area140_01,0.0
day_3,Mild sunny day,0.2,73,18.25,9.0853,50.7235,20.0,year_area140_01,0.034031648212870746
day_3,Mild sunny day,0.2,74,18.5,8.8916,33.9368,20.0,year_area140_01,0.20605795124343707
day_3,Mild sunny day,0.2,75,18.75,8.6962,17.0048,20.0,year_area140_01,0.37957613565781534
day_3,Mild sunny day,0.2,76,19.0,8.5,0.0,20.0,year_area140_01,0.5538354308947109
day_3,Mild sunny day,0.2,77,19.25,8.3038,0.0,20.0,year_area140_01,0.5779837433239803
day_3,Mild sunny day,0.2,78,19.5,8.1084,0.0,20.0,year_area140_01,0.6020335916862602
day_3,Mild sunny day,0.2,79,19.75,7.9147,0.0,20.0,year_area140_01,0.6258742039061866
day_3,Mild sunny day,0.2,80,20.0,7.7235,0.0,20.0,year_area140_01,0.6494071159167696
day_3,Mild sunny day,0.2,81,20.25,7.5357,0.0,20.0,year_area140_01,0.6725215556426454
day_3,Mild sunny day,0.2,82,20.5,7.3519,0.0,20.0,year_area140_01,0.6951436750335718
day_3,Mild sunny day,0.2,83,20.75,7.1731,0.0,20.0,year_area140_01,0.7171503940058115
day_3,Mild sunny day,0.2,84,21.0,7.0,0.0,20.0,year_area140_01,0.7384555565007482
day_3,Mild sunny day,0.2,85,21.25,6.8333,0.0,20.0,year_area140_01,0.7589730064597655
day_3,Mild sunny day,0.2,86,21.5,6.6737,0.0,20.0,year_area140_01,0.7786165878242481
day_3,Mild sunny day,0.2,87,21.75,6.522,0.0,20.0,year_area140_01,0.7972878365272054
day_3,Mild sunny day,0.2,88,22.0,6.3787,0.0,20.0,year_area140_01,0.8149252125267687
day_3,Mild sunny day,0.2,89,22.25,6.2445,0.0,20.0,year_area140_01,0.8314425597643222
day_3,Mild sunny day,0.2,90,22.5,6.1199,0.0,20.0,year_area140_01,0.846778338197997
day_3,Mild sunny day,0.2,91,22.75,6.0056,0.0,20.0,year_area140_01,0.8608463917691771
day_3,Mild sunny day,0.2,92,23.0,5.9019,0.0,20.0,year_area140_01,0.873609796452741
day_3,Mild sunny day,0.2,93,23.25,5.8094,0.0,20.0,year_area140_01,0.8849947041984467
day_3,Mild sunny day,0.2,94,23.5,5.7284,0.0,20.0,year_area140_01,0.8949641909811727
day_3,Mild sunny day,0.2,95,23.75,5.6592,0.0,20.0,year_area140_01,0.903481332775798
day_3,Mild sunny day,0.2,0,0.0,5.6022,0.0,20.0,year_area140_02,3.698705076892892
day_3,Mild sunny day,0.2,1,0.25,5.5576,0.0,20.0,year_area140_02,3.712829974319758
day_3,Mild sunny day,0.2,2,0.5,5.5257,0.0,20.0,year_area140_02,3.7229327596990642
day_3,Mild sunny day,0.2,3,0.75,5.5064,0.0,20.0,year_area140_02,3.7290451032044127
day_3,Mild sunny day,0.2,4,1.0,5.5,0.0,20.0,year_area140_02,3.7310719943149935
day_3,Mild sunny day,0.2,5,1.25,5.5064,0.0,20.0,year_area140_02,3.7290451032044127
day_3,Mild sunny day,0.2,6,1.5,5.5257,0.0,20.0,year_area140_02,3.7229327596990642
day_3,Mild sunny day,0.2,7,1.75,5.5576,0.0,20.0,year_area140_02,3.712829974319758
day_3,Mild sunny day,0.2,8,2.0,5.6022,0.0,20.0,year_area140_02,3.698705076892892
day_3,Mild sunny day,0.2,9,2.25,5.6592,0.0,20.0,year_area140_02,3.6806530779392728
day_3,Mild sunny day,0.2,10,2.5,5.7284,0.0,20.0,year_area140_02,3.6587373178061076
day_3,Mild sunny day,0.2,11,2.75,5.8094,0.0,20.0,year_area140_02,3.6330844771878072
day_3,Mild sunny day,0.2,12,3.0,5.9019,0.0,20.0,year_area140_02,3.60378956660518
day_3,Mild sunny day,0.2,13,3.25,6.0056,0.0,20.0,year_area140_02,3.570947596579035
day_3,Mild sunny day,0.2,14,3.5,6.1199,0.0,20.0,year_area140_02,3.5347485881509892
day_3,Mild sunny day,0.2,15,3.75,6.2445,0.0,20.0,year_area140_02,3.495287551841851
day_3,Mild sunny day,0.2,16,4.0,6.3787,0.0,20.0,year_area140_02,3.4527861788668397
day_3,Mild sunny day,0.2,17,4.25,6.522,0.0,20.0,year_area140_02,3.4074028200939703
day_3,Mild sunny day,0.2,18,4.5,6.6737,0.0,20.0,year_area140_02,3.359359166738463
day_3,Mild sunny day,0.2,19,4.75,6.8333,0.0,20.0,year_area140_02,3.3088135696683296
day_3,Mild sunny day,0.2,20,5.0,7.0,0.0,20.0,year_area140_02,3.2560193902723964
day_3,Mild sunny day,0.2,21,5.25,7.1731,0.0,20.0,year_area140_02,3.2011983197658807
day_3,Mild sunny day,0.2,22,5.5,7.3519,0.0,20.0,year_area140_02,3.1445720493640024
day_3,Mild sunny day,0.2,23,5.75,7.5357,0.0,20.0,year_area140_02,3.0863622702819833
day_3,Mild sunny day,0.2,24,6.0,7.7235,0.0,20.0,year_area140_02,3.0268856842558503
day_3,Mild sunny day,0.2,25,6.25,7.9147,0.0,20.0,year_area140_02,2.9663323123272205
day_3,Mild sunny day,0.2,26,6.5,8.1084,0.0,20.0,year_area140_02,2.9049871860585195
day_3,Mild sunny day,0.2,27,6.75,8.3038,0.0,20.0,year_area140_02,2.8431036668385703
day_3,Mild sunny day,0.2,28,7.0,8.5,0.0,20.0,year_area140_02,2.7809667862297984
day_3,Mild sunny day,0.2,29,7.25,8.6962,17.0048,20.0,year_area140_02,2.5694895170615646
day_3,Mild sunny day,0.2,30,7.5,8.8916,33.9368,20.0,year_area140_02,2.358904957012625
day_3,Mild sunny day,0.2,31,7.75,9.0853,50.7235,20.0,year_area140_02,2.1501348507011637
day_3,Mild sunny day,0.2,32,8.0,9.2765,67.293,20.0,year_area140_02,1.9440640032223357
day_3,Mild sunny day,0.2,33,8.25,9.4643,83.5743,20.0,year_area140_02,1.741600985820757
day_3,Mild sunny day,0.2,34,8.5,9.6481,99.4977,20.0,year_area140_02,1.5435479422964775
day_3,Mild sunny day,0.2,35,8.75,9.8269,114.9951,20.0,year_area140_02,1.3508196455454855
day_3,Mild sunny day,0.2,36,9.0,10.0,130.0,20.0,year_area140_02,1.1642218063444907
day_3,Mild sunny day,0.2,37,9.25,10.1667,144.4483,20.0,year_area140_02,0.9845390580724934
day_3,Mild sunny day,0.2,38,9.5,10.3263,158.278,20.0,year_area140_02,0.8125375913855005
day_3,Mild sunny day,0.2,39,9.75,10.478,171.4299,20.0,year_area140_02,0.6489906768157941
day_3,Mild sunny day,0.2,40,10.0,10.6213,183.8478,20.0,year_area140_02,0.4945502276277155
day_3,Mild sunny day,0.2,41,10.25,10.7555,195.4783,20.0,year_area140_02,0.34990690713548445
day_3,Mild sunny day,0.2,42,10.5,10.8801,206.2719,20.0,year_area140_02,0.2156537875348391
day_3,Mild sunny day,0.2,43,10.75,10.9944,216.1821,20.0,year_area140_02,0.09242093462158973
day_3,Mild sunny day,0.2,44,11.0,11.0981,225.1666,20.0,year_area140_02,0.0
day_3,Mild sunny day,0.2,45,11.25,11.1906,233.1869,20.0,year_area140_02,0.0
day_3,Mild sunny day,0.2,46,11.5,11.2716,240.2087,20.0,year_area140_02,0.0
day_3,Mild sunny day,0.2,47,11.75,11.3408,246.2018,20.0,year_area140_02,0.0
day_3,Mild sunny day,0.2,48,12.0,11.3978,251.1407,20.0,year_area140_02,0.0
day_3,Mild sunny day,0.2,49,12.25,11.4424,255.0042,20.0,year_area140_02,0.0
day_3,Mild sunny day,0.2,50,12.5,11.4743,257.7757,20.0,year_area140_02,0.0
day_3,Mild sunny day,0.2,51,12.75,11.4936,259.4433,20.0,year_area140_02,0.0
day_3,Mild sunny day,0.2,52,13.0,11.5,260.0,20.0,year_area140_02,0.0
day_3,Mild sunny day,0.2,53,13.25,11.4936,259.4433,20.0,year_area140_02,0.0
day_3,Mild sunny day,0.2,54,13.5,11.4743,257.7757,20.0,year_area140_02,0.0
day_3,Mild sunny day,0.2,55,13.75,11.4424,255.0042,20.0,year_area140_02,0.0
day_3,Mild sunny day,0.2,56,14.0,11.3978,251.1407,20.0,year_area140_02,0.0
day_3,Mild sunny day,0.2,57,14.25,11.3408,246.2018,20.0,year_area140_02,0.0
day_3,Mild sunny day,0.2,58,14.5,11.2716,240.2087,20.0,year_area140_02,0.0
day_3,Mild sunny day,0.2,59,14.75,11.1906,233.1869,20.0,year_area140_02,0.0
day_3,Mild sunny day,0.2,60,15.0,11.0981,225.1666,20.0,year_area140_02,0.0
day_3,Mild sunny day,0.2,61,15.25,10.9944,216.1821,20.0,year_area140_02,0.09242093462158973
day_3,Mild sunny day,0.2,62,15.5,10.8801,206.2719,20.0,year_area140_02,0.2156537875348391
day_3,Mild sunny day,0.2,63,15.75,10.7555,195.4783,20.0,year_area140_02,0.34990690713548445
day_3,Mild sunny day,0.2,64,16.0,10.6213,183.8478,20.0,year_area140_02,0.4945502276277155
day_3,Mild sunny day,0.2,65,16.25,10.478,171.4299,20.0,year_area140_02,0.6489906768157941
day_3,Mild sunny day,0.2,66,16.5,10.3263,158.278,20.0,year_area140_02,0.8125375913855005
day_3,Mild sunny day,0.2,67,16.75,10.1667,144.4483,20.0,year_area140_02,0.9845390580724934
day_3,Mild sunny day,0.2,68,17.0,10.0,130.0,20.0,year_area140_02,1.1642218063444907
day_3,Mild sunny day,0.2,69,17.25,9.8269,114.9951,20.0,year_area140_02,1.3508196455454855
day_3,Mild sunny day,0.2,70,17.5,9.6481,99.4977,20.0,year_area140_02,1.5435479422964775
day_3,Mild sunny day,0.2,71,17.75,9.4643,83.5743,20.0,year_area140_02,1.741600985820757
day_3,Mild sunny day,0.2,72,18.0,9.2765,67.293,20.0,year_area140_02,1.9440640032223357
day_3,Mild sunny day,0.2,73,18.25,9.0853,50.7235,20.0,year_area140_02,2.1501348507011637
day_3,Mild sunny day,0.2,74,18.5,8.8916,33.9368,20.0,year_area140_02,2.358904957012625
day_3,Mild sunny day,0.2,75,18.75,8.6962,17.0048,20.0,year_area140_02,2.5694895170615646
day_3,Mild sunny day,0.2,76,19.0,8.5,0.0,20.0,year_area140_02,2.7809667862297984
day_3,Mild sunny day,0.2,77,19.25,8.3038,0.0,20.0,year_area140_02,2.8431036668385703
day_3,Mild sunny day,0.2,78,19.5,8.1084,0.0,20.0,year_area140_02,2.9049871860585195
day_3,Mild sunny day,0.2,79,19.75,7.9147,0.0,20.0,year_area140_02,2.9663323123272205
day_3,Mild sunny day,0.2,80,20.0,7.7235,0.0,20.0,year_area140_02,3.0268856842558503
day_3,Mild sunny day,0.2,81,20.25,7.5357,0.0,20.0,year_area140_02,3.0863622702819833
day_3,Mild sunny day,0.2,82,20.5,7.3519,0.0,20.0,year_area140_02,3.1445720493640024
day_3,Mild sunny day,0.2,83,20.75,7.1731,0.0,20.0,year_area140_02,3.2011983197658807
day_3,Mild sunny day,0.2,84,21.0,7.0,0.0,20.0,year_area140_02,3.2560193902723964
day_3,Mild sunny day,0.2,85,21.25,6.8333,0.0,20.0,year_area140_02,3.3088135696683296
day_3,Mild sunny day,0.2,86,21.5,6.6737,0.0,20.0,year_area140_02,3.359359166738463
day_3,Mild sunny day,0.2,87,21.75,6.522,0.0,20.0,year_area140_02,3.4074028200939703
day_3,Mild sunny day,0.2,88,22.0,6.3787,0.0,20.0,year_area140_02,3.4527861788668397
day_3,Mild sunny day,0.2,89,22.25,6.2445,0.0,20.0,year_area140_02,3.495287551841851
day_3,Mild sunny day,0.2,90,22.5,6.1199,0.0,20.0,year_area140_02,3.5347485881509892
day_3,Mild sunny day,0.2,91,22.75,6.0056,0.0,20.0,year_area140_02,3.570947596579035
day_3,Mild sunny day,0.2,92,23.0,5.9019,0.0,20.0,year_area140_02,3.60378956660518
day_3,Mild sunny day,0.2,93,23.25,5.8094,0.0,20.0,year_area140_02,3.6330844771878072
day_3,Mild sunny day,0.2,94,23.5,5.7284,0.0,20.0,year_area140_02,3.6587373178061076
day_3,Mild sunny day,0.2,95,23.75,5.6592,0.0,20.0,year_area140_02,3.6806530779392728
day_3,Mild sunny day,0.2,0,0.0,5.6022,0.0,20.0,year_area140_03,4.301369923639947
day_3,Mild sunny day,0.2,1,0.25,5.5576,0.0,20.0,year_area140_03,4.3166823307975175
day_3,Mild sunny day,0.2,2,0.5,5.5257,0.0,20.0,year_area140_03,4.327634478517843
day_3,Mild sunny day,0.2,3,0.75,5.5064,0.0,20.0,year_area140_03,4.334260699552397
day_3,Mild sunny day,0.2,4,1.0,5.5,0.0,20.0,year_area140_03,4.336457995646756
day_3,Mild sunny day,0.2,5,1.25,5.5064,0.0,20.0,year_area140_03,4.334260699552397
day_3,Mild sunny day,0.2,6,1.5,5.5257,0.0,20.0,year_area140_03,4.327634478517843
day_3,Mild sunny day,0.2,7,1.75,5.5576,0.0,20.0,year_area140_03,4.3166823307975175
day_3,Mild sunny day,0.2,8,2.0,5.6022,0.0,20.0,year_area140_03,4.301369923639947
day_3,Mild sunny day,0.2,9,2.25,5.6592,0.0,20.0,year_area140_03,4.281800255299554
day_3,Mild sunny day,0.2,10,2.5,5.7284,0.0,20.0,year_area140_03,4.258041991279288
day_3,Mild sunny day,0.2,11,2.75,5.8094,0.0,20.0,year_area140_03,4.230232462585046
day_3,Mild sunny day,0.2,12,3.0,5.9019,0.0,20.0,year_area140_03,4.198474667471251
day_3,Mild sunny day,0.2,13,3.25,6.0056,0.0,20.0,year_area140_03,4.1628716041923255
day_3,Mild sunny day,0.2,14,3.5,6.1199,0.0,20.0,year_area140_03,4.123629269257117
day_3,Mild sunny day,0.2,15,3.75,6.2445,0.0,20.0,year_area140_03,4.080850660920048
day_3,Mild sunny day,0.2,16,4.0,6.3787,0.0,20.0,year_area140_03,4.03477610844144
day_3,Mild sunny day,0.2,17,4.25,6.522,0.0,20.0,year_area140_03,3.9855772755786623
day_3,Mild sunny day,0.2,18,4.5,6.6737,0.0,20.0,year_area140_03,3.9334944915920387
day_3,Mild sunny day,0.2,19,4.75,6.8333,0.0,20.0,year_area140_03,3.878699420238939
day_3,Mild sunny day,0.2,20,5.0,7.0,0.0,20.0,year_area140_03,3.8214667235311586
day_3,Mild sunny day,0.2,21,5.25,7.1731,0.0,20.0,year_area140_03,3.762036730729019
day_3,Mild sunny day,0.2,22,5.5,7.3519,0.0,20.0,year_area140_03,3.7006497710928397
day_3,Mild sunny day,0.2,23,5.75,7.5357,0.0,20.0,year_area140_03,3.637546173882942
day_3,Mild sunny day,0.2,24,6.0,7.7235,0.0,20.0,year_area140_03,3.573069266614069
day_3,Mild sunny day,0.2,25,6.25,7.9147,0.0,20.0,year_area140_03,3.5074250457950678
day_3,Mild sunny day,0.2,26,6.5,8.1084,0.0,20.0,year_area140_03,3.4409225061892066
day_3,Mild sunny day,0.2,27,6.75,8.3038,0.0,20.0,year_area140_03,3.373836309808281
day_3,Mild sunny day,0.2,28,7.0,8.5,0.0,20.0,year_area140_03,3.3064754514155617
day_3,Mild sunny day,0.2,29,7.25,8.6962,17.0048,20.0,year_area140_03,3.182341034812728
day_3,Mild sunny day,0.2,30,7.5,8.8916,33.9368,20.0,year_area140_03,3.0587243360081544
day_3,Mild sunny day,0.2,31,7.75,9.0853,50.7235,20.0,year_area140_03,2.9361764039480622
day_3,Mild sunny day,0.2,32,8.0,9.2765,67.293,20.0,year_area140_03,2.8152119516201646
day_3,Mild sunny day,0.2,33,8.25,9.4643,83.5743,20.0,year_area140_03,2.696377019953103
day_3,Mild sunny day,0.2,34,8.5,9.6481,99.4977,20.0,year_area140_03,2.5801103113391943
day_3,Mild sunny day,0.2,35,8.75,9.8269,114.9951,20.0,year_area140_03,2.4669825172912363
day_3,Mild sunny day,0.2,36,9.0,10.0,130.0,20.0,year_area140_03,2.3574559891821867
day_3,Mild sunny day,0.2,37,9.25,10.1667,144.4483,20.0,year_area140_03,2.251985065556878
day_3,Mild sunny day,0.2,38,9.5,10.3263,158.278,20.0,year_area140_03,2.151017073735534
day_3,Mild sunny day,0.2,39,9.75,10.478,171.4299,20.0,year_area140_03,2.0550243254903715
day_3,Mild sunny day,0.2,40,10.0,10.6213,183.8478,20.0,year_area140_03,1.9643661183040293
day_3,Mild sunny day,0.2,41,10.25,10.7555,195.4783,20.0,year_area140_03,1.8794610668626146
day_3,Mild sunny day,0.2,42,10.5,10.8801,206.2719,20.0,year_area140_03,1.8006460995035818
day_3,Mild sunny day,0.2,43,10.75,10.9944,216.1821,20.0,year_area140_03,1.728316794032179
day_3,Mild sunny day,0.2,44,11.0,11.0981,225.1666,20.0,year_area140_03,1.6627173747985378
day_3,Mild sunny day,0.2,45,11.25,11.1906,233.1869,20.0,year_area140_03,1.6041823774293453
day_3,Mild sunny day,0.2,46,11.5,11.2716,240.2087,20.0,year_area140_03,1.5529293168476497
day_3,Mild sunny day,0.2,47,11.75,11.3408,246.2018,20.0,year_area140_03,1.5091620193951152
day_3,Mild sunny day,0.2,48,12.0,11.3978,251.1407,20.0,year_area140_03,1.473102952376471
day_3,Mild sunny day,0.2,49,12.25,11.4424,255.0042,20.0,year_area140_03,1.4448915612764393
day_3,Mild sunny day,0.2,50,12.5,11.4743,257.7757,20.0,year_area140_03,1.4246862664106414
day_3,Mild sunny day,0.2,51,12.75,11.4936,259.4433,20.0,year_area140_03,1.4124924653003914
day_3,Mild sunny day,0.2,52,13.0,11.5,260.0,20.0,year_area140_03,1.4084365269488122
day_3,Mild sunny day,0.2,53,13.25,11.4936,259.4433,20.0,year_area140_03,1.4124924653003914
day_3,Mild sunny day,0.2,54,13.5,11.4743,257.7757,20.0,year_area140_03,1.4246862664106414
day_3,Mild sunny day,0.2,55,13.75,11.4424,255.0042,20.0,year_area140_03,1.4448915612764393
day_3,Mild sunny day,0.2,56,14.0,11.3978,251.1407,20.0,year_area140_03,1.473102952376471
day_3,Mild sunny day,0.2,57,14.25,11.3408,246.2018,20.0,year_area140_03,1.5091620193951152
day_3,Mild sunny day,0.2,58,14.5,11.2716,240.2087,20.0,year_area140_03,1.5529293168476497
day_3,Mild sunny day,0.2,59,14.75,11.1906,233.1869,20.0,year_area140_03,1.6041823774293453
day_3,Mild sunny day,0.2,60,15.0,11.0981,225.1666,20.0,year_area140_03,1.6627173747985378
day_3,Mild sunny day,0.2,61,15.25,10.9944,216.1821,20.0,year_area140_03,1.728316794032179
day_3,Mild sunny day,0.2,62,15.5,10.8801,206.2719,20.0,year_area140_03,1.8006460995035818
day_3,Mild sunny day,0.2,63,15.75,10.7555,195.4783,20.0,year_area140_03,1.8794610668626146
day_3,Mild sunny day,0.2,64,16.0,10.6213,183.8478,20.0,year_area140_03,1.9643661183040293
day_3,Mild sunny day,0.2,65,16.25,10.478,171.4299,20.0,year_area140_03,2.0550243254903715
day_3,Mild sunny day,0.2,66,16.5,10.3263,158.278,20.0,year_area140_03,2.151017073735534
day_3,Mild sunny day,0.2,67,16.75,10.1667,144.4483,20.0,year_area140_03,2.251985065556878
day_3,Mild sunny day,0.2,68,17.0,10.0,130.0,20.0,year_area140_03,2.3574559891821867
day_3,Mild sunny day,0.2,69,17.25,9.8269,114.9951,20.0,year_area140_03,2.4669825172912363
day_3,Mild sunny day,0.2,70,17.5,9.6481,99.4977,20.0,year_area140_03,2.5801103113391943
day_3,Mild sunny day,0.2,71,17.75,9.4643,83.5743,20.0,year_area140_03,2.696377019953103
day_3,Mild sunny day,0.2,72,18.0,9.2765,67.293,20.0,year_area140_03,2.8152119516201646
day_3,Mild sunny day,0.2,73,18.25,9.0853,50.7235,20.0,year_area140_03,2.9361764039480622
day_3,Mild sunny day,0.2,74,18.5,8.8916,33.9368,20.0,year_area140_03,3.0587243360081544
day_3,Mild sunny day,0.2,75,18.75,8.6962,17.0048,20.0,year_area140_03,3.182341034812728
day_3,Mild sunny day,0.2,76,19.0,8.5,0.0,20.0,year_area140_03,3.3064754514155617
day_3,Mild sunny day,0.2,77,19.25,8.3038,0.0,20.0,year_area140_03,3.373836309808281
day_3,Mild sunny day,0.2,78,19.5,8.1084,0.0,20.0,year_area140_03,3.4409225061892066
day_3,Mild sunny day,0.2,79,19.75,7.9147,0.0,20.0,year_area140_03,3.5074250457950678
day_3,Mild sunny day,0.2,80,20.0,7.7235,0.0,20.0,year_area140_03,3.573069266614069
day_3,Mild sunny day,0.2,81,20.25,7.5357,0.0,20.0,year_area140_03,3.637546173882942
day_3,Mild sunny day,0.2,82,20.5,7.3519,0.0,20.0,year_area140_03,3.7006497710928397
day_3,Mild sunny day,0.2,83,20.75,7.1731,0.0,20.0,year_area140_03,3.762036730729019
day_3,Mild sunny day,0.2,84,21.0,7.0,0.0,20.0,year_area140_03,3.8214667235311586
day_3,Mild sunny day,0.2,85,21.25,6.8333,0.0,20.0,year_area140_03,3.878699420238939
day_3,Mild sunny day,0.2,86,21.5,6.6737,0.0,20.0,year_area140_03,3.9334944915920387
day_3,Mild sunny day,0.2,87,21.75,6.522,0.0,20.0,year_area140_03,3.9855772755786623
day_3,Mild sunny day,0.2,88,22.0,6.3787,0.0,20.0,year_area140_03,4.03477610844144
day_3,Mild sunny day,0.2,89,22.25,6.2445,0.0,20.0,year_area140_03,4.080850660920048
day_3,Mild sunny day,0.2,90,22.5,6.1199,0.0,20.0,year_area140_03,4.123629269257117
day_3,Mild sunny day,0.2,91,22.75,6.0056,0.0,20.0,year_area140_03,4.1628716041923255
day_3,Mild sunny day,0.2,92,23.0,5.9019,0.0,20.0,year_area140_03,4.198474667471251
day_3,Mild sunny day,0.2,93,23.25,5.8094,0.0,20.0,year_area140_03,4.230232462585046
day_3,Mild sunny day,0.2,94,23.5,5.7284,0.0,20.0,year_area140_03,4.258041991279288
day_3,Mild sunny day,0.2,95,23.75,5.6592,0.0,20.0,year_area140_03,4.281800255299554
day_3,Mild sunny day,0.2,0,0.0,5.6022,0.0,20.0,year_area140_04,2.4937881295655973
day_3,Mild sunny day,0.2,1,0.25,5.5576,0.0,20.0,year_area140_04,2.499894743680986
day_3,Mild sunny day,0.2,2,0.5,5.5257,0.0,20.0,year_area140_04,2.5042624788890775
day_3,Mild sunny day,0.2,3,0.75,5.5064,0.0,20.0,year_area140_04,2.506905027149773
day_3,Mild sunny day,0.2,4,1.0,5.5,0.0,20.0,year_area140_04,2.5077813125833712
day_3,Mild sunny day,0.2,5,1.25,5.5064,0.0,20.0,year_area140_04,2.506905027149773
day_3,Mild sunny day,0.2,6,1.5,5.5257,0.0,20.0,year_area140_04,2.5042624788890775
day_3,Mild sunny day,0.2,7,1.75,5.5576,0.0,20.0,year_area140_04,2.499894743680986
day_3,Mild sunny day,0.2,8,2.0,5.6022,0.0,20.0,year_area140_04,2.4937881295655973
day_3,Mild sunny day,0.2,9,2.25,5.6592,0.0,20.0,year_area140_04,2.485983712422612
day_3,Mild sunny day,0.2,10,2.5,5.7284,0.0,20.0,year_area140_04,2.4765088761718297
day_3,Mild sunny day,0.2,11,2.75,5.8094,0.0,20.0,year_area140_04,2.465418388652851
day_3,Mild sunny day,0.2,12,3.0,5.9019,0.0,20.0,year_area140_04,2.4527533257453746
day_3,Mild sunny day,0.2,13,3.25,6.0056,0.0,20.0,year_area140_04,2.438554763329101
day_3,Mild sunny day,0.2,14,3.5,6.1199,0.0,20.0,year_area140_04,2.422904853163431
day_3,Mild sunny day,0.2,15,3.75,6.2445,0.0,20.0,year_area140_04,2.405844671128063
day_3,Mild sunny day,0.2,16,4.0,6.3787,0.0,20.0,year_area140_04,2.387470060942298
day_3,Mild sunny day,0.2,17,4.25,6.522,0.0,20.0,year_area140_04,2.3678494824056346
day_3,Mild sunny day,0.2,18,4.5,6.6737,0.0,20.0,year_area140_04,2.347078779237374
day_3,Mild sunny day,0.2,19,4.75,6.8333,0.0,20.0,year_area140_04,2.325226411237015
day_3,Mild sunny day,0.2,20,5.0,7.0,0.0,20.0,year_area140_04,2.302401914083758
day_3,Mild sunny day,0.2,21,5.25,7.1731,0.0,20.0,year_area140_04,2.2787011314969026
day_3,Mild sunny day,0.2,22,5.5,7.3519,0.0,20.0,year_area140_04,2.2542199071957487
day_3,Mild sunny day,0.2,23,5.75,7.5357,0.0,20.0,year_area140_04,2.2290540848995963
day_3,Mild sunny day,0.2,24,6.0,7.7235,0.0,20.0,year_area140_04,2.203340584207445
day_3,Mild sunny day,0.2,25,6.25,7.9147,0.0,20.0,year_area140_04,2.177161556878694
day_3,Mild sunny day,0.2,26,6.5,8.1084,0.0,20.0,year_area140_04,2.150640230552444
day_3,Mild sunny day,0.2,27,6.75,8.3038,0.0,20.0,year_area140_04,2.1238861409078944
day_3,Mild sunny day,0.2,28,7.0,8.5,0.0,20.0,year_area140_04,2.097022515584145
day_3,Mild sunny day,0.2,29,7.25,8.6962,17.0048,20.0,year_area140_04,2.0515156567753348
day_3,Mild sunny day,0.2,30,7.5,8.8916,33.9368,20.0,year_area140_04,2.00619814801565
day_3,Mild sunny day,0.2,31,7.75,9.0853,50.7235,20.0,year_area140_04,1.9612727024087455
day_3,Mild sunny day,0.2,32,8.0,9.2765,67.293,20.0,year_area140_04,1.9169276832876352
day_3,Mild sunny day,0.2,33,8.25,9.4643,83.5743,20.0,year_area140_04,1.8733641592291215
day_3,Mild sunny day,0.2,34,8.5,9.6481,99.4977,20.0,year_area140_04,1.8307406976736997
day_3,Mild sunny day,0.2,35,8.75,9.8269,114.9951,20.0,year_area140_04,1.78926887973949
day_3,Mild sunny day,0.2,36,9.0,10.0,130.0,20.0,year_area140_04,1.7491174565029368
day_3,Mild sunny day,0.2,37,9.25,10.1667,144.4483,20.0,year_area140_04,1.7104525477975177
day_3,Mild sunny day,0.2,38,9.5,10.3263,158.278,20.0,year_area140_04,1.6734379711191183
day_3,Mild sunny day,0.2,39,9.75,10.478,171.4299,20.0,year_area140_04,1.6382481661400643
day_3,Mild sunny day,0.2,40,10.0,10.6213,183.8478,20.0,year_area140_04,1.605013207599277
day_3,Mild sunny day,0.2,41,10.25,10.7555,195.4783,20.0,year_area140_04,1.5738874843720172
day_3,Mild sunny day,0.2,42,10.5,10.8801,206.2719,20.0,year_area140_04,1.5449937256439297
day_3,Mild sunny day,0.2,43,10.75,10.9944,216.1821,20.0,year_area140_04,1.5184787554667536
day_3,Mild sunny day,0.2,44,11.0,11.0981,225.1666,20.0,year_area140_04,1.4944300253774392
day_3,Mild sunny day,0.2,45,11.25,11.1906,233.1869,20.0,year_area140_04,1.4729718966579435
day_3,Mild sunny day,0.2,46,11.5,11.2716,240.2087,20.0,year_area140_04,1.454183050035335
day_3,Mild sunny day,0.2,47,11.75,11.3408,246.2018,20.0,year_area140_04,1.4381376711966176
day_3,Mild sunny day,0.2,48,12.0,11.3978,251.1407,20.0,year_area140_04,1.4249184849378902
day_3,Mild sunny day,0.2,49,12.25,11.4424,255.0042,20.0,year_area140_04,1.4145761178251406
day_3,Mild sunny day,0.2,50,12.5,11.4743,257.7757,20.0,year_area140_04,1.4071698451685728
day_3,Mild sunny day,0.2,51,12.75,11.4936,259.4433,20.0,year_area140_04,1.4026990215879862
day_3,Mild sunny day,0.2,52,13.0,11.5,260.0,20.0,year_area140_04,1.401212397421728
day_3,Mild sunny day,0.2,53,13.25,11.4936,259.4433,20.0,year_area140_04,1.4026990215879862
day_3,Mild sunny day,0.2,54,13.5,11.4743,257.7757,20.0,year_area140_04,1.4071698451685728
day_3,Mild sunny day,0.2,55,13.75,11.4424,255.0042,20.0,year_area140_04,1.4145761178251406
day_3,Mild sunny day,0.2,56,14.0,11.3978,251.1407,20.0,year_area140_04,1.4249184849378902
day_3,Mild sunny day,0.2,57,14.25,11.3408,246.2018,20.0,year_area140_04,1.4381376711966176
day_3,Mild sunny day,0.2,58,14.5,11.2716,240.2087,20.0,year_area140_04,1.454183050035335
day_3,Mild sunny day,0.2,59,14.75,11.1906,233.1869,20.0,year_area140_04,1.4729718966579435
day_3,Mild sunny day,0.2,60,15.0,11.0981,225.1666,20.0,year_area140_04,1.4944300253774392
day_3,Mild sunny day,0.2,61,15.25,10.9944,216.1821,20.0,year_area140_04,1.5184787554667536
day_3,Mild sunny day,0.2,62,15.5,10.8801,206.2719,20.0,year_area140_04,1.5449937256439297
day_3,Mild sunny day,0.2,63,15.75,10.7555,195.4783,20.0,year_area140_04,1.5738874843720172
day_3,Mild sunny day,0.2,64,16.0,10.6213,183.8478,20.0,year_area140_04,1.605013207599277
day_3,Mild sunny day,0.2,65,16.25,10.478,171.4299,20.0,year_area140_04,1.6382481661400643
day_3,Mild sunny day,0.2,66,16.5,10.3263,158.278,20.0,year_area140_04,1.6734379711191183
day_3,Mild sunny day,0.2,67,16.75,10.1667,144.4483,20.0,year_area140_04,1.7104525477975177
day_3,Mild sunny day,0.2,68,17.0,10.0,130.0,20.0,year_area140_04,1.7491174565029368
day_3,Mild sunny day,0.2,69,17.25,9.8269,114.9951,20.0,year_area140_04,1.78926887973949
day_3,Mild sunny day,0.2,70,17.5,9.6481,99.4977,20.0,year_area140_04,1.8307406976736997
day_3,Mild sunny day,0.2,71,17.75,9.4643,83.5743,20.0,year_area140_04,1.8733641592291215
day_3,Mild sunny day,0.2,72,18.0,9.2765,67.293,20.0,year_area140_04,1.9169276832876352
day_3,Mild sunny day,0.2,73,18.25,9.0853,50.7235,20.0,year_area140_04,1.9612727024087455
day_3,Mild sunny day,0.2,74,18.5,8.8916,33.9368,20.0,year_area140_04,2.00619814801565
day_3,Mild sunny day,0.2,75,18.75,8.6962,17.0048,20.0,year_area140_04,2.0515156567753348
day_3,Mild sunny day,0.2,76,19.0,8.5,0.0,20.0,year_area140_04,2.097022515584145
day_3,Mild sunny day,0.2,77,19.25,8.3038,0.0,20.0,year_area140_04,2.1238861409078944
day_3,Mild sunny day,0.2,78,19.5,8.1084,0.0,20.0,year_area140_04,2.150640230552444
day_3,Mild sunny day,0.2,79,19.75,7.9147,0.0,20.0,year_area140_04,2.177161556878694
day_3,Mild sunny day,0.2,80,20.0,7.7235,0.0,20.0,year_area140_04,2.203340584207445
day_3,Mild sunny day,0.2,81,20.25,7.5357,0.0,20.0,year_area140_04,2.2290540848995963
day_3,Mild sunny day,0.2,82,20.5,7.3519,0.0,20.0,year_area140_04,2.2542199071957487
day_3,Mild sunny day,0.2,83,20.75,7.1731,0.0,20.0,year_area140_04,2.2787011314969026
day_3,Mild sunny day,0.2,84,21.0,7.0,0.0,20.0,year_area140_04,2.302401914083758
day_3,Mild sunny day,0.2,85,21.25,6.8333,0.0,20.0,year_area140_04,2.325226411237015
day_3,Mild sunny day,0.2,86,21.5,6.6737,0.0,20.0,year_area140_04,2.347078779237374
day_3,Mild sunny day,0.2,87,21.75,6.522,0.0,20.0,year_area140_04,2.3678494824056346
day_3,Mild sunny day,0.2,88,22.0,6.3787,0.0,20.0,year_area140_04,2.387470060942298
day_3,Mild sunny day,0.2,89,22.25,6.2445,0.0,20.0,year_area140_04,2.405844671128063
day_3,Mild sunny day,0.2,90,22.5,6.1199,0.0,20.0,year_area140_04,2.422904853163431
day_3,Mild sunny day,0.2,91,22.75,6.0056,0.0,20.0,year_area140_04,2.438554763329101
day_3,Mild sunny day,0.2,92,23.0,5.9019,0.0,20.0,year_area140_04,2.4527533257453746
day_3,Mild sunny day,0.2,93,23.25,5.8094,0.0,20.0,year_area140_04,2.465418388652851
day_3,Mild sunny day,0.2,94,23.5,5.7284,0.0,20.0,year_area140_04,2.4765088761718297
day_3,Mild sunny day,0.2,95,23.75,5.6592,0.0,20.0,year_area140_04,2.485983712422612
day_3,Mild sunny day,0.2,0,0.0,5.6022,0.0,20.0,year_area140_05,3.7914540964702765
day_3,Mild sunny day,0.2,1,0.25,5.5576,0.0,20.0,year_area140_05,3.8066530367044114
day_3,Mild sunny day,0.2,2,0.5,5.5257,0.0,20.0,year_area140_05,3.8175240275893647
day_3,Mild sunny day,0.2,3,0.75,5.5064,0.0,20.0,year_area140_05,3.8241011474664677
day_3,Mild sunny day,0.2,4,1.0,5.5,0.0,20.0,year_area140_05,3.8262821613117244
day_3,Mild sunny day,0.2,5,1.25,5.5064,0.0,20.0,year_area140_05,3.8241011474664677
day_3,Mild sunny day,0.2,6,1.5,5.5257,0.0,20.0,year_area140_05,3.8175240275893647
day_3,Mild sunny day,0.2,7,1.75,5.5576,0.0,20.0,year_area140_05,3.8066530367044114
day_3,Mild sunny day,0.2,8,2.0,5.6022,0.0,20.0,year_area140_05,3.7914540964702765
day_3,Mild sunny day,0.2,9,2.25,5.6592,0.0,20.0,year_area140_05,3.772029441910956
day_3,Mild sunny day,0.2,10,2.5,5.7284,0.0,20.0,year_area140_05,3.748447229709115
day_3,Mild sunny day,0.2,11,2.75,5.8094,0.0,20.0,year_area140_05,3.7208437732300808
day_3,Mild sunny day,0.2,12,3.0,5.9019,0.0,20.0,year_area140_05,3.6893213074978504
day_3,Mild sunny day,0.2,13,3.25,6.0056,0.0,20.0,year_area140_05,3.6539820675364205
day_3,Mild sunny day,0.2,14,3.5,6.1199,0.0,20.0,year_area140_05,3.615030523393783
day_3,Mild sunny day,0.2,15,3.75,6.2445,0.0,20.0,year_area140_05,3.572568910093936
day_3,Mild sunny day,0.2,16,4.0,6.3787,0.0,20.0,year_area140_05,3.526835776026203
day_3,Mild sunny day,0.2,17,4.25,6.522,0.0,20.0,year_area140_05,3.478001512897245
day_3,Mild sunny day,0.2,18,4.5,6.6737,0.0,20.0,year_area140_05,3.4263046690963876
day_3,Mild sunny day,0.2,19,4.75,6.8333,0.0,20.0,year_area140_05,3.3719156363302907
day_3,Mild sunny day,0.2,20,5.0,7.0,0.0,20.0,year_area140_05,3.3151070413296124
day_3,Mild sunny day,0.2,21,5.25,7.1731,0.0,20.0,year_area140_05,3.2561174324836766
day_3,Mild sunny day,0.2,22,5.5,7.3519,0.0,20.0,year_area140_05,3.1951853581818086
day_3,Mild sunny day,0.2,23,5.75,7.5357,0.0,20.0,year_area140_05,3.132549366813334
day_3,Mild sunny day,0.2,24,6.0,7.7235,0.0,20.0,year_area140_05,3.068550241791573
day_3,Mild sunny day,0.2,25,6.25,7.9147,0.0,20.0,year_area140_05,3.0033924531645195
day_3,Mild sunny day,0.2,26,6.5,8.1084,0.0,20.0,year_area140_05,2.9373827060041635
day_3,Mild sunny day,0.2,27,6.75,8.3038,0.0,20.0,year_area140_05,2.87079362704116
day_3,Mild sunny day,0.2,28,7.0,8.5,0.0,20.0,year_area140_05,2.8039319213474996
day_3,Mild sunny day,0.2,29,7.25,8.6962,17.0048,20.0,year_area140_05,2.6746709852660646
day_3,Mild sunny day,0.2,30,7.5,8.8916,33.9368,20.0,year_area140_05,2.5459498160152716
day_3,Mild sunny day,0.2,31,7.75,9.0853,50.7235,20.0,year_area140_05,2.418341157915035
day_3,Mild sunny day,0.2,32,8.0,9.2765,67.293,20.0,year_area140_05,2.2923814752398166
day_3,Mild sunny day,0.2,33,8.25,9.4643,83.5743,20.0,year_area140_05,2.1686380080492293
day_3,Mild sunny day,0.2,34,8.5,9.6481,99.4977,20.0,year_area140_05,2.0475709910199593
day_3,Mild sunny day,0.2,35,8.75,9.8269,114.9951,20.0,year_area140_05,1.9297711009830336
day_3,Mild sunny day,0.2,36,9.0,10.0,130.0,20.0,year_area140_05,1.8157209085344963
day_3,Mild sunny day,0.2,37,9.25,10.1667,144.4483,20.0,year_area140_05,1.7058941774539051
day_3,Mild sunny day,0.2,38,9.5,10.3263,158.278,20.0,year_area140_05,1.600756965556398
day_3,Mild sunny day,0.2,39,9.75,10.478,171.4299,20.0,year_area140_05,1.5007991343792124
day_3,Mild sunny day,0.2,40,10.0,10.6213,183.8478,20.0,year_area140_05,1.4063973019149878
day_3,Mild sunny day,0.2,41,10.25,10.7555,195.4783,20.0,year_area140_05,1.3179859682197956
day_3,Mild sunny day,0.2,42,10.5,10.8801,206.2719,20.0,year_area140_05,1.2359171655902594
day_3,Mild sunny day,0.2,43,10.75,10.9944,216.1821,20.0,year_area140_05,1.160600074485063
day_3,Mild sunny day,0.2,44,11.0,11.0981,225.1666,20.0,year_area140_05,1.0922921500687166
day_3,Mild sunny day,0.2,45,11.25,11.1906,233.1869,20.0,year_area140_05,1.0313391384036286
day_3,Mild sunny day,0.2,46,11.5,11.2716,240.2087,20.0,year_area140_05,0.9779691385993639
day_3,Mild sunny day,0.2,47,11.75,11.3408,246.2018,20.0,year_area140_05,0.9323952047873312
day_3,Mild sunny day,0.2,48,12.0,11.3978,251.1407,20.0,year_area140_05,0.894847222757992
day_3,Mild sunny day,0.2,49,12.25,11.4424,255.0042,20.0,year_area140_05,0.8654711427396102
day_3,Mild sunny day,0.2,50,12.5,11.4743,257.7757,20.0,year_area140_05,0.8444301135701895
day_3,Mild sunny day,0.2,51,12.75,11.4936,259.4433,20.0,year_area140_05,0.8317337240401255
day_3,Mild sunny day,0.2,52,13.0,11.5,260.0,20.0,year_area140_05,0.8275098957214924
day_3,Mild sunny day,0.2,53,13.25,11.4936,259.4433,20.0,year_area140_05,0.8317337240401255
day_3,Mild sunny day,0.2,54,13.5,11.4743,257.7757,20.0,year_area140_05,0.8444301135701895
day_3,Mild sunny day,0.2,55,13.75,11.4424,255.0042,20.0,year_area140_05,0.8654711427396102
day_3,Mild sunny day,0.2,56,14.0,11.3978,251.1407,20.0,year_area140_05,0.894847222757992
day_3,Mild sunny day,0.2,57,14.25,11.3408,246.2018,20.0,year_area140_05,0.9323952047873312
day_3,Mild sunny day,0.2,58,14.5,11.2716,240.2087,20.0,year_area140_05,0.9779691385993639
day_3,Mild sunny day,0.2,59,14.75,11.1906,233.1869,20.0,year_area140_05,1.0313391384036286
day_3,Mild sunny day,0.2,60,15.0,11.0981,225.1666,20.0,year_area140_05,1.0922921500687166
day_3,Mild sunny day,0.2,61,15.25,10.9944,216.1821,20.0,year_area140_05,1.160600074485063
day_3,Mild sunny day,0.2,62,15.5,10.8801,206.2719,20.0,year_area140_05,1.2359171655902594
day_3,Mild sunny day,0.2,63,15.75,10.7555,195.4783,20.0,year_area140_05,1.3179859682197956
day_3,Mild sunny day,0.2,64,16.0,10.6213,183.8478,20.0,year_area140_05,1.4063973019149878
day_3,Mild sunny day,0.2,65,16.25,10.478,171.4299,20.0,year_area140_05,1.5007991343792124
day_3,Mild sunny day,0.2,66,16.5,10.3263,158.278,20.0,year_area140_05,1.600756965556398
day_3,Mild sunny day,0.2,67,16.75,10.1667,144.4483,20.0,year_area140_05,1.7058941774539051
day_3,Mild sunny day,0.2,68,17.0,10.0,130.0,20.0,year_area140_05,1.8157209085344963
day_3,Mild sunny day,0.2,69,17.25,9.8269,114.9951,20.0,year_area140_05,1.9297711009830336
day_3,Mild sunny day,0.2,70,17.5,9.6481,99.4977,20.0,year_area140_05,2.0475709910199593
day_3,Mild sunny day,0.2,71,17.75,9.4643,83.5743,20.0,year_area140_05,2.1686380080492293
day_3,Mild sunny day,0.2,72,18.0,9.2765,67.293,20.0,year_area140_05,2.2923814752398166
day_3,Mild sunny day,0.2,73,18.25,9.0853,50.7235,20.0,year_area140_05,2.418341157915035
day_3,Mild sunny day,0.2,74,18.5,8.8916,33.9368,20.0,year_area140_05,2.5459498160152716
day_3,Mild sunny day,0.2,75,18.75,8.6962,17.0048,20.0,year_area140_05,2.6746709852660646
day_3,Mild sunny day,0.2,76,19.0,8.5,0.0,20.0,year_area140_05,2.8039319213474996
day_3,Mild sunny day,0.2,77,19.25,8.3038,0.0,20.0,year_area140_05,2.87079362704116
day_3,Mild sunny day,0.2,78,19.5,8.1084,0.0,20.0,year_area140_05,2.9373827060041635
day_3,Mild sunny day,0.2,79,19.75,7.9147,0.0,20.0,year_area140_05,3.0033924531645195
day_3,Mild sunny day,0.2,80,20.0,7.7235,0.0,20.0,year_area140_05,3.068550241791573
day_3,Mild sunny day,0.2,81,20.25,7.5357,0.0,20.0,year_area140_05,3.132549366813334
day_3,Mild sunny day,0.2,82,20.5,7.3519,0.0,20.0,year_area140_05,3.1951853581818086
day_3,Mild sunny day,0.2,83,20.75,7.1731,0.0,20.0,year_area140_05,3.2561174324836766
day_3,Mild sunny day,0.2,84,21.0,7.0,0.0,20.0,year_area140_05,3.3151070413296124
day_3,Mild sunny day,0.2,85,21.25,6.8333,0.0,20.0,year_area140_05,3.3719156363302907
day_3,Mild sunny day,0.2,86,21.5,6.6737,0.0,20.0,year_area140_05,3.4263046690963876
day_3,Mild sunny day,0.2,87,21.75,6.522,0.0,20.0,year_area140_05,3.478001512897245
day_3,Mild sunny day,0.2,88,22.0,6.3787,0.0,20.0,year_area140_05,3.526835776026203
day_3,Mild sunny day,0.2,89,22.25,6.2445,0.0,20.0,year_area140_05,3.572568910093936
day_3,Mild sunny day,0.2,90,22.5,6.1199,0.0,20.0,year_area140_05,3.615030523393783
day_3,Mild sunny day,0.2,91,22.75,6.0056,0.0,20.0,year_area140_05,3.6539820675364205
day_3,Mild sunny day,0.2,92,23.0,5.9019,0.0,20.0,year_area140_05,3.6893213074978504
day_3,Mild sunny day,0.2,93,23.25,5.8094,0.0,20.0,year_area140_05,3.7208437732300808
day_3,Mild sunny day,0.2,94,23.5,5.7284,0.0,20.0,year_area140_05,3.748447229709115
day_3,Mild sunny day,0.2,95,23.75,5.6592,0.0,20.0,year_area140_05,3.772029441910956
day_3,Mild sunny day,0.2,0,0.0,5.6022,0.0,20.0,year_area140_06,2.7975190551971405
day_3,Mild sunny day,0.2,1,0.25,5.5576,0.0,20.0,year_area140_06,2.8031401977798054
day_3,Mild sunny day,0.2,2,0.5,5.5257,0.0,20.0,year_area140_06,2.8071607011068687
day_3,Mild sunny day,0.2,3,0.75,5.5064,0.0,20.0,year_area140_06,2.8095931686370355
day_3,Mild sunny day,0.2,4,1.0,5.5,0.0,20.0,year_area140_06,2.810399789994189
day_3,Mild sunny day,0.2,5,1.25,5.5064,0.0,20.0,year_area140_06,2.8095931686370355
day_3,Mild sunny day,0.2,6,1.5,5.5257,0.0,20.0,year_area140_06,2.8071607011068687
day_3,Mild sunny day,0.2,7,1.75,5.5576,0.0,20.0,year_area140_06,2.8031401977798054
day_3,Mild sunny day,0.2,8,2.0,5.6022,0.0,20.0,year_area140_06,2.7975190551971405
day_3,Mild sunny day,0.2,9,2.25,5.6592,0.0,20.0,year_area140_06,2.7903350837349903
day_3,Mild sunny day,0.2,10,2.5,5.7284,0.0,20.0,year_area140_06,2.781613490310766
day_3,Mild sunny day,0.2,11,2.75,5.8094,0.0,20.0,year_area140_06,2.771404688759289
day_3,Mild sunny day,0.2,12,3.0,5.9019,0.0,20.0,year_area140_06,2.7597464894566768
day_3,Mild sunny day,0.2,13,3.25,6.0056,0.0,20.0,year_area140_06,2.7466767027790455
day_3,Mild sunny day,0.2,14,3.5,6.1199,0.0,20.0,year_area140_06,2.7322709494786284
day_3,Mild sunny day,0.2,15,3.75,6.2445,0.0,20.0,year_area140_06,2.716567039931542
day_3,Mild sunny day,0.2,16,4.0,6.3787,0.0,20.0,year_area140_06,2.699653198348725
day_3,Mild sunny day,0.2,17,4.25,6.522,0.0,20.0,year_area140_06,2.6815924420237054
day_3,Mild sunny day,0.2,18,4.5,6.6737,0.0,20.0,year_area140_06,2.662472995167421
day_3,Mild sunny day,0.2,19,4.75,6.8333,0.0,20.0,year_area140_06,2.6423578750734005
day_3,Mild sunny day,0.2,20,5.0,7.0,0.0,20.0,year_area140_06,2.6213479094112873
day_3,Mild sunny day,0.2,21,5.25,7.1731,0.0,20.0,year_area140_06,2.5995313223920204
day_3,Mild sunny day,0.2,22,5.5,7.3519,0.0,20.0,year_area140_06,2.5769963382265386
day_3,Mild sunny day,0.2,23,5.75,7.5357,0.0,20.0,year_area140_06,2.5538311811257803
day_3,Mild sunny day,0.2,24,6.0,7.7235,0.0,20.0,year_area140_06,2.5301618856768013
day_3,Mild sunny day,0.2,25,6.25,7.9147,0.0,20.0,year_area140_06,2.506064072631834
day_3,Mild sunny day,0.2,26,6.5,8.1084,0.0,20.0,year_area140_06,2.4816511731192286
day_3,Mild sunny day,0.2,27,6.75,8.3038,0.0,20.0,year_area140_06,2.4570240148086295
day_3,Mild sunny day,0.2,28,7.0,8.5,0.0,20.0,year_area140_06,2.432296028828386
day_3,Mild sunny day,0.2,29,7.25,8.6962,17.0048,20.0,year_area140_06,2.277256419865029
day_3,Mild sunny day,0.2,30,7.5,8.8916,33.9368,20.0,year_area140_06,2.1228755214134063
day_3,Mild sunny day,0.2,31,7.75,9.0853,50.7235,20.0,year_area140_06,1.9698223484762019
day_3,Mild sunny day,0.2,32,8.0,9.2765,67.293,20.0,year_area140_06,1.8187487146618815
day_3,Mild sunny day,0.2,33,8.25,9.4643,83.5743,20.0,year_area140_06,1.6703121401343504
day_3,Mild sunny day,0.2,34,8.5,9.6481,99.4977,20.0,year_area140_06,1.525122372487787
day_3,Mild sunny day,0.2,35,8.75,9.8269,114.9951,20.0,year_area140_06,1.3838273119898286
day_3,Mild sunny day,0.2,36,9.0,10.0,130.0,20.0,year_area140_06,1.2470247873706302
day_3,Mild sunny day,0.2,37,9.25,10.1667,144.4483,20.0,year_area140_06,1.1152942356183004
day_3,Mild sunny day,0.2,38,9.5,10.3263,158.278,20.0,year_area140_06,0.989199000946657
day_3,Mild sunny day,0.2,39,9.75,10.478,171.4299,20.0,year_area140_06,0.8692935739958342
day_3,Mild sunny day,0.2,40,10.0,10.6213,183.8478,20.0,year_area140_06,0.7560716453522923
day_3,Mild sunny day,0.2,41,10.25,10.7555,195.4783,20.0,year_area140_06,0.650030655487514
day_3,Mild sunny day,0.2,42,10.5,10.8801,206.2719,20.0,year_area140_06,0.5516129513747442
day_3,Mild sunny day,0.2,43,10.75,10.9944,216.1821,20.0,year_area140_06,0.46126309722708114
day_3,Mild sunny day,0.2,44,11.0,11.0981,225.1666,20.0,year_area140_06,0.3793430578742182
day_3,Mild sunny day,0.2,45,11.25,11.1906,233.1869,20.0,year_area140_06,0.30622348826372436
day_3,Mild sunny day,0.2,46,11.5,11.2716,240.2087,20.0,year_area140_06,0.2422050474184706
day_3,Mild sunny day,0.2,47,11.75,11.3408,246.2018,20.0,year_area140_06,0.18755697513532976
day_3,Mild sunny day,0.2,48,12.0,11.3978,251.1407,20.0,year_area140_06,0.14252509750837328
day_3,Mild sunny day,0.2,49,12.25,11.4424,255.0042,20.0,year_area140_06,0.10729708184309306
day_3,Mild sunny day,0.2,50,12.5,11.4743,257.7757,20.0,year_area140_06,0.08203794806476339
day_3,Mild sunny day,0.2,51,12.75,11.4936,259.4433,20.0,year_area140_06,0.06682628510232791
day_3,Mild sunny day,0.2,52,13.0,11.5,260.0,20.0,year_area140_06,0.061753545912874075
day_3,Mild sunny day,0.2,53,13.25,11.4936,259.4433,20.0,year_area140_06,0.06682628510232791
day_3,Mild sunny day,0.2,54,13.5,11.4743,257.7757,20.0,year_area140_06,0.08203794806476339
day_3,Mild sunny day,0.2,55,13.75,11.4424,255.0042,20.0,year_area140_06,0.10729708184309306
day_3,Mild sunny day,0.2,56,14.0,11.3978,251.1407,20.0,year_area140_06,0.14252509750837328
day_3,Mild sunny day,0.2,57,14.25,11.3408,246.2018,20.0,year_area140_06,0.18755697513532976
day_3,Mild sunny day,0.2,58,14.5,11.2716,240.2087,20.0,year_area140_06,0.2422050474184706
day_3,Mild sunny day,0.2,59,14.75,11.1906,233.1869,20.0,year_area140_06,0.30622348826372436
day_3,Mild sunny day,0.2,60,15.0,11.0981,225.1666,20.0,year_area140_06,0.3793430578742182
day_3,Mild sunny day,0.2,61,15.25,10.9944,216.1821,20.0,year_area140_06,0.46126309722708114
day_3,Mild sunny day,0.2,62,15.5,10.8801,206.2719,20.0,year_area140_06,0.5516129513747442
day_3,Mild sunny day,0.2,63,15.75,10.7555,195.4783,20.0,year_area140_06,0.650030655487514
day_3,Mild sunny day,0.2,64,16.0,10.6213,183.8478,20.0,year_area140_06,0.7560716453522923
day_3,Mild sunny day,0.2,65,16.25,10.478,171.4299,20.0,year_area140_06,0.8692935739958342
day_3,Mild sunny day,0.2,66,16.5,10.3263,158.278,20.0,year_area140_06,0.989199000946657
day_3,Mild sunny day,0.2,67,16.75,10.1667,144.4483,20.0,year_area140_06,1.1152942356183004
day_3,Mild sunny day,0.2,68,17.0,10.0,130.0,20.0,year_area140_06,1.2470247873706302
day_3,Mild sunny day,0.2,69,17.25,9.8269,114.9951,20.0,year_area140_06,1.3838273119898286
day_3,Mild sunny day,0.2,70,17.5,9.6481,99.4977,20.0,year_area140_06,1.525122372487787
day_3,Mild sunny day,0.2,71,17.75,9.4643,83.5743,20.0,year_area140_06,1.6703121401343504
day_3,Mild sunny day,0.2,72,18.0,9.2765,67.293,20.0,year_area140_06,1.8187487146618815
day_3,Mild sunny day,0.2,73,18.25,9.0853,50.7235,20.0,year_area140_06,1.9698223484762019
day_3,Mild sunny day,0.2,74,18.5,8.8916,33.9368,20.0,year_area140_06,2.1228755214134063
day_3,Mild sunny day,0.2,75,18.75,8.6962,17.0048,20.0,year_area140_06,2.277256419865029
day_3,Mild sunny day,0.2,76,19.0,8.5,0.0,20.0,year_area140_06,2.432296028828386
day_3,Mild sunny day,0.2,77,19.25,8.3038,0.0,20.0,year_area140_06,2.4570240148086295
day_3,Mild sunny day,0.2,78,19.5,8.1084,0.0,20.0,year_area140_06,2.4816511731192286
day_3,Mild sunny day,0.2,79,19.75,7.9147,0.0,20.0,year_area140_06,2.506064072631834
day_3,Mild sunny day,0.2,80,20.0,7.7235,0.0,20.0,year_area140_06,2.5301618856768013
day_3,Mild sunny day,0.2,81,20.25,7.5357,0.0,20.0,year_area140_06,2.5538311811257803
day_3,Mild sunny day,0.2,82,20.5,7.3519,0.0,20.0,year_area140_06,2.5769963382265386
day_3,Mild sunny day,0.2,83,20.75,7.1731,0.0,20.0,year_area140_06,2.5995313223920204
day_3,Mild sunny day,0.2,84,21.0,7.0,0.0,20.0,year_area140_06,2.6213479094112873
day_3,Mild sunny day,0.2,85,21.25,6.8333,0.0,20.0,year_area140_06,2.6423578750734005
day_3,Mild sunny day,0.2,86,21.5,6.6737,0.0,20.0,year_area140_06,2.662472995167421
day_3,Mild sunny day,0.2,87,21.75,6.522,0.0,20.0,year_area140_06,2.6815924420237054
day_3,Mild sunny day,0.2,88,22.0,6.3787,0.0,20.0,year_area140_06,2.699653198348725
day_3,Mild sunny day,0.2,89,22.25,6.2445,0.0,20.0,year_area140_06,2.716567039931542
day_3,Mild sunny day,0.2,90,22.5,6.1199,0.0,20.0,year_area140_06,2.7322709494786284
day_3,Mild sunny day,0.2,91,22.75,6.0056,0.0,20.0,year_area140_06,2.7466767027790455
day_3,Mild sunny day,0.2,92,23.0,5.9019,0.0,20.0,year_area140_06,2.7597464894566768
day_3,Mild sunny day,0.2,93,23.25,5.8094,0.0,20.0,year_area140_06,2.771404688759289
day_3,Mild sunny day,0.2,94,23.5,5.7284,0.0,20.0,year_area140_06,2.781613490310766
day_3,Mild sunny day,0.2,95,23.75,5.6592,0.0,20.0,year_area140_06,2.7903350837349903
day_3,Mild sunny day,0.2,0,0.0,5.6022,0.0,20.0,year_area140_07,3.2498858762146425
day_3,Mild sunny day,0.2,1,0.25,5.5576,0.0,20.0,year_area140_07,3.255952616438681
day_3,Mild sunny day,0.2,2,0.5,5.5257,0.0,20.0,year_area140_07,3.2602918319800898
day_3,Mild sunny day,0.2,3,0.75,5.5064,0.0,20.0,year_area140_07,3.262917125395425
day_3,Mild sunny day,0.2,4,1.0,5.5,0.0,20.0,year_area140_07,3.2637876890150177
day_3,Mild sunny day,0.2,5,1.25,5.5064,0.0,20.0,year_area140_07,3.262917125395425
day_3,Mild sunny day,0.2,6,1.5,5.5257,0.0,20.0,year_area140_07,3.2602918319800898
day_3,Mild sunny day,0.2,7,1.75,5.5576,0.0,20.0,year_area140_07,3.255952616438681
day_3,Mild sunny day,0.2,8,2.0,5.6022,0.0,20.0,year_area140_07,3.2498858762146425
day_3,Mild sunny day,0.2,9,2.25,5.6592,0.0,20.0,year_area140_07,3.2421324189776426
day_3,Mild sunny day,0.2,10,2.5,5.7284,0.0,20.0,year_area140_07,3.2327194498407934
day_3,Mild sunny day,0.2,11,2.75,5.8094,0.0,20.0,year_area140_07,3.2217013790303195
day_3,Mild sunny day,0.2,12,3.0,5.9019,0.0,20.0,year_area140_07,3.20911901421589
day_3,Mild sunny day,0.2,13,3.25,6.0056,0.0,20.0,year_area140_07,3.1950131630671725
day_3,Mild sunny day,0.2,14,3.5,6.1199,0.0,20.0,year_area140_07,3.1794654409235044
day_3,Mild sunny day,0.2,15,3.75,6.2445,0.0,20.0,year_area140_07,3.1625166554545534
day_3,Mild sunny day,0.2,16,4.0,6.3787,0.0,20.0,year_area140_07,3.1442620245562134
day_3,Mild sunny day,0.2,17,4.25,6.522,0.0,20.0,year_area140_07,3.1247695610112642
day_3,Mild sunny day,0.2,18,4.5,6.6737,0.0,20.0,year_area140_07,3.104134482715599
day_3,Mild sunny day,0.2,19,4.75,6.8333,0.0,20.0,year_area140_07,3.0824248024519996
day_3,Mild sunny day,0.2,20,5.0,7.0,0.0,20.0,year_area140_07,3.059749340672914
day_3,Mild sunny day,0.2,21,5.25,7.1731,0.0,20.0,year_area140_07,3.036203315274235
day_3,Mild sunny day,0.2,22,5.5,7.3519,0.0,20.0,year_area140_07,3.011881944151856
day_3,Mild sunny day,0.2,23,5.75,7.5357,0.0,20.0,year_area140_07,2.9868804452016704
day_3,Mild sunny day,0.2,24,6.0,7.7235,0.0,20.0,year_area140_07,2.9613348439892393
day_3,Mild sunny day,0.2,25,6.25,7.9147,0.0,20.0,year_area140_07,2.935326755853899
day_3,Mild sunny day,0.2,26,6.5,8.1084,0.0,20.0,year_area140_07,2.9089786038046554
day_3,Mild sunny day,0.2,27,6.75,8.3038,0.0,20.0,year_area140_07,2.8823992082939567
day_3,Mild sunny day,0.2,28,7.0,8.5,0.0,20.0,year_area140_07,2.8557109923308097
day_3,Mild sunny day,0.2,29,7.25,8.6962,17.0048,20.0,year_area140_07,2.579152688804908
day_3,Mild sunny day,0.2,30,7.5,8.8916,33.9368,20.0,year_area140_07,2.303772935594468
day_3,Mild sunny day,0.2,31,7.75,9.0853,50.7235,20.0,year_area140_07,2.030759477344052
day_3,Mild sunny day,0.2,32,8.0,9.2765,67.293,20.0,year_area140_07,1.761277639686749
day_3,Mild sunny day,0.2,33,8.25,9.4643,83.5743,20.0,year_area140_07,1.496493126129834
day_3,Mild sunny day,0.2,34,8.5,9.6481,99.4977,20.0,year_area140_07,1.237511730191929
day_3,Mild sunny day,0.2,35,8.75,9.8269,114.9951,20.0,year_area140_07,0.9854701450714416
day_3,Mild sunny day,0.2,36,9.0,10.0,130.0,20.0,year_area140_07,0.7414407457506711
day_3,Mild sunny day,0.2,37,9.25,10.1667,144.4483,20.0,year_area140_07,0.5064606413922579
day_3,Mild sunny day,0.2,38,9.5,10.3263,158.278,20.0,year_area140_07,0.2815360835666385
day_3,Mild sunny day,0.2,39,9.75,10.478,171.4299,20.0,year_area140_07,0.06764578294453671
day_3,Mild sunny day,0.2,40,10.0,10.6213,183.8478,20.0,year_area140_07,0.0
day_3,Mild sunny day,0.2,41,10.25,10.7555,195.4783,20.0,year_area140_07,0.0
day_3,Mild sunny day,0.2,42,10.5,10.8801,206.2719,20.0,year_area140_07,0.0
day_3,Mild sunny day,0.2,43,10.75,10.9944,216.1821,20.0,year_area140_07,0.0
day_3,Mild sunny day,0.2,44,11.0,11.0981,225.1666,20.0,year_area140_07,0.0
day_3,Mild sunny day,0.2,45,11.25,11.1906,233.1869,20.0,year_area140_07,0.0
day_3,Mild sunny day,0.2,46,11.5,11.2716,240.2087,20.0,year_area140_07,0.0
day_3,Mild sunny day,0.2,47,11.75,11.3408,246.2018,20.0,year_area140_07,0.0
day_3,Mild sunny day,0.2,48,12.0,11.3978,251.1407,20.0,year_area140_07,0.0
day_3,Mild sunny day,0.2,49,12.25,11.4424,255.0042,20.0,year_area140_07,0.0
day_3,Mild sunny day,0.2,50,12.5,11.4743,257.7757,20.0,year_area140_07,0.0
day_3,Mild sunny day,0.2,51,12.75,11.4936,259.4433,20.0,year_area140_07,0.0
day_3,Mild sunny day,0.2,52,13.0,11.5,260.0,20.0,year_area140_07,0.0
day_3,Mild sunny day,0.2,53,13.25,11.4936,259.4433,20.0,year_area140_07,0.0
day_3,Mild sunny day,0.2,54,13.5,11.4743,257.7757,20.0,year_area140_07,0.0
day_3,Mild sunny day,0.2,55,13.75,11.4424,255.0042,20.0,year_area140_07,0.0
day_3,Mild sunny day,0.2,56,14.0,11.3978,251.1407,20.0,year_area140_07,0.0
day_3,Mild sunny day,0.2,57,14.25,11.3408,246.2018,20.0,year_area140_07,0.0
day_3,Mild sunny day,0.2,58,14.5,11.2716,240.2087,20.0,year_area140_07,0.0
day_3,Mild sunny day,0.2,59,14.75,11.1906,233.1869,20.0,year_area140_07,0.0
day_3,Mild sunny day,0.2,60,15.0,11.0981,225.1666,20.0,year_area140_07,0.0
day_3,Mild sunny day,0.2,61,15.25,10.9944,216.1821,20.0,year_area140_07,0.0
day_3,Mild sunny day,0.2,62,15.5,10.8801,206.2719,20.0,year_area140_07,0.0
day_3,Mild sunny day,0.2,63,15.75,10.7555,195.4783,20.0,year_area140_07,0.0
day_3,Mild sunny day,0.2,64,16.0,10.6213,183.8478,20.0,year_area140_07,0.0
day_3,Mild sunny day,0.2,65,16.25,10.478,171.4299,20.0,year_area140_07,0.06764578294453671
day_3,Mild sunny day,0.2,66,16.5,10.3263,158.278,20.0,year_area140_07,0.2815360835666385
day_3,Mild sunny day,0.2,67,16.75,10.1667,144.4483,20.0,year_area140_07,0.5064606413922579
day_3,Mild sunny day,0.2,68,17.0,10.0,130.0,20.0,year_area140_07,0.7414407457506711
day_3,Mild sunny day,0.2,69,17.25,9.8269,114.9951,20.0,year_area140_07,0.9854701450714416
day_3,Mild sunny day,0.2,70,17.5,9.6481,99.4977,20.0,year_area140_07,1.237511730191929
day_3,Mild sunny day,0.2,71,17.75,9.4643,83.5743,20.0,year_area140_07,1.496493126129834
day_3,Mild sunny day,0.2,72,18.0,9.2765,67.293,20.0,year_area140_07,1.761277639686749
day_3,Mild sunny day,0.2,73,18.25,9.0853,50.7235,20.0,year_area140_07,2.030759477344052
day_3,Mild sunny day,0.2,74,18.5,8.8916,33.9368,20.0,year_area140_07,2.303772935594468
day_3,Mild sunny day,0.2,75,18.75,8.6962,17.0048,20.0,year_area140_07,2.579152688804908
day_3,Mild sunny day,0.2,76,19.0,8.5,0.0,20.0,year_area140_07,2.8557109923308097
day_3,Mild sunny day,0.2,77,19.25,8.3038,0.0,20.0,year_area140_07,2.8823992082939567
day_3,Mild sunny day,0.2,78,19.5,8.1084,0.0,20.0,year_area140_07,2.9089786038046554
day_3,Mild sunny day,0.2,79,19.75,7.9147,0.0,20.0,year_area140_07,2.935326755853899
day_3,Mild sunny day,0.2,80,20.0,7.7235,0.0,20.0,year_area140_07,2.9613348439892393
day_3,Mild sunny day,0.2,81,20.25,7.5357,0.0,20.0,year_area140_07,2.9868804452016704
day_3,Mild sunny day,0.2,82,20.5,7.3519,0.0,20.0,year_area140_07,3.011881944151856
day_3,Mild sunny day,0.2,83,20.75,7.1731,0.0,20.0,year_area140_07,3.036203315274235
day_3,Mild sunny day,0.2,84,21.0,7.0,0.0,20.0,year_area140_07,3.059749340672914
day_3,Mild sunny day,0.2,85,21.25,6.8333,0.0,20.0,year_area140_07,3.0824248024519996
day_3,Mild sunny day,0.2,86,21.5,6.6737,0.0,20.0,year_area140_07,3.104134482715599
day_3,Mild sunny day,0.2,87,21.75,6.522,0.0,20.0,year_area140_07,3.1247695610112642
day_3,Mild sunny day,0.2,88,22.0,6.3787,0.0,20.0,year_area140_07,3.1442620245562134
day_3,Mild sunny day,0.2,89,22.25,6.2445,0.0,20.0,year_area140_07,3.1625166554545534
day_3,Mild sunny day,0.2,90,22.5,6.1199,0.0,20.0,year_area140_07,3.1794654409235044
day_3,Mild sunny day,0.2,91,22.75,6.0056,0.0,20.0,year_area140_07,3.1950131630671725
day_3,Mild sunny day,0.2,92,23.0,5.9019,0.0,20.0,year_area140_07,3.20911901421589
day_3,Mild sunny day,0.2,93,23.25,5.8094,0.0,20.0,year_area140_07,3.2217013790303195
day_3,Mild sunny day,0.2,94,23.5,5.7284,0.0,20.0,year_area140_07,3.2327194498407934
day_3,Mild sunny day,0.2,95,23.75,5.6592,0.0,20.0,year_area140_07,3.2421324189776426
day_3,Mild sunny day,0.2,0,0.0,5.6022,0.0,20.0,year_area140_08,4.071805717575484
day_3,Mild sunny day,0.2,1,0.25,5.5576,0.0,20.0,year_area140_08,4.080662107395941
day_3,Mild sunny day,0.2,2,0.5,5.5257,0.0,20.0,year_area140_08,4.086996610428958
day_3,Mild sunny day,0.2,3,0.75,5.5064,0.0,20.0,year_area140_08,4.0908290840508155
day_3,Mild sunny day,0.2,4,1.0,5.5,0.0,20.0,year_area140_08,4.0920999561326745
day_3,Mild sunny day,0.2,5,1.25,5.5064,0.0,20.0,year_area140_08,4.0908290840508155
day_3,Mild sunny day,0.2,6,1.5,5.5257,0.0,20.0,year_area140_08,4.086996610428958
day_3,Mild sunny day,0.2,7,1.75,5.5576,0.0,20.0,year_area140_08,4.080662107395941
day_3,Mild sunny day,0.2,8,2.0,5.6022,0.0,20.0,year_area140_08,4.071805717575484
day_3,Mild sunny day,0.2,9,2.25,5.6592,0.0,20.0,year_area140_08,4.060487013096425
day_3,Mild sunny day,0.2,10,2.5,5.7284,0.0,20.0,year_area140_08,4.04674570871132
day_3,Mild sunny day,0.2,11,2.75,5.8094,0.0,20.0,year_area140_08,4.030661233925289
day_3,Mild sunny day,0.2,12,3.0,5.9019,0.0,20.0,year_area140_08,4.012293160867166
day_3,Mild sunny day,0.2,13,3.25,6.0056,0.0,20.0,year_area140_08,3.9917010616657898
day_3,Mild sunny day,0.2,14,3.5,6.1199,0.0,20.0,year_area140_08,3.9690040805788342
day_3,Mild sunny day,0.2,15,3.75,6.2445,0.0,20.0,year_area140_08,3.944261789735136
day_3,Mild sunny day,0.2,16,4.0,6.3787,0.0,20.0,year_area140_08,3.917613190768649
day_3,Mild sunny day,0.2,17,4.25,6.522,0.0,20.0,year_area140_08,3.889157570560768
day_3,Mild sunny day,0.2,18,4.5,6.6737,0.0,20.0,year_area140_08,3.859033930745447
day_3,Mild sunny day,0.2,19,4.75,6.8333,0.0,20.0,year_area140_08,3.8273415582040804
day_3,Mild sunny day,0.2,20,5.0,7.0,0.0,20.0,year_area140_08,3.794239311946902
day_3,Mild sunny day,0.2,21,5.25,7.1731,0.0,20.0,year_area140_08,3.7598661936078637
day_3,Mild sunny day,0.2,22,5.5,7.3519,0.0,20.0,year_area140_08,3.7243612048209194
day_3,Mild sunny day,0.2,23,5.75,7.5357,0.0,20.0,year_area140_08,3.687863347220023
day_3,Mild sunny day,0.2,24,6.0,7.7235,0.0,20.0,year_area140_08,3.650571194567964
day_3,Mild sunny day,0.2,25,6.25,7.9147,0.0,20.0,year_area140_08,3.6126038911224176
day_3,Mild sunny day,0.2,26,6.5,8.1084,0.0,20.0,year_area140_08,3.574140153269895
day_3,Mild sunny day,0.2,27,6.75,8.3038,0.0,20.0,year_area140_08,3.535338840020628
day_3,Mild sunny day,0.2,28,7.0,8.5,0.0,20.0,year_area140_08,3.4963786677611295
day_3,Mild sunny day,0.2,29,7.25,8.6962,17.0048,20.0,year_area140_08,3.3351641724177004
day_3,Mild sunny day,0.2,30,7.5,8.8916,33.9368,20.0,year_area140_08,3.1746319244642844
day_3,Mild sunny day,0.2,31,7.75,9.0853,50.7235,20.0,year_area140_08,3.01548187184693
day_3,Mild sunny day,0.2,32,8.0,9.2765,67.293,20.0,year_area140_08,2.858389791494911
day_3,Mild sunny day,0.2,33,8.25,9.4643,83.5743,20.0,year_area140_08,2.7040448472530425
day_3,Mild sunny day,0.2,34,8.5,9.6481,99.4977,20.0,year_area140_08,2.553067284616235
day_3,Mild sunny day,0.2,35,8.75,9.8269,114.9951,20.0,year_area140_08,2.406145275543201
day_3,Mild sunny day,0.2,36,9.0,10.0,130.0,20.0,year_area140_08,2.2638959168225017
day_3,Mild sunny day,0.2,37,9.25,10.1667,144.4483,20.0,year_area140_08,2.1269190506807285
day_3,Mild sunny day,0.2,38,9.5,10.3263,158.278,20.0,year_area140_08,1.9957994216027475
day_3,Mild sunny day,0.2,39,9.75,10.478,171.4299,20.0,year_area140_08,1.871121501127404
day_3,Mild sunny day,0.2,40,10.0,10.6213,183.8478,20.0,year_area140_08,1.7533886204622442
day_3,Mild sunny day,0.2,41,10.25,10.7555,195.4783,20.0,year_area140_08,1.6431236952450718
day_3,Mild sunny day,0.2,42,10.5,10.8801,206.2719,20.0,year_area140_08,1.5407818876979305
day_3,Mild sunny day,0.2,43,10.75,10.9944,216.1821,20.0,year_area140_08,1.446836506592958
day_3,Mild sunny day,0.2,44,11.0,11.0981,225.1666,20.0,year_area140_08,1.3616512357137276
day_3,Mild sunny day,0.2,45,11.25,11.1906,233.1869,20.0,year_area140_08,1.2856220112495285
day_3,Mild sunny day,0.2,46,11.5,11.2716,240.2087,20.0,year_area140_08,1.219055001777365
day_3,Mild sunny day,0.2,47,11.75,11.3408,246.2018,20.0,year_area140_08,1.1622268993308724
day_3,Mild sunny day,0.2,48,12.0,11.3978,251.1407,20.0,year_area140_08,1.1154004631361076
day_3,Mild sunny day,0.2,49,12.25,11.4424,255.0042,20.0,year_area140_08,1.0787678232430382
day_3,Mild sunny day,0.2,50,12.5,11.4743,257.7757,20.0,year_area140_08,1.052507895834132
day_3,Mild sunny day,0.2,51,12.75,11.4936,259.4433,20.0,year_area140_08,1.0366863774028818
day_3,Mild sunny day,0.2,52,13.0,11.5,260.0,20.0,year_area140_08,1.0314131658838743
day_3,Mild sunny day,0.2,53,13.25,11.4936,259.4433,20.0,year_area140_08,1.0366863774028818
day_3,Mild sunny day,0.2,54,13.5,11.4743,257.7757,20.0,year_area140_08,1.052507895834132
day_3,Mild sunny day,0.2,55,13.75,11.4424,255.0042,20.0,year_area140_08,1.0787678232430382
day_3,Mild sunny day,0.2,56,14.0,11.3978,251.1407,20.0,year_area140_08,1.1154004631361076
day_3,Mild sunny day,0.2,57,14.25,11.3408,246.2018,20.0,year_area140_08,1.1622268993308724
day_3,Mild sunny day,0.2,58,14.5,11.2716,240.2087,20.0,year_area140_08,1.219055001777365
day_3,Mild sunny day,0.2,59,14.75,11.1906,233.1869,20.0,year_area140_08,1.2856220112495285
day_3,Mild sunny day,0.2,60,15.0,11.0981,225.1666,20.0,year_area140_08,1.3616512357137276
day_3,Mild sunny day,0.2,61,15.25,10.9944,216.1821,20.0,year_area140_08,1.446836506592958
day_3,Mild sunny day,0.2,62,15.5,10.8801,206.2719,20.0,year_area140_08,1.5407818876979305
day_3,Mild sunny day,0.2,63,15.75,10.7555,195.4783,20.0,year_area140_08,1.6431236952450718
day_3,Mild sunny day,0.2,64,16.0,10.6213,183.8478,20.0,year_area140_08,1.7533886204622442
day_3,Mild sunny day,0.2,65,16.25,10.478,171.4299,20.0,year_area140_08,1.871121501127404
day_3,Mild sunny day,0.2,66,16.5,10.3263,158.278,20.0,year_area140_08,1.9957994216027475
day_3,Mild sunny day,0.2,67,16.75,10.1667,144.4483,20.0,year_area140_08,2.1269190506807285
day_3,Mild sunny day,0.2,68,17.0,10.0,130.0,20.0,year_area140_08,2.2638959168225017
day_3,Mild sunny day,0.2,69,17.25,9.8269,114.9951,20.0,year_area140_08,2.406145275543201
day_3,Mild sunny day,0.2,70,17.5,9.6481,99.4977,20.0,year_area140_08,2.553067284616235
day_3,Mild sunny day,0.2,71,17.75,9.4643,83.5743,20.0,year_area140_08,2.7040448472530425
day_3,Mild sunny day,0.2,72,18.0,9.2765,67.293,20.0,year_area140_08,2.858389791494911
day_3,Mild sunny day,0.2,73,18.25,9.0853,50.7235,20.0,year_area140_08,3.01548187184693
day_3,Mild sunny day,0.2,74,18.5,8.8916,33.9368,20.0,year_area140_08,3.1746319244642844
day_3,Mild sunny day,0.2,75,18.75,8.6962,17.0048,20.0,year_area140_08,3.3351641724177004
day_3,Mild sunny day,0.2,76,19.0,8.5,0.0,20.0,year_area140_08,3.4963786677611295
day_3,Mild sunny day,0.2,77,19.25,8.3038,0.0,20.0,year_area140_08,3.535338840020628
day_3,Mild sunny day,0.2,78,19.5,8.1084,0.0,20.0,year_area140_08,3.574140153269895
day_3,Mild sunny day,0.2,79,19.75,7.9147,0.0,20.0,year_area140_08,3.6126038911224176
day_3,Mild sunny day,0.2,80,20.0,7.7235,0.0,20.0,year_area140_08,3.650571194567964
day_3,Mild sunny day,0.2,81,20.25,7.5357,0.0,20.0,year_area140_08,3.687863347220023
day_3,Mild sunny day,0.2,82,20.5,7.3519,0.0,20.0,year_area140_08,3.7243612048209194
day_3,Mild sunny day,0.2,83,20.75,7.1731,0.0,20.0,year_area140_08,3.7598661936078637
day_3,Mild sunny day,0.2,84,21.0,7.0,0.0,20.0,year_area140_08,3.794239311946902
day_3,Mild sunny day,0.2,85,21.25,6.8333,0.0,20.0,year_area140_08,3.8273415582040804
day_3,Mild sunny day,0.2,86,21.5,6.6737,0.0,20.0,year_area140_08,3.859033930745447
day_3,Mild sunny day,0.2,87,21.75,6.522,0.0,20.0,year_area140_08,3.889157570560768
day_3,Mild sunny day,0.2,88,22.0,6.3787,0.0,20.0,year_area140_08,3.917613190768649
day_3,Mild sunny day,0.2,89,22.25,6.2445,0.0,20.0,year_area140_08,3.944261789735136
day_3,Mild sunny day,0.2,90,22.5,6.1199,0.0,20.0,year_area140_08,3.9690040805788342
day_3,Mild sunny day,0.2,91,22.75,6.0056,0.0,20.0,year_area140_08,3.9917010616657898
day_3,Mild sunny day,0.2,92,23.0,5.9019,0.0,20.0,year_area140_08,4.012293160867166
day_3,Mild sunny day,0.2,93,23.25,5.8094,0.0,20.0,year_area140_08,4.030661233925289
day_3,Mild sunny day,0.2,94,23.5,5.7284,0.0,20.0,year_area140_08,4.04674570871132
day_3,Mild sunny day,0.2,95,23.75,5.6592,0.0,20.0,year_area140_08,4.060487013096425
