typical_day_id,display_day_label,weight,timestep_index,hour,outdoor_temperature_C,solar_radiation_W_m2,setpoint_C,building_id,heat_kw
day_1,Cold cloudy day,0.45,0,0.0,-1.3978,0.0,20.0,building_1,6.506799983719624
day_1,Cold cloudy day,0.45,1,0.25,-1.4424,0.0,20.0,building_1,6.521443856385411
day_1,Cold cloudy day,0.45,2,0.5,-1.4743,0.0,20.0,building_1,6.5319178370589235
day_1,Cold cloudy day,0.45,3,0.75,-1.4936,0.0,20.0,building_1,6.538254759535374
day_1,Cold cloudy day,0.45,4,1.0,-1.5,0.0,20.0,building_1,6.540356122429119
day_1,Cold cloudy day,0.45,5,1.25,-1.4936,0.0,20.0,building_1,6.538254759535374
day_1,Cold cloudy day,0.45,6,1.5,-1.4743,0.0,20.0,building_1,6.5319178370589235
day_1,Cold cloudy day,0.45,7,1.75,-1.4424,0.0,20.0,building_1,6.521443856385411
day_1,Cold cloudy day,0.45,8,2.0,-1.3978,0.0,20.0,building_1,6.506799983719624
day_1,Cold cloudy day,0.45,9,2.25,-1.3408,0.0,20.0,building_1,6.488084720447206
day_1,Cold cloudy day,0.45,10,2.5,-1.2716,0.0,20.0,building_1,6.465363734158584
day_1,Cold cloudy day,0.45,11,2.75,-1.1906,0.0,20.0,building_1,6.43876836003462
day_1,Cold cloudy day,0.45,12,3.0,-1.0981,0.0,20.0,building_1,6.408397099460958
day_1,Cold cloudy day,0.45,13,3.25,-0.9944,0.0,20.0,building_1,6.374348453823241
day_1,Cold cloudy day,0.45,14,3.5,-0.8801,0.0,20.0,building_1,6.336819425892759
day_1,Cold cloudy day,0.45,15,3.75,-0.7555,0.0,20.0,building_1,6.295908517055156
day_1,Cold cloudy day,0.45,16,4.0,-0.6213,0.0,20.0,building_1,6.251845563876935
day_1,Cold cloudy day,0.45,17,4.25,-0.478,0.0,20.0,building_1,6.204794735334169
day_1,Cold cloudy day,0.45,18,4.5,-0.3263,0.0,20.0,building_1,6.1549858679933624
day_1,Cold cloudy day,0.45,19,4.75,-0.1667,0.0,20.0,building_1,6.102583130830588
day_1,Cold cloudy day,0.45,20,5.0,0.0,0.0,20.0,building_1,6.047849194207567
day_1,Cold cloudy day,0.45,21,5.25,0.1731,0.0,20.0,building_1,5.991013894690799
day_1,Cold cloudy day,0.45,22,5.5,0.3519,0.0,20.0,building_1,5.932307068846791
day_1,Cold cloudy day,0.45,23,5.75,0.5357,0.0,20.0,building_1,5.871958553242044
day_1,Cold cloudy day,0.45,24,6.0,0.7235,0.0,20.0,building_1,5.810296685828705
day_1,Cold cloudy day,0.45,25,6.25,0.9147,0.0,20.0,building_1,5.747518469378065
day_1,Cold cloudy day,0.45,26,6.5,1.1084,0.0,20.0,building_1,5.683919408047055
day_1,Cold cloudy day,0.45,27,6.75,1.3038,0.0,20.0,building_1,5.619762172197395
day_1,Cold cloudy day,0.45,28,7.0,1.5,0.0,20.0,building_1,5.555342265986015
day_1,Cold cloudy day,0.45,29,7.25,1.6962,4.5782,20.0,building_1,5.46671726939316
day_1,Cold cloudy day,0.45,30,7.5,1.8916,9.1368,20.0,building_1,5.3784585689912765
day_1,Cold cloudy day,0.45,31,7.75,2.0853,13.6563,20.0,building_1,5.290964766063335
day_1,Cold cloudy day,0.45,32,8.0,2.2765,18.1173,20.0,building_1,5.204601099393885
day_1,Cold cloudy day,0.45,33,8.25,2.4643,22.5008,20.0,building_1,5.1197635267498445
day_1,Cold cloudy day,0.45,34,8.5,2.6481,26.7878,20.0,building_1,5.036749504512494
day_1,Cold cloudy day,0.45,35,8.75,2.8269,30.9602,20.0,building_1,4.955983065915075
day_1,Cold cloudy day,0.45,36,9.0,3.0,35.0,20.0,building_1,4.877789214101973
day_1,Cold cloudy day,0.45,37,9.25,3.1667,38.8899,20.0,building_1,4.8024892512951025
day_1,Cold cloudy day,0.45,38,9.5,3.3263,42.6133,20.0,building_1,4.7304007787939035
day_1,Cold cloudy day,0.45,39,9.75,3.478,46.1542,20.0,building_1,4.661871059473768
day_1,Cold cloudy day,0.45,40,10.0,3.6213,49.4975,20.0,building_1,4.5971440964955494
day_1,Cold cloudy day,0.45,41,10.25,3.7555,52.6288,20.0,building_1,4.536525859688061
day_1,Cold cloudy day,0.45,42,10.5,3.8801,55.5347,20.0,building_1,4.480251364257578
day_1,Cold cloudy day,0.45,43,10.75,3.9944,58.2029,20.0,building_1,4.428615477265488
day_1,Cold cloudy day,0.45,44,11.0,4.0981,60.6218,20.0,building_1,4.381778029669851
day_1,Cold cloudy day,0.45,45,11.25,4.1906,62.7811,20.0,building_1,4.339990480672634
day_1,Cold cloudy day,0.45,46,11.5,4.2716,64.6716,20.0,building_1,4.3033999723548435
day_1,Cold cloudy day,0.45,47,11.75,4.3408,66.2851,20.0,building_1,4.272148359765382
day_1,Cold cloudy day,0.45,48,12.0,4.3978,67.6148,20.0,building_1,4.24640292990342
day_1,Cold cloudy day,0.45,49,12.25,4.4424,68.655,20.0,building_1,4.226259486442383
day_1,Cold cloudy day,0.45,50,12.5,4.4743,69.4011,20.0,building_1,4.211840851115598
day_1,Cold cloudy day,0.45,51,12.75,4.4936,69.8501,20.0,building_1,4.203130051224162
day_1,Cold cloudy day,0.45,52,13.0,4.5,70.0,20.0,building_1,4.200236162217931
day_1,Cold cloudy day,0.45,53,13.25,4.4936,69.8501,20.0,building_1,4.203130051224162
day_1,Cold cloudy day,0.45,54,13.5,4.4743,69.4011,20.0,building_1,4.211840851115598
day_1,Cold cloudy day,0.45,55,13.75,4.4424,68.655,20.0,building_1,4.226259486442383
day_1,Cold cloudy day,0.45,56,14.0,4.3978,67.6148,20.0,building_1,4.24640292990342
day_1,Cold cloudy day,0.45,57,14.25,4.3408,66.2851,20.0,building_1,4.272148359765382
day_1,Cold cloudy day,0.45,58,14.5,4.2716,64.6716,20.0,building_1,4.3033999723548435
day_1,Cold cloudy day,0.45,59,14.75,4.1906,62.7811,20.0,building_1,4.339990480672634
day_1,Cold cloudy day,0.45,60,15.0,4.0981,60.6218,20.0,building_1,4.381778029669851
day_1,Cold cloudy day,0.45,61,15.25,3.9944,58.2029,20.0,building_1,4.428615477265488
day_1,Cold cloudy day,0.45,62,15.5,3.8801,55.5347,20.0,building_1,4.480251364257578
day_1,Cold cloudy day,0.45,63,15.75,3.7555,52.6288,20.0,building_1,4.536525859688061
day_1,Cold cloudy day,0.45,64,16.0,3.6213,49.4975,20.0,building_1,4.5971440964955494
day_1,Cold cloudy day,0.45,65,16.25,3.478,46.1542,20.0,building_1,4.661871059473768
day_1,Cold cloudy day,0.45,66,16.5,3.3263,42.6133,20.0,building_1,4.7304007787939035
day_1,Cold cloudy day,0.45,67,16.75,3.1667,38.8899,20.0,building_1,4.8024892512951025
day_1,Cold cloudy day,0.45,68,17.0,3.0,35.0,20.0,building_1,4.877789214101973
day_1,Cold cloudy day,0.45,69,17.25,2.8269,30.9602,20.0,building_1,4.955983065915075
day_1,Cold cloudy day,0.45,70,17.5,2.6481,26.7878,20.0,building_1,5.036749504512494
day_1,Cold cloudy day,0.45,71,17.75,2.4643,22.5008,20.0,building_1,5.1197635267498445
day_1,Cold cloudy day,0.45,72,18.0,2.2765,18.1173,20.0,building_1,5.204601099393885
day_1,Cold cloudy day,0.45,73,18.25,2.0853,13.6563,20.0,building_1,5.290964766063335
day_1,Cold cloudy day,0.45,74,18.5,1.8916,9.1368,20.0,building_1,5.3784585689912765
day_1,Cold cloudy day,0.45,75,18.75,1.6962,4.5782,20.0,building_1,5.46671726939316
day_1,Cold cloudy day,0.45,76,19.0,1.5,0.0,20.0,building_1,5.555342265986015
day_1,Cold cloudy day,0.45,77,19.25,1.3038,0.0,20.0,building_1,5.619762172197395
day_1,Cold cloudy day,0.45,78,19.5,1.1084,0.0,20.0,building_1,5.683919408047055
day_1,Cold cloudy day,0.45,79,19.75,0.9147,0.0,20.0,building_1,5.747518469378065
day_1,Cold cloudy day,0.45,80,20.0,0.7235,0.0,20.0,building_1,5.810296685828705
day_1,Cold cloudy day,0.45,81,20.25,0.5357,0.0,20.0,building_1,5.871958553242044
day_1,Cold cloudy day,0.45,82,20.5,0.3519,0.0,20.0,building_1,5.932307068846791
day_1,Cold cloudy day,0.45,83,20.75,0.1731,0.0,20.0,building_1,5.991013894690799
day_1,Cold cloudy day,0.45,84,21.0,-0.0,0.0,20.0,building_1,6.047849194207567
day_1,Cold cloudy day,0.45,85,21.25,-0.1667,0.0,20.0,building_1,6.102583130830588
day_1,Cold cloudy day,0.45,86,21.5,-0.3263,0.0,20.0,building_1,6.1549858679933624
day_1,Cold cloudy day,0.45,87,21.75,-0.478,0.0,20.0,building_1,6.204794735334169
day_1,Cold cloudy day,0.45,88,22.0,-0.6213,0.0,20.0,building_1,6.251845563876935
day_1,Cold cloudy day,0.45,89,22.25,-0.7555,0.0,20.0,building_1,6.295908517055156
day_1,Cold cloudy day,0.45,90,22.5,-0.8801,0.0,20.0,building_1,6.336819425892759
day_1,Cold cloudy day,0.45,91,22.75,-0.9944,0.0,20.0,building_1,6.374348453823241
day_1,Cold cloudy day,0.45,92,23.0,-1.0981,0.0,20.0,building_1,6.408397099460958
day_1,Cold cloudy day,0.45,93,23.25,-1.1906,0.0,20.0,building_1,6.43876836003462
day_1,Cold cloudy day,0.45,94,23.5,-1.2716,0.0,20.0,building_1,6.465363734158584
day_1,Cold cloudy day,0.45,95,23.75,-1.3408,0.0,20.0,building_1,6.488084720447206
day_1,Cold cloudy day,0.45,0,0.0,-1.3978,0.0,20.0,building_2,3.8538160297029425
day_1,Cold cloudy day,0.45,1,0.25,-1.4424,0.0,20.0,building_2,3.860347359837875
day_1,Cold cloudy day,0.45,2,0.5,-1.4743,0.0,20.0,building_2,3.8650188717505287
day_1,Cold cloudy day,0.45,3,0.75,-1.4936,0.0,20.0,building_2,3.8678452096788742
day_1,Cold cloudy day,0.45,4,1.0,-1.5,0.0,20.0,building_2,3.868782440908999
day_1,Cold cloudy day,0.45,5,1.25,-1.4936,0.0,20.0,building_2,3.8678452096788742
day_1,Cold cloudy day,0.45,6,1.5,-1.4743,0.0,20.0,building_2,3.8650188717505287
day_1,Cold cloudy day,0.45,7,1.75,-1.4424,0.0,20.0,building_2,3.860347359837875
day_1,Cold cloudy day,0.45,8,2.0,-1.3978,0.0,20.0,building_2,3.8538160297029425
day_1,Cold cloudy day,0.45,9,2.25,-1.3408,0.0,20.0,building_2,3.845468814059643
day_1,Cold cloudy day,0.45,10,2.5,-1.2716,0.0,20.0,building_2,3.8353350013839176
day_1,Cold cloudy day,0.45,11,2.75,-1.1906,0.0,20.0,building_2,3.82347316862765
day_1,Cold cloudy day,0.45,12,3.0,-1.0981,0.0,20.0,building_2,3.809927248504751
day_1,Cold cloudy day,0.45,13,3.25,-0.9944,0.0,20.0,building_2,3.7947411737291343
day_1,Cold cloudy day,0.45,14,3.5,-0.8801,0.0,20.0,building_2,3.7780028097286227
day_1,Cold cloudy day,0.45,15,3.75,-0.7555,0.0,20.0,building_2,3.7597560892171296
day_1,Cold cloudy day,0.45,16,4.0,-0.6213,0.0,20.0,building_2,3.740103521860449
day_1,Cold cloudy day,0.45,17,4.25,-0.478,0.0,20.0,building_2,3.719118328848434
day_1,Cold cloudy day,0.45,18,4.5,-0.3263,0.0,20.0,building_2,3.6969030198468804
day_1,Cold cloudy day,0.45,19,4.75,-0.1667,0.0,20.0,building_2,3.6735308160456417
day_1,Cold cloudy day,0.45,20,5.0,0.0,0.0,20.0,building_2,3.6491188713484832
day_1,Cold cloudy day,0.45,21,5.25,0.1731,0.0,20.0,building_2,3.623769695421199
day_1,Cold cloudy day,0.45,22,5.5,0.3519,0.0,20.0,building_2,3.597585797929586
day_1,Cold cloudy day,0.45,23,5.75,0.5357,0.0,20.0,building_2,3.5706696885394376
day_1,Cold cloudy day,0.45,24,6.0,0.7235,0.0,20.0,building_2,3.543167809630461
day_1,Cold cloudy day,0.45,25,6.25,0.9147,0.0,20.0,building_2,3.5151680266304806
day_1,Cold cloudy day,0.45,26,6.5,1.1084,0.0,20.0,building_2,3.4868021376812326
day_1,Cold cloudy day,0.45,27,6.75,1.3038,0.0,20.0,building_2,3.458187296686483
day_1,Cold cloudy day,0.45,28,7.0,1.5,0.0,20.0,building_2,3.4294553017879674
day_1,Cold cloudy day,0.45,29,7.25,1.6962,4.5782,20.0,building_2,3.389298029997695
day_1,Cold cloudy day,0.45,30,7.5,1.8916,9.1368,20.0,building_2,3.3493068255328566
day_1,Cold cloudy day,0.45,31,7.75,2.0853,13.6563,20.0,building_2,3.309662150398581
day_1,Cold cloudy day,0.45,32,8.0,2.2765,18.1173,20.0,building_2,3.270529572803755
day_1,Cold cloudy day,0.45,33,8.25,2.4643,22.5008,20.0,building_2,3.232088306962137
day_1,Cold cloudy day,0.45,34,8.5,2.6481,26.7878,20.0,building_2,3.194473634373579
day_1,Cold cloudy day,0.45,35,8.75,2.8269,30.9602,20.0,building_2,3.1578771674653465
day_1,Cold cloudy day,0.45,36,9.0,3.0,35.0,20.0,building_2,3.122446336392522
day_1,Cold cloudy day,0.45,37,9.25,3.1667,38.8899,20.0,building_2,3.0883268244022695
day_1,Cold cloudy day,0.45,38,9.5,3.3263,42.6133,20.0,building_2,3.0556625678338363
day_1,Cold cloudy day,0.45,39,9.75,3.478,46.1542,20.0,building_2,3.0246106499147998
day_1,Cold cloudy day,0.45,40,10.0,3.6213,49.4975,20.0,building_2,2.995281975134359
day_1,Cold cloudy day,0.45,41,10.25,3.7555,52.6288,20.0,building_2,2.9678149895497374
day_1,Cold cloudy day,0.45,42,10.5,3.8801,55.5347,20.0,building_2,2.942316355159481
day_1,Cold cloudy day,0.45,43,10.75,3.9944,58.2029,20.0,building_2,2.9189192772970625
day_1,Cold cloudy day,0.45,44,11.0,4.0981,60.6218,20.0,building_2,2.897696637436156
day_1,Cold cloudy day,0.45,45,11.25,4.1906,62.7811,20.0,building_2,2.87876200550679
day_1,Cold cloudy day,0.45,46,11.5,4.2716,64.6716,20.0,building_2,2.8621822735840667
day_1,Cold cloudy day,0.45,47,11.75,4.3408,66.2851,20.0,building_2,2.8480218381603515
day_1,Cold cloudy day,0.45,48,12.0,4.3978,67.6148,20.0,building_2,2.8363562461501464
day_1,Cold cloudy day,0.45,49,12.25,4.4424,68.655,20.0,building_2,2.8272290108509996
day_1,Cold cloudy day,0.45,50,12.5,4.4743,69.4011,20.0,building_2,2.820695544657419
day_1,Cold cloudy day,0.45,51,12.75,4.4936,69.8501,20.0,building_2,2.816748690079648
day_1,Cold cloudy day,0.45,52,13.0,4.5,70.0,20.0,building_2,2.8154373709970764
day_1,Cold cloudy day,0.45,53,13.25,4.4936,69.8501,20.0,building_2,2.816748690079648
day_1,Cold cloudy day,0.45,54,13.5,4.4743,69.4011,20.0,building_2,2.820695544657419
day_1,Cold cloudy day,0.45,55,13.75,4.4424,68.655,20.0,building_2,2.8272290108509996
day_1,Cold cloudy day,0.45,56,14.0,4.3978,67.6148,20.0,building_2,2.8363562461501464
day_1,Cold cloudy day,0.45,57,14.25,4.3408,66.2851,20.0,building_2,2.8480218381603515
day_1,Cold cloudy day,0.45,58,14.5,4.2716,64.6716,20.0,building_2,2.8621822735840667
day_1,Cold cloudy day,0.45,59,14.75,4.1906,62.7811,20.0,building_2,2.87876200550679
day_1,Cold cloudy day,0.45,60,15.0,4.0981,60.6218,20.0,building_2,2.897696637436156
day_1,Cold cloudy day,0.45,61,15.25,3.9944,58.2029,20.0,building_2,2.9189192772970625
day_1,Cold cloudy day,0.45,62,15.5,3.8801,55.5347,20.0,building_2,2.942316355159481
day_1,Cold cloudy day,0.45,63,15.75,3.7555,52.6288,20.0,building_2,2.9678149895497374
day_1,Cold cloudy day,0.45,64,16.0,3.6213,49.4975,20.0,building_2,2.995281975134359
day_1,Cold cloudy day,0.45,65,16.25,3.478,46.1542,20.0,building_2,3.0246106499147998
day_1,Cold cloudy day,0.45,66,16.5,3.3263,42.6133,20.0,building_2,3.0556625678338363
day_1,Cold cloudy day,0.45,67,16.75,3.1667,38.8899,20.0,building_2,3.0883268244022695
day_1,Cold cloudy day,0.45,68,17.0,3.0,35.0,20.0,building_2,3.122446336392522
day_1,Cold cloudy day,0.45,69,17.25,2.8269,30.9602,20.0,building_2,3.1578771674653465
day_1,Cold cloudy day,0.45,70,17.5,2.6481,26.7878,20.0,building_2,3.194473634373579
day_1,Cold cloudy day,0.45,71,17.75,2.4643,22.5008,20.0,building_2,3.232088306962137
day_1,Cold cloudy day,0.45,72,18.0,2.2765,18.1173,20.0,building_2,3.270529572803755
day_1,Cold cloudy day,0.45,73,18.25,2.0853,13.6563,20.0,building_2,3.309662150398581
day_1,Cold cloudy day,0.45,74,18.5,1.8916,9.1368,20.0,building_2,3.3493068255328566
day_1,Cold cloudy day,0.45,75,18.75,1.6962,4.5782,20.0,building_2,3.389298029997695
day_1,Cold cloudy day,0.45,76,19.0,1.5,0.0,20.0,building_2,3.4294553017879674
day_1,Cold cloudy day,0.45,77,19.25,1.3038,0.0,20.0,building_2,3.458187296686483
day_1,Cold cloudy day,0.45,78,19.5,1.1084,0.0,20.0,building_2,3.4868021376812326
day_1,Cold cloudy day,0.45,79,19.75,0.9147,0.0,20.0,building_2,3.5151680266304806
day_1,Cold cloudy day,0.45,80,20.0,0.7235,0.0,20.0,building_2,3.543167809630461
day_1,Cold cloudy day,0.45,81,20.25,0.5357,0.0,20.0,building_2,3.5706696885394376
day_1,Cold cloudy day,0.45,82,20.5,0.3519,0.0,20.0,building_2,3.597585797929586
day_1,Cold cloudy day,0.45,83,20.75,0.1731,0.0,20.0,building_2,3.623769695421199
day_1,Cold cloudy day,0.45,84,21.0,-0.0,0.0,20.0,building_2,3.6491188713484832
day_1,Cold cloudy day,0.45,85,21.25,-0.1667,0.0,20.0,building_2,3.6735308160456417
day_1,Cold cloudy day,0.45,86,21.5,-0.3263,0.0,20.0,building_2,3.6969030198468804
day_1,Cold cloudy day,0.45,87,21.75,-0.478,0.0,20.0,building_2,3.719118328848434
day_1,Cold cloudy day,0.45,88,22.0,-0.6213,0.0,20.0,building_2,3.740103521860449
day_1,Cold cloudy day,0.45,89,22.25,-0.7555,0.0,20.0,building_2,3.7597560892171296
day_1,Cold cloudy day,0.45,90,22.5,-0.8801,0.0,20.0,building_2,3.7780028097286227
day_1,Cold cloudy day,0.45,91,22.75,-0.9944,0.0,20.0,building_2,3.7947411737291343
day_1,Cold cloudy day,0.45,92,23.0,-1.0981,0.0,20.0,building_2,3.809927248504751
day_1,Cold cloudy day,0.45,93,23.25,-1.1906,0.0,20.0,building_2,3.82347316862765
day_1,Cold cloudy day,0.45,94,23.5,-1.2716,0.0,20.0,building_2,3.8353350013839176
day_1,Cold cloudy day,0.45,95,23.75,-1.3408,0.0,20.0,building_2,3.845468814059643
day_1,Cold cloudy day,0.45,0,0.0,-1.3978,0.0,20.0,building_3,3.826412070959382
day_1,Cold cloudy day,0.45,1,0.25,-1.4424,0.0,20.0,building_3,3.835657951035701
day_1,Cold cloudy day,0.45,2,0.5,-1.4743,0.0,20.0,building_3,3.842271035664279
day_1,Cold cloudy day,0.45,3,0.75,-1.4936,0.0,20.0,building_3,3.8462720555179324
day_1,Cold cloudy day,0.45,4,1.0,-1.5,0.0,20.0,building_3,3.847598818578211
day_1,Cold cloudy day,0.45,5,1.25,-1.4936,0.0,20.0,building_3,3.8462720555179324
day_1,Cold cloudy day,0.45,6,1.5,-1.4743,0.0,20.0,building_3,3.842271035664279
day_1,Cold cloudy day,0.45,7,1.75,-1.4424,0.0,20.0,building_3,3.835657951035701
day_1,Cold cloudy day,0.45,8,2.0,-1.3978,0.0,20.0,building_3,3.826412070959382
day_1,Cold cloudy day,0.45,9,2.25,-1.3408,0.0,20.0,building_3,3.8145955874537734
day_1,Cold cloudy day,0.45,10,2.5,-1.2716,0.0,20.0,building_3,3.8002499618645063
day_1,Cold cloudy day,0.45,11,2.75,-1.1906,0.0,20.0,building_3,3.7834581168828514
day_1,Cold cloudy day,0.45,12,3.0,-1.0981,0.0,20.0,building_3,3.764282244527257
day_1,Cold cloudy day,0.45,13,3.25,-0.9944,0.0,20.0,building_3,3.742784536816175
day_1,Cold cloudy day,0.45,14,3.5,-0.8801,0.0,20.0,building_3,3.7190893777865055
day_1,Cold cloudy day,0.45,15,3.75,-0.7555,0.0,20.0,building_3,3.693258959456701
day_1,Cold cloudy day,0.45,16,4.0,-0.6213,0.0,20.0,building_3,3.6654383965364765
day_1,Cold cloudy day,0.45,17,4.25,-0.478,0.0,20.0,building_3,3.635731342389919
day_1,Cold cloudy day,0.45,18,4.5,-0.3263,0.0,20.0,building_3,3.6042829117267443
day_1,Cold cloudy day,0.45,19,4.75,-0.1667,0.0,20.0,building_3,3.5711967579110384
day_1,Cold cloudy day,0.45,20,5.0,0.0,0.0,20.0,building_3,3.536638726325335
day_1,Cold cloudy day,0.45,21,5.25,0.1731,0.0,20.0,building_3,3.500753931679353
day_1,Cold cloudy day,0.45,22,5.5,0.3519,0.0,20.0,building_3,3.463687488682811
day_1,Cold cloudy day,0.45,23,5.75,0.5357,0.0,20.0,building_3,3.4255845120454254
day_1,Cold cloudy day,0.45,24,6.0,0.7235,0.0,20.0,building_3,3.3866523084953646
day_1,Cold cloudy day,0.45,25,6.25,0.9147,0.0,20.0,building_3,3.3470152620695317
day_1,Cold cloudy day,0.45,26,6.5,1.1084,0.0,20.0,building_3,3.306859948823277
day_1,Cold cloudy day,0.45,27,6.75,1.3038,0.0,20.0,building_3,3.2663522141391357
day_1,Cold cloudy day,0.45,28,7.0,1.5,0.0,20.0,building_3,3.2256786340724592
day_1,Cold cloudy day,0.45,29,7.25,1.6962,4.5782,20.0,building_3,3.172781740749968
day_1,Cold cloudy day,0.45,30,7.5,1.8916,9.1368,20.0,building_3,3.12010302275187
day_1,Cold cloudy day,0.45,31,7.75,2.0853,13.6563,20.0,building_3,3.0678811190858752
day_1,Cold cloudy day,0.45,32,8.0,2.2765,18.1173,20.0,building_3,3.016333671097377
day_1,Cold cloudy day,0.45,33,8.25,2.4643,22.5008,20.0,building_3,2.965697982846591
day_1,Cold cloudy day,0.45,34,8.5,2.6481,26.7878,20.0,building_3,2.9161491663752797
day_1,Cold cloudy day,0.45,35,8.75,2.8269,30.9602,20.0,building_3,2.86794285351098
day_1,Cold cloudy day,0.45,36,9.0,3.0,35.0,20.0,building_3,2.8212722170732807
day_1,Cold cloudy day,0.45,37,9.25,3.1667,38.8899,20.0,building_3,2.776328560955274
day_1,Cold cloudy day,0.45,38,9.5,3.3263,42.6133,20.0,building_3,2.733301320123557
day_1,Cold cloudy day,0.45,39,9.75,3.478,46.1542,20.0,building_3,2.6923990582805493
day_1,Cold cloudy day,0.45,40,10.0,3.6213,49.4975,20.0,building_3,2.6537657442047244
day_1,Cold cloudy day,0.45,41,10.25,3.7555,52.6288,20.0,building_3,2.617584939093698
day_1,Cold cloudy day,0.45,42,10.5,3.8801,55.5347,20.0,building_3,2.583996072904456
day_1,Cold cloudy day,0.45,43,10.75,3.9944,58.2029,20.0,building_3,2.5531771000551275
day_1,Cold cloudy day,0.45,44,11.0,4.0981,60.6218,20.0,building_3,2.525221183346079
day_1,Cold cloudy day,0.45,45,11.25,4.1906,62.7811,20.0,building_3,2.5002802067326364
day_1,Cold cloudy day,0.45,46,11.5,4.2716,64.6716,20.0,building_3,2.478440925267184
day_1,Cold cloudy day,0.45,47,11.75,4.3408,66.2851,20.0,building_3,2.4597874241071143
day_1,Cold cloudy day,0.45,48,12.0,4.3978,67.6148,20.0,building_3,2.444420781229643
day_1,Cold cloudy day,0.45,49,12.25,4.4424,68.655,20.0,building_3,2.432397676381864
day_1,Cold cloudy day,0.45,50,12.5,4.4743,69.4011,20.0,building_3,2.4237925830991944
day_1,Cold cloudy day,0.45,51,12.75,4.4936,69.8501,20.0,building_3,2.418592780393795
day_1,Cold cloudy day,0.45,52,13.0,4.5,70.0,20.0,building_3,2.416865800074103
day_1,Cold cloudy day,0.45,53,13.25,4.4936,69.8501,20.0,building_3,2.418592780393795
day_1,Cold cloudy day,0.45,54,13.5,4.4743,69.4011,20.0,building_3,2.4237925830991944
day_1,Cold cloudy day,0.45,55,13.75,4.4424,68.655,20.0,building_3,2.432397676381864
day_1,Cold cloudy day,0.45,56,14.0,4.3978,67.6148,20.0,building_3,2.444420781229643
day_1,Cold cloudy day,0.45,57,14.25,4.3408,66.2851,20.0,building_3,2.4597874241071143
day_1,Cold cloudy day,0.45,58,14.5,4.2716,64.6716,20.0,building_3,2.478440925267184
day_1,Cold cloudy day,0.45,59,14.75,4.1906,62.7811,20.0,building_3,2.5002802067326364
day_1,Cold cloudy day,0.45,60,15.0,4.0981,60.6218,20.0,building_3,2.525221183346079
day_1,Cold cloudy day,0.45,61,15.25,3.9944,58.2029,20.0,building_3,2.5531771000551275
day_1,Cold cloudy day,0.45,62,15.5,3.8801,55.5347,20.0,building_3,2.583996072904456
day_1,Cold cloudy day,0.45,63,15.75,3.7555,52.6288,20.0,building_3,2.617584939093698
day_1,Cold cloudy day,0.45,64,16.0,3.6213,49.4975,20.0,building_3,2.6537657442047244
day_1,Cold cloudy day,0.45,65,16.25,3.478,46.1542,20.0,building_3,2.6923990582805493
day_1,Cold cloudy day,0.45,66,16.5,3.3263,42.6133,20.0,building_3,2.733301320123557
day_1,Cold cloudy day,0.45,67,16.75,3.1667,38.8899,20.0,building_3,2.776328560955274
day_1,Cold cloudy day,0.45,68,17.0,3.0,35.0,20.0,building_3,2.8212722170732807
day_1,Cold cloudy day,0.45,69,17.25,2.8269,30.9602,20.0,building_3,2.86794285351098
day_1,Cold cloudy day,0.45,70,17.5,2.6481,26.7878,20.0,building_3,2.9161491663752797
day_1,Cold cloudy day,0.45,71,17.75,2.4643,22.5008,20.0,building_3,2.965697982846591
day_1,Cold cloudy day,0.45,72,18.0,2.2765,18.1173,20.0,building_3,3.016333671097377
day_1,Cold cloudy day,0.45,73,18.25,2.0853,13.6563,20.0,building_3,3.0678811190858752
day_1,Cold cloudy day,0.45,74,18.5,1.8916,9.1368,20.0,building_3,3.12010302275187
day_1,Cold cloudy day,0.45,75,18.75,1.6962,4.5782,20.0,building_3,3.172781740749968
day_1,Cold cloudy day,0.45,76,19.0,1.5,0.0,20.0,building_3,3.2256786340724592
day_1,Cold cloudy day,0.45,77,19.25,1.3038,0.0,20.0,building_3,3.2663522141391357
day_1,Cold cloudy day,0.45,78,19.5,1.1084,0.0,20.0,building_3,3.306859948823277
day_1,Cold cloudy day,0.45,79,19.75,0.9147,0.0,20.0,building_3,3.3470152620695317
day_1,Cold cloudy day,0.45,80,20.0,0.7235,0.0,20.0,building_3,3.3866523084953646
day_1,Cold cloudy day,0.45,81,20.25,0.5357,0.0,20.0,building_3,3.4255845120454254
day_1,Cold cloudy day,0.45,82,20.5,0.3519,0.0,20.0,building_3,3.463687488682811
day_1,Cold cloudy day,0.45,83,20.75,0.1731,0.0,20.0,building_3,3.500753931679353
day_1,Cold cloudy day,0.45,84,21.0,-0.0,0.0,20.0,building_3,3.536638726325335
day_1,Cold cloudy day,0.45,85,21.25,-0.1667,0.0,20.0,building_3,3.5711967579110384
day_1,Cold cloudy day,0.45,86,21.5,-0.3263,0.0,20.0,building_3,3.6042829117267443
day_1,Cold cloudy day,0.45,87,21.75,-0.478,0.0,20.0,building_3,3.635731342389919
day_1,Cold cloudy day,0.45,88,22.0,-0.6213,0.0,20.0,building_3,3.6654383965364765
day_1,Cold cloudy day,0.45,89,22.25,-0.7555,0.0,20.0,building_3,3.693258959456701
day_1,Cold cloudy day,0.45,90,22.5,-0.8801,0.0,20.0,building_3,3.7190893777865055
day_1,Cold cloudy day,0.45,91,22.75,-0.9944,0.0,20.0,building_3,3.742784536816175
day_1,Cold cloudy day,0.45,92,23.0,-1.0981,0.0,20.0,building_3,3.764282244527257
day_1,Cold cloudy day,0.45,93,23.25,-1.1906,0.0,20.0,building_3,3.7834581168828514
day_1,Cold cloudy day,0.45,94,23.5,-1.2716,0.0,20.0,building_3,3.8002499618645063
day_1,Cold cloudy day,0.45,95,23.75,-1.3408,0.0,20.0,building_3,3.8145955874537734
day_1,Cold cloudy day,0.45,0,0.0,-1.3978,0.0,20.0,4,7.991350260040669
day_1,Cold cloudy day,0.45,1,0.25,-1.4424,0.0,20.0,4,8.010809513298103
day_1,Cold cloudy day,0.45,2,0.5,-1.4743,0.0,20.0,4,8.024727678744563
day_1,Cold cloudy day,0.45,3,0.75,-1.4936,0.0,20.0,4,8.033148386992735
day_1,Cold cloudy day,0.45,4,1.0,-1.5,0.0,20.0,4,8.035940746204565
day_1,Cold cloudy day,0.45,5,1.25,-1.4936,0.0,20.0,4,8.033148386992735
day_1,Cold cloudy day,0.45,6,1.5,-1.4743,0.0,20.0,4,8.024727678744563
day_1,Cold cloudy day,0.45,7,1.75,-1.4424,0.0,20.0,4,8.010809513298103
day_1,Cold cloudy day,0.45,8,2.0,-1.3978,0.0,20.0,4,7.991350260040669
day_1,Cold cloudy day,0.45,9,2.25,-1.3408,0.0,20.0,4,7.966480810810316
day_1,Cold cloudy day,0.45,10,2.5,-1.2716,0.0,20.0,4,7.9362884268324105
day_1,Cold cloudy day,0.45,11,2.75,-1.1906,0.0,20.0,4,7.900947630557699
day_1,Cold cloudy day,0.45,12,3.0,-1.0981,0.0,20.0,4,7.86058931382423
day_1,Cold cloudy day,0.45,13,3.25,-0.9944,0.0,20.0,4,7.815344368470061
day_1,Cold cloudy day,0.45,14,3.5,-0.8801,0.0,20.0,4,7.765474578171299
day_1,Cold cloudy day,0.45,15,3.75,-0.7555,0.0,20.0,4,7.711110834766002
day_1,Cold cloudy day,0.45,16,4.0,-0.6213,0.0,20.0,4,7.652558552542958
day_1,Cold cloudy day,0.45,17,4.25,-0.478,0.0,20.0,4,7.590035884565596
day_1,Cold cloudy day,0.45,18,4.5,-0.3263,0.0,20.0,4,7.523848245122707
day_1,Cold cloudy day,0.45,19,4.75,-0.1667,0.0,20.0,4,7.454213787277716
day_1,Cold cloudy day,0.45,20,5.0,0.0,0.0,20.0,4,7.381481555932105
day_1,Cold cloudy day,0.45,21,5.25,0.1731,0.0,20.0,4,7.305956965374662
day_1,Cold cloudy day,0.45,22,5.5,0.3519,0.0,20.0,4,7.227945429894184
day_1,Cold cloudy day,0.45,23,5.75,0.5357,0.0,20.0,4,7.1477523637794675
day_1,Cold cloudy day,0.45,24,6.0,0.7235,0.0,20.0,4,7.0658140731573535
day_1,Cold cloudy day,0.45,25,6.25,0.9147,0.0,20.0,4,6.982392341703958
day_1,Cold cloudy day,0.45,26,6.5,1.1084,0.0,20.0,4,6.89787984493344
day_1,Cold cloudy day,0.45,27,6.75,1.3038,0.0,20.0,4,6.812625627747282
day_1,Cold cloudy day,0.45,28,7.0,1.5,0.0,20.0,4,6.727022365659645
day_1,Cold cloudy day,0.45,29,7.25,1.6962,4.5782,20.0,4,6.595988342034511
day_1,Cold cloudy day,0.45,30,7.5,1.8916,9.1368,20.0,4,6.4654978596033175
day_1,Cold cloudy day,0.45,31,7.75,2.0853,13.6563,20.0,4,6.336137097844661
day_1,Cold cloudy day,0.45,32,8.0,2.2765,18.1173,20.0,4,6.208447613296432
day_1,Cold cloudy day,0.45,33,8.25,2.4643,22.5008,20.0,4,6.083010623797119
day_1,Cold cloudy day,0.45,34,8.5,2.6481,26.7878,20.0,4,5.960276455347152
day_1,Cold cloudy day,0.45,35,8.75,2.8269,30.9602,20.0,4,5.840861025445495
day_1,Cold cloudy day,0.45,36,9.0,3.0,35.0,20.0,4,5.72524836742504
day_1,Cold cloudy day,0.45,37,9.25,3.1667,38.8899,20.0,4,5.613915568322515
day_1,Cold cloudy day,0.45,38,9.5,3.3263,42.6133,20.0,4,5.50733276887849
day_1,Cold cloudy day,0.45,39,9.75,3.478,46.1542,20.0,4,5.406007786478082
day_1,Cold cloudy day,0.45,40,10.0,3.6213,49.4975,20.0,4,5.310308615716153
day_1,Cold cloudy day,0.45,41,10.25,3.7555,52.6288,20.0,4,5.2206835661167705
day_1,Cold cloudy day,0.45,42,10.5,3.8801,55.5347,20.0,4,5.137483762698411
day_1,Cold cloudy day,0.45,43,10.75,3.9944,58.2029,20.0,4,5.061136676096661
day_1,Cold cloudy day,0.45,44,11.0,4.0981,60.6218,20.0,4,4.991888308200217
day_1,Cold cloudy day,0.45,45,11.25,4.1906,62.7811,20.0,4,4.930102652471529
day_1,Cold cloudy day,0.45,46,11.5,4.2716,64.6716,20.0,4,4.8760018949267465
day_1,Cold cloudy day,0.45,47,11.75,4.3408,66.2851,20.0,4,4.829798298301789
day_1,Cold cloudy day,0.45,48,12.0,4.3978,67.6148,20.0,4,4.791733863352942
day_1,Cold cloudy day,0.45,49,12.25,4.4424,68.655,20.0,4,4.761952414002874
day_1,Cold cloudy day,0.45,50,12.5,4.4743,69.4011,20.0,4,4.740630489178681
day_1,Cold cloudy day,0.45,51,12.75,4.4936,69.8501,20.0,4,4.727754228108365
day_1,Cold cloudy day,0.45,52,13.0,4.5,70.0,20.0,4,4.723474369190436
day_1,Cold cloudy day,0.45,53,13.25,4.4936,69.8501,20.0,4,4.727754228108365
day_1,Cold cloudy day,0.45,54,13.5,4.4743,69.4011,20.0,4,4.740630489178681
day_1,Cold cloudy day,0.45,55,13.75,4.4424,68.655,20.0,4,4.761952414002874
day_1,Cold cloudy day,0.45,56,14.0,4.3978,67.6148,20.0,4,4.791733863352942
day_1,Cold cloudy day,0.45,57,14.25,4.3408,66.2851,20.0,4,4.829798298301789
day_1,Cold cloudy day,0.45,58,14.5,4.2716,64.6716,20.0,4,4.8760018949267465
day_1,Cold cloudy day,0.45,59,14.75,4.1906,62.7811,20.0,4,4.930102652471529
day_1,Cold cloudy day,0.45,60,15.0,4.0981,60.6218,20.0,4,4.991888308200217
day_1,Cold cloudy day,0.45,61,15.25,3.9944,58.2029,20.0,4,5.061136676096661
day_1,Cold cloudy day,0.45,62,15.5,3.8801,55.5347,20.0,4,5.137483762698411
day_1,Cold cloudy day,0.45,63,15.75,3.7555,52.6288,20.0,4,5.2206835661167705
day_1,Cold cloudy day,0.45,64,16.0,3.6213,49.4975,20.0,4,5.310308615716153
day_1,Cold cloudy day,0.45,65,16.25,3.478,46.1542,20.0,4,5.406007786478082
day_1,Cold cloudy day,0.45,66,16.5,3.3263,42.6133,20.0,4,5.50733276887849
day_1,Cold cloudy day,0.45,67,16.75,3.1667,38.8899,20.0,4,5.613915568322515
day_1,Cold cloudy day,0.45,68,17.0,3.0,35.0,20.0,4,5.72524836742504
day_1,Cold cloudy day,0.45,69,17.25,2.8269,30.9602,20.0,4,5.840861025445495
day_1,Cold cloudy day,0.45,70,17.5,2.6481,26.7878,20.0,4,5.960276455347152
day_1,Cold cloudy day,0.45,71,17.75,2.4643,22.5008,20.0,4,6.083010623797119
day_1,Cold cloudy day,0.45,72,18.0,2.2765,18.1173,20.0,4,6.208447613296432
day_1,Cold cloudy day,0.45,73,18.25,2.0853,13.6563,20.0,4,6.336137097844661
day_1,Cold cloudy day,0.45,74,18.5,1.8916,9.1368,20.0,4,6.4654978596033175
day_1,Cold cloudy day,0.45,75,18.75,1.6962,4.5782,20.0,4,6.595988342034511
day_1,Cold cloudy day,0.45,76,19.0,1.5,0.0,20.0,4,6.727022365659645
day_1,Cold cloudy day,0.45,77,19.25,1.3038,0.0,20.0,4,6.812625627747282
day_1,Cold cloudy day,0.45,78,19.5,1.1084,0.0,20.0,4,6.89787984493344
day_1,Cold cloudy day,0.45,79,19.75,0.9147,0.0,20.0,4,6.982392341703958
day_1,Cold cloudy day,0.45,80,20.0,0.7235,0.0,20.0,4,7.0658140731573535
day_1,Cold cloudy day,0.45,81,20.25,0.5357,0.0,20.0,4,7.1477523637794675
day_1,Cold cloudy day,0.45,82,20.5,0.3519,0.0,20.0,4,7.227945429894184
day_1,Cold cloudy day,0.45,83,20.75,0.1731,0.0,20.0,4,7.305956965374662
day_1,Cold cloudy day,0.45,84,21.0,-0.0,0.0,20.0,4,7.381481555932105
day_1,Cold cloudy day,0.45,85,21.25,-0.1667,0.0,20.0,4,7.454213787277716
day_1,Cold cloudy day,0.45,86,21.5,-0.3263,0.0,20.0,4,7.523848245122707
day_1,Cold cloudy day,0.45,87,21.75,-0.478,0.0,20.0,4,7.590035884565596
day_1,Cold cloudy day,0.45,88,22.0,-0.6213,0.0,20.0,4,7.652558552542958
day_1,Cold cloudy day,0.45,89,22.25,-0.7555,0.0,20.0,4,7.711110834766002
day_1,Cold cloudy day,0.45,90,22.5,-0.8801,0.0,20.0,4,7.765474578171299
day_1,Cold cloudy day,0.45,91,22.75,-0.9944,0.0,20.0,4,7.815344368470061
day_1,Cold cloudy day,0.45,92,23.0,-1.0981,0.0,20.0,4,7.86058931382423
day_1,Cold cloudy day,0.45,93,23.25,-1.1906,0.0,20.0,4,7.900947630557699
day_1,Cold cloudy day,0.45,94,23.5,-1.2716,0.0,20.0,4,7.9362884268324105
day_1,Cold cloudy day,0.45,95,23.75,-1.3408,0.0,20.0,4,7.966480810810316
day_1,Cold cloudy day,0.45,0,0.0,-1.3978,0.0,20.0,5,5.190625767945141
day_1,Cold cloudy day,0.45,1,0.25,-1.4424,0.0,20.0,5,5.204432315453526
day_1,Cold cloudy day,0.45,2,0.5,-1.4743,0.0,20.0,5,5.214307402124322
day_1,Cold cloudy day,0.45,3,0.75,-1.4936,0.0,20.0,5,5.220281984342076
day_1,Cold cloudy day,0.45,4,1.0,-1.5,0.0,20.0,5,5.222263192953145
day_1,Cold cloudy day,0.45,5,1.25,-1.4936,0.0,20.0,5,5.220281984342076
day_1,Cold cloudy day,0.45,6,1.5,-1.4743,0.0,20.0,5,5.214307402124322
day_1,Cold cloudy day,0.45,7,1.75,-1.4424,0.0,20.0,5,5.204432315453526
day_1,Cold cloudy day,0.45,8,2.0,-1.3978,0.0,20.0,5,5.190625767945141
day_1,Cold cloudy day,0.45,9,2.25,-1.3408,0.0,20.0,5,5.1729806287528115
day_1,Cold cloudy day,0.45,10,2.5,-1.2716,0.0,20.0,5,5.15155881064563
day_1,Cold cloudy day,0.45,11,2.75,-1.1906,0.0,20.0,5,5.126484139161792
day_1,Cold cloudy day,0.45,12,3.0,-1.0981,0.0,20.0,5,5.097849483454939
day_1,Cold cloudy day,0.45,13,3.25,-0.9944,0.0,20.0,5,5.065747712678717
day_1,Cold cloudy day,0.45,14,3.5,-0.8801,0.0,20.0,5,5.030364565140412
day_1,Cold cloudy day,0.45,15,3.75,-0.7555,0.0,20.0,5,4.991792909993669
day_1,Cold cloudy day,0.45,16,4.0,-0.6213,0.0,20.0,5,4.950249441930323
day_1,Cold cloudy day,0.45,17,4.25,-0.478,0.0,20.0,5,4.905888942873112
day_1,Cold cloudy day,0.45,18,4.5,-0.3263,0.0,20.0,5,4.858928107513874
day_1,Cold cloudy day,0.45,19,4.75,-0.1667,0.0,20.0,5,4.809521717775349
day_1,Cold cloudy day,0.45,20,5.0,0.0,0.0,20.0,5,4.757917424733918
day_1,Cold cloudy day,0.45,21,5.25,0.1731,0.0,20.0,5,4.704331923081419
day_1,Cold cloudy day,0.45,22,5.5,0.3519,0.0,20.0,5,4.648981907509688
day_1,Cold cloudy day,0.45,23,5.75,0.5357,0.0,20.0,5,4.592084072710559
day_1,Cold cloudy day,0.45,24,6.0,0.7235,0.0,20.0,5,4.5339479825295115
day_1,Cold cloudy day,0.45,25,6.25,0.9147,0.0,20.0,5,4.474759375273835
day_1,Cold cloudy day,0.45,26,6.5,1.1084,0.0,20.0,5,4.414796858404459
day_1,Cold cloudy day,0.45,27,6.75,1.3038,0.0,20.0,5,4.354308082997767
day_1,Cold cloudy day,0.45,28,7.0,1.5,0.0,20.0,5,4.293571656514692
day_1,Cold cloudy day,0.45,29,7.25,1.6962,4.5782,20.0,5,4.184104207792799
day_1,Cold cloudy day,0.45,30,7.5,1.8916,9.1368,20.0,5,4.075093035379013
day_1,Cold cloudy day,0.45,31,7.75,2.0853,13.6563,20.0,5,3.9670243075515446
day_1,Cold cloudy day,0.45,32,8.0,2.2765,18.1173,20.0,5,3.8603521717896054
day_1,Cold cloudy day,0.45,33,8.25,2.4643,22.5008,20.0,5,3.755557474299165
day_1,Cold cloudy day,0.45,34,8.5,2.6481,26.7878,20.0,5,3.6530281921325516
day_1,Cold cloudy day,0.45,35,8.75,2.8269,30.9602,20.0,5,3.5532665481502557
day_1,Cold cloudy day,0.45,36,9.0,3.0,35.0,20.0,5,3.4566808316446753
day_1,Cold cloudy day,0.45,37,9.25,3.1667,38.8899,20.0,5,3.3636718810070763
day_1,Cold cloudy day,0.45,38,9.5,3.3263,42.6133,20.0,5,3.2746330837275917
day_1,Cold cloudy day,0.45,39,9.75,3.478,46.1542,20.0,5,3.1899823971942167
day_1,Cold cloudy day,0.45,40,10.0,3.6213,49.4975,20.0,5,3.110035329911276
day_1,Cold cloudy day,0.45,41,10.25,3.7555,52.6288,20.0,5,3.0351618522510533
day_1,Cold cloudy day,0.45,42,10.5,3.8801,55.5347,20.0,5,2.9656593776722664
day_1,Cold cloudy day,0.45,43,10.75,3.9944,58.2029,20.0,5,2.9018755238438008
day_1,Cold cloudy day,0.45,44,11.0,4.0981,60.6218,20.0,5,2.8440266319952183
day_1,Cold cloudy day,0.45,45,11.25,4.1906,62.7811,20.0,5,2.792408075121907
day_1,Cold cloudy day,0.45,46,11.5,4.2716,64.6716,20.0,5,2.7472106485066883
day_1,Cold cloudy day,0.45,47,11.75,4.3408,66.2851,20.0,5,2.7086145032879063
day_1,Cold cloudy day,0.45,48,12.0,4.3978,67.6148,20.0,5,2.676815845186188
day_1,Cold cloudy day,0.45,49,12.25,4.4424,68.655,20.0,5,2.651937258594142
day_1,Cold cloudy day,0.45,50,12.5,4.4743,69.4011,20.0,5,2.634120575729999
day_1,Cold cloudy day,0.45,51,12.75,4.4936,69.8501,20.0,5,2.6233667726426386
day_1,Cold cloudy day,0.45,52,13.0,4.5,70.0,20.0,5,2.6197900067746573
day_1,Cold cloudy day,0.45,53,13.25,4.4936,69.8501,20.0,5,2.6233667726426386
day_1,Cold cloudy day,0.45,54,13.5,4.4743,69.4011,20.0,5,2.634120575729999
day_1,Cold cloudy day,0.45,55,13.75,4.4424,68.655,20.0,5,2.651937258594142
day_1,Cold cloudy day,0.45,56,14.0,4.3978,67.6148,20.0,5,2.676815845186188
day_1,Cold cloudy day,0.45,57,14.25,4.3408,66.2851,20.0,5,2.7086145032879063
day_1,Cold cloudy day,0.45,58,14.5,4.2716,64.6716,20.0,5,2.7472106485066883
day_1,Cold cloudy day,0.45,59,14.75,4.1906,62.7811,20.0,5,2.792408075121907
day_1,Cold cloudy day,0.45,60,15.0,4.0981,60.6218,20.0,5,2.8440266319952183
day_1,Cold cloudy day,0.45,61,15.25,3.9944,58.2029,20.0,5,2.9018755238438008
day_1,Cold cloudy day,0.45,62,15.5,3.8801,55.5347,20.0,5,2.9656593776722664
day_1,Cold cloudy day,0.45,63,15.75,3.7555,52.6288,20.0,5,3.0351618522510533
day_1,Cold cloudy day,0.45,64,16.0,3.6213,49.4975,20.0,5,3.110035329911276
day_1,Cold cloudy day,0.45,65,16.25,3.478,46.1542,20.0,5,3.1899823971942167
day_1,Cold cloudy day,0.45,66,16.5,3.3263,42.6133,20.0,5,3.2746330837275917
day_1,Cold cloudy day,0.45,67,16.75,3.1667,38.8899,20.0,5,3.3636718810070763
day_1,Cold cloudy day,0.45,68,17.0,3.0,35.0,20.0,5,3.4566808316446753
day_1,Cold cloudy day,0.45,69,17.25,2.8269,30.9602,20.0,5,3.5532665481502557
day_1,Cold cloudy day,0.45,70,17.5,2.6481,26.7878,20.0,5,3.6530281921325516
day_1,Cold cloudy day,0.45,71,17.75,2.4643,22.5008,20.0,5,3.755557474299165
day_1,Cold cloudy day,0.45,72,18.0,2.2765,18.1173,20.0,5,3.8603521717896054
day_1,Cold cloudy day,0.45,73,18.25,2.0853,13.6563,20.0,5,3.9670243075515446
day_1,Cold cloudy day,0.45,74,18.5,1.8916,9.1368,20.0,5,4.075093035379013
day_1,Cold cloudy day,0.45,75,18.75,1.6962,4.5782,20.0,5,4.184104207792799
day_1,Cold cloudy day,0.45,76,19.0,1.5,0.0,20.0,5,4.293571656514692
day_1,Cold cloudy day,0.45,77,19.25,1.3038,0.0,20.0,5,4.354308082997767
day_1,Cold cloudy day,0.45,78,19.5,1.1084,0.0,20.0,5,4.414796858404459
day_1,Cold cloudy day,0.45,79,19.75,0.9147,0.0,20.0,5,4.474759375273835
day_1,Cold cloudy day,0.45,80,20.0,0.7235,0.0,20.0,5,4.5339479825295115
day_1,Cold cloudy day,0.45,81,20.25,0.5357,0.0,20.0,5,4.592084072710559
day_1,Cold cloudy day,0.45,82,20.5,0.3519,0.0,20.0,5,4.648981907509688
day_1,Cold cloudy day,0.45,83,20.75,0.1731,0.0,20.0,5,4.704331923081419
day_1,Cold cloudy day,0.45,84,21.0,-0.0,0.0,20.0,5,4.757917424733918
day_1,Cold cloudy day,0.45,85,21.25,-0.1667,0.0,20.0,5,4.809521717775349
day_1,Cold cloudy day,0.45,86,21.5,-0.3263,0.0,20.0,5,4.858928107513874
day_1,Cold cloudy day,0.45,87,21.75,-0.478,0.0,20.0,5,4.905888942873112
day_1,Cold cloudy day,0.45,88,22.0,-0.6213,0.0,20.0,5,4.950249441930323
day_1,Cold cloudy day,0.45,89,22.25,-0.7555,0.0,20.0,5,4.991792909993669
day_1,Cold cloudy day,0.45,90,22.5,-0.8801,0.0,20.0,5,5.030364565140412
day_1,Cold cloudy day,0.45,91,22.75,-0.9944,0.0,20.0,5,5.065747712678717
day_1,Cold cloudy day,0.45,92,23.0,-1.0981,0.0,20.0,5,5.097849483454939
day_1,Cold cloudy day,0.45,93,23.25,-1.1906,0.0,20.0,5,5.126484139161792
day_1,Cold cloudy day,0.45,94,23.5,-1.2716,0.0,20.0,5,5.15155881064563
day_1,Cold cloudy day,0.45,95,23.75,-1.3408,0.0,20.0,5,5.1729806287528115
day_1,Cold cloudy day,0.45,0,0.0,-1.3978,0.0,20.0,6,5.189047921065402
day_1,Cold cloudy day,0.45,1,0.25,-1.4424,0.0,20.0,6,5.2003705940519795
day_1,Cold cloudy day,0.45,2,0.5,-1.4743,0.0,20.0,6,5.2084690978248895
day_1,Cold cloudy day,0.45,3,0.75,-1.4936,0.0,20.0,6,5.213368819543297
day_1,Cold cloudy day,0.45,4,1.0,-1.5,0.0,20.0,6,5.214993597729712
day_1,Cold cloudy day,0.45,5,1.25,-1.4936,0.0,20.0,6,5.213368819543297
day_1,Cold cloudy day,0.45,6,1.5,-1.4743,0.0,20.0,6,5.2084690978248895
day_1,Cold cloudy day,0.45,7,1.75,-1.4424,0.0,20.0,6,5.2003705940519795
day_1,Cold cloudy day,0.45,8,2.0,-1.3978,0.0,20.0,6,5.189047921065402
day_1,Cold cloudy day,0.45,9,2.25,-1.3408,0.0,20.0,6,5.174577240342647
day_1,Cold cloudy day,0.45,10,2.5,-1.2716,0.0,20.0,6,5.157009326202038
day_1,Cold cloudy day,0.45,11,2.75,-1.1906,0.0,20.0,6,5.136445727280228
day_1,Cold cloudy day,0.45,12,3.0,-1.0981,0.0,20.0,6,5.112962605054703
day_1,Cold cloudy day,0.45,13,3.25,-0.9944,0.0,20.0,6,5.086636121002953
day_1,Cold cloudy day,0.45,14,3.5,-0.8801,0.0,20.0,6,5.057618598079954
day_1,Cold cloudy day,0.45,15,3.75,-0.7555,0.0,20.0,6,5.025986197763194
day_1,Cold cloudy day,0.45,16,4.0,-0.6213,0.0,20.0,6,4.991916630166812
day_1,Cold cloudy day,0.45,17,4.25,-0.478,0.0,20.0,6,4.955536831086621
day_1,Cold cloudy day,0.45,18,4.5,-0.3263,0.0,20.0,6,4.917024510636761
day_1,Cold cloudy day,0.45,19,4.75,-0.1667,0.0,20.0,6,4.876506604613045
day_1,Cold cloudy day,0.45,20,5.0,0.0,0.0,20.0,6,4.8341862102887765
day_1,Cold cloudy day,0.45,21,5.25,0.1731,0.0,20.0,6,4.790241037778092
day_1,Cold cloudy day,0.45,22,5.5,0.3519,0.0,20.0,6,4.744848797195132
day_1,Cold cloudy day,0.45,23,5.75,0.5357,0.0,20.0,6,4.698187198654037
day_1,Cold cloudy day,0.45,24,6.0,0.7235,0.0,20.0,6,4.6505101137464315
day_1,Cold cloudy day,0.45,25,6.25,0.9147,0.0,20.0,6,4.601969865427294
day_1,Cold cloudy day,0.45,26,6.5,1.1084,0.0,20.0,6,4.552794938129088
day_1,Cold cloudy day,0.45,27,6.75,1.3038,0.0,20.0,6,4.503188429125116
day_1,Cold cloudy day,0.45,28,7.0,1.5,0.0,20.0,6,4.453378822847841
day_1,Cold cloudy day,0.45,29,7.25,1.6962,4.5782,20.0,6,4.401900479962508
day_1,Cold cloudy day,0.45,30,7.5,1.8916,9.1368,20.0,6,4.3506323784764485
day_1,Cold cloudy day,0.45,31,7.75,2.0853,13.6563,20.0,6,4.299810110498473
day_1,Cold cloudy day,0.45,32,8.0,2.2765,18.1173,20.0,6,4.249643844528611
day_1,Cold cloudy day,0.45,33,8.25,2.4643,22.5008,20.0,6,4.200368990427562
day_1,Cold cloudy day,0.45,34,8.5,2.6481,26.7878,20.0,6,4.152144796578541
day_1,Cold cloudy day,0.45,35,8.75,2.8269,30.9602,20.0,6,4.105231731954809
day_1,Cold cloudy day,0.45,36,9.0,3.0,35.0,20.0,6,4.059814067602522
day_1,Cold cloudy day,0.45,37,9.25,3.1667,38.8899,20.0,6,4.016075819420473
day_1,Cold cloudy day,0.45,38,9.5,3.3263,42.6133,20.0,6,3.9742007481601047
day_1,Cold cloudy day,0.45,39,9.75,3.478,46.1542,20.0,6,3.9343977830342864
day_1,Cold cloudy day,0.45,40,10.0,3.6213,49.4975,20.0,6,3.8967993637317986
day_1,Cold cloudy day,0.45,41,10.25,3.7555,52.6288,20.0,6,3.8615884491123915
day_1,Cold cloudy day,0.45,42,10.5,3.8801,55.5347,20.0,6,3.8288968592212673
day_1,Cold cloudy day,0.45,43,10.75,3.9944,58.2029,20.0,6,3.7989067874761067
day_1,Cold cloudy day,0.45,44,11.0,4.0981,60.6218,20.0,6,3.771698623510584
day_1,Cold cloudy day,0.45,45,11.25,4.1906,62.7811,20.0,6,3.7474284445907737
day_1,Cold cloudy day,0.45,46,11.5,4.2716,64.6716,20.0,6,3.726175765559415
day_1,Cold cloudy day,0.45,47,11.75,4.3408,66.2851,20.0,6,3.7080197367630245
day_1,Cold cloudy day,0.45,48,12.0,4.3978,67.6148,20.0,6,3.693064385412569
day_1,Cold cloudy day,0.45,49,12.25,4.4424,68.655,20.0,6,3.6813625634548455
day_1,Cold cloudy day,0.45,50,12.5,4.4743,69.4011,20.0,6,3.672992109049968
day_1,Cold cloudy day,0.45,51,12.75,4.4936,69.8501,20.0,6,3.667928728527442
day_1,Cold cloudy day,0.45,52,13.0,4.5,70.0,20.0,6,3.666249312357202
day_1,Cold cloudy day,0.45,53,13.25,4.4936,69.8501,20.0,6,3.667928728527442
day_1,Cold cloudy day,0.45,54,13.5,4.4743,69.4011,20.0,6,3.672992109049968
day_1,Cold cloudy day,0.45,55,13.75,4.4424,68.655,20.0,6,3.6813625634548455
day_1,Cold cloudy day,0.45,56,14.0,4.3978,67.6148,20.0,6,3.693064385412569
day_1,Cold cloudy day,0.45,57,14.25,4.3408,66.2851,20.0,6,3.7080197367630245
day_1,Cold cloudy day,0.45,58,14.5,4.2716,64.6716,20.0,6,3.726175765559415
day_1,Cold cloudy day,0.45,59,14.75,4.1906,62.7811,20.0,6,3.7474284445907737
day_1,Cold cloudy day,0.45,60,15.0,4.0981,60.6218,20.0,6,3.771698623510584
day_1,Cold cloudy day,0.45,61,15.25,3.9944,58.2029,20.0,6,3.7989067874761067
day_1,Cold cloudy day,0.45,62,15.5,3.8801,55.5347,20.0,6,3.8288968592212673
day_1,Cold cloudy day,0.45,63,15.75,3.7555,52.6288,20.0,6,3.8615884491123915
day_1,Cold cloudy day,0.45,64,16.0,3.6213,49.4975,20.0,6,3.8967993637317986
day_1,Cold cloudy day,0.45,65,16.25,3.478,46.1542,20.0,6,3.9343977830342864
day_1,Cold cloudy day,0.45,66,16.5,3.3263,42.6133,20.0,6,3.9742007481601047
day_1,Cold cloudy day,0.45,67,16.75,3.1667,38.8899,20.0,6,4.016075819420473
day_1,Cold cloudy day,0.45,68,17.0,3.0,35.0,20.0,6,4.059814067602522
day_1,Cold cloudy day,0.45,69,17.25,2.8269,30.9602,20.0,6,4.105231731954809
day_1,Cold cloudy day,0.45,70,17.5,2.6481,26.7878,20.0,6,4.152144796578541
day_1,Cold cloudy day,0.45,71,17.75,2.4643,22.5008,20.0,6,4.200368990427562
day_1,Cold cloudy day,0.45,72,18.0,2.2765,18.1173,20.0,6,4.249643844528611
day_1,Cold cloudy day,0.45,73,18.25,2.0853,13.6563,20.0,6,4.299810110498473
day_1,Cold cloudy day,0.45,74,18.5,1.8916,9.1368,20.0,6,4.3506323784764485
day_1,Cold cloudy day,0.45,75,18.75,1.6962,4.5782,20.0,6,4.401900479962508
day_1,Cold cloudy day,0.45,76,19.0,1.5,0.0,20.0,6,4.453378822847841
day_1,Cold cloudy day,0.45,77,19.25,1.3038,0.0,20.0,6,4.503188429125116
day_1,Cold cloudy day,0.45,78,19.5,1.1084,0.0,20.0,6,4.552794938129088
day_1,Cold cloudy day,0.45,79,19.75,0.9147,0.0,20.0,6,4.601969865427294
day_1,Cold cloudy day,0.45,80,20.0,0.7235,0.0,20.0,6,4.6505101137464315
day_1,Cold cloudy day,0.45,81,20.25,0.5357,0.0,20.0,6,4.698187198654037
day_1,Cold cloudy day,0.45,82,20.5,0.3519,0.0,20.0,6,4.744848797195132
day_1,Cold cloudy day,0.45,83,20.75,0.1731,0.0,20.0,6,4.790241037778092
day_1,Cold cloudy day,0.45,84,21.0,-0.0,0.0,20.0,6,4.8341862102887765
day_1,Cold cloudy day,0.45,85,21.25,-0.1667,0.0,20.0,6,4.876506604613045
day_1,Cold cloudy day,0.45,86,21.5,-0.3263,0.0,20.0,6,4.917024510636761
day_1,Cold cloudy day,0.45,87,21.75,-0.478,0.0,20.0,6,4.955536831086621
day_1,Cold cloudy day,0.45,88,22.0,-0.6213,0.0,20.0,6,4.991916630166812
day_1,Cold cloudy day,0.45,89,22.25,-0.7555,0.0,20.0,6,5.025986197763194
day_1,Cold cloudy day,0.45,90,22.5,-0.8801,0.0,20.0,6,5.057618598079954
day_1,Cold cloudy day,0.45,91,22.75,-0.9944,0.0,20.0,6,5.086636121002953
day_1,Cold cloudy day,0.45,92,23.0,-1.0981,0.0,20.0,6,5.112962605054703
day_1,Cold cloudy day,0.45,93,23.25,-1.1906,0.0,20.0,6,5.136445727280228
day_1,Cold cloudy day,0.45,94,23.5,-1.2716,0.0,20.0,6,5.157009326202038
day_1,Cold cloudy day,0.45,95,23.75,-1.3408,0.0,20.0,6,5.174577240342647
day_2,Mild cloudy day,0.35,0,0.0,5.6022,0.0,20.0,building_1,4.208434318685715
day_2,Mild cloudy day,0.35,1,0.25,5.5576,0.0,20.0,building_1,4.223078191351502
day_2,Mild cloudy day,0.35,2,0.5,5.5257,0.0,20.0,building_1,4.233552172025013
day_2,Mild cloudy day,0.35,3,0.75,5.5064,0.0,20.0,building_1,4.239889094501464
day_2,Mild cloudy day,0.35,4,1.0,5.5,0.0,20.0,building_1,4.241990457395209
day_2,Mild cloudy day,0.35,5,1.25,5.5064,0.0,20.0,building_1,4.239889094501464
day_2,Mild cloudy day,0.35,6,1.5,5.5257,0.0,20.0,building_1,4.233552172025013
day_2,Mild cloudy day,0.35,7,1.75,5.5576,0.0,20.0,building_1,4.223078191351502
day_2,Mild cloudy day,0.35,8,2.0,5.6022,0.0,20.0,building_1,4.208434318685715
day_2,Mild cloudy day,0.35,9,2.25,5.6592,0.0,20.0,building_1,4.1897190554132955
day_2,Mild cloudy day,0.35,10,2.5,5.7284,0.0,20.0,building_1,4.166998069124674
day_2,Mild cloudy day,0.35,11,2.75,5.8094,0.0,20.0,building_1,4.140402695000711
day_2,Mild cloudy day,0.35,12,3.0,5.9019,0.0,20.0,building_1,4.110031434427048
day_2,Mild cloudy day,0.35,13,3.25,6.0056,0.0,20.0,building_1,4.075982788789331
day_2,Mild cloudy day,0.35,14,3.5,6.1199,0.0,20.0,building_1,4.038453760858849
day_2,Mild cloudy day,0.35,15,3.75,6.2445,0.0,20.0,building_1,3.9975428520212457
day_2,Mild cloudy day,0.35,16,4.0,6.3787,0.0,20.0,building_1,3.9534798988430246
day_2,Mild cloudy day,0.35,17,4.25,6.522,0.0,20.0,building_1,3.906429070300258
day_2,Mild cloudy day,0.35,18,4.5,6.6737,0.0,20.0,building_1,3.8566202029594523
day_2,Mild cloudy day,0.35,19,4.75,6.8333,0.0,20.0,building_1,3.804217465796679
day_2,Mild cloudy day,0.35,20,5.0,7.0,0.0,20.0,building_1,3.7494835291736575
day_2,Mild cloudy day,0.35,21,5.25,7.1731,0.0,20.0,building_1,3.69264822965689
day_2,Mild cloudy day,0.35,22,5.5,7.3519,0.0,20.0,building_1,3.633941403812881
day_2,Mild cloudy day,0.35,23,5.75,7.5357,0.0,20.0,building_1,3.5735928882081334
day_2,Mild cloudy day,0.35,24,6.0,7.7235,0.0,20.0,building_1,3.511931020794796
day_2,Mild cloudy day,0.35,25,6.25,7.9147,0.0,20.0,building_1,3.4491528043441546
day_2,Mild cloudy day,0.35,26,6.5,8.1084,0.0,20.0,building_1,3.385553743013145
day_2,Mild cloudy day,0.35,27,6.75,8.3038,0.0,20.0,building_1,3.3213965071634837
day_2,Mild cloudy day,0.35,28,7.0,8.5,0.0,20.0,building_1,3.256976600952105
day_2,Mild cloudy day,0.35,29,7.25,8.6962,4.5782,20.0,building_1,3.168351604359252
day_2,Mild cloudy day,0.35,30,7.5,8.8916,9.1368,20.0,building_1,3.0800929039573672
day_2,Mild cloudy day,0.35,31,7.75,9.0853,13.6563,20.0,building_1,2.992599101029425
day_2,Mild cloudy day,0.35,32,8.0,9.2765,18.1173,20.0,building_1,2.9062354343599743
day_2,Mild cloudy day,0.35,33,8.25,9.4643,22.5008,20.0,building_1,2.821397861715935
day_2,Mild cloudy day,0.35,34,8.5,9.6481,26.7878,20.0,building_1,2.738383839478585
day_2,Mild cloudy day,0.35,35,8.75,9.8269,30.9602,20.0,building_1,2.6576174008811657
day_2,Mild cloudy day,0.35,36,9.0,10.0,35.0,20.0,building_1,2.5794235490680633
day_2,Mild cloudy day,0.35,37,9.25,10.1667,38.8899,20.0,building_1,2.5041235862611915
day_2,Mild cloudy day,0.35,38,9.5,10.3263,42.6133,20.0,building_1,2.4320351137599925
day_2,Mild cloudy day,0.35,39,9.75,10.478,46.1542,20.0,building_1,2.3635053944398576
day_2,Mild cloudy day,0.35,40,10.0,10.6213,49.4975,20.0,building_1,2.29877843146164
day_2,Mild cloudy day,0.35,41,10.25,10.7555,52.6288,20.0,building_1,2.238160194654152
day_2,Mild cloudy day,0.35,42,10.5,10.8801,55.5347,20.0,building_1,2.1818856992236677
day_2,Mild cloudy day,0.35,43,10.75,10.9944,58.2029,20.0,building_1,2.130249812231577
day_2,Mild cloudy day,0.35,44,11.0,11.0981,60.6218,20.0,building_1,2.083412364635941
day_2,Mild cloudy day,0.35,45,11.25,11.1906,62.7811,20.0,building_1,2.041624815638724
day_2,Mild cloudy day,0.35,46,11.5,11.2716,64.6716,20.0,building_1,2.0050343073209342
day_2,Mild cloudy day,0.35,47,11.75,11.3408,66.2851,20.0,building_1,1.973782694731472
day_2,Mild cloudy day,0.35,48,12.0,11.3978,67.6148,20.0,building_1,1.9480372648695095
day_2,Mild cloudy day,0.35,49,12.25,11.4424,68.655,20.0,building_1,1.927893821408473
day_2,Mild cloudy day,0.35,50,12.5,11.4743,69.4011,20.0,building_1,1.9134751860816877
day_2,Mild cloudy day,0.35,51,12.75,11.4936,69.8501,20.0,building_1,1.9047643861902521
day_2,Mild cloudy day,0.35,52,13.0,11.5,70.0,20.0,building_1,1.9018704971840215
day_2,Mild cloudy day,0.35,53,13.25,11.4936,69.8501,20.0,building_1,1.9047643861902521
day_2,Mild cloudy day,0.35,54,13.5,11.4743,69.4011,20.0,building_1,1.9134751860816877
day_2,Mild cloudy day,0.35,55,13.75,11.4424,68.655,20.0,building_1,1.927893821408473
day_2,Mild cloudy day,0.35,56,14.0,11.3978,67.6148,20.0,building_1,1.9480372648695095
day_2,Mild cloudy day,0.35,57,14.25,11.3408,66.2851,20.0,building_1,1.973782694731472
day_2,Mild cloudy day,0.35,58,14.5,11.2716,64.6716,20.0,building_1,2.0050343073209342
day_2,Mild cloudy day,0.35,59,14.75,11.1906,62.7811,20.0,building_1,2.041624815638724
day_2,Mild cloudy day,0.35,60,15.0,11.0981,60.6218,20.0,building_1,2.083412364635941
day_2,Mild cloudy day,0.35,61,15.25,10.9944,58.2029,20.0,building_1,2.130249812231577
day_2,Mild cloudy day,0.35,62,15.5,10.8801,55.5347,20.0,building_1,2.1818856992236677
day_2,Mild cloudy day,0.35,63,15.75,10.7555,52.6288,20.0,building_1,2.238160194654152
day_2,Mild cloudy day,0.35,64,16.0,10.6213,49.4975,20.0,building_1,2.29877843146164
day_2,Mild cloudy day,0.35,65,16.25,10.478,46.1542,20.0,building_1,2.3635053944398576
day_2,Mild cloudy day,0.35,66,16.5,10.3263,42.6133,20.0,building_1,2.4320351137599925
day_2,Mild cloudy day,0.35,67,16.75,10.1667,38.8899,20.0,building_1,2.5041235862611915
day_2,Mild cloudy day,0.35,68,17.0,10.0,35.0,20.0,building_1,2.5794235490680633
day_2,Mild cloudy day,0.35,69,17.25,9.8269,30.9602,20.0,building_1,2.6576174008811657
day_2,Mild cloudy day,0.35,70,17.5,9.6481,26.7878,20.0,building_1,2.738383839478585
day_2,Mild cloudy day,0.35,71,17.75,9.4643,22.5008,20.0,building_1,2.821397861715935
day_2,Mild cloudy day,0.35,72,18.0,9.2765,18.1173,20.0,building_1,2.9062354343599743
day_2,Mild cloudy day,0.35,73,18.25,9.0853,13.6563,20.0,building_1,2.992599101029425
day_2,Mild cloudy day,0.35,74,18.5,8.8916,9.1368,20.0,building_1,3.0800929039573672
day_2,Mild cloudy day,0.35,75,18.75,8.6962,4.5782,20.0,building_1,3.168351604359252
day_2,Mild cloudy day,0.35,76,19.0,8.5,0.0,20.0,building_1,3.256976600952105
day_2,Mild cloudy day,0.35,77,19.25,8.3038,0.0,20.0,building_1,3.3213965071634837
day_2,Mild cloudy day,0.35,78,19.5,8.1084,0.0,20.0,building_1,3.385553743013145
day_2,Mild cloudy day,0.35,79,19.75,7.9147,0.0,20.0,building_1,3.4491528043441546
day_2,Mild cloudy day,0.35,80,20.0,7.7235,0.0,20.0,building_1,3.511931020794796
day_2,Mild cloudy day,0.35,81,20.25,7.5357,0.0,20.0,building_1,3.5735928882081334
day_2,Mild cloudy day,0.35,82,20.5,7.3519,0.0,20.0,building_1,3.633941403812881
day_2,Mild cloudy day,0.35,83,20.75,7.1731,0.0,20.0,building_1,3.69264822965689
day_2,Mild cloudy day,0.35,84,21.0,7.0,0.0,20.0,building_1,3.7494835291736575
day_2,Mild cloudy day,0.35,85,21.25,6.8333,0.0,20.0,building_1,3.804217465796679
day_2,Mild cloudy day,0.35,86,21.5,6.6737,0.0,20.0,building_1,3.8566202029594523
day_2,Mild cloudy day,0.35,87,21.75,6.522,0.0,20.0,building_1,3.906429070300258
day_2,Mild cloudy day,0.35,88,22.0,6.3787,0.0,20.0,building_1,3.9534798988430246
day_2,Mild cloudy day,0.35,89,22.25,6.2445,0.0,20.0,building_1,3.9975428520212457
day_2,Mild cloudy day,0.35,90,22.5,6.1199,0.0,20.0,building_1,4.038453760858849
day_2,Mild cloudy day,0.35,91,22.75,6.0056,0.0,20.0,building_1,4.075982788789331
day_2,Mild cloudy day,0.35,92,23.0,5.9019,0.0,20.0,building_1,4.110031434427048
day_2,Mild cloudy day,0.35,93,23.25,5.8094,0.0,20.0,building_1,4.140402695000711
day_2,Mild cloudy day,0.35,94,23.5,5.7284,0.0,20.0,building_1,4.166998069124674
day_2,Mild cloudy day,0.35,95,23.75,5.6592,0.0,20.0,building_1,4.1897190554132955
day_2,Mild cloudy day,0.35,0,0.0,5.6022,0.0,20.0,building_2,2.8287193717538686
day_2,Mild cloudy day,0.35,1,0.25,5.5576,0.0,20.0,building_2,2.835250701888801
day_2,Mild cloudy day,0.35,2,0.5,5.5257,0.0,20.0,building_2,2.839922213801455
day_2,Mild cloudy day,0.35,3,0.75,5.5064,0.0,20.0,building_2,2.8427485517298003
day_2,Mild cloudy day,0.35,4,1.0,5.5,0.0,20.0,building_2,2.843685782959925
day_2,Mild cloudy day,0.35,5,1.25,5.5064,0.0,20.0,building_2,2.8427485517298003
day_2,Mild cloudy day,0.35,6,1.5,5.5257,0.0,20.0,building_2,2.839922213801455
day_2,Mild cloudy day,0.35,7,1.75,5.5576,0.0,20.0,building_2,2.835250701888801
day_2,Mild cloudy day,0.35,8,2.0,5.6022,0.0,20.0,building_2,2.8287193717538686
day_2,Mild cloudy day,0.35,9,2.25,5.6592,0.0,20.0,building_2,2.8203721561105692
day_2,Mild cloudy day,0.35,10,2.5,5.7284,0.0,20.0,building_2,2.8102383434348437
day_2,Mild cloudy day,0.35,11,2.75,5.8094,0.0,20.0,building_2,2.798376510678576
day_2,Mild cloudy day,0.35,12,3.0,5.9019,0.0,20.0,building_2,2.7848305905556776
day_2,Mild cloudy day,0.35,13,3.25,6.0056,0.0,20.0,building_2,2.7696445157800604
day_2,Mild cloudy day,0.35,14,3.5,6.1199,0.0,20.0,building_2,2.7529061517795492
day_2,Mild cloudy day,0.35,15,3.75,6.2445,0.0,20.0,building_2,2.7346594312680557
day_2,Mild cloudy day,0.35,16,4.0,6.3787,0.0,20.0,building_2,2.715006863911375
day_2,Mild cloudy day,0.35,17,4.25,6.522,0.0,20.0,building_2,2.6940216708993607
day_2,Mild cloudy day,0.35,18,4.5,6.6737,0.0,20.0,building_2,2.671806361897807
day_2,Mild cloudy day,0.35,19,4.75,6.8333,0.0,20.0,building_2,2.648434158096568
day_2,Mild cloudy day,0.35,20,5.0,7.0,0.0,20.0,building_2,2.6240222133994093
day_2,Mild cloudy day,0.35,21,5.25,7.1731,0.0,20.0,building_2,2.598673037472126
day_2,Mild cloudy day,0.35,22,5.5,7.3519,0.0,20.0,building_2,2.5724891399805125
day_2,Mild cloudy day,0.35,23,5.75,7.5357,0.0,20.0,building_2,2.545573030590364
day_2,Mild cloudy day,0.35,24,6.0,7.7235,0.0,20.0,building_2,2.5180711516813874
day_2,Mild cloudy day,0.35,25,6.25,7.9147,0.0,20.0,building_2,2.490071368681407
day_2,Mild cloudy day,0.35,26,6.5,8.1084,0.0,20.0,building_2,2.461705479732159
day_2,Mild cloudy day,0.35,27,6.75,8.3038,0.0,20.0,building_2,2.433090638737409
day_2,Mild cloudy day,0.35,28,7.0,8.5,0.0,20.0,building_2,2.404358643838894
day_2,Mild cloudy day,0.35,29,7.25,8.6962,4.5782,20.0,building_2,2.364201372048622
day_2,Mild cloudy day,0.35,30,7.5,8.8916,9.1368,20.0,building_2,2.324210167583783
day_2,Mild cloudy day,0.35,31,7.75,9.0853,13.6563,20.0,building_2,2.2845654924495076
day_2,Mild cloudy day,0.35,32,8.0,9.2765,18.1173,20.0,building_2,2.2454329148546806
day_2,Mild cloudy day,0.35,33,8.25,9.4643,22.5008,20.0,building_2,2.2069916490130637
day_2,Mild cloudy day,0.35,34,8.5,9.6481,26.7878,20.0,building_2,2.1693769764245054
day_2,Mild cloudy day,0.35,35,8.75,9.8269,30.9602,20.0,building_2,2.132780509516273
day_2,Mild cloudy day,0.35,36,9.0,10.0,35.0,20.0,building_2,2.0973496784434484
day_2,Mild cloudy day,0.35,37,9.25,10.1667,38.8899,20.0,building_2,2.063230166453195
day_2,Mild cloudy day,0.35,38,9.5,10.3263,42.6133,20.0,building_2,2.030565909884763
day_2,Mild cloudy day,0.35,39,9.75,10.478,46.1542,20.0,building_2,1.9995139919657263
day_2,Mild cloudy day,0.35,40,10.0,10.6213,49.4975,20.0,building_2,1.970185317185286
day_2,Mild cloudy day,0.35,41,10.25,10.7555,52.6288,20.0,building_2,1.9427183316006644
day_2,Mild cloudy day,0.35,42,10.5,10.8801,55.5347,20.0,building_2,1.9172196972104074
day_2,Mild cloudy day,0.35,43,10.75,10.9944,58.2029,20.0,building_2,1.8938226193479886
day_2,Mild cloudy day,0.35,44,11.0,11.0981,60.6218,20.0,building_2,1.8725999794870827
day_2,Mild cloudy day,0.35,45,11.25,11.1906,62.7811,20.0,building_2,1.8536653475577167
day_2,Mild cloudy day,0.35,46,11.5,11.2716,64.6716,20.0,building_2,1.8370856156349937
day_2,Mild cloudy day,0.35,47,11.75,11.3408,66.2851,20.0,building_2,1.822925180211278
day_2,Mild cloudy day,0.35,48,12.0,11.3978,67.6148,20.0,building_2,1.8112595882010725
day_2,Mild cloudy day,0.35,49,12.25,11.4424,68.655,20.0,building_2,1.8021323529019257
day_2,Mild cloudy day,0.35,50,12.5,11.4743,69.4011,20.0,building_2,1.7955988867083454
day_2,Mild cloudy day,0.35,51,12.75,11.4936,69.8501,20.0,building_2,1.7916520321305747
day_2,Mild cloudy day,0.35,52,13.0,11.5,70.0,20.0,building_2,1.7903407130480025
day_2,Mild cloudy day,0.35,53,13.25,11.4936,69.8501,20.0,building_2,1.7916520321305747
day_2,Mild cloudy day,0.35,54,13.5,11.4743,69.4011,20.0,building_2,1.7955988867083454
day_2,Mild cloudy day,0.35,55,13.75,11.4424,68.655,20.0,building_2,1.8021323529019257
day_2,Mild cloudy day,0.35,56,14.0,11.3978,67.6148,20.0,building_2,1.8112595882010725
day_2,Mild cloudy day,0.35,57,14.25,11.3408,66.2851,20.0,building_2,1.822925180211278
day_2,Mild cloudy day,0.35,58,14.5,11.2716,64.6716,20.0,building_2,1.8370856156349937
day_2,Mild cloudy day,0.35,59,14.75,11.1906,62.7811,20.0,building_2,1.8536653475577167
day_2,Mild cloudy day,0.35,60,15.0,11.0981,60.6218,20.0,building_2,1.8725999794870827
day_2,Mild cloudy day,0.35,61,15.25,10.9944,58.2029,20.0,building_2,1.8938226193479886
day_2,Mild cloudy day,0.35,62,15.5,10.8801,55.5347,20.0,building_2,1.9172196972104074
day_2,Mild cloudy day,0.35,63,15.75,10.7555,52.6288,20.0,building_2,1.9427183316006644
day_2,Mild cloudy day,0.35,64,16.0,10.6213,49.4975,20.0,building_2,1.970185317185286
day_2,Mild cloudy day,0.35,65,16.25,10.478,46.1542,20.0,building_2,1.9995139919657263
day_2,Mild cloudy day,0.35,66,16.5,10.3263,42.6133,20.0,building_2,2.030565909884763
day_2,Mild cloudy day,0.35,67,16.75,10.1667,38.8899,20.0,building_2,2.063230166453195
day_2,Mild cloudy day,0.35,68,17.0,10.0,35.0,20.0,building_2,2.0973496784434484
day_2,Mild cloudy day,0.35,69,17.25,9.8269,30.9602,20.0,building_2,2.132780509516273
day_2,Mild cloudy day,0.35,70,17.5,9.6481,26.7878,20.0,building_2,2.1693769764245054
day_2,Mild cloudy day,0.35,71,17.75,9.4643,22.5008,20.0,building_2,2.2069916490130637
day_2,Mild cloudy day,0.35,72,18.0,9.2765,18.1173,20.0,building_2,2.2454329148546806
day_2,Mild cloudy day,0.35,73,18.25,9.0853,13.6563,20.0,building_2,2.2845654924495076
day_2,Mild cloudy day,0.35,74,18.5,8.8916,9.1368,20.0,building_2,2.324210167583783
day_2,Mild cloudy day,0.35,75,18.75,8.6962,4.5782,20.0,building_2,2.364201372048622
day_2,Mild cloudy day,0.35,76,19.0,8.5,0.0,20.0,building_2,2.404358643838894
day_2,Mild cloudy day,0.35,77,19.25,8.3038,0.0,20.0,building_2,2.433090638737409
day_2,Mild cloudy day,0.35,78,19.5,8.1084,0.0,20.0,building_2,2.461705479732159
day_2,Mild cloudy day,0.35,79,19.75,7.9147,0.0,20.0,building_2,2.490071368681407
day_2,Mild cloudy day,0.35,80,20.0,7.7235,0.0,20.0,building_2,2.5180711516813874
day_2,Mild cloudy day,0.35,81,20.25,7.5357,0.0,20.0,building_2,2.545573030590364
day_2,Mild cloudy day,0.35,82,20.5,7.3519,0.0,20.0,building_2,2.5724891399805125
day_2,Mild cloudy day,0.35,83,20.75,7.1731,0.0,20.0,building_2,2.598673037472126
day_2,Mild cloudy day,0.35,84,21.0,7.0,0.0,20.0,building_2,2.6240222133994093
day_2,Mild cloudy day,0.35,85,21.25,6.8333,0.0,20.0,building_2,2.648434158096568
day_2,Mild cloudy day,0.35,86,21.5,6.6737,0.0,20.0,building_2,2.671806361897807
day_2,Mild cloudy day,0.35,87,21.75,6.522,0.0,20.0,building_2,2.6940216708993607
day_2,Mild cloudy day,0.35,88,22.0,6.3787,0.0,20.0,building_2,2.715006863911375
day_2,Mild cloudy day,0.35,89,22.25,6.2445,0.0,20.0,building_2,2.7346594312680557
day_2,Mild cloudy day,0.35,90,22.5,6.1199,0.0,20.0,building_2,2.7529061517795492
day_2,Mild cloudy day,0.35,91,22.75,6.0056,0.0,20.0,building_2,2.7696445157800604
day_2,Mild cloudy day,0.35,92,23.0,5.9019,0.0,20.0,building_2,2.7848305905556776
day_2,Mild cloudy day,0.35,93,23.25,5.8094,0.0,20.0,building_2,2.798376510678576
day_2,Mild cloudy day,0.35,94,23.5,5.7284,0.0,20.0,building_2,2.8102383434348437
day_2,Mild cloudy day,0.35,95,23.75,5.6592,0.0,20.0,building_2,2.8203721561105692
day_2,Mild cloudy day,0.35,0,0.0,5.6022,0.0,20.0,building_3,2.375264973779294
day_2,Mild cloudy day,0.35,1,0.25,5.5576,0.0,20.0,building_3,2.3845108538556126
day_2,Mild cloudy day,0.35,2,0.5,5.5257,0.0,20.0,building_3,2.3911239384841907
day_2,Mild cloudy day,0.35,3,0.75,5.5064,0.0,20.0,building_3,2.3951249583378447
day_2,Mild cloudy day,0.35,4,1.0,5.5,0.0,20.0,building_3,2.3964517213981233
day_2,Mild cloudy day,0.35,5,1.25,5.5064,0.0,20.0,building_3,2.3951249583378447
day_2,Mild cloudy day,0.35,6,1.5,5.5257,0.0,20.0,building_3,2.3911239384841907
day_2,Mild cloudy day,0.35,7,1.75,5.5576,0.0,20.0,building_3,2.3845108538556126
day_2,Mild cloudy day,0.35,8,2.0,5.6022,0.0,20.0,building_3,2.375264973779294
day_2,Mild cloudy day,0.35,9,2.25,5.6592,0.0,20.0,building_3,2.3634484902736848
day_2,Mild cloudy day,0.35,10,2.5,5.7284,0.0,20.0,building_3,2.3491028646844185
day_2,Mild cloudy day,0.35,11,2.75,5.8094,0.0,20.0,building_3,2.332311019702763
day_2,Mild cloudy day,0.35,12,3.0,5.9019,0.0,20.0,building_3,2.313135147347169
day_2,Mild cloudy day,0.35,13,3.25,6.0056,0.0,20.0,building_3,2.291637439636087
day_2,Mild cloudy day,0.35,14,3.5,6.1199,0.0,20.0,building_3,2.267942280606418
day_2,Mild cloudy day,0.35,15,3.75,6.2445,0.0,20.0,building_3,2.2421118622766123
day_2,Mild cloudy day,0.35,16,4.0,6.3787,0.0,20.0,building_3,2.2142912993563884
day_2,Mild cloudy day,0.35,17,4.25,6.522,0.0,20.0,building_3,2.1845842452098303
day_2,Mild cloudy day,0.35,18,4.5,6.6737,0.0,20.0,building_3,2.153135814546656
day_2,Mild cloudy day,0.35,19,4.75,6.8333,0.0,20.0,building_3,2.12004966073095
day_2,Mild cloudy day,0.35,20,5.0,7.0,0.0,20.0,building_3,2.085491629145247
day_2,Mild cloudy day,0.35,21,5.25,7.1731,0.0,20.0,building_3,2.0496068344992655
day_2,Mild cloudy day,0.35,22,5.5,7.3519,0.0,20.0,building_3,2.0125403915027222
day_2,Mild cloudy day,0.35,23,5.75,7.5357,0.0,20.0,building_3,1.9744374148653367
day_2,Mild cloudy day,0.35,24,6.0,7.7235,0.0,20.0,building_3,1.9355052113152769
day_2,Mild cloudy day,0.35,25,6.25,7.9147,0.0,20.0,building_3,1.8958681648894435
day_2,Mild cloudy day,0.35,26,6.5,8.1084,0.0,20.0,building_3,1.8557128516431889
day_2,Mild cloudy day,0.35,27,6.75,8.3038,0.0,20.0,building_3,1.815205116959047
day_2,Mild cloudy day,0.35,28,7.0,8.5,0.0,20.0,building_3,1.774531536892371
day_2,Mild cloudy day,0.35,29,7.25,8.6962,4.5782,20.0,building_3,1.7216346435698804
day_2,Mild cloudy day,0.35,30,7.5,8.8916,9.1368,20.0,building_3,1.6689559255717819
day_2,Mild cloudy day,0.35,31,7.75,9.0853,13.6563,20.0,building_3,1.6167340219057866
day_2,Mild cloudy day,0.35,32,8.0,9.2765,18.1173,20.0,building_3,1.565186573917289
day_2,Mild cloudy day,0.35,33,8.25,9.4643,22.5008,20.0,building_3,1.514550885666503
day_2,Mild cloudy day,0.35,34,8.5,9.6481,26.7878,20.0,building_3,1.4650020691951915
day_2,Mild cloudy day,0.35,35,8.75,9.8269,30.9602,20.0,building_3,1.4167957563308922
day_2,Mild cloudy day,0.35,36,9.0,10.0,35.0,20.0,building_3,1.370125119893193
day_2,Mild cloudy day,0.35,37,9.25,10.1667,38.8899,20.0,building_3,1.3251814637751855
day_2,Mild cloudy day,0.35,38,9.5,10.3263,42.6133,20.0,building_3,1.2821542229434688
day_2,Mild cloudy day,0.35,39,9.75,10.478,46.1542,20.0,building_3,1.241251961100461
day_2,Mild cloudy day,0.35,40,10.0,10.6213,49.4975,20.0,building_3,1.2026186470246372
day_2,Mild cloudy day,0.35,41,10.25,10.7555,52.6288,20.0,building_3,1.1664378419136106
day_2,Mild cloudy day,0.35,42,10.5,10.8801,55.5347,20.0,building_3,1.132848975724368
day_2,Mild cloudy day,0.35,43,10.75,10.9944,58.2029,20.0,building_3,1.1020300028750394
day_2,Mild cloudy day,0.35,44,11.0,11.0981,60.6218,20.0,building_3,1.0740740861659903
day_2,Mild cloudy day,0.35,45,11.25,11.1906,62.7811,20.0,building_3,1.0491331095525487
day_2,Mild cloudy day,0.35,46,11.5,11.2716,64.6716,20.0,building_3,1.0272938280870965
day_2,Mild cloudy day,0.35,47,11.75,11.3408,66.2851,20.0,building_3,1.008640326927026
day_2,Mild cloudy day,0.35,48,12.0,11.3978,67.6148,20.0,building_3,0.993273684049555
day_2,Mild cloudy day,0.35,49,12.25,11.4424,68.655,20.0,building_3,0.9812505792017762
day_2,Mild cloudy day,0.35,50,12.5,11.4743,69.4011,20.0,building_3,0.9726454859191064
day_2,Mild cloudy day,0.35,51,12.75,11.4936,69.8501,20.0,building_3,0.9674456832137069
day_2,Mild cloudy day,0.35,52,13.0,11.5,70.0,20.0,building_3,0.9657187028940145
day_2,Mild cloudy day,0.35,53,13.25,11.4936,69.8501,20.0,building_3,0.9674456832137069
day_2,Mild cloudy day,0.35,54,13.5,11.4743,69.4011,20.0,building_3,0.9726454859191064
day_2,Mild cloudy day,0.35,55,13.75,11.4424,68.655,20.0,building_3,0.9812505792017762
day_2,Mild cloudy day,0.35,56,14.0,11.3978,67.6148,20.0,building_3,0.993273684049555
day_2,Mild cloudy day,0.35,57,14.25,11.3408,66.2851,20.0,building_3,1.008640326927026
day_2,Mild cloudy day,0.35,58,14.5,11.2716,64.6716,20.0,building_3,1.0272938280870965
day_2,Mild cloudy day,0.35,59,14.75,11.1906,62.7811,20.0,building_3,1.0491331095525487
day_2,Mild cloudy day,0.35,60,15.0,11.0981,60.6218,20.0,building_3,1.0740740861659903
day_2,Mild cloudy day,0.35,61,15.25,10.9944,58.2029,20.0,building_3,1.1020300028750394
day_2,Mild cloudy day,0.35,62,15.5,10.8801,55.5347,20.0,building_3,1.132848975724368
day_2,Mild cloudy day,0.35,63,15.75,10.7555,52.6288,20.0,building_3,1.1664378419136106
day_2,Mild cloudy day,0.35,64,16.0,10.6213,49.4975,20.0,building_3,1.2026186470246372
day_2,Mild cloudy day,0.35,65,16.25,10.478,46.1542,20.0,building_3,1.241251961100461
day_2,Mild cloudy day,0.35,66,16.5,10.3263,42.6133,20.0,building_3,1.2821542229434688
day_2,Mild cloudy day,0.35,67,16.75,10.1667,38.8899,20.0,building_3,1.3251814637751855
day_2,Mild cloudy day,0.35,68,17.0,10.0,35.0,20.0,building_3,1.370125119893193
day_2,Mild cloudy day,0.35,69,17.25,9.8269,30.9602,20.0,building_3,1.4167957563308922
day_2,Mild cloudy day,0.35,70,17.5,9.6481,26.7878,20.0,building_3,1.4650020691951915
day_2,Mild cloudy day,0.35,71,17.75,9.4643,22.5008,20.0,building_3,1.514550885666503
day_2,Mild cloudy day,0.35,72,18.0,9.2765,18.1173,20.0,building_3,1.565186573917289
day_2,Mild cloudy day,0.35,73,18.25,9.0853,13.6563,20.0,building_3,1.6167340219057866
day_2,Mild cloudy day,0.35,74,18.5,8.8916,9.1368,20.0,building_3,1.6689559255717819
day_2,Mild cloudy day,0.35,75,18.75,8.6962,4.5782,20.0,building_3,1.7216346435698804
day_2,Mild cloudy day,0.35,76,19.0,8.5,0.0,20.0,building_3,1.774531536892371
day_2,Mild cloudy day,0.35,77,19.25,8.3038,0.0,20.0,building_3,1.815205116959047
day_2,Mild cloudy day,0.35,78,19.5,8.1084,0.0,20.0,building_3,1.8557128516431889
day_2,Mild cloudy day,0.35,79,19.75,7.9147,0.0,20.0,building_3,1.8958681648894435
day_2,Mild cloudy day,0.35,80,20.0,7.7235,0.0,20.0,building_3,1.9355052113152769
day_2,Mild cloudy day,0.35,81,20.25,7.5357,0.0,20.0,building_3,1.9744374148653367
day_2,Mild cloudy day,0.35,82,20.5,7.3519,0.0,20.0,building_3,2.0125403915027222
day_2,Mild cloudy day,0.35,83,20.75,7.1731,0.0,20.0,building_3,2.0496068344992655
day_2,Mild cloudy day,0.35,84,21.0,7.0,0.0,20.0,building_3,2.085491629145247
day_2,Mild cloudy day,0.35,85,21.25,6.8333,0.0,20.0,building_3,2.12004966073095
day_2,Mild cloudy day,0.35,86,21.5,6.6737,0.0,20.0,building_3,2.153135814546656
day_2,Mild cloudy day,0.35,87,21.75,6.522,0.0,20.0,building_3,2.1845842452098303
day_2,Mild cloudy day,0.35,88,22.0,6.3787,0.0,20.0,building_3,2.2142912993563884
day_2,Mild cloudy day,0.35,89,22.25,6.2445,0.0,20.0,building_3,2.2421118622766123
day_2,Mild cloudy day,0.35,90,22.5,6.1199,0.0,20.0,building_3,2.267942280606418
day_2,Mild cloudy day,0.35,91,22.75,6.0056,0.0,20.0,building_3,2.291637439636087
day_2,Mild cloudy day,0.35,92,23.0,5.9019,0.0,20.0,building_3,2.313135147347169
day_2,Mild cloudy day,0.35,93,23.25,5.8094,0.0,20.0,building_3,2.332311019702763
day_2,Mild cloudy day,0.35,94,23.5,5.7284,0.0,20.0,building_3,2.3491028646844185
day_2,Mild cloudy day,0.35,95,23.75,5.6592,0.0,20.0,building_3,2.3634484902736848
day_2,Mild cloudy day,0.35,0,0.0,5.6022,0.0,20.0,4,4.9372073721025185
day_2,Mild cloudy day,0.35,1,0.25,5.5576,0.0,20.0,4,4.9566666253599525
day_2,Mild cloudy day,0.35,2,0.5,5.5257,0.0,20.0,4,4.970584790806413
day_2,Mild cloudy day,0.35,3,0.75,5.5064,0.0,20.0,4,4.979005499054587
day_2,Mild cloudy day,0.35,4,1.0,5.5,0.0,20.0,4,4.981797858266415
day_2,Mild cloudy day,0.35,5,1.25,5.5064,0.0,20.0,4,4.979005499054587
day_2,Mild cloudy day,0.35,6,1.5,5.5257,0.0,20.0,4,4.970584790806413
day_2,Mild cloudy day,0.35,7,1.75,5.5576,0.0,20.0,4,4.9566666253599525
day_2,Mild cloudy day,0.35,8,2.0,5.6022,0.0,20.0,4,4.9372073721025185
day_2,Mild cloudy day,0.35,9,2.25,5.6592,0.0,20.0,4,4.912337922872165
day_2,Mild cloudy day,0.35,10,2.5,5.7284,0.0,20.0,4,4.882145538894262
day_2,Mild cloudy day,0.35,11,2.75,5.8094,0.0,20.0,4,4.846804742619549
day_2,Mild cloudy day,0.35,12,3.0,5.9019,0.0,20.0,4,4.8064464258860795
day_2,Mild cloudy day,0.35,13,3.25,6.0056,0.0,20.0,4,4.761201480531911
day_2,Mild cloudy day,0.35,14,3.5,6.1199,0.0,20.0,4,4.711331690233148
day_2,Mild cloudy day,0.35,15,3.75,6.2445,0.0,20.0,4,4.65696794682785
day_2,Mild cloudy day,0.35,16,4.0,6.3787,0.0,20.0,4,4.598415664604808
day_2,Mild cloudy day,0.35,17,4.25,6.522,0.0,20.0,4,4.535892996627446
day_2,Mild cloudy day,0.35,18,4.5,6.6737,0.0,20.0,4,4.469705357184557
day_2,Mild cloudy day,0.35,19,4.75,6.8333,0.0,20.0,4,4.400070899339568
day_2,Mild cloudy day,0.35,20,5.0,7.0,0.0,20.0,4,4.3273386679939545
day_2,Mild cloudy day,0.35,21,5.25,7.1731,0.0,20.0,4,4.251814077436514
day_2,Mild cloudy day,0.35,22,5.5,7.3519,0.0,20.0,4,4.173802541956036
day_2,Mild cloudy day,0.35,23,5.75,7.5357,0.0,20.0,4,4.093609475841317
day_2,Mild cloudy day,0.35,24,6.0,7.7235,0.0,20.0,4,4.011671185219205
day_2,Mild cloudy day,0.35,25,6.25,7.9147,0.0,20.0,4,3.9282494537658086
day_2,Mild cloudy day,0.35,26,6.5,8.1084,0.0,20.0,4,3.8437369569952913
day_2,Mild cloudy day,0.35,27,6.75,8.3038,0.0,20.0,4,3.7584827398091316
day_2,Mild cloudy day,0.35,28,7.0,8.5,0.0,20.0,4,3.672879477721494
day_2,Mild cloudy day,0.35,29,7.25,8.6962,4.5782,20.0,4,3.541845454096362
day_2,Mild cloudy day,0.35,30,7.5,8.8916,9.1368,20.0,4,3.4113549716651677
day_2,Mild cloudy day,0.35,31,7.75,9.0853,13.6563,20.0,4,3.2819942099065114
day_2,Mild cloudy day,0.35,32,8.0,9.2765,18.1173,20.0,4,3.154304725358282
day_2,Mild cloudy day,0.35,33,8.25,9.4643,22.5008,20.0,4,3.0288677358589697
day_2,Mild cloudy day,0.35,34,8.5,9.6481,26.7878,20.0,4,2.9061335674090025
day_2,Mild cloudy day,0.35,35,8.75,9.8269,30.9602,20.0,4,2.786718137507346
day_2,Mild cloudy day,0.35,36,9.0,10.0,35.0,20.0,4,2.6711054794868905
day_2,Mild cloudy day,0.35,37,9.25,10.1667,38.8899,20.0,4,2.559772680384365
day_2,Mild cloudy day,0.35,38,9.5,10.3263,42.6133,20.0,4,2.4531898809403403
day_2,Mild cloudy day,0.35,39,9.75,10.478,46.1542,20.0,4,2.3518648985399335
day_2,Mild cloudy day,0.35,40,10.0,10.6213,49.4975,20.0,4,2.2561657277780043
day_2,Mild cloudy day,0.35,41,10.25,10.7555,52.6288,20.0,4,2.1665406781786225
day_2,Mild cloudy day,0.35,42,10.5,10.8801,55.5347,20.0,4,2.0833408747602604
day_2,Mild cloudy day,0.35,43,10.75,10.9944,58.2029,20.0,4,2.006993788158511
day_2,Mild cloudy day,0.35,44,11.0,11.0981,60.6218,20.0,4,1.9377454202620665
day_2,Mild cloudy day,0.35,45,11.25,11.1906,62.7811,20.0,4,1.8759597645333796
day_2,Mild cloudy day,0.35,46,11.5,11.2716,64.6716,20.0,4,1.8218590069885976
day_2,Mild cloudy day,0.35,47,11.75,11.3408,66.2851,20.0,4,1.77565541036364
day_2,Mild cloudy day,0.35,48,12.0,11.3978,67.6148,20.0,4,1.7375909754147925
day_2,Mild cloudy day,0.35,49,12.25,11.4424,68.655,20.0,4,1.707809526064724
day_2,Mild cloudy day,0.35,50,12.5,11.4743,69.4011,20.0,4,1.686487601240533
day_2,Mild cloudy day,0.35,51,12.75,11.4936,69.8501,20.0,4,1.6736113401702166
day_2,Mild cloudy day,0.35,52,13.0,11.5,70.0,20.0,4,1.6693314812522875
day_2,Mild cloudy day,0.35,53,13.25,11.4936,69.8501,20.0,4,1.6736113401702166
day_2,Mild cloudy day,0.35,54,13.5,11.4743,69.4011,20.0,4,1.686487601240533
day_2,Mild cloudy day,0.35,55,13.75,11.4424,68.655,20.0,4,1.707809526064724
day_2,Mild cloudy day,0.35,56,14.0,11.3978,67.6148,20.0,4,1.7375909754147925
day_2,Mild cloudy day,0.35,57,14.25,11.3408,66.2851,20.0,4,1.77565541036364
day_2,Mild cloudy day,0.35,58,14.5,11.2716,64.6716,20.0,4,1.8218590069885976
day_2,Mild cloudy day,0.35,59,14.75,11.1906,62.7811,20.0,4,1.8759597645333796
day_2,Mild cloudy day,0.35,60,15.0,11.0981,60.6218,20.0,4,1.9377454202620665
day_2,Mild cloudy day,0.35,61,15.25,10.9944,58.2029,20.0,4,2.006993788158511
day_2,Mild cloudy day,0.35,62,15.5,10.8801,55.5347,20.0,4,2.0833408747602604
day_2,Mild cloudy day,0.35,63,15.75,10.7555,52.6288,20.0,4,2.1665406781786225
day_2,Mild cloudy day,0.35,64,16.0,10.6213,49.4975,20.0,4,2.2561657277780043
day_2,Mild cloudy day,0.35,65,16.25,10.478,46.1542,20.0,4,2.3518648985399335
day_2,Mild cloudy day,0.35,66,16.5,10.3263,42.6133,20.0,4,2.4531898809403403
day_2,Mild cloudy day,0.35,67,16.75,10.1667,38.8899,20.0,4,2.559772680384365
day_2,Mild cloudy day,0.35,68,17.0,10.0,35.0,20.0,4,2.6711054794868905
day_2,Mild cloudy day,0.35,69,17.25,9.8269,30.9602,20.0,4,2.786718137507346
day_2,Mild cloudy day,0.35,70,17.5,9.6481,26.7878,20.0,4,2.9061335674090025
day_2,Mild cloudy day,0.35,71,17.75,9.4643,22.5008,20.0,4,3.0288677358589697
day_2,Mild cloudy day,0.35,72,18.0,9.2765,18.1173,20.0,4,3.154304725358282
day_2,Mild cloudy day,0.35,73,18.25,9.0853,13.6563,20.0,4,3.2819942099065114
day_2,Mild cloudy day,0.35,74,18.5,8.8916,9.1368,20.0,4,3.4113549716651677
day_2,Mild cloudy day,0.35,75,18.75,8.6962,4.5782,20.0,4,3.541845454096362
day_2,Mild cloudy day,0.35,76,19.0,8.5,0.0,20.0,4,3.672879477721494
day_2,Mild cloudy day,0.35,77,19.25,8.3038,0.0,20.0,4,3.7584827398091316
day_2,Mild cloudy day,0.35,78,19.5,8.1084,0.0,20.0,4,3.8437369569952913
day_2,Mild cloudy day,0.35,79,19.75,7.9147,0.0,20.0,4,3.9282494537658086
day_2,Mild cloudy day,0.35,80,20.0,7.7235,0.0,20.0,4,4.011671185219205
day_2,Mild cloudy day,0.35,81,20.25,7.5357,0.0,20.0,4,4.093609475841317
day_2,Mild cloudy day,0.35,82,20.5,7.3519,0.0,20.0,4,4.173802541956036
day_2,Mild cloudy day,0.35,83,20.75,7.1731,0.0,20.0,4,4.251814077436514
day_2,Mild cloudy day,0.35,84,21.0,7.0,0.0,20.0,4,4.3273386679939545
day_2,Mild cloudy day,0.35,85,21.25,6.8333,0.0,20.0,4,4.400070899339568
day_2,Mild cloudy day,0.35,86,21.5,6.6737,0.0,20.0,4,4.469705357184557
day_2,Mild cloudy day,0.35,87,21.75,6.522,0.0,20.0,4,4.535892996627446
day_2,Mild cloudy day,0.35,88,22.0,6.3787,0.0,20.0,4,4.598415664604808
day_2,Mild cloudy day,0.35,89,22.25,6.2445,0.0,20.0,4,4.65696794682785
day_2,Mild cloudy day,0.35,90,22.5,6.1199,0.0,20.0,4,4.711331690233148
day_2,Mild cloudy day,0.35,91,22.75,6.0056,0.0,20.0,4,4.761201480531911
day_2,Mild cloudy day,0.35,92,23.0,5.9019,0.0,20.0,4,4.8064464258860795
day_2,Mild cloudy day,0.35,93,23.25,5.8094,0.0,20.0,4,4.846804742619549
day_2,Mild cloudy day,0.35,94,23.5,5.7284,0.0,20.0,4,4.882145538894262
day_2,Mild cloudy day,0.35,95,23.75,5.6592,0.0,20.0,4,4.912337922872165
day_2,Mild cloudy day,0.35,0,0.0,5.6022,0.0,20.0,5,3.0236788495887525
day_2,Mild cloudy day,0.35,1,0.25,5.5576,0.0,20.0,5,3.0374853970971376
day_2,Mild cloudy day,0.35,2,0.5,5.5257,0.0,20.0,5,3.0473604837679336
day_2,Mild cloudy day,0.35,3,0.75,5.5064,0.0,20.0,5,3.0533350659856877
day_2,Mild cloudy day,0.35,4,1.0,5.5,0.0,20.0,5,3.0553162745967564
day_2,Mild cloudy day,0.35,5,1.25,5.5064,0.0,20.0,5,3.0533350659856877
day_2,Mild cloudy day,0.35,6,1.5,5.5257,0.0,20.0,5,3.0473604837679336
day_2,Mild cloudy day,0.35,7,1.75,5.5576,0.0,20.0,5,3.0374853970971376
day_2,Mild cloudy day,0.35,8,2.0,5.6022,0.0,20.0,5,3.0236788495887525
day_2,Mild cloudy day,0.35,9,2.25,5.6592,0.0,20.0,5,3.006033710396422
day_2,Mild cloudy day,0.35,10,2.5,5.7284,0.0,20.0,5,2.9846118922892417
day_2,Mild cloudy day,0.35,11,2.75,5.8094,0.0,20.0,5,2.9595372208054034
day_2,Mild cloudy day,0.35,12,3.0,5.9019,0.0,20.0,5,2.9309025650985507
day_2,Mild cloudy day,0.35,13,3.25,6.0056,0.0,20.0,5,2.8988007943223284
day_2,Mild cloudy day,0.35,14,3.5,6.1199,0.0,20.0,5,2.8634176467840238
day_2,Mild cloudy day,0.35,15,3.75,6.2445,0.0,20.0,5,2.8248459916372806
day_2,Mild cloudy day,0.35,16,4.0,6.3787,0.0,20.0,5,2.7833025235739335
day_2,Mild cloudy day,0.35,17,4.25,6.522,0.0,20.0,5,2.7389420245167235
day_2,Mild cloudy day,0.35,18,4.5,6.6737,0.0,20.0,5,2.6919811891574854
day_2,Mild cloudy day,0.35,19,4.75,6.8333,0.0,20.0,5,2.6425747994189592
day_2,Mild cloudy day,0.35,20,5.0,7.0,0.0,20.0,5,2.5909705063775297
day_2,Mild cloudy day,0.35,21,5.25,7.1731,0.0,20.0,5,2.5373850047250315
day_2,Mild cloudy day,0.35,22,5.5,7.3519,0.0,20.0,5,2.4820349891532993
day_2,Mild cloudy day,0.35,23,5.75,7.5357,0.0,20.0,5,2.4251371543541698
day_2,Mild cloudy day,0.35,24,6.0,7.7235,0.0,20.0,5,2.367001064173123
day_2,Mild cloudy day,0.35,25,6.25,7.9147,0.0,20.0,5,2.3078124569174454
day_2,Mild cloudy day,0.35,26,6.5,8.1084,0.0,20.0,5,2.24784994004807
day_2,Mild cloudy day,0.35,27,6.75,8.3038,0.0,20.0,5,2.187361164641378
day_2,Mild cloudy day,0.35,28,7.0,8.5,0.0,20.0,5,2.126624738158304
day_2,Mild cloudy day,0.35,29,7.25,8.6962,4.5782,20.0,5,2.01715728943641
day_2,Mild cloudy day,0.35,30,7.5,8.8916,9.1368,20.0,5,1.9081461170226246
day_2,Mild cloudy day,0.35,31,7.75,9.0853,13.6563,20.0,5,1.8000773891951558
day_2,Mild cloudy day,0.35,32,8.0,9.2765,18.1173,20.0,5,1.6934052534332158
day_2,Mild cloudy day,0.35,33,8.25,9.4643,22.5008,20.0,5,1.5886105559427766
day_2,Mild cloudy day,0.35,34,8.5,9.6481,26.7878,20.0,5,1.4860812737761633
day_2,Mild cloudy day,0.35,35,8.75,9.8269,30.9602,20.0,5,1.3863196297938665
day_2,Mild cloudy day,0.35,36,9.0,10.0,35.0,20.0,5,1.2897339132882861
day_2,Mild cloudy day,0.35,37,9.25,10.1667,38.8899,20.0,5,1.196724962650687
day_2,Mild cloudy day,0.35,38,9.5,10.3263,42.6133,20.0,5,1.107686165371203
day_2,Mild cloudy day,0.35,39,9.75,10.478,46.1542,20.0,5,1.0230354788378284
day_2,Mild cloudy day,0.35,40,10.0,10.6213,49.4975,20.0,5,0.9430884115548868
day_2,Mild cloudy day,0.35,41,10.25,10.7555,52.6288,20.0,5,0.8682149338946654
day_2,Mild cloudy day,0.35,42,10.5,10.8801,55.5347,20.0,5,0.7987124593158772
day_2,Mild cloudy day,0.35,43,10.75,10.9944,58.2029,20.0,5,0.7349286054874111
day_2,Mild cloudy day,0.35,44,11.0,11.0981,60.6218,20.0,5,0.6770797136388287
day_2,Mild cloudy day,0.35,45,11.25,11.1906,62.7811,20.0,5,0.6254611567655177
day_2,Mild cloudy day,0.35,46,11.5,11.2716,64.6716,20.0,5,0.5802637301502995
day_2,Mild cloudy day,0.35,47,11.75,11.3408,66.2851,20.0,5,0.5416675849315176
day_2,Mild cloudy day,0.35,48,12.0,11.3978,67.6148,20.0,5,0.5098689268297991
day_2,Mild cloudy day,0.35,49,12.25,11.4424,68.655,20.0,5,0.4849903402377531
day_2,Mild cloudy day,0.35,50,12.5,11.4743,69.4011,20.0,5,0.4671736573736103
day_2,Mild cloudy day,0.35,51,12.75,11.4936,69.8501,20.0,5,0.45641985428624987
day_2,Mild cloudy day,0.35,52,13.0,11.5,70.0,20.0,5,0.4528430884182686
day_2,Mild cloudy day,0.35,53,13.25,11.4936,69.8501,20.0,5,0.45641985428624987
day_2,Mild cloudy day,0.35,54,13.5,11.4743,69.4011,20.0,5,0.4671736573736103
day_2,Mild cloudy day,0.35,55,13.75,11.4424,68.655,20.0,5,0.4849903402377531
day_2,Mild cloudy day,0.35,56,14.0,11.3978,67.6148,20.0,5,0.5098689268297991
day_2,Mild cloudy day,0.35,57,14.25,11.3408,66.2851,20.0,5,0.5416675849315176
day_2,Mild cloudy day,0.35,58,14.5,11.2716,64.6716,20.0,5,0.5802637301502995
day_2,Mild cloudy day,0.35,59,14.75,11.1906,62.7811,20.0,5,0.6254611567655177
day_2,Mild cloudy day,0.35,60,15.0,11.0981,60.6218,20.0,5,0.6770797136388287
day_2,Mild cloudy day,0.35,61,15.25,10.9944,58.2029,20.0,5,0.7349286054874111
day_2,Mild cloudy day,0.35,62,15.5,10.8801,55.5347,20.0,5,0.7987124593158772
day_2,Mild cloudy day,0.35,63,15.75,10.7555,52.6288,20.0,5,0.8682149338946654
day_2,Mild cloudy day,0.35,64,16.0,10.6213,49.4975,20.0,5,0.9430884115548868
day_2,Mild cloudy day,0.35,65,16.25,10.478,46.1542,20.0,5,1.0230354788378284
day_2,Mild cloudy day,0.35,66,16.5,10.3263,42.6133,20.0,5,1.107686165371203
day_2,Mild cloudy day,0.35,67,16.75,10.1667,38.8899,20.0,5,1.196724962650687
day_2,Mild cloudy day,0.35,68,17.0,10.0,35.0,20.0,5,1.2897339132882861
day_2,Mild cloudy day,0.35,69,17.25,9.8269,30.9602,20.0,5,1.3863196297938665
day_2,Mild cloudy day,0.35,70,17.5,9.6481,26.7878,20.0,5,1.4860812737761633
day_2,Mild cloudy day,0.35,71,17.75,9.4643,22.5008,20.0,5,1.5886105559427766
day_2,Mild cloudy day,0.35,72,18.0,9.2765,18.1173,20.0,5,1.6934052534332158
day_2,Mild cloudy day,0.35,73,18.25,9.0853,13.6563,20.0,5,1.8000773891951558
day_2,Mild cloudy day,0.35,74,18.5,8.8916,9.1368,20.0,5,1.9081461170226246
day_2,Mild cloudy day,0.35,75,18.75,8.6962,4.5782,20.0,5,2.01715728943641
day_2,Mild cloudy day,0.35,76,19.0,8.5,0.0,20.0,5,2.126624738158304
day_2,Mild cloudy day,0.35,77,19.25,8.3038,0.0,20.0,5,2.187361164641378
day_2,Mild cloudy day,0.35,78,19.5,8.1084,0.0,20.0,5,2.24784994004807
day_2,Mild cloudy day,0.35,79,19.75,7.9147,0.0,20.0,5,2.3078124569174454
day_2,Mild cloudy day,0.35,80,20.0,7.7235,0.0,20.0,5,2.367001064173123
day_2,Mild cloudy day,0.35,81,20.25,7.5357,0.0,20.0,5,2.4251371543541698
day_2,Mild cloudy day,0.35,82,20.5,7.3519,0.0,20.0,5,2.4820349891532993
day_2,Mild cloudy day,0.35,83,20.75,7.1731,0.0,20.0,5,2.5373850047250315
day_2,Mild cloudy day,0.35,84,21.0,7.0,0.0,20.0,5,2.5909705063775297
day_2,Mild cloudy day,0.35,85,21.25,6.8333,0.0,20.0,5,2.6425747994189592
day_2,Mild cloudy day,0.35,86,21.5,6.6737,0.0,20.0,5,2.6919811891574854
day_2,Mild cloudy day,0.35,87,21.75,6.522,0.0,20.0,5,2.7389420245167235
day_2,Mild cloudy day,0.35,88,22.0,6.3787,0.0,20.0,5,2.7833025235739335
day_2,Mild cloudy day,0.35,89,22.25,6.2445,0.0,20.0,5,2.8248459916372806
day_2,Mild cloudy day,0.35,90,22.5,6.1199,0.0,20.0,5,2.8634176467840238
day_2,Mild cloudy day,0.35,91,22.75,6.0056,0.0,20.0,5,2.8988007943223284
day_2,Mild cloudy day,0.35,92,23.0,5.9019,0.0,20.0,5,2.9309025650985507
day_2,Mild cloudy day,0.35,93,23.25,5.8094,0.0,20.0,5,2.9595372208054034
day_2,Mild cloudy day,0.35,94,23.5,5.7284,0.0,20.0,5,2.9846118922892417
day_2,Mild cloudy day,0.35,95,23.75,5.6592,0.0,20.0,5,3.006033710396422
day_2,Mild cloudy day,0.35,0,0.0,5.6022,0.0,20.0,6,3.4119467796743717
day_2,Mild cloudy day,0.35,1,0.25,5.5576,0.0,20.0,6,3.4232694526609486
day_2,Mild cloudy day,0.35,2,0.5,5.5257,0.0,20.0,6,3.431367956433859
day_2,Mild cloudy day,0.35,3,0.75,5.5064,0.0,20.0,6,3.4362676781522663
day_2,Mild cloudy day,0.35,4,1.0,5.5,0.0,20.0,6,3.437892456338681
day_2,Mild cloudy day,0.35,5,1.25,5.5064,0.0,20.0,6,3.4362676781522663
day_2,Mild cloudy day,0.35,6,1.5,5.5257,0.0,20.0,6,3.431367956433859
day_2,Mild cloudy day,0.35,7,1.75,5.5576,0.0,20.0,6,3.4232694526609486
day_2,Mild cloudy day,0.35,8,2.0,5.6022,0.0,20.0,6,3.4119467796743717
day_2,Mild cloudy day,0.35,9,2.25,5.6592,0.0,20.0,6,3.397476098951616
day_2,Mild cloudy day,0.35,10,2.5,5.7284,0.0,20.0,6,3.3799081848110073
day_2,Mild cloudy day,0.35,11,2.75,5.8094,0.0,20.0,6,3.3593445858891973
day_2,Mild cloudy day,0.35,12,3.0,5.9019,0.0,20.0,6,3.3358614636636723
day_2,Mild cloudy day,0.35,13,3.25,6.0056,0.0,20.0,6,3.3095349796119224
day_2,Mild cloudy day,0.35,14,3.5,6.1199,0.0,20.0,6,3.2805174566889233
day_2,Mild cloudy day,0.35,15,3.75,6.2445,0.0,20.0,6,3.248885056372163
day_2,Mild cloudy day,0.35,16,4.0,6.3787,0.0,20.0,6,3.214815488775781
day_2,Mild cloudy day,0.35,17,4.25,6.522,0.0,20.0,6,3.17843568969559
day_2,Mild cloudy day,0.35,18,4.5,6.6737,0.0,20.0,6,3.13992336924573
day_2,Mild cloudy day,0.35,19,4.75,6.8333,0.0,20.0,6,3.0994054632220145
day_2,Mild cloudy day,0.35,20,5.0,7.0,0.0,20.0,6,3.0570850688977456
day_2,Mild cloudy day,0.35,21,5.25,7.1731,0.0,20.0,6,3.0131398963870617
day_2,Mild cloudy day,0.35,22,5.5,7.3519,0.0,20.0,6,2.967747655804102
day_2,Mild cloudy day,0.35,23,5.75,7.5357,0.0,20.0,6,2.921086057263006
day_2,Mild cloudy day,0.35,24,6.0,7.7235,0.0,20.0,6,2.873408972355401
day_2,Mild cloudy day,0.35,25,6.25,7.9147,0.0,20.0,6,2.8248687240362633
day_2,Mild cloudy day,0.35,26,6.5,8.1084,0.0,20.0,6,2.7756937967380573
day_2,Mild cloudy day,0.35,27,6.75,8.3038,0.0,20.0,6,2.7260872877340843
day_2,Mild cloudy day,0.35,28,7.0,8.5,0.0,20.0,6,2.6762776814568103
day_2,Mild cloudy day,0.35,29,7.25,8.6962,4.5782,20.0,6,2.624799338571478
day_2,Mild cloudy day,0.35,30,7.5,8.8916,9.1368,20.0,6,2.5735312370854175
day_2,Mild cloudy day,0.35,31,7.75,9.0853,13.6563,20.0,6,2.5227089691074425
day_2,Mild cloudy day,0.35,32,8.0,9.2765,18.1173,20.0,6,2.47254270313758
day_2,Mild cloudy day,0.35,33,8.25,9.4643,22.5008,20.0,6,2.423267849036532
day_2,Mild cloudy day,0.35,34,8.5,9.6481,26.7878,20.0,6,2.3750436551875103
day_2,Mild cloudy day,0.35,35,8.75,9.8269,30.9602,20.0,6,2.328130590563779
day_2,Mild cloudy day,0.35,36,9.0,10.0,35.0,20.0,6,2.2827129262114907
day_2,Mild cloudy day,0.35,37,9.25,10.1667,38.8899,20.0,6,2.238974678029442
day_2,Mild cloudy day,0.35,38,9.5,10.3263,42.6133,20.0,6,2.197099606769074
day_2,Mild cloudy day,0.35,39,9.75,10.478,46.1542,20.0,6,2.1572966416432555
day_2,Mild cloudy day,0.35,40,10.0,10.6213,49.4975,20.0,6,2.119698222340768
day_2,Mild cloudy day,0.35,41,10.25,10.7555,52.6288,20.0,6,2.0844873077213606
day_2,Mild cloudy day,0.35,42,10.5,10.8801,55.5347,20.0,6,2.0517957178302355
day_2,Mild cloudy day,0.35,43,10.75,10.9944,58.2029,20.0,6,2.0218056460850744
day_2,Mild cloudy day,0.35,44,11.0,11.0981,60.6218,20.0,6,1.9945974821195522
day_2,Mild cloudy day,0.35,45,11.25,11.1906,62.7811,20.0,6,1.9703273031997421
day_2,Mild cloudy day,0.35,46,11.5,11.2716,64.6716,20.0,6,1.9490746241683834
day_2,Mild cloudy day,0.35,47,11.75,11.3408,66.2851,20.0,6,1.930918595371993
day_2,Mild cloudy day,0.35,48,12.0,11.3978,67.6148,20.0,6,1.9159632440215375
day_2,Mild cloudy day,0.35,49,12.25,11.4424,68.655,20.0,6,1.9042614220638139
day_2,Mild cloudy day,0.35,50,12.5,11.4743,69.4011,20.0,6,1.8958909676589364
day_2,Mild cloudy day,0.35,51,12.75,11.4936,69.8501,20.0,6,1.8908275871364106
day_2,Mild cloudy day,0.35,52,13.0,11.5,70.0,20.0,6,1.8891481709661708
day_2,Mild cloudy day,0.35,53,13.25,11.4936,69.8501,20.0,6,1.8908275871364106
day_2,Mild cloudy day,0.35,54,13.5,11.4743,69.4011,20.0,6,1.8958909676589364
day_2,Mild cloudy day,0.35,55,13.75,11.4424,68.655,20.0,6,1.9042614220638139
day_2,Mild cloudy day,0.35,56,14.0,11.3978,67.6148,20.0,6,1.9159632440215375
day_2,Mild cloudy day,0.35,57,14.25,11.3408,66.2851,20.0,6,1.930918595371993
day_2,Mild cloudy day,0.35,58,14.5,11.2716,64.6716,20.0,6,1.9490746241683834
day_2,Mild cloudy day,0.35,59,14.75,11.1906,62.7811,20.0,6,1.9703273031997421
day_2,Mild cloudy day,0.35,60,15.0,11.0981,60.6218,20.0,6,1.9945974821195522
day_2,Mild cloudy day,0.35,61,15.25,10.9944,58.2029,20.0,6,2.0218056460850744
day_2,Mild cloudy day,0.35,62,15.5,10.8801,55.5347,20.0,6,2.0517957178302355
day_2,Mild cloudy day,0.35,63,15.75,10.7555,52.6288,20.0,6,2.0844873077213606
day_2,Mild cloudy day,0.35,64,16.0,10.6213,49.4975,20.0,6,2.119698222340768
day_2,Mild cloudy day,0.35,65,16.25,10.478,46.1542,20.0,6,2.1572966416432555
day_2,Mild cloudy day,0.35,66,16.5,10.3263,42.6133,20.0,6,2.197099606769074
day_2,Mild cloudy day,0.35,67,16.75,10.1667,38.8899,20.0,6,2.238974678029442
day_2,Mild cloudy day,0.35,68,17.0,10.0,35.0,20.0,6,2.2827129262114907
day_2,Mild cloudy day,0.35,69,17.25,9.8269,30.9602,20.0,6,2.328130590563779
day_2,Mild cloudy day,0.35,70,17.5,9.6481,26.7878,20.0,6,2.3750436551875103
day_2,Mild cloudy day,0.35,71,17.75,9.4643,22.5008,20.0,6,2.423267849036532
day_2,Mild cloudy day,0.35,72,18.0,9.2765,18.1173,20.0,6,2.47254270313758
day_2,Mild cloudy day,0.35,73,18.25,9.0853,13.6563,20.0,6,2.5227089691074425
day_2,Mild cloudy day,0.35,74,18.5,8.8916,9.1368,20.0,6,2.5735312370854175
day_2,Mild cloudy day,0.35,75,18.75,8.6962,4.5782,20.0,6,2.624799338571478
day_2,Mild cloudy day,0.35,76,19.0,8.5,0.0,20.0,6,2.6762776814568103
day_2,Mild cloudy day,0.35,77,19.25,8.3038,0.0,20.0,6,2.7260872877340843
day_2,Mild cloudy day,0.35,78,19.5,8.1084,0.0,20.0,6,2.7756937967380573
day_2,Mild cloudy day,0.35,79,19.75,7.9147,0.0,20.0,6,2.8248687240362633
day_2,Mild cloudy day,0.35,80,20.0,7.7235,0.0,20.0,6,2.873408972355401
day_2,Mild cloudy day,0.35,81,20.25,7.5357,0.0,20.0,6,2.921086057263006
day_2,Mild cloudy day,0.35,82,20.5,7.3519,0.0,20.0,6,2.967747655804102
day_2,Mild cloudy day,0.35,83,20.75,7.1731,0.0,20.0,6,3.0131398963870617
day_2,Mild cloudy day,0.35,84,21.0,7.0,0.0,20.0,6,3.0570850688977456
day_2,Mild cloudy day,0.35,85,21.25,6.8333,0.0,20.0,6,3.0994054632220145
day_2,Mild cloudy day,0.35,86,21.5,6.6737,0.0,20.0,6,3.13992336924573
day_2,Mild cloudy day,0.35,87,21.75,6.522,0.0,20.0,6,3.17843568969559
day_2,Mild cloudy day,0.35,88,22.0,6.3787,0.0,20.0,6,3.214815488775781
day_2,Mild cloudy day,0.35,89,22.25,6.2445,0.0,20.0,6,3.248885056372163
day_2,Mild cloudy day,0.35,90,22.5,6.1199,0.0,20.0,6,3.2805174566889233
day_2,Mild cloudy day,0.35,91,22.75,6.0056,0.0,20.0,6,3.3095349796119224
day_2,Mild cloudy day,0.35,92,23.0,5.9019,0.0,20.0,6,3.3358614636636723
day_2,Mild cloudy day,0.35,93,23.25,5.8094,0.0,20.0,6,3.3593445858891973
day_2,Mild cloudy day,0.35,94,23.5,5.7284,0.0,20.0,6,3.3799081848110073
day_2,Mild cloudy day,0.35,95,23.75,5.6592,0.0,20.0,6,3.397476098951616
day_3,Mild sunny day,0.2,0,0.0,5.6022,0.0,20.0,building_1,4.208434318685715
day_3,Mild sunny day,0.2,1,0.25,5.5576,0.0,20.0,building_1,4.223078191351502
day_3,Mild sunny day,0.2,2,0.5,5.5257,0.0,20.0,building_1,4.233552172025013
day_3,Mild sunny day,0.2,3,0.75,5.5064,0.0,20.0,building_1,4.239889094501464
day_3,Mild sunny day,0.2,4,1.0,5.5,0.0,20.0,building_1,4.241990457395209
day_3,Mild sunny day,0.2,5,1.25,5.5064,0.0,20.0,building_1,4.239889094501464
day_3,Mild sunny day,0.2,6,1.5,5.5257,0.0,20.0,building_1,4.233552172025013
day_3,Mild sunny day,0.2,7,1.75,5.5576,0.0,20.0,building_1,4.223078191351502
day_3,Mild sunny day,0.2,8,2.0,5.6022,0.0,20.0,building_1,4.208434318685715
day_3,Mild sunny day,0.2,9,2.25,5.6592,0.0,20.0,building_1,4.1897190554132955
day_3,Mild sunny day,0.2,10,2.5,5.7284,0.0,20.0,building_1,4.166998069124674
day_3,Mild sunny day,0.2,11,2.75,5.8094,0.0,20.0,building_1,4.140402695000711
day_3,Mild sunny day,0.2,12,3.0,5.9019,0.0,20.0,building_1,4.110031434427048
day_3,Mild sunny day,0.2,13,3.25,6.0056,0.0,20.0,building_1,4.075982788789331
day_3,Mild sunny day,0.2,14,3.5,6.1199,0.0,20.0,building_1,4.038453760858849
day_3,Mild sunny day,0.2,15,3.75,6.2445,0.0,20.0,building_1,3.9975428520212457
day_3,Mild sunny day,0.2,16,4.0,6.3787,0.0,20.0,building_1,3.9534798988430246
day_3,Mild sunny day,0.2,17,4.25,6.522,0.0,20.0,building_1,3.906429070300258
day_3,Mild sunny day,0.2,18,4.5,6.6737,0.0,20.0,building_1,3.8566202029594523
day_3,Mild sunny day,0.2,19,4.75,6.8333,0.0,20.0,building_1,3.804217465796679
day_3,Mild sunny day,0.2,20,5.0,7.0,0.0,20.0,building_1,3.7494835291736575
day_3,Mild sunny day,0.2,21,5.25,7.1731,0.0,20.0,building_1,3.69264822965689
day_3,Mild sunny day,0.2,22,5.5,7.3519,0.0,20.0,building_1,3.633941403812881
day_3,Mild sunny day,0.2,23,5.75,7.5357,0.0,20.0,building_1,3.5735928882081334
day_3,Mild sunny day,0.2,24,6.0,7.7235,0.0,20.0,building_1,3.511931020794796
day_3,Mild sunny day,0.2,25,6.25,7.9147,0.0,20.0,building_1,3.4491528043441546
day_3,Mild sunny day,0.2,26,6.5,8.1084,0.0,20.0,building_1,3.385553743013145
day_3,Mild sunny day,0.2,27,6.75,8.3038,0.0,20.0,building_1,3.3213965071634837
day_3,Mild sunny day,0.2,28,7.0,8.5,0.0,20.0,building_1,3.256976600952105
day_3,Mild sunny day,0.2,29,7.25,8.6962,17.0048,20.0,building_1,3.1026517712077
day_3,Mild sunny day,0.2,30,7.5,8.8916,33.9368,20.0,building_1,2.948974507762231
day_3,Mild sunny day,0.2,31,7.75,9.0853,50.7235,20.0,building_1,2.796623624600218
day_3,Mild sunny day,0.2,32,8.0,9.2765,67.293,20.0,building_1,2.646241929691702
day_3,Mild sunny day,0.2,33,8.25,9.4643,83.5743,20.0,building_1,2.4985003064730478
day_3,Mild sunny day,0.2,34,8.5,9.6481,99.4977,20.0,building_1,2.3539642638532348
day_3,Mild sunny day,0.2,35,8.75,9.8269,114.9951,20.0,building_1,2.2133221866707373
day_3,Mild sunny day,0.2,36,9.0,10.0,130.0,20.0,building_1,2.077155499127019
day_3,Mild sunny day,0.2,37,9.25,10.1667,144.4483,20.0,building_1,1.9460329365464897
day_3,Mild sunny day,0.2,38,9.5,10.3263,158.278,20.0,building_1,1.8205121314861412
day_3,Mild sunny day,0.2,39,9.75,10.478,171.4299,20.0,building_1,1.7011687466082865
day_3,Mild sunny day,0.2,40,10.0,10.6213,183.8478,20.0,building_1,1.5884640820932796
day_3,Mild sunny day,0.2,41,10.25,10.7555,195.4783,20.0,building_1,1.482910302022013
day_3,Mild sunny day,0.2,42,10.5,10.8801,206.2719,20.0,building_1,1.3849332834597392
day_3,Mild sunny day,0.2,43,10.75,10.9944,216.1821,20.0,building_1,1.295008709965828
day_3,Mild sunny day,0.2,44,11.0,11.0981,225.1666,20.0,building_1,1.2134587243839505
day_3,Mild sunny day,0.2,45,11.25,11.1906,233.1869,20.0,building_1,1.140683880221423
day_3,Mild sunny day,0.2,46,11.5,11.2716,240.2087,20.0,building_1,1.0769640240650806
day_3,Mild sunny day,0.2,47,11.75,11.3408,246.2018,20.0,building_1,1.0225573256701261
day_3,Mild sunny day,0.2,48,12.0,11.3978,251.1407,20.0,building_1,0.9777299395360877
day_3,Mild sunny day,0.2,49,12.25,11.4424,255.0042,20.0,building_1,0.9426596183340141
day_3,Mild sunny day,0.2,50,12.5,11.4743,257.7757,20.0,building_1,0.9175326281824854
day_3,Mild sunny day,0.2,51,12.75,11.4936,259.4433,20.0,building_1,0.9023790509683323
day_3,Mild sunny day,0.2,52,13.0,11.5,260.0,20.0,building_1,0.897334397301933
day_3,Mild sunny day,0.2,53,13.25,11.4936,259.4433,20.0,building_1,0.9023790509683323
day_3,Mild sunny day,0.2,54,13.5,11.4743,257.7757,20.0,building_1,0.9175326281824854
day_3,Mild sunny day,0.2,55,13.75,11.4424,255.0042,20.0,building_1,0.9426596183340141
day_3,Mild sunny day,0.2,56,14.0,11.3978,251.1407,20.0,building_1,0.9777299395360877
day_3,Mild sunny day,0.2,57,14.25,11.3408,246.2018,20.0,building_1,1.0225573256701261
day_3,Mild sunny day,0.2,58,14.5,11.2716,240.2087,20.0,building_1,1.0769640240650806
day_3,Mild sunny day,0.2,59,14.75,11.1906,233.1869,20.0,building_1,1.140683880221423
day_3,Mild sunny day,0.2,60,15.0,11.0981,225.1666,20.0,building_1,1.2134587243839505
day_3,Mild sunny day,0.2,61,15.25,10.9944,216.1821,20.0,building_1,1.295008709965828
day_3,Mild sunny day,0.2,62,15.5,10.8801,206.2719,20.0,building_1,1.3849332834597392
day_3,Mild sunny day,0.2,63,15.75,10.7555,195.4783,20.0,building_1,1.482910302022013
day_3,Mild sunny day,0.2,64,16.0,10.6213,183.8478,20.0,building_1,1.5884640820932796
day_3,Mild sunny day,0.2,65,16.25,10.478,171.4299,20.0,building_1,1.7011687466082865
day_3,Mild sunny day,0.2,66,16.5,10.3263,158.278,20.0,building_1,1.8205121314861412
day_3,Mild sunny day,0.2,67,16.75,10.1667,144.4483,20.0,building_1,1.9460329365464897
day_3,Mild sunny day,0.2,68,17.0,10.0,130.0,20.0,building_1,2.077155499127019
day_3,Mild sunny day,0.2,69,17.25,9.8269,114.9951,20.0,building_1,2.2133221866707373
day_3,Mild sunny day,0.2,70,17.5,9.6481,99.4977,20.0,building_1,2.3539642638532348
day_3,Mild sunny day,0.2,71,17.75,9.4643,83.5743,20.0,building_1,2.4985003064730478
day_3,Mild sunny day,0.2,72,18.0,9.2765,67.293,20.0,building_1,2.646241929691702
day_3,Mild sunny day,0.2,73,18.25,9.0853,50.7235,20.0,building_1,2.796623624600218
day_3,Mild sunny day,0.2,74,18.5,8.8916,33.9368,20.0,building_1,2.948974507762231
day_3,Mild sunny day,0.2,75,18.75,8.6962,17.0048,20.0,building_1,3.1026517712077
day_3,Mild sunny day,0.2,76,19.0,8.5,0.0,20.0,building_1,3.256976600952105
day_3,Mild sunny day,0.2,77,19.25,8.3038,0.0,20.0,building_1,3.3213965071634837
day_3,Mild sunny day,0.2,78,19.5,8.1084,0.0,20.0,building_1,3.385553743013145
day_3,Mild sunny day,0.2,79,19.75,7.9147,0.0,20.0,building_1,3.4491528043441546
day_3,Mild sunny day,0.2,80,20.0,7.7235,0.0,20.0,building_1,3.511931020794796
day_3,Mild sunny day,0.2,81,20.25,7.5357,0.0,20.0,building_1,3.5735928882081334
day_3,Mild sunny day,0.2,82,20.5,7.3519,0.0,20.0,building_1,3.633941403812881
day_3,Mild sunny day,0.2,83,20.75,7.1731,0.0,20.0,building_1,3.69264822965689
day_3,Mild sunny day,0.2,84,21.0,7.0,0.0,20.0,building_1,3.7494835291736575
day_3,Mild sunny day,0.2,85,21.25,6.8333,0.0,20.0,building_1,3.804217465796679
day_3,Mild sunny day,0.2,86,21.5,6.6737,0.0,20.0,building_1,3.8566202029594523
day_3,Mild sunny day,0.2,87,21.75,6.522,0.0,20.0,building_1,3.906429070300258
day_3,Mild sunny day,0.2,88,22.0,6.3787,0.0,20.0,building_1,3.9534798988430246
day_3,Mild sunny day,0.2,89,22.25,6.2445,0.0,20.0,building_1,3.9975428520212457
day_3,Mild sunny day,0.2,90,22.5,6.1199,0.0,20.0,building_1,4.038453760858849
day_3,Mild sunny day,0.2,91,22.75,6.0056,0.0,20.0,building_1,4.075982788789331
day_3,Mild sunny day,0.2,92,23.0,5.9019,0.0,20.0,building_1,4.110031434427048
day_3,Mild sunny day,0.2,93,23.25,5.8094,0.0,20.0,building_1,4.140402695000711
day_3,Mild sunny day,0.2,94,23.5,5.7284,0.0,20.0,building_1,4.166998069124674
day_3,Mild sunny day,0.2,95,23.75,5.6592,0.0,20.0,building_1,4.1897190554132955
day_3,Mild sunny day,0.2,0,0.0,5.6022,0.0,20.0,building_2,2.8287193717538686
day_3,Mild sunny day,0.2,1,0.25,5.5576,0.0,20.0,building_2,2.835250701888801
day_3,Mild sunny day,0.2,2,0.5,5.5257,0.0,20.0,building_2,2.839922213801455
day_3,Mild sunny day,0.2,3,0.75,5.5064,0.0,20.0,building_2,2.8427485517298003
day_3,Mild sunny day,0.2,4,1.0,5.5,0.0,20.0,building_2,2.843685782959925
day_3,Mild sunny day,0.2,5,1.25,5.5064,0.0,20.0,building_2,2.8427485517298003
day_3,Mild sunny day,0.2,6,1.5,5.5257,0.0,20.0,building_2,2.839922213801455
day_3,Mild sunny day,0.2,7,1.75,5.5576,0.0,20.0,building_2,2.835250701888801
day_3,Mild sunny day,0.2,8,2.0,5.6022,0.0,20.0,building_2,2.8287193717538686
day_3,Mild sunny day,0.2,9,2.25,5.6592,0.0,20.0,building_2,2.8203721561105692
day_3,Mild sunny day,0.2,10,2.5,5.7284,0.0,20.0,building_2,2.8102383434348437
day_3,Mild sunny day,0.2,11,2.75,5.8094,0.0,20.0,building_2,2.798376510678576
day_3,Mild sunny day,0.2,12,3.0,5.9019,0.0,20.0,building_2,2.7848305905556776
day_3,Mild sunny day,0.2,13,3.25,6.0056,0.0,20.0,building_2,2.7696445157800604
day_3,Mild sunny day,0.2,14,3.5,6.1199,0.0,20.0,building_2,2.7529061517795492
day_3,Mild sunny day,0.2,15,3.75,6.2445,0.0,20.0,building_2,2.7346594312680557
day_3,Mild sunny day,0.2,16,4.0,6.3787,0.0,20.0,building_2,2.715006863911375
day_3,Mild sunny day,0.2,17,4.25,6.522,0.0,20.0,building_2,2.6940216708993607
day_3,Mild sunny day,0.2,18,4.5,6.6737,0.0,20.0,building_2,2.671806361897807
day_3,Mild sunny day,0.2,19,4.75,6.8333,0.0,20.0,building_2,2.648434158096568
day_3,Mild sunny day,0.2,20,5.0,7.0,0.0,20.0,building_2,2.6240222133994093
day_3,Mild sunny day,0.2,21,5.25,7.1731,0.0,20.0,building_2,2.598673037472126
day_3,Mild sunny day,0.2,22,5.5,7.3519,0.0,20.0,building_2,2.5724891399805125
day_3,Mild sunny day,0.2,23,5.75,7.5357,0.0,20.0,building_2,2.545573030590364
day_3,Mild sunny day,0.2,24,6.0,7.7235,0.0,20.0,building_2,2.5180711516813874
day_3,Mild sunny day,0.2,25,6.25,7.9147,0.0,20.0,building_2,2.490071368681407
day_3,Mild sunny day,0.2,26,6.5,8.1084,0.0,20.0,building_2,2.461705479732159
day_3,Mild sunny day,0.2,27,6.75,8.3038,0.0,20.0,building_2,2.433090638737409
day_3,Mild sunny day,0.2,28,7.0,8.5,0.0,20.0,building_2,2.404358643838894
day_3,Mild sunny day,0.2,29,7.25,8.6962,17.0048,20.0,building_2,2.333189763594841
day_3,Mild sunny day,0.2,30,7.5,8.8916,33.9368,20.0,building_2,2.26231971567789
day_3,Mild sunny day,0.2,31,7.75,9.0853,50.7235,20.0,building_2,2.192061227978293
day_3,Mild sunny day,0.2,32,8.0,9.2765,67.293,20.0,building_2,2.1227108867986875
day_3,Mild sunny day,0.2,33,8.25,9.4643,83.5743,20.0,building_2,2.0545776766552186
day_3,Mild sunny day,0.2,34,8.5,9.6481,99.4977,20.0,building_2,1.987923405092558
day_3,Mild sunny day,0.2,35,8.75,9.8269,114.9951,20.0,building_2,1.9230644636748804
day_3,Mild sunny day,0.2,36,9.0,10.0,130.0,20.0,building_2,1.8602693183200674
day_3,Mild sunny day,0.2,37,9.25,10.1667,144.4483,20.0,building_2,1.7998004455474281
day_3,Mild sunny day,0.2,38,9.5,10.3263,158.278,20.0,building_2,1.7419150811525226
day_3,Mild sunny day,0.2,39,9.75,10.478,171.4299,20.0,building_2,1.6868781175372147
day_3,Mild sunny day,0.2,40,10.0,10.6213,183.8478,20.0,building_2,1.6349030276412408
day_3,Mild sunny day,0.2,41,10.25,10.7555,195.4783,20.0,building_2,1.586225585248613
day_3,Mild sunny day,0.2,42,10.5,10.8801,206.2719,20.0,building_2,1.541042542894722
day_3,Mild sunny day,0.2,43,10.75,10.9944,216.1821,20.0,building_2,1.4995724548426874
day_3,Mild sunny day,0.2,44,11.0,11.0981,225.1666,20.0,building_2,1.4619648169562438
day_3,Mild sunny day,0.2,45,11.25,11.1906,233.1869,20.0,building_2,1.4284035745986343
day_3,Mild sunny day,0.2,46,11.5,11.2716,240.2087,20.0,building_2,1.3990182589716893
day_3,Mild sunny day,0.2,47,11.75,11.3408,246.2018,20.0,building_2,1.3739281693880123
day_3,Mild sunny day,0.2,48,12.0,11.3978,251.1407,20.0,building_2,1.3532555201593084
day_3,Mild sunny day,0.2,49,12.25,11.4424,255.0042,20.0,building_2,1.3370825061155687
day_3,Mild sunny day,0.2,50,12.5,11.4743,257.7757,20.0,building_2,1.3254944866441578
day_3,Mild sunny day,0.2,51,12.75,11.4936,259.4433,20.0,building_2,1.3185065149416886
day_3,Mild sunny day,0.2,52,13.0,11.5,260.0,20.0,building_2,1.3161799928012408
day_3,Mild sunny day,0.2,53,13.25,11.4936,259.4433,20.0,building_2,1.3185065149416886
day_3,Mild sunny day,0.2,54,13.5,11.4743,257.7757,20.0,building_2,1.3254944866441578
day_3,Mild sunny day,0.2,55,13.75,11.4424,255.0042,20.0,building_2,1.3370825061155687
day_3,Mild sunny day,0.2,56,14.0,11.3978,251.1407,20.0,building_2,1.3532555201593084
day_3,Mild sunny day,0.2,57,14.25,11.3408,246.2018,20.0,building_2,1.3739281693880123
day_3,Mild sunny day,0.2,58,14.5,11.2716,240.2087,20.0,building_2,1.3990182589716893
day_3,Mild sunny day,0.2,59,14.75,11.1906,233.1869,20.0,building_2,1.4284035745986343
day_3,Mild sunny day,0.2,60,15.0,11.0981,225.1666,20.0,building_2,1.4619648169562438
day_3,Mild sunny day,0.2,61,15.25,10.9944,216.1821,20.0,building_2,1.4995724548426874
day_3,Mild sunny day,0.2,62,15.5,10.8801,206.2719,20.0,building_2,1.541042542894722
day_3,Mild sunny day,0.2,63,15.75,10.7555,195.4783,20.0,building_2,1.586225585248613
day_3,Mild sunny day,0.2,64,16.0,10.6213,183.8478,20.0,building_2,1.6349030276412408
day_3,Mild sunny day,0.2,65,16.25,10.478,171.4299,20.0,building_2,1.6868781175372147
day_3,Mild sunny day,0.2,66,16.5,10.3263,158.278,20.0,building_2,1.7419150811525226
day_3,Mild sunny day,0.2,67,16.75,10.1667,144.4483,20.0,building_2,1.7998004455474281
day_3,Mild sunny day,0.2,68,17.0,10.0,130.0,20.0,building_2,1.8602693183200674
day_3,Mild sunny day,0.2,69,17.25,9.8269,114.9951,20.0,building_2,1.9230644636748804
day_3,Mild sunny day,0.2,70,17.5,9.6481,99.4977,20.0,building_2,1.987923405092558
day_3,Mild sunny day,0.2,71,17.75,9.4643,83.5743,20.0,building_2,2.0545776766552186
day_3,Mild sunny day,0.2,72,18.0,9.2765,67.293,20.0,building_2,2.1227108867986875
day_3,Mild sunny day,0.2,73,18.25,9.0853,50.7235,20.0,building_2,2.192061227978293
day_3,Mild sunny day,0.2,74,18.5,8.8916,33.9368,20.0,building_2,2.26231971567789
day_3,Mild sunny day,0.2,75,18.75,8.6962,17.0048,20.0,building_2,2.333189763594841
day_3,Mild sunny day,0.2,76,19.0,8.5,0.0,20.0,building_2,2.404358643838894
day_3,Mild sunny day,0.2,77,19.25,8.3038,0.0,20.0,building_2,2.433090638737409
day_3,Mild sunny day,0.2,78,19.5,8.1084,0.0,20.0,building_2,2.461705479732159
day_3,Mild sunny day,0.2,79,19.75,7.9147,0.0,20.0,building_2,2.490071368681407
day_3,Mild sunny day,0.2,80,20.0,7.7235,0.0,20.0,building_2,2.5180711516813874
day_3,Mild sunny day,0.2,81,20.25,7.5357,0.0,20.0,building_2,2.545573030590364
day_3,Mild sunny day,0.2,82,20.5,7.3519,0.0,20.0,building_2,2.5724891399805125
day_3,Mild sunny day,0.2,83,20.75,7.1731,0.0,20.0,building_2,2.598673037472126
day_3,Mild sunny day,0.2,84,21.0,7.0,0.0,20.0,building_2,2.6240222133994093
day_3,Mild sunny day,0.2,85,21.25,6.8333,0.0,20.0,building_2,2.648434158096568
day_3,Mild sunny day,0.2,86,21.5,6.6737,0.0,20.0,building_2,2.671806361897807
day_3,Mild sunny day,0.2,87,21.75,6.522,0.0,20.0,building_2,2.6940216708993607
day_3,Mild sunny day,0.2,88,22.0,6.3787,0.0,20.0,building_2,2.715006863911375
day_3,Mild sunny day,0.2,89,22.25,6.2445,0.0,20.0,building_2,2.7346594312680557
day_3,Mild sunny day,0.2,90,22.5,6.1199,0.0,20.0,building_2,2.7529061517795492
day_3,Mild sunny day,0.2,91,22.75,6.0056,0.0,20.0,building_2,2.7696445157800604
day_3,Mild sunny day,0.2,92,23.0,5.9019,0.0,20.0,building_2,2.7848305905556776
day_3,Mild sunny day,0.2,93,23.25,5.8094,0.0,20.0,building_2,2.798376510678576
day_3,Mild sunny day,0.2,94,23.5,5.7284,0.0,20.0,building_2,2.8102383434348437
day_3,Mild sunny day,0.2,95,23.75,5.6592,0.0,20.0,building_2,2.8203721561105692
day_3,Mild sunny day,0.2,0,0.0,5.6022,0.0,20.0,building_3,2.375264973779294
day_3,Mild sunny day,0.2,1,0.25,5.5576,0.0,20.0,building_3,2.3845108538556126
day_3,Mild sunny day,0.2,2,0.5,5.5257,0.0,20.0,building_3,2.3911239384841907
day_3,Mild sunny day,0.2,3,0.75,5.5064,0.0,20.0,building_3,2.3951249583378447
day_3,Mild sunny day,0.2,4,1.0,5.5,0.0,20.0,building_3,2.3964517213981233
day_3,Mild sunny day,0.2,5,1.25,5.5064,0.0,20.0,building_3,2.3951249583378447
day_3,Mild sunny day,0.2,6,1.5,5.5257,0.0,20.0,building_3,2.3911239384841907
day_3,Mild sunny day,0.2,7,1.75,5.5576,0.0,20.0,building_3,2.3845108538556126
day_3,Mild sunny day,0.2,8,2.0,5.6022,0.0,20.0,building_3,2.375264973779294
day_3,Mild sunny day,0.2,9,2.25,5.6592,0.0,20.0,building_3,2.3634484902736848
day_3,Mild sunny day,0.2,10,2.5,5.7284,0.0,20.0,building_3,2.3491028646844185
day_3,Mild sunny day,0.2,11,2.75,5.8094,0.0,20.0,building_3,2.332311019702763
day_3,Mild sunny day,0.2,12,3.0,5.9019,0.0,20.0,building_3,2.313135147347169
day_3,Mild sunny day,0.2,13,3.25,6.0056,0.0,20.0,building_3,2.291637439636087
day_3,Mild sunny day,0.2,14,3.5,6.1199,0.0,20.0,building_3,2.267942280606418
day_3,Mild sunny day,0.2,15,3.75,6.2445,0.0,20.0,building_3,2.2421118622766123
day_3,Mild sunny day,0.2,16,4.0,6.3787,0.0,20.0,building_3,2.2142912993563884
day_3,Mild sunny day,0.2,17,4.25,6.522,0.0,20.0,building_3,2.1845842452098303
day_3,Mild sunny day,0.2,18,4.5,6.6737,0.0,20.0,building_3,2.153135814546656
day_3,Mild sunny day,0.2,19,4.75,6.8333,0.0,20.0,building_3,2.12004966073095
day_3,Mild sunny day,0.2,20,5.0,7.0,0.0,20.0,building_3,2.085491629145247
day_3,Mild sunny day,0.2,21,5.25,7.1731,0.0,20.0,building_3,2.0496068344992655
day_3,Mild sunny day,0.2,22,5.5,7.3519,0.0,20.0,building_3,2.0125403915027222
day_3,Mild sunny day,0.2,23,5.75,7.5357,0.0,20.0,building_3,1.9744374148653367
day_3,Mild sunny day,0.2,24,6.0,7.7235,0.0,20.0,building_3,1.9355052113152769
day_3,Mild sunny day,0.2,25,6.25,7.9147,0.0,20.0,building_3,1.8958681648894435
day_3,Mild sunny day,0.2,26,6.5,8.1084,0.0,20.0,building_3,1.8557128516431889
day_3,Mild sunny day,0.2,27,6.75,8.3038,0.0,20.0,building_3,1.815205116959047
day_3,Mild sunny day,0.2,28,7.0,8.5,0.0,20.0,building_3,1.774531536892371
day_3,Mild sunny day,0.2,29,7.25,8.6962,17.0048,20.0,building_3,1.6884569264529543
day_3,Mild sunny day,0.2,30,7.5,8.8916,33.9368,20.0,building_3,1.602742529751545
day_3,Mild sunny day,0.2,31,7.75,9.0853,50.7235,20.0,building_3,1.517768490230469
day_3,Mild sunny day,0.2,32,8.0,9.2765,67.293,20.0,building_3,1.4338926187222394
day_3,Mild sunny day,0.2,33,8.25,9.4643,83.5743,20.0,building_3,1.3514910538266949
day_3,Mild sunny day,0.2,34,8.5,9.6481,99.4977,20.0,building_3,1.27087427126173
day_3,Mild sunny day,0.2,35,8.75,9.8269,114.9951,20.0,building_3,1.19243139760452
day_3,Mild sunny day,0.2,36,9.0,10.0,130.0,20.0,building_3,1.116485095581801
day_3,Mild sunny day,0.2,37,9.25,10.1667,144.4483,20.0,building_3,1.0433516201723263
day_3,Mild sunny day,0.2,38,9.5,10.3263,158.278,20.0,building_3,0.9733416195753654
day_3,Mild sunny day,0.2,39,9.75,10.478,171.4299,20.0,building_3,0.9067789969570229
day_3,Mild sunny day,0.2,40,10.0,10.6213,183.8478,20.0,building_3,0.8439174537799762
day_3,Mild sunny day,0.2,41,10.25,10.7555,195.4783,20.0,building_3,0.7850446771465559
day_3,Mild sunny day,0.2,42,10.5,10.8801,206.2719,20.0,building_3,0.7303964802229875
day_3,Mild sunny day,0.2,43,10.75,10.9944,216.1821,20.0,building_3,0.6802421278361527
day_3,Mild sunny day,0.2,44,11.0,11.0981,225.1666,20.0,building_3,0.6347567485626945
day_3,Mild sunny day,0.2,45,11.25,11.1906,233.1869,20.0,building_3,0.5941675173967361
day_3,Mild sunny day,0.2,46,11.5,11.2716,240.2087,20.0,building_3,0.5586282037549785
day_3,Mild sunny day,0.2,47,11.75,11.3408,246.2018,20.0,building_3,0.5282816304846535
day_3,Mild sunny day,0.2,48,12.0,11.3978,251.1407,20.0,building_3,0.5032788025993434
day_3,Mild sunny day,0.2,49,12.25,11.4424,255.0042,20.0,building_3,0.48371778321852965
day_3,Mild sunny day,0.2,50,12.5,11.4743,257.7757,20.0,building_3,0.4697050846175409
day_3,Mild sunny day,0.2,51,12.75,11.4936,259.4433,20.0,building_3,0.4612517478739745
day_3,Mild sunny day,0.2,52,13.0,11.5,260.0,20.0,building_3,0.45843865427123076
day_3,Mild sunny day,0.2,53,13.25,11.4936,259.4433,20.0,building_3,0.4612517478739745
day_3,Mild sunny day,0.2,54,13.5,11.4743,257.7757,20.0,building_3,0.4697050846175409
day_3,Mild sunny day,0.2,55,13.75,11.4424,255.0042,20.0,building_3,0.48371778321852965
day_3,Mild sunny day,0.2,56,14.0,11.3978,251.1407,20.0,building_3,0.5032788025993434
day_3,Mild sunny day,0.2,57,14.25,11.3408,246.2018,20.0,building_3,0.5282816304846535
day_3,Mild sunny day,0.2,58,14.5,11.2716,240.2087,20.0,building_3,0.5586282037549785
day_3,Mild sunny day,0.2,59,14.75,11.1906,233.1869,20.0,building_3,0.5941675173967361
day_3,Mild sunny day,0.2,60,15.0,11.0981,225.1666,20.0,building_3,0.6347567485626945
day_3,Mild sunny day,0.2,61,15.25,10.9944,216.1821,20.0,building_3,0.6802421278361527
day_3,Mild sunny day,0.2,62,15.5,10.8801,206.2719,20.0,building_3,0.7303964802229875
day_3,Mild sunny day,0.2,63,15.75,10.7555,195.4783,20.0,building_3,0.7850446771465559
day_3,Mild sunny day,0.2,64,16.0,10.6213,183.8478,20.0,building_3,0.8439174537799762
day_3,Mild sunny day,0.2,65,16.25,10.478,171.4299,20.0,building_3,0.9067789969570229
day_3,Mild sunny day,0.2,66,16.5,10.3263,158.278,20.0,building_3,0.9733416195753654
day_3,Mild sunny day,0.2,67,16.75,10.1667,144.4483,20.0,building_3,1.0433516201723263
day_3,Mild sunny day,0.2,68,17.0,10.0,130.0,20.0,building_3,1.116485095581801
day_3,Mild sunny day,0.2,69,17.25,9.8269,114.9951,20.0,building_3,1.19243139760452
day_3,Mild sunny day,0.2,70,17.5,9.6481,99.4977,20.0,building_3,1.27087427126173
day_3,Mild sunny day,0.2,71,17.75,9.4643,83.5743,20.0,building_3,1.3514910538266949
day_3,Mild sunny day,0.2,72,18.0,9.2765,67.293,20.0,building_3,1.4338926187222394
day_3,Mild sunny day,0.2,73,18.25,9.0853,50.7235,20.0,building_3,1.517768490230469
day_3,Mild sunny day,0.2,74,18.5,8.8916,33.9368,20.0,building_3,1.602742529751545
day_3,Mild sunny day,0.2,75,18.75,8.6962,17.0048,20.0,building_3,1.6884569264529543
day_3,Mild sunny day,0.2,76,19.0,8.5,0.0,20.0,building_3,1.774531536892371
day_3,Mild sunny day,0.2,77,19.25,8.3038,0.0,20.0,building_3,1.815205116959047
day_3,Mild sunny day,0.2,78,19.5,8.1084,0.0,20.0,building_3,1.8557128516431889
day_3,Mild sunny day,0.2,79,19.75,7.9147,0.0,20.0,building_3,1.8958681648894435
day_3,Mild sunny day,0.2,80,20.0,7.7235,0.0,20.0,building_3,1.9355052113152769
day_3,Mild sunny day,0.2,81,20.25,7.5357,0.0,20.0,building_3,1.9744374148653367
day_3,Mild sunny day,0.2,82,20.5,7.3519,0.0,20.0,building_3,2.0125403915027222
day_3,Mild sunny day,0.2,83,20.75,7.1731,0.0,20.0,building_3,2.0496068344992655
day_3,Mild sunny day,0.2,84,21.0,7.0,0.0,20.0,building_3,2.085491629145247
day_3,Mild sunny day,0.2,85,21.25,6.8333,0.0,20.0,building_3,2.12004966073095
day_3,Mild sunny day,0.2,86,21.5,6.6737,0.0,20.0,building_3,2.153135814546656
day_3,Mild sunny day,0.2,87,21.75,6.522,0.0,20.0,building_3,2.1845842452098303
day_3,Mild sunny day,0.2,88,22.0,6.3787,0.0,20.0,building_3,2.2142912993563884
day_3,Mild sunny day,0.2,89,22.25,6.2445,0.0,20.0,building_3,2.2421118622766123
day_3,Mild sunny day,0.2,90,22.5,6.1199,0.0,20.0,building_3,2.267942280606418
day_3,Mild sunny day,0.2,91,22.75,6.0056,0.0,20.0,building_3,2.291637439636087
day_3,Mild sunny day,0.2,92,23.0,5.9019,0.0,20.0,building_3,2.313135147347169
day_3,Mild sunny day,0.2,93,23.25,5.8094,0.0,20.0,building_3,2.332311019702763
day_3,Mild sunny day,0.2,94,23.5,5.7284,0.0,20.0,building_3,2.3491028646844185
day_3,Mild sunny day,0.2,95,23.75,5.6592,0.0,20.0,building_3,2.3634484902736848
day_3,Mild sunny day,0.2,0,0.0,5.6022,0.0,20.0,4,4.9372073721025185
day_3,Mild sunny day,0.2,1,0.25,5.5576,0.0,20.0,4,4.9566666253599525
day_3,Mild sunny day,0.2,2,0.5,5.5257,0.0,20.0,4,4.970584790806413
day_3,Mild sunny day,0.2,3,0.75,5.5064,0.0,20.0,4,4.979005499054587
day_3,Mild sunny day,0.2,4,1.0,5.5,0.0,20.0,4,4.981797858266415
day_3,Mild sunny day,0.2,5,1.25,5.5064,0.0,20.0,4,4.979005499054587
day_3,Mild sunny day,0.2,6,1.5,5.5257,0.0,20.0,4,4.970584790806413
day_3,Mild sunny day,0.2,7,1.75,5.5576,0.0,20.0,4,4.9566666253599525
day_3,Mild sunny day,0.2,8,2.0,5.6022,0.0,20.0,4,4.9372073721025185
day_3,Mild sunny day,0.2,9,2.25,5.6592,0.0,20.0,4,4.912337922872165
day_3,Mild sunny day,0.2,10,2.5,5.7284,0.0,20.0,4,4.882145538894262
day_3,Mild sunny day,0.2,11,2.75,5.8094,0.0,20.0,4,4.846804742619549
day_3,Mild sunny day,0.2,12,3.0,5.9019,0.0,20.0,4,4.8064464258860795
day_3,Mild sunny day,0.2,13,3.25,6.0056,0.0,20.0,4,4.761201480531911
day_3,Mild sunny day,0.2,14,3.5,6.1199,0.0,20.0,4,4.711331690233148
day_3,Mild sunny day,0.2,15,3.75,6.2445,0.0,20.0,4,4.65696794682785
day_3,Mild sunny day,0.2,16,4.0,6.3787,0.0,20.0,4,4.598415664604808
day_3,Mild sunny day,0.2,17,4.25,6.522,0.0,20.0,4,4.535892996627446
day_3,Mild sunny day,0.2,18,4.5,6.6737,0.0,20.0,4,4.469705357184557
day_3,Mild sunny day,0.2,19,4.75,6.8333,0.0,20.0,4,4.400070899339568
day_3,Mild sunny day,0.2,20,5.0,7.0,0.0,20.0,4,4.3273386679939545
day_3,Mild sunny day,0.2,21,5.25,7.1731,0.0,20.0,4,4.251814077436514
day_3,Mild sunny day,0.2,22,5.5,7.3519,0.0,20.0,4,4.173802541956036
day_3,Mild sunny day,0.2,23,5.75,7.5357,0.0,20.0,4,4.093609475841317
day_3,Mild sunny day,0.2,24,6.0,7.7235,0.0,20.0,4,4.011671185219205
day_3,Mild sunny day,0.2,25,6.25,7.9147,0.0,20.0,4,3.9282494537658086
day_3,Mild sunny day,0.2,26,6.5,8.1084,0.0,20.0,4,3.8437369569952913
day_3,Mild sunny day,0.2,27,6.75,8.3038,0.0,20.0,4,3.7584827398091316
day_3,Mild sunny day,0.2,28,7.0,8.5,0.0,20.0,4,3.672879477721494
day_3,Mild sunny day,0.2,29,7.25,8.6962,17.0048,20.0,4,3.4185328200214378
day_3,Mild sunny day,0.2,30,7.5,8.8916,33.9368,20.0,4,3.165257622023421
day_3,Mild sunny day,0.2,31,7.75,9.0853,50.7235,20.0,4,2.914165997058101
day_3,Mild sunny day,0.2,32,8.0,9.2765,67.293,20.0,4,2.6663204738753126
day_3,Mild sunny day,0.2,33,8.25,9.4643,83.5743,20.0,4,2.4228182808853713
day_3,Mild sunny day,0.2,34,8.5,9.6481,99.4977,20.0,4,2.1846128543962418
day_3,Mild sunny day,0.2,35,8.75,9.8269,114.9951,20.0,4,1.9528162759182637
day_3,Mild sunny day,0.2,36,9.0,10.0,130.0,20.0,4,1.7283938578753602
day_3,Mild sunny day,0.2,37,9.25,10.1667,144.4483,20.0,4,1.512287096818906
day_3,Mild sunny day,0.2,38,9.5,10.3263,158.278,20.0,4,1.3054166504118014
day_3,Mild sunny day,0.2,39,9.75,10.478,171.4299,20.0,4,1.10871902174499
day_3,Mild sunny day,0.2,40,10.0,10.6213,183.8478,20.0,4,0.9229700522306818
day_3,Mild sunny day,0.2,41,10.25,10.7555,195.4783,20.0,4,0.7490050593218185
day_3,Mild sunny day,0.2,42,10.5,10.8801,206.2719,20.0,4,0.5875333984530853
day_3,Mild sunny day,0.2,43,10.75,10.9944,216.1821,20.0,4,0.43932191644385465
day_3,Mild sunny day,0.2,44,11.0,11.0981,225.1666,20.0,4,0.3049212598858033
day_3,Mild sunny day,0.2,45,11.25,11.1906,233.1869,20.0,4,0.18497525874379805
day_3,Mild sunny day,0.2,46,11.5,11.2716,240.2087,20.0,4,0.07995517336769842
day_3,Mild sunny day,0.2,47,11.75,11.3408,246.2018,20.0,4,0.0
day_3,Mild sunny day,0.2,48,12.0,11.3978,251.1407,20.0,4,0.0
day_3,Mild sunny day,0.2,49,12.25,11.4424,255.0042,20.0,4,0.0
day_3,Mild sunny day,0.2,50,12.5,11.4743,257.7757,20.0,4,0.0
day_3,Mild sunny day,0.2,51,12.75,11.4936,259.4433,20.0,4,0.0
day_3,Mild sunny day,0.2,52,13.0,11.5,260.0,20.0,4,0.0
day_3,Mild sunny day,0.2,53,13.25,11.4936,259.4433,20.0,4,0.0
day_3,Mild sunny day,0.2,54,13.5,11.4743,257.7757,20.0,4,0.0
day_3,Mild sunny day,0.2,55,13.75,11.4424,255.0042,20.0,4,0.0
day_3,Mild sunny day,0.2,56,14.0,11.3978,251.1407,20.0,4,0.0
day_3,Mild sunny day,0.2,57,14.25,11.3408,246.2018,20.0,4,0.0
day_3,Mild sunny day,0.2,58,14.5,11.2716,240.2087,20.0,4,0.07995517336769842
day_3,Mild sunny day,0.2,59,14.75,11.1906,233.1869,20.0,4,0.18497525874379805
day_3,Mild sunny day,0.2,60,15.0,11.0981,225.1666,20.0,4,0.3049212598858033
day_3,Mild sunny day,0.2,61,15.25,10.9944,216.1821,20.0,4,0.43932191644385465
day_3,Mild sunny day,0.2,62,15.5,10.8801,206.2719,20.0,4,0.5875333984530853
day_3,Mild sunny day,0.2,63,15.75,10.7555,195.4783,20.0,4,0.7490050593218185
day_3,Mild sunny day,0.2,64,16.0,10.6213,183.8478,20.0,4,0.9229700522306818
day_3,Mild sunny day,0.2,65,16.25,10.478,171.4299,20.0,4,1.10871902174499
day_3,Mild sunny day,0.2,66,16.5,10.3263,158.278,20.0,4,1.3054166504118014
day_3,Mild sunny day,0.2,67,16.75,10.1667,144.4483,20.0,4,1.512287096818906
day_3,Mild sunny day,0.2,68,17.0,10.0,130.0,20.0,4,1.7283938578753602
day_3,Mild sunny day,0.2,69,17.25,9.8269,114.9951,20.0,4,1.9528162759182637
day_3,Mild sunny day,0.2,70,17.5,9.6481,99.4977,20.0,4,2.1846128543962418
day_3,Mild sunny day,0.2,71,17.75,9.4643,83.5743,20.0,4,2.4228182808853713
day_3,Mild sunny day,0.2,72,18.0,9.2765,67.293,20.0,4,2.6663204738753126
day_3,Mild sunny day,0.2,73,18.25,9.0853,50.7235,20.0,4,2.914165997058101
day_3,Mild sunny day,0.2,74,18.5,8.8916,33.9368,20.0,4,3.165257622023421
day_3,Mild sunny day,0.2,75,18.75,8.6962,17.0048,20.0,4,3.4185328200214378
day_3,Mild sunny day,0.2,76,19.0,8.5,0.0,20.0,4,3.672879477721494
day_3,Mild sunny day,0.2,77,19.25,8.3038,0.0,20.0,4,3.7584827398091316
day_3,Mild sunny day,0.2,78,19.5,8.1084,0.0,20.0,4,3.8437369569952913
day_3,Mild sunny day,0.2,79,19.75,7.9147,0.0,20.0,4,3.9282494537658086
day_3,Mild sunny day,0.2,80,20.0,7.7235,0.0,20.0,4,4.011671185219205
day_3,Mild sunny day,0.2,81,20.25,7.5357,0.0,20.0,4,4.093609475841317
day_3,Mild sunny day,0.2,82,20.5,7.3519,0.0,20.0,4,4.173802541956036
day_3,Mild sunny day,0.2,83,20.75,7.1731,0.0,20.0,4,4.251814077436514
day_3,Mild sunny day,0.2,84,21.0,7.0,0.0,20.0,4,4.3273386679939545
day_3,Mild sunny day,0.2,85,21.25,6.8333,0.0,20.0,4,4.400070899339568
day_3,Mild sunny day,0.2,86,21.5,6.6737,0.0,20.0,4,4.469705357184557
day_3,Mild sunny day,0.2,87,21.75,6.522,0.0,20.0,4,4.535892996627446
day_3,Mild sunny day,0.2,88,22.0,6.3787,0.0,20.0,4,4.598415664604808
day_3,Mild sunny day,0.2,89,22.25,6.2445,0.0,20.0,4,4.65696794682785
day_3,Mild sunny day,0.2,90,22.5,6.1199,0.0,20.0,4,4.711331690233148
day_3,Mild sunny day,0.2,91,22.75,6.0056,0.0,20.0,4,4.761201480531911
day_3,Mild sunny day,0.2,92,23.0,5.9019,0.0,20.0,4,4.8064464258860795
day_3,Mild sunny day,0.2,93,23.25,5.8094,0.0,20.0,4,4.846804742619549
day_3,Mild sunny day,0.2,94,23.5,5.7284,0.0,20.0,4,4.882145538894262
day_3,Mild sunny day,0.2,95,23.75,5.6592,0.0,20.0,4,4.912337922872165
day_3,Mild sunny day,0.2,0,0.0,5.6022,0.0,20.0,5,3.0236788495887525
day_3,Mild sunny day,0.2,1,0.25,5.5576,0.0,20.0,5,3.0374853970971376
day_3,Mild sunny day,0.2,2,0.5,5.5257,0.0,20.0,5,3.0473604837679336
day_3,Mild sunny day,0.2,3,0.75,5.5064,0.0,20.0,5,3.0533350659856877
day_3,Mild sunny day,0.2,4,1.0,5.5,0.0,20.0,5,3.0553162745967564
day_3,Mild sunny day,0.2,5,1.25,5.5064,0.0,20.0,5,3.0533350659856877
day_3,Mild sunny day,0.2,6,1.5,5.5257,0.0,20.0,5,3.0473604837679336
day_3,Mild sunny day,0.2,7,1.75,5.5576,0.0,20.0,5,3.0374853970971376
day_3,Mild sunny day,0.2,8,2.0,5.6022,0.0,20.0,5,3.0236788495887525
day_3,Mild sunny day,0.2,9,2.25,5.6592,0.0,20.0,5,3.006033710396422
day_3,Mild sunny day,0.2,10,2.5,5.7284,0.0,20.0,5,2.9846118922892417
day_3,Mild sunny day,0.2,11,2.75,5.8094,0.0,20.0,5,2.9595372208054034
day_3,Mild sunny day,0.2,12,3.0,5.9019,0.0,20.0,5,2.9309025650985507
day_3,Mild sunny day,0.2,13,3.25,6.0056,0.0,20.0,5,2.8988007943223284
day_3,Mild sunny day,0.2,14,3.5,6.1199,0.0,20.0,5,2.8634176467840238
day_3,Mild sunny day,0.2,15,3.75,6.2445,0.0,20.0,5,2.8248459916372806
day_3,Mild sunny day,0.2,16,4.0,6.3787,0.0,20.0,5,2.7833025235739335
day_3,Mild sunny day,0.2,17,4.25,6.522,0.0,20.0,5,2.7389420245167235
day_3,Mild sunny day,0.2,18,4.5,6.6737,0.0,20.0,5,2.6919811891574854
day_3,Mild sunny day,0.2,19,4.75,6.8333,0.0,20.0,5,2.6425747994189592
day_3,Mild sunny day,0.2,20,5.0,7.0,0.0,20.0,5,2.5909705063775297
day_3,Mild sunny day,0.2,21,5.25,7.1731,0.0,20.0,5,2.5373850047250315
day_3,Mild sunny day,0.2,22,5.5,7.3519,0.0,20.0,5,2.4820349891532993
day_3,Mild sunny day,0.2,23,5.75,7.5357,0.0,20.0,5,2.4251371543541698
day_3,Mild sunny day,0.2,24,6.0,7.7235,0.0,20.0,5,2.367001064173123
day_3,Mild sunny day,0.2,25,6.25,7.9147,0.0,20.0,5,2.3078124569174454
day_3,Mild sunny day,0.2,26,6.5,8.1084,0.0,20.0,5,2.24784994004807
day_3,Mild sunny day,0.2,27,6.75,8.3038,0.0,20.0,5,2.187361164641378
day_3,Mild sunny day,0.2,28,7.0,8.5,0.0,20.0,5,2.126624738158304
day_3,Mild sunny day,0.2,29,7.25,8.6962,17.0048,20.0,5,1.8848867636942181
day_3,Mild sunny day,0.2,30,7.5,8.8916,33.9368,20.0,5,1.6441713340243493
day_3,Mild sunny day,0.2,31,7.75,9.0853,50.7235,20.0,5,1.4055287570841208
day_3,Mild sunny day,0.2,32,8.0,9.2765,67.293,20.0,5,1.169971997937721
day_3,Mild sunny day,0.2,33,8.25,9.4643,83.5743,20.0,5,0.9385353983038589
day_3,Mild sunny day,0.2,34,8.5,9.6481,99.4977,20.0,5,0.7121465933597808
day_3,Mild sunny day,0.2,35,8.75,9.8269,114.9951,20.0,5,0.4918400131897638
day_3,Mild sunny day,0.2,36,9.0,10.0,130.0,20.0,5,0.2785401880932805
day_3,Mild sunny day,0.2,37,9.25,10.1667,144.4483,20.0,5,0.07314610242306108
day_3,Mild sunny day,0.2,38,9.5,10.3263,158.278,20.0,5,0.0
day_3,Mild sunny day,0.2,39,9.75,10.478,171.4299,20.0,5,0.0
day_3,Mild sunny day,0.2,40,10.0,10.6213,183.8478,20.0,5,0.0
day_3,Mild sunny day,0.2,41,10.25,10.7555,195.4783,20.0,5,0.0
day_3,Mild sunny day,0.2,42,10.5,10.8801,206.2719,20.0,5,0.0
day_3,Mild sunny day,0.2,43,10.75,10.9944,216.1821,20.0,5,0.0
day_3,Mild sunny day,0.2,44,11.0,11.0981,225.1666,20.0,5,0.0
day_3,Mild sunny day,0.2,45,11.25,11.1906,233.1869,20.0,5,0.0
day_3,Mild sunny day,0.2,46,11.5,11.2716,240.2087,20.0,5,0.0
day_3,Mild sunny day,0.2,47,11.75,11.3408,246.2018,20.0,5,0.0
day_3,Mild sunny day,0.2,48,12.0,11.3978,251.1407,20.0,5,0.0
day_3,Mild sunny day,0.2,49,12.25,11.4424,255.0042,20.0,5,0.0
day_3,Mild sunny day,0.2,50,12.5,11.4743,257.7757,20.0,5,0.0
day_3,Mild sunny day,0.2,51,12.75,11.4936,259.4433,20.0,5,0.0
day_3,Mild sunny day,0.2,52,13.0,11.5,260.0,20.0,5,0.0
day_3,Mild sunny day,0.2,53,13.25,11.4936,259.4433,20.0,5,0.0
day_3,Mild sunny day,0.2,54,13.5,11.4743,257.7757,20.0,5,0.0
day_3,Mild sunny day,0.2,55,13.75,11.4424,255.0042,20.0,5,0.0
day_3,Mild sunny day,0.2,56,14.0,11.3978,251.1407,20.0,5,0.0
day_3,Mild sunny day,0.2,57,14.25,11.3408,246.2018,20.0,5,0.0
day_3,Mild sunny day,0.2,58,14.5,11.2716,240.2087,20.0,5,0.0
day_3,Mild sunny day,0.2,59,14.75,11.1906,233.1869,20.0,5,0.0
day_3,Mild sunny day,0.2,60,15.0,11.0981,225.1666,20.0,5,0.0
day_3,Mild sunny day,0.2,61,15.25,10.9944,216.1821,20.0,5,0.0
day_3,Mild sunny day,0.2,62,15.5,10.8801,206.2719,20.0,5,0.0
day_3,Mild sunny day,0.2,63,15.75,10.7555,195.4783,20.0,5,0.0
day_3,Mild sunny day,0.2,64,16.0,10.6213,183.8478,20.0,5,0.0
day_3,Mild sunny day,0.2,65,16.25,10.478,171.4299,20.0,5,0.0
day_3,Mild sunny day,0.2,66,16.5,10.3263,158.278,20.0,5,0.0
day_3,Mild sunny day,0.2,67,16.75,10.1667,144.4483,20.0,5,0.07314610242306108
day_3,Mild sunny day,0.2,68,17.0,10.0,130.0,20.0,5,0.2785401880932805
day_3,Mild sunny day,0.2,69,17.25,9.8269,114.9951,20.0,5,0.4918400131897638
day_3,Mild sunny day,0.2,70,17.5,9.6481,99.4977,20.0,5,0.7121465933597808
day_3,Mild sunny day,0.2,71,17.75,9.4643,83.5743,20.0,5,0.9385353983038589
day_3,Mild sunny day,0.2,72,18.0,9.2765,67.293,20.0,5,1.169971997937721
day_3,Mild sunny day,0.2,73,18.25,9.0853,50.7235,20.0,5,1.4055287570841208
day_3,Mild sunny day,0.2,74,18.5,8.8916,33.9368,20.0,5,1.6441713340243493
day_3,Mild sunny day,0.2,75,18.75,8.6962,17.0048,20.0,5,1.8848867636942181
day_3,Mild sunny day,0.2,76,19.0,8.5,0.0,20.0,5,2.126624738158304
day_3,Mild sunny day,0.2,77,19.25,8.3038,0.0,20.0,5,2.187361164641378
day_3,Mild sunny day,0.2,78,19.5,8.1084,0.0,20.0,5,2.24784994004807
day_3,Mild sunny day,0.2,79,19.75,7.9147,0.0,20.0,5,2.3078124569174454
day_3,Mild sunny day,0.2,80,20.0,7.7235,0.0,20.0,5,2.367001064173123
day_3,Mild sunny day,0.2,81,20.25,7.5357,0.0,20.0,5,2.4251371543541698
day_3,Mild sunny day,0.2,82,20.5,7.3519,0.0,20.0,5,2.4820349891532993
day_3,Mild sunny day,0.2,83,20.75,7.1731,0.0,20.0,5,2.5373850047250315
day_3,Mild sunny day,0.2,84,21.0,7.0,0.0,20.0,5,2.5909705063775297
day_3,Mild sunny day,0.2,85,21.25,6.8333,0.0,20.0,5,2.6425747994189592
day_3,Mild sunny day,0.2,86,21.5,6.6737,0.0,20.0,5,2.6919811891574854
day_3,Mild sunny day,0.2,87,21.75,6.522,0.0,20.0,5,2.7389420245167235
day_3,Mild sunny day,0.2,88,22.0,6.3787,0.0,20.0,5,2.7833025235739335
day_3,Mild sunny day,0.2,89,22.25,6.2445,0.0,20.0,5,2.8248459916372806
day_3,Mild sunny day,0.2,90,22.5,6.1199,0.0,20.0,5,2.8634176467840238
day_3,Mild sunny day,0.2,91,22.75,6.0056,0.0,20.0,5,2.8988007943223284
day_3,Mild sunny day,0.2,92,23.0,5.9019,0.0,20.0,5,2.9309025650985507
day_3,Mild sunny day,0.2,93,23.25,5.8094,0.0,20.0,5,2.9595372208054034
day_3,Mild sunny day,0.2,94,23.5,5.7284,0.0,20.0,5,2.9846118922892417
day_3,Mild sunny day,0.2,95,23.75,5.6592,0.0,20.0,5,3.006033710396422
day_3,Mild sunny day,0.2,0,0.0,5.6022,0.0,20.0,6,3.4119467796743717
day_3,Mild sunny day,0.2,1,0.25,5.5576,0.0,20.0,6,3.4232694526609486
day_3,Mild sunny day,0.2,2,0.5,5.5257,0.0,20.0,6,3.431367956433859
day_3,Mild sunny day,0.2,3,0.75,5.5064,0.0,20.0,6,3.4362676781522663
day_3,Mild sunny day,0.2,4,1.0,5.5,0.0,20.0,6,3.437892456338681
day_3,Mild sunny day,0.2,5,1.25,5.5064,0.0,20.0,6,3.4362676781522663
day_3,Mild sunny day,0.2,6,1.5,5.5257,0.0,20.0,6,3.431367956433859
day_3,Mild sunny day,0.2,7,1.75,5.5576,0.0,20.0,6,3.4232694526609486
day_3,Mild sunny day,0.2,8,2.0,5.6022,0.0,20.0,6,3.4119467796743717
day_3,Mild sunny day,0.2,9,2.25,5.6592,0.0,20.0,6,3.397476098951616
day_3,Mild sunny day,0.2,10,2.5,5.7284,0.0,20.0,6,3.3799081848110073
day_3,Mild sunny day,0.2,11,2.75,5.8094,0.0,20.0,6,3.3593445858891973
day_3,Mild sunny day,0.2,12,3.0,5.9019,0.0,20.0,6,3.3358614636636723
day_3,Mild sunny day,0.2,13,3.25,6.0056,0.0,20.0,6,3.3095349796119224
day_3,Mild sunny day,0.2,14,3.5,6.1199,0.0,20.0,6,3.2805174566889233
day_3,Mild sunny day,0.2,15,3.75,6.2445,0.0,20.0,6,3.248885056372163
day_3,Mild sunny day,0.2,16,4.0,6.3787,0.0,20.0,6,3.214815488775781
day_3,Mild sunny day,0.2,17,4.25,6.522,0.0,20.0,6,3.17843568969559
day_3,Mild sunny day,0.2,18,4.5,6.6737,0.0,20.0,6,3.13992336924573
day_3,Mild sunny day,0.2,19,4.75,6.8333,0.0,20.0,6,3.0994054632220145
day_3,Mild sunny day,0.2,20,5.0,7.0,0.0,20.0,6,3.0570850688977456
day_3,Mild sunny day,0.2,21,5.25,7.1731,0.0,20.0,6,3.0131398963870617
day_3,Mild sunny day,0.2,22,5.5,7.3519,0.0,20.0,6,2.967747655804102
day_3,Mild sunny day,0.2,23,5.75,7.5357,0.0,20.0,6,2.921086057263006
day_3,Mild sunny day,0.2,24,6.0,7.7235,0.0,20.0,6,2.873408972355401
day_3,Mild sunny day,0.2,25,6.25,7.9147,0.0,20.0,6,2.8248687240362633
day_3,Mild sunny day,0.2,26,6.5,8.1084,0.0,20.0,6,2.7756937967380573
day_3,Mild sunny day,0.2,27,6.75,8.3038,0.0,20.0,6,2.7260872877340843
day_3,Mild sunny day,0.2,28,7.0,8.5,0.0,20.0,6,2.6762776814568103
day_3,Mild sunny day,0.2,29,7.25,8.6962,17.0048,20.0,6,2.6202698898069645
day_3,Mild sunny day,0.2,30,7.5,8.8916,33.9368,20.0,6,2.564491730755454
day_3,Mild sunny day,0.2,31,7.75,9.0853,50.7235,20.0,6,2.5091981147109093
day_3,Mild sunny day,0.2,32,8.0,9.2765,67.293,20.0,6,2.4546183462250637
day_3,Mild sunny day,0.2,33,8.25,9.4643,83.5743,20.0,6,2.4010067889622158
day_3,Mild sunny day,0.2,34,8.5,9.6481,99.4977,20.0,6,2.3485411712640816
day_3,Mild sunny day,0.2,35,8.75,9.8269,114.9951,20.0,6,2.2975001869150744
day_3,Mild sunny day,0.2,36,9.0,10.0,130.0,20.0,6,2.2480857850281617
day_3,Mild sunny day,0.2,37,9.25,10.1667,144.4483,20.0,6,2.2004990399253757
day_3,Mild sunny day,0.2,38,9.5,10.3263,158.278,20.0,6,2.1549402604866805
day_3,Mild sunny day,0.2,39,9.75,10.478,171.4299,20.0,6,2.111634122161778
day_3,Mild sunny day,0.2,40,10.0,10.6213,183.8478,20.0,6,2.0707280454342145
day_3,Mild sunny day,0.2,41,10.25,10.7555,195.4783,20.0,6,2.032419204516435
day_3,Mild sunny day,0.2,42,10.5,10.8801,206.2719,20.0,6,1.9968525777672912
day_3,Mild sunny day,0.2,43,10.75,10.9944,216.1821,20.0,6,1.9642228243752917
day_3,Mild sunny day,0.2,44,11.0,11.0981,225.1666,20.0,6,1.9346215240081561
day_3,Mild sunny day,0.2,45,11.25,11.1906,233.1869,20.0,6,1.9082150327254463
day_3,Mild sunny day,0.2,46,11.5,11.2716,240.2087,20.0,6,1.885092014225098
day_3,Mild sunny day,0.2,47,11.75,11.3408,246.2018,20.0,6,1.8653396377705336
day_3,Mild sunny day,0.2,48,12.0,11.3978,251.1407,20.0,6,1.84906874665209
day_3,Mild sunny day,0.2,49,12.25,11.4424,255.0042,20.0,6,1.8363378425080203
day_3,Mild sunny day,0.2,50,12.5,11.4743,257.7757,20.0,6,1.8272291374531144
day_3,Mild sunny day,0.2,51,12.75,11.4936,259.4433,20.0,6,1.821721581833262
day_3,Mild sunny day,0.2,52,13.0,11.5,260.0,20.0,6,1.8198938885995133
day_3,Mild sunny day,0.2,53,13.25,11.4936,259.4433,20.0,6,1.821721581833262
day_3,Mild sunny day,0.2,54,13.5,11.4743,257.7757,20.0,6,1.8272291374531144
day_3,Mild sunny day,0.2,55,13.75,11.4424,255.0042,20.0,6,1.8363378425080203
day_3,Mild sunny day,0.2,56,14.0,11.3978,251.1407,20.0,6,1.84906874665209
day_3,Mild sunny day,0.2,57,14.25,11.3408,246.2018,20.0,6,1.8653396377705336
day_3,Mild sunny day,0.2,58,14.5,11.2716,240.2087,20.0,6,1.885092014225098
day_3,Mild sunny day,0.2,59,14.75,11.1906,233.1869,20.0,6,1.9082150327254463
day_3,Mild sunny day,0.2,60,15.0,11.0981,225.1666,20.0,6,1.9346215240081561
day_3,Mild sunny day,0.2,61,15.25,10.9944,216.1821,20.0,6,1.9642228243752917
day_3,Mild sunny day,0.2,62,15.5,10.8801,206.2719,20.0,6,1.9968525777672912
day_3,Mild sunny day,0.2,63,15.75,10.7555,195.4783,20.0,6,2.032419204516435
day_3,Mild sunny day,0.2,64,16.0,10.6213,183.8478,20.0,6,2.0707280454342145
day_3,Mild sunny day,0.2,65,16.25,10.478,171.4299,20.0,6,2.111634122161778
day_3,Mild sunny day,0.2,66,16.5,10.3263,158.278,20.0,6,2.1549402604866805
day_3,Mild sunny day,0.2,67,16.75,10.1667,144.4483,20.0,6,2.2004990399253757
day_3,Mild sunny day,0.2,68,17.0,10.0,130.0,20.0,6,2.2480857850281617
day_3,Mild sunny day,0.2,69,17.25,9.8269,114.9951,20.0,6,2.2975001869150744
day_3,Mild sunny day,0.2,70,17.5,9.6481,99.4977,20.0,6,2.3485411712640816
day_3,Mild sunny day,0.2,71,17.75,9.4643,83.5743,20.0,6,2.4010067889622158
day_3,Mild sunny day,0.2,72,18.0,9.2765,67.293,20.0,6,2.4546183462250637
day_3,Mild sunny day,0.2,73,18.25,9.0853,50.7235,20.0,6,2.5091981147109093
day_3,Mild sunny day,0.2,74,18.5,8.8916,33.9368,20.0,6,2.564491730755454
day_3,Mild sunny day,0.2,75,18.75,8.6962,17.0048,20.0,6,2.6202698898069645
day_3,Mild sunny day,0.2,76,19.0,8.5,0.0,20.0,6,2.6762776814568103
day_3,Mild sunny day,0.2,77,19.25,8.3038,0.0,20.0,6,2.7260872877340843
day_3,Mild sunny day,0.2,78,19.5,8.1084,0.0,20.0,6,2.7756937967380573
day_3,Mild sunny day,0.2,79,19.75,7.9147,0.0,20.0,6,2.8248687240362633
day_3,Mild sunny day,0.2,80,20.0,7.7235,0.0,20.0,6,2.873408972355401
day_3,Mild sunny day,0.2,81,20.25,7.5357,0.0,20.0,6,2.921086057263006
day_3,Mild sunny day,0.2,82,20.5,7.3519,0.0,20.0,6,2.967747655804102
day_3,Mild sunny day,0.2,83,20.75,7.1731,0.0,20.0,6,3.0131398963870617
day_3,Mild sunny day,0.2,84,21.0,7.0,0.0,20.0,6,3.0570850688977456
day_3,Mild sunny day,0.2,85,21.25,6.8333,0.0,20.0,6,3.0994054632220145
day_3,Mild sunny day,0.2,86,21.5,6.6737,0.0,20.0,6,3.13992336924573
day_3,Mild sunny day,0.2,87,21.75,6.522,0.0,20.0,6,3.17843568969559
day_3,Mild sunny day,0.2,88,22.0,6.3787,0.0,20.0,6,3.214815488775781
day_3,Mild sunny day,0.2,89,22.25,6.2445,0.0,20.0,6,3.248885056372163
day_3,Mild sunny day,0.2,90,22.5,6.1199,0.0,20.0,6,3.2805174566889233
day_3,Mild sunny day,0.2,91,22.75,6.0056,0.0,20.0,6,3.3095349796119224
day_3,Mild sunny day,0.2,92,23.0,5.9019,0.0,20.0,6,3.3358614636636723
day_3,Mild sunny day,0.2,93,23.25,5.8094,0.0,20.0,6,3.3593445858891973
day_3,Mild sunny day,0.2,94,23.5,5.7284,0.0,20.0,6,3.3799081848110073
day_3,Mild sunny day,0.2,95,23.75,5.6592,0.0,20.0,6,3.397476098951616
