typical_day_id,display_day_label,weight,timestep_index,hour,outdoor_temperature_C,solar_radiation_W_m2,setpoint_C,building_id,heat_kw
day_1,Cold cloudy day,0.45,0,0.0,-1.3978,0.0,20.0,area_core_01,4.954911410587185
day_1,Cold cloudy day,0.45,1,0.25,-1.4424,0.0,20.0,area_core_01,4.9660093232637825
day_1,Cold cloudy day,0.45,2,0.5,-1.4743,0.0,20.0,area_core_01,4.973947067980901
day_1,Cold cloudy day,0.45,3,0.75,-1.4936,0.0,20.0,area_core_01,4.978749527950819
day_1,Cold cloudy day,0.45,4,1.0,-1.5,0.0,20.0,area_core_01,4.980342053536698
day_1,Cold cloudy day,0.45,5,1.25,-1.4936,0.0,20.0,area_core_01,4.978749527950819
day_1,Cold cloudy day,0.45,6,1.5,-1.4743,0.0,20.0,area_core_01,4.973947067980901
day_1,Cold cloudy day,0.45,7,1.75,-1.4424,0.0,20.0,area_core_01,4.9660093232637825
day_1,Cold cloudy day,0.45,8,2.0,-1.3978,0.0,20.0,area_core_01,4.954911410587185
day_1,Cold cloudy day,0.45,9,2.25,-1.3408,0.0,20.0,area_core_01,4.940727979587947
day_1,Cold cloudy day,0.45,10,2.5,-1.2716,0.0,20.0,area_core_01,4.923508796690624
day_1,Cold cloudy day,0.45,11,2.75,-1.1906,0.0,20.0,area_core_01,4.903353394744337
day_1,Cold cloudy day,0.45,12,3.0,-1.0981,0.0,20.0,area_core_01,4.8803364233859226
day_1,Cold cloudy day,0.45,13,3.25,-0.9944,0.0,20.0,area_core_01,4.854532532252219
day_1,Cold cloudy day,0.45,14,3.5,-0.8801,0.0,20.0,area_core_01,4.826091020616902
day_1,Cold cloudy day,0.45,15,3.75,-0.7555,0.0,20.0,area_core_01,4.795086538116812
day_1,Cold cloudy day,0.45,16,4.0,-0.6213,0.0,20.0,area_core_01,4.761693267237901
day_1,Cold cloudy day,0.45,17,4.25,-0.478,0.0,20.0,area_core_01,4.726035624041569
day_1,Cold cloudy day,0.45,18,4.5,-0.3263,0.0,20.0,area_core_01,4.688287791013769
day_1,Cold cloudy day,0.45,19,4.75,-0.1667,0.0,20.0,area_core_01,4.6485741842158985
day_1,Cold cloudy day,0.45,20,5.0,0.0,0.0,20.0,area_core_01,4.607093869346195
day_1,Cold cloudy day,0.45,21,5.25,0.1731,0.0,20.0,area_core_01,4.56402102889061
day_1,Cold cloudy day,0.45,22,5.5,0.3519,0.0,20.0,area_core_01,4.519529845335102
day_1,Cold cloudy day,0.45,23,5.75,0.5357,0.0,20.0,area_core_01,4.473794501165626
day_1,Cold cloudy day,0.45,24,6.0,0.7235,0.0,20.0,area_core_01,4.427063828504974
day_1,Cold cloudy day,0.45,25,6.25,0.9147,0.0,20.0,area_core_01,4.379487126626826
day_1,Cold cloudy day,0.45,26,6.5,1.1084,0.0,20.0,area_core_01,4.331288344441692
day_1,Cold cloudy day,0.45,27,6.75,1.3038,0.0,20.0,area_core_01,4.282666547647809
day_1,Cold cloudy day,0.45,28,7.0,1.5,0.0,20.0,area_core_01,4.233845685155691
day_1,Cold cloudy day,0.45,29,7.25,1.6962,4.5782,20.0,area_core_01,4.177932824800533
day_1,Cold cloudy day,0.45,30,7.5,1.8916,9.1368,20.0,area_core_01,4.122249392110784
day_1,Cold cloudy day,0.45,31,7.75,2.0853,13.6563,20.0,area_core_01,4.067049543056136
day_1,Cold cloudy day,0.45,32,8.0,2.2765,18.1173,20.0,area_core_01,4.012562395486008
day_1,Cold cloudy day,0.45,33,8.25,2.4643,22.5008,20.0,area_core_01,3.95904133083011
day_1,Cold cloudy day,0.45,34,8.5,2.6481,26.7878,20.0,area_core_01,3.9066650808813206
day_1,Cold cloudy day,0.45,35,8.75,2.8269,30.9602,20.0,area_core_01,3.855710516109668
day_1,Cold cloudy day,0.45,36,9.0,3.0,35.0,20.0,area_core_01,3.8063797024403527
day_1,Cold cloudy day,0.45,37,9.25,3.1667,38.8899,20.0,area_core_01,3.758873621442599
day_1,Cold cloudy day,0.45,38,9.5,3.3263,42.6133,20.0,area_core_01,3.7133921703296604
day_1,Cold cloudy day,0.45,39,9.75,3.478,46.1542,20.0,area_core_01,3.670159200079101
day_1,Cold cloudy day,0.45,40,10.0,3.6213,49.4975,20.0,area_core_01,3.6293225178596806
day_1,Cold cloudy day,0.45,41,10.25,3.7555,52.6288,20.0,area_core_01,3.591078612908747
day_1,Cold cloudy day,0.45,42,10.5,3.8801,55.5347,20.0,area_core_01,3.5555726589591328
day_1,Cold cloudy day,0.45,43,10.75,3.9944,58.2029,20.0,area_core_01,3.5229978921802747
day_1,Cold cloudy day,0.45,44,11.0,4.0981,60.6218,20.0,area_core_01,3.493446931536522
day_1,Cold cloudy day,0.45,45,11.25,4.1906,62.7811,20.0,area_core_01,3.4670850318251167
day_1,Cold cloudy day,0.45,46,11.5,4.2716,64.6716,20.0,area_core_01,3.4440010942185095
day_1,Cold cloudy day,0.45,47,11.75,4.3408,66.2851,20.0,area_core_01,3.4242824708091923
day_1,Cold cloudy day,0.45,48,12.0,4.3978,67.6148,20.0,area_core_01,3.408039228189997
day_1,Cold cloudy day,0.45,49,12.25,4.4424,68.655,20.0,area_core_01,3.3953299625412416
day_1,Cold cloudy day,0.45,50,12.5,4.4743,69.4011,20.0,area_core_01,3.3862364492675696
day_1,Cold cloudy day,0.45,51,12.75,4.4936,69.8501,20.0,area_core_01,3.380738452396576
day_1,Cold cloudy day,0.45,52,13.0,4.5,70.0,20.0,area_core_01,3.378913719725015
day_1,Cold cloudy day,0.45,53,13.25,4.4936,69.8501,20.0,area_core_01,3.380738452396576
day_1,Cold cloudy day,0.45,54,13.5,4.4743,69.4011,20.0,area_core_01,3.3862364492675696
day_1,Cold cloudy day,0.45,55,13.75,4.4424,68.655,20.0,area_core_01,3.3953299625412416
day_1,Cold cloudy day,0.45,56,14.0,4.3978,67.6148,20.0,area_core_01,3.408039228189997
day_1,Cold cloudy day,0.45,57,14.25,4.3408,66.2851,20.0,area_core_01,3.4242824708091923
day_1,Cold cloudy day,0.45,58,14.5,4.2716,64.6716,20.0,area_core_01,3.4440010942185095
day_1,Cold cloudy day,0.45,59,14.75,4.1906,62.7811,20.0,area_core_01,3.4670850318251167
day_1,Cold cloudy day,0.45,60,15.0,4.0981,60.6218,20.0,area_core_01,3.493446931536522
day_1,Cold cloudy day,0.45,61,15.25,3.9944,58.2029,20.0,area_core_01,3.5229978921802747
day_1,Cold cloudy day,0.45,62,15.5,3.8801,55.5347,20.0,area_core_01,3.5555726589591328
day_1,Cold cloudy day,0.45,63,15.75,3.7555,52.6288,20.0,area_core_01,3.591078612908747
day_1,Cold cloudy day,0.45,64,16.0,3.6213,49.4975,20.0,area_core_01,3.6293225178596806
day_1,Cold cloudy day,0.45,65,16.25,3.478,46.1542,20.0,area_core_01,3.670159200079101
day_1,Cold cloudy day,0.45,66,16.5,3.3263,42.6133,20.0,area_core_01,3.7133921703296604
day_1,Cold cloudy day,0.45,67,16.75,3.1667,38.8899,20.0,area_core_01,3.758873621442599
day_1,Cold cloudy day,0.45,68,17.0,3.0,35.0,20.0,area_core_01,3.8063797024403527
day_1,Cold cloudy day,0.45,69,17.25,2.8269,30.9602,20.0,area_core_01,3.855710516109668
day_1,Cold cloudy day,0.45,70,17.5,2.6481,26.7878,20.0,area_core_01,3.9066650808813206
day_1,Cold cloudy day,0.45,71,17.75,2.4643,22.5008,20.0,area_core_01,3.95904133083011
day_1,Cold cloudy day,0.45,72,18.0,2.2765,18.1173,20.0,area_core_01,4.012562395486008
day_1,Cold cloudy day,0.45,73,18.25,2.0853,13.6563,20.0,area_core_01,4.067049543056136
day_1,Cold cloudy day,0.45,74,18.5,1.8916,9.1368,20.0,area_core_01,4.122249392110784
day_1,Cold cloudy day,0.45,75,18.75,1.6962,4.5782,20.0,area_core_01,4.177932824800533
day_1,Cold cloudy day,0.45,76,19.0,1.5,0.0,20.0,area_core_01,4.233845685155691
day_1,Cold cloudy day,0.45,77,19.25,1.3038,0.0,20.0,area_core_01,4.282666547647809
day_1,Cold cloudy day,0.45,78,19.5,1.1084,0.0,20.0,area_core_01,4.331288344441692
day_1,Cold cloudy day,0.45,79,19.75,0.9147,0.0,20.0,area_core_01,4.379487126626826
day_1,Cold cloudy day,0.45,80,20.0,0.7235,0.0,20.0,area_core_01,4.427063828504974
day_1,Cold cloudy day,0.45,81,20.25,0.5357,0.0,20.0,area_core_01,4.473794501165626
day_1,Cold cloudy day,0.45,82,20.5,0.3519,0.0,20.0,area_core_01,4.519529845335102
day_1,Cold cloudy day,0.45,83,20.75,0.1731,0.0,20.0,area_core_01,4.56402102889061
day_1,Cold cloudy day,0.45,84,21.0,-0.0,0.0,20.0,area_core_01,4.607093869346195
day_1,Cold cloudy day,0.45,85,21.25,-0.1667,0.0,20.0,area_core_01,4.6485741842158985
day_1,Cold cloudy day,0.45,86,21.5,-0.3263,0.0,20.0,area_core_01,4.688287791013769
day_1,Cold cloudy day,0.45,87,21.75,-0.478,0.0,20.0,area_core_01,4.726035624041569
day_1,Cold cloudy day,0.45,88,22.0,-0.6213,0.0,20.0,area_core_01,4.761693267237901
day_1,Cold cloudy day,0.45,89,22.25,-0.7555,0.0,20.0,area_core_01,4.795086538116812
day_1,Cold cloudy day,0.45,90,22.5,-0.8801,0.0,20.0,area_core_01,4.826091020616902
day_1,Cold cloudy day,0.45,91,22.75,-0.9944,0.0,20.0,area_core_01,4.854532532252219
day_1,Cold cloudy day,0.45,92,23.0,-1.0981,0.0,20.0,area_core_01,4.8803364233859226
day_1,Cold cloudy day,0.45,93,23.25,-1.1906,0.0,20.0,area_core_01,4.903353394744337
day_1,Cold cloudy day,0.45,94,23.5,-1.2716,0.0,20.0,area_core_01,4.923508796690624
day_1,Cold cloudy day,0.45,95,23.75,-1.3408,0.0,20.0,area_core_01,4.940727979587947
day_1,Cold cloudy day,0.45,0,0.0,-1.3978,0.0,20.0,area_core_02,5.023750980530192
day_1,Cold cloudy day,0.45,1,0.25,-1.4424,0.0,20.0,area_core_02,5.036415529287657
day_1,Cold cloudy day,0.45,2,0.5,-1.4743,0.0,20.0,area_core_02,5.04547380519266
day_1,Cold cloudy day,0.45,3,0.75,-1.4936,0.0,20.0,area_core_02,5.050954204094434
day_1,Cold cloudy day,0.45,4,1.0,-1.5,0.0,20.0,area_core_02,5.052771538445281
day_1,Cold cloudy day,0.45,5,1.25,-1.4936,0.0,20.0,area_core_02,5.050954204094434
day_1,Cold cloudy day,0.45,6,1.5,-1.4743,0.0,20.0,area_core_02,5.04547380519266
day_1,Cold cloudy day,0.45,7,1.75,-1.4424,0.0,20.0,area_core_02,5.036415529287657
day_1,Cold cloudy day,0.45,8,2.0,-1.3978,0.0,20.0,area_core_02,5.023750980530192
day_1,Cold cloudy day,0.45,9,2.25,-1.3408,0.0,20.0,area_core_02,5.0075653464679615
day_1,Cold cloudy day,0.45,10,2.5,-1.2716,0.0,20.0,area_core_02,4.987915418799426
day_1,Cold cloudy day,0.45,11,2.75,-1.1906,0.0,20.0,area_core_02,4.964914780921519
day_1,Cold cloudy day,0.45,12,3.0,-1.0981,0.0,20.0,area_core_02,4.938648620381932
day_1,Cold cloudy day,0.45,13,3.25,-0.9944,0.0,20.0,area_core_02,4.909202124728364
day_1,Cold cloudy day,0.45,14,3.5,-0.8801,0.0,20.0,area_core_02,4.876745669056205
day_1,Cold cloudy day,0.45,15,3.75,-0.7555,0.0,20.0,area_core_02,4.841364440913152
day_1,Cold cloudy day,0.45,16,4.0,-0.6213,0.0,20.0,area_core_02,4.803257211243828
day_1,Cold cloudy day,0.45,17,4.25,-0.478,0.0,20.0,area_core_02,4.762565959294394
day_1,Cold cloudy day,0.45,18,4.5,-0.3263,0.0,20.0,area_core_02,4.719489456009471
day_1,Cold cloudy day,0.45,19,4.75,-0.1667,0.0,20.0,area_core_02,4.674169680635223
day_1,Cold cloudy day,0.45,20,5.0,0.0,0.0,20.0,area_core_02,4.626833799965504
day_1,Cold cloudy day,0.45,21,5.25,0.1731,0.0,20.0,area_core_02,4.577680584944937
day_1,Cold cloudy day,0.45,22,5.5,0.3519,0.0,20.0,area_core_02,4.526908806518148
day_1,Cold cloudy day,0.45,23,5.75,0.5357,0.0,20.0,area_core_02,4.47471723562976
day_1,Cold cloudy day,0.45,24,6.0,0.7235,0.0,20.0,area_core_02,4.421389830772091
day_1,Cold cloudy day,0.45,25,6.25,0.9147,0.0,20.0,area_core_02,4.367096967040536
day_1,Cold cloudy day,0.45,26,6.5,1.1084,0.0,20.0,area_core_02,4.3120942070781805
day_1,Cold cloudy day,0.45,27,6.75,1.3038,0.0,20.0,area_core_02,4.256608717678882
day_1,Cold cloudy day,0.45,28,7.0,1.5,0.0,20.0,area_core_02,4.200896061485727
day_1,Cold cloudy day,0.45,29,7.25,1.6962,4.5782,20.0,area_core_02,4.134706884148986
day_1,Cold cloudy day,0.45,30,7.5,1.8916,9.1368,20.0,area_core_02,4.0687897252540015
day_1,Cold cloudy day,0.45,31,7.75,2.0853,13.6563,20.0,area_core_02,4.003444770256822
day_1,Cold cloudy day,0.45,32,8.0,2.2765,18.1173,20.0,area_core_02,3.938943579929326
day_1,Cold cloudy day,0.45,33,8.25,2.4643,22.5008,20.0,area_core_02,3.8755851955528717
day_1,Cold cloudy day,0.45,34,8.5,2.6481,26.7878,20.0,area_core_02,3.813583470861121
day_1,Cold cloudy day,0.45,35,8.75,2.8269,30.9602,20.0,area_core_02,3.75326378347022
day_1,Cold cloudy day,0.45,36,9.0,3.0,35.0,20.0,area_core_02,3.6948660946136798
day_1,Cold cloudy day,0.45,37,9.25,3.1667,38.8899,20.0,area_core_02,3.638628763680445
day_1,Cold cloudy day,0.45,38,9.5,3.3263,42.6133,20.0,area_core_02,3.5847885482148882
day_1,Cold cloudy day,0.45,39,9.75,3.478,46.1542,20.0,area_core_02,3.533609228600989
day_1,Cold cloudy day,0.45,40,10.0,3.6213,49.4975,20.0,area_core_02,3.485267338160587
day_1,Cold cloudy day,0.45,41,10.25,3.7555,52.6288,20.0,area_core_02,3.4399946000694133
day_1,Cold cloudy day,0.45,42,10.5,3.8801,55.5347,20.0,area_core_02,3.3979636574553584
day_1,Cold cloudy day,0.45,43,10.75,3.9944,58.2029,20.0,area_core_02,3.3594014279604485
day_1,Cold cloudy day,0.45,44,11.0,4.0981,60.6218,20.0,area_core_02,3.3244196439852214
day_1,Cold cloudy day,0.45,45,11.25,4.1906,62.7811,20.0,area_core_02,3.293212250623708
day_1,Cold cloudy day,0.45,46,11.5,4.2716,64.6716,20.0,area_core_02,3.2658854882379265
day_1,Cold cloudy day,0.45,47,11.75,4.3408,66.2851,20.0,area_core_02,3.2425433088405082
day_1,Cold cloudy day,0.45,48,12.0,4.3978,67.6148,20.0,area_core_02,3.223314856604186
day_1,Cold cloudy day,0.45,49,12.25,4.4424,68.655,20.0,area_core_02,3.2082699668189028
day_1,Cold cloudy day,0.45,50,12.5,4.4743,69.4011,20.0,area_core_02,3.1975043534395144
day_1,Cold cloudy day,0.45,51,12.75,4.4936,69.8501,20.0,area_core_02,3.190996485664937
day_1,Cold cloudy day,0.45,52,13.0,4.5,70.0,20.0,area_core_02,3.1888361277416335
day_1,Cold cloudy day,0.45,53,13.25,4.4936,69.8501,20.0,area_core_02,3.190996485664937
day_1,Cold cloudy day,0.45,54,13.5,4.4743,69.4011,20.0,area_core_02,3.1975043534395144
day_1,Cold cloudy day,0.45,55,13.75,4.4424,68.655,20.0,area_core_02,3.2082699668189028
day_1,Cold cloudy day,0.45,56,14.0,4.3978,67.6148,20.0,area_core_02,3.223314856604186
day_1,Cold cloudy day,0.45,57,14.25,4.3408,66.2851,20.0,area_core_02,3.2425433088405082
day_1,Cold cloudy day,0.45,58,14.5,4.2716,64.6716,20.0,area_core_02,3.2658854882379265
day_1,Cold cloudy day,0.45,59,14.75,4.1906,62.7811,20.0,area_core_02,3.293212250623708
day_1,Cold cloudy day,0.45,60,15.0,4.0981,60.6218,20.0,area_core_02,3.3244196439852214
day_1,Cold cloudy day,0.45,61,15.25,3.9944,58.2029,20.0,area_core_02,3.3594014279604485
day_1,Cold cloudy day,0.45,62,15.5,3.8801,55.5347,20.0,area_core_02,3.3979636574553584
day_1,Cold cloudy day,0.45,63,15.75,3.7555,52.6288,20.0,area_core_02,3.4399946000694133
day_1,Cold cloudy day,0.45,64,16.0,3.6213,49.4975,20.0,area_core_02,3.485267338160587
day_1,Cold cloudy day,0.45,65,16.25,3.478,46.1542,20.0,area_core_02,3.533609228600989
day_1,Cold cloudy day,0.45,66,16.5,3.3263,42.6133,20.0,area_core_02,3.5847885482148882
day_1,Cold cloudy day,0.45,67,16.75,3.1667,38.8899,20.0,area_core_02,3.638628763680445
day_1,Cold cloudy day,0.45,68,17.0,3.0,35.0,20.0,area_core_02,3.6948660946136798
day_1,Cold cloudy day,0.45,69,17.25,2.8269,30.9602,20.0,area_core_02,3.75326378347022
day_1,Cold cloudy day,0.45,70,17.5,2.6481,26.7878,20.0,area_core_02,3.813583470861121
day_1,Cold cloudy day,0.45,71,17.75,2.4643,22.5008,20.0,area_core_02,3.8755851955528717
day_1,Cold cloudy day,0.45,72,18.0,2.2765,18.1173,20.0,area_core_02,3.938943579929326
day_1,Cold cloudy day,0.45,73,18.25,2.0853,13.6563,20.0,area_core_02,4.003444770256822
day_1,Cold cloudy day,0.45,74,18.5,1.8916,9.1368,20.0,area_core_02,4.0687897252540015
day_1,Cold cloudy day,0.45,75,18.75,1.6962,4.5782,20.0,area_core_02,4.134706884148986
day_1,Cold cloudy day,0.45,76,19.0,1.5,0.0,20.0,area_core_02,4.200896061485727
day_1,Cold cloudy day,0.45,77,19.25,1.3038,0.0,20.0,area_core_02,4.256608717678882
day_1,Cold cloudy day,0.45,78,19.5,1.1084,0.0,20.0,area_core_02,4.3120942070781805
day_1,Cold cloudy day,0.45,79,19.75,0.9147,0.0,20.0,area_core_02,4.367096967040536
day_1,Cold cloudy day,0.45,80,20.0,0.7235,0.0,20.0,area_core_02,4.421389830772091
day_1,Cold cloudy day,0.45,81,20.25,0.5357,0.0,20.0,area_core_02,4.47471723562976
day_1,Cold cloudy day,0.45,82,20.5,0.3519,0.0,20.0,area_core_02,4.526908806518148
day_1,Cold cloudy day,0.45,83,20.75,0.1731,0.0,20.0,area_core_02,4.577680584944937
day_1,Cold cloudy day,0.45,84,21.0,-0.0,0.0,20.0,area_core_02,4.626833799965504
day_1,Cold cloudy day,0.45,85,21.25,-0.1667,0.0,20.0,area_core_02,4.674169680635223
day_1,Cold cloudy day,0.45,86,21.5,-0.3263,0.0,20.0,area_core_02,4.719489456009471
day_1,Cold cloudy day,0.45,87,21.75,-0.478,0.0,20.0,area_core_02,4.762565959294394
day_1,Cold cloudy day,0.45,88,22.0,-0.6213,0.0,20.0,area_core_02,4.803257211243828
day_1,Cold cloudy day,0.45,89,22.25,-0.7555,0.0,20.0,area_core_02,4.841364440913152
day_1,Cold cloudy day,0.45,90,22.5,-0.8801,0.0,20.0,area_core_02,4.876745669056205
day_1,Cold cloudy day,0.45,91,22.75,-0.9944,0.0,20.0,area_core_02,4.909202124728364
day_1,Cold cloudy day,0.45,92,23.0,-1.0981,0.0,20.0,area_core_02,4.938648620381932
day_1,Cold cloudy day,0.45,93,23.25,-1.1906,0.0,20.0,area_core_02,4.964914780921519
day_1,Cold cloudy day,0.45,94,23.5,-1.2716,0.0,20.0,area_core_02,4.987915418799426
day_1,Cold cloudy day,0.45,95,23.75,-1.3408,0.0,20.0,area_core_02,5.0075653464679615
day_1,Cold cloudy day,0.45,0,0.0,-1.3978,0.0,20.0,area_core_03,4.656223868977678
day_1,Cold cloudy day,0.45,1,0.25,-1.4424,0.0,20.0,area_core_03,4.666650993018607
day_1,Cold cloudy day,0.45,2,0.5,-1.4743,0.0,20.0,area_core_03,4.674108958420078
day_1,Cold cloudy day,0.45,3,0.75,-1.4936,0.0,20.0,area_core_03,4.678621144383978
day_1,Cold cloudy day,0.45,4,1.0,-1.5,0.0,20.0,area_core_03,4.68011741330465
day_1,Cold cloudy day,0.45,5,1.25,-1.4936,0.0,20.0,area_core_03,4.678621144383978
day_1,Cold cloudy day,0.45,6,1.5,-1.4743,0.0,20.0,area_core_03,4.674108958420078
day_1,Cold cloudy day,0.45,7,1.75,-1.4424,0.0,20.0,area_core_03,4.666650993018607
day_1,Cold cloudy day,0.45,8,2.0,-1.3978,0.0,20.0,area_core_03,4.656223868977678
day_1,Cold cloudy day,0.45,9,2.25,-1.3408,0.0,20.0,area_core_03,4.642897723902948
day_1,Cold cloudy day,0.45,10,2.5,-1.2716,0.0,20.0,area_core_03,4.626719316198187
day_1,Cold cloudy day,0.45,11,2.75,-1.1906,0.0,20.0,area_core_03,4.607782162670938
day_1,Cold cloudy day,0.45,12,3.0,-1.0981,0.0,20.0,area_core_03,4.586156400926859
day_1,Cold cloudy day,0.45,13,3.25,-0.9944,0.0,20.0,area_core_03,4.561912168571604
day_1,Cold cloudy day,0.45,14,3.5,-0.8801,0.0,20.0,area_core_03,4.535189740816488
day_1,Cold cloudy day,0.45,15,3.75,-0.7555,0.0,20.0,area_core_03,4.506059255267166
day_1,Cold cloudy day,0.45,16,4.0,-0.6213,0.0,20.0,area_core_03,4.474684366336836
day_1,Cold cloudy day,0.45,17,4.25,-0.478,0.0,20.0,area_core_03,4.441181970034927
day_1,Cold cloudy day,0.45,18,4.5,-0.3263,0.0,20.0,area_core_03,4.405715720774635
day_1,Cold cloudy day,0.45,19,4.75,-0.1667,0.0,20.0,area_core_03,4.368402514565391
day_1,Cold cloudy day,0.45,20,5.0,0.0,0.0,20.0,area_core_03,4.3294293850222765
day_1,Cold cloudy day,0.45,21,5.25,0.1731,0.0,20.0,area_core_03,4.28895998655849
day_1,Cold cloudy day,0.45,22,5.5,0.3519,0.0,20.0,area_core_03,4.247157973587232
day_1,Cold cloudy day,0.45,23,5.75,0.5357,0.0,20.0,area_core_03,4.204187000521699
day_1,Cold cloudy day,0.45,24,6.0,0.7235,0.0,20.0,area_core_03,4.160280859380746
day_1,Cold cloudy day,0.45,25,6.25,0.9147,0.0,20.0,area_core_03,4.115579825375686
day_1,Cold cloudy day,0.45,26,6.5,1.1084,0.0,20.0,area_core_03,4.070294311323488
day_1,Cold cloudy day,0.45,27,6.75,1.3038,0.0,20.0,area_core_03,4.024611350839239
day_1,Cold cloudy day,0.45,28,7.0,1.5,0.0,20.0,area_core_03,3.978741356739904
day_1,Cold cloudy day,0.45,29,7.25,1.6962,4.5782,20.0,area_core_03,3.9241573816505393
day_1,Cold cloudy day,0.45,30,7.5,1.8916,9.1368,20.0,area_core_03,3.8697977461103394
day_1,Cold cloudy day,0.45,31,7.75,2.0853,13.6563,20.0,area_core_03,3.8159099785339534
day_1,Cold cloudy day,0.45,32,8.0,2.2765,18.1173,20.0,area_core_03,3.762718037797749
day_1,Cold cloudy day,0.45,33,8.25,2.4643,22.5008,20.0,area_core_03,3.7104685006343865
day_1,Cold cloudy day,0.45,34,8.5,2.6481,26.7878,20.0,area_core_03,3.6593378061708663
day_1,Cold cloudy day,0.45,35,8.75,2.8269,30.9602,20.0,area_core_03,3.60959419731415
day_1,Cold cloudy day,0.45,36,9.0,3.0,35.0,20.0,area_core_03,3.5614355890291414
day_1,Cold cloudy day,0.45,37,9.25,3.1667,38.8899,20.0,area_core_03,3.515058563925956
day_1,Cold cloudy day,0.45,38,9.5,3.3263,42.6133,20.0,area_core_03,3.4706583722599205
day_1,Cold cloudy day,0.45,39,9.75,3.478,46.1542,20.0,area_core_03,3.4284525014698586
day_1,Cold cloudy day,0.45,40,10.0,3.6213,49.4975,20.0,area_core_03,3.388586588361351
day_1,Cold cloudy day,0.45,41,10.25,3.7555,52.6288,20.0,area_core_03,3.351251695788961
day_1,Cold cloudy day,0.45,42,10.5,3.8801,55.5347,20.0,area_core_03,3.3165902248394974
day_1,Cold cloudy day,0.45,43,10.75,3.9944,58.2029,20.0,area_core_03,3.284789241303157
day_1,Cold cloudy day,0.45,44,11.0,4.0981,60.6218,20.0,area_core_03,3.255940961807807
day_1,Cold cloudy day,0.45,45,11.25,4.1906,62.7811,20.0,area_core_03,3.2302052662137926
day_1,Cold cloudy day,0.45,46,11.5,4.2716,64.6716,20.0,area_core_03,3.2076698030754196
day_1,Cold cloudy day,0.45,47,11.75,4.3408,66.2851,20.0,area_core_03,3.1884203175830104
day_1,Cold cloudy day,0.45,48,12.0,4.3978,67.6148,20.0,area_core_03,3.172563269419196
day_1,Cold cloudy day,0.45,49,12.25,4.4424,68.655,20.0,area_core_03,3.1601562661624554
day_1,Cold cloudy day,0.45,50,12.5,4.4743,69.4011,20.0,area_core_03,3.1512782008927687
day_1,Cold cloudy day,0.45,51,12.75,4.4936,69.8501,20.0,area_core_03,3.1459114045002017
day_1,Cold cloudy day,0.45,52,13.0,4.5,70.0,20.0,area_core_03,3.1441298213183786
day_1,Cold cloudy day,0.45,53,13.25,4.4936,69.8501,20.0,area_core_03,3.1459114045002017
day_1,Cold cloudy day,0.45,54,13.5,4.4743,69.4011,20.0,area_core_03,3.1512782008927687
day_1,Cold cloudy day,0.45,55,13.75,4.4424,68.655,20.0,area_core_03,3.1601562661624554
day_1,Cold cloudy day,0.45,56,14.0,4.3978,67.6148,20.0,area_core_03,3.172563269419196
day_1,Cold cloudy day,0.45,57,14.25,4.3408,66.2851,20.0,area_core_03,3.1884203175830104
day_1,Cold cloudy day,0.45,58,14.5,4.2716,64.6716,20.0,area_core_03,3.2076698030754196
day_1,Cold cloudy day,0.45,59,14.75,4.1906,62.7811,20.0,area_core_03,3.2302052662137926
day_1,Cold cloudy day,0.45,60,15.0,4.0981,60.6218,20.0,area_core_03,3.255940961807807
day_1,Cold cloudy day,0.45,61,15.25,3.9944,58.2029,20.0,area_core_03,3.284789241303157
day_1,Cold cloudy day,0.45,62,15.5,3.8801,55.5347,20.0,area_core_03,3.3165902248394974
day_1,Cold cloudy day,0.45,63,15.75,3.7555,52.6288,20.0,area_core_03,3.351251695788961
day_1,Cold cloudy day,0.45,64,16.0,3.6213,49.4975,20.0,area_core_03,3.388586588361351
day_1,Cold cloudy day,0.45,65,16.25,3.478,46.1542,20.0,area_core_03,3.4284525014698586
day_1,Cold cloudy day,0.45,66,16.5,3.3263,42.6133,20.0,area_core_03,3.4706583722599205
day_1,Cold cloudy day,0.45,67,16.75,3.1667,38.8899,20.0,area_core_03,3.515058563925956
day_1,Cold cloudy day,0.45,68,17.0,3.0,35.0,20.0,area_core_03,3.5614355890291414
day_1,Cold cloudy day,0.45,69,17.25,2.8269,30.9602,20.0,area_core_03,3.60959419731415
day_1,Cold cloudy day,0.45,70,17.5,2.6481,26.7878,20.0,area_core_03,3.6593378061708663
day_1,Cold cloudy day,0.45,71,17.75,2.4643,22.5008,20.0,area_core_03,3.7104685006343865
day_1,Cold cloudy day,0.45,72,18.0,2.2765,18.1173,20.0,area_core_03,3.762718037797749
day_1,Cold cloudy day,0.45,73,18.25,2.0853,13.6563,20.0,area_core_03,3.8159099785339534
day_1,Cold cloudy day,0.45,74,18.5,1.8916,9.1368,20.0,area_core_03,3.8697977461103394
day_1,Cold cloudy day,0.45,75,18.75,1.6962,4.5782,20.0,area_core_03,3.9241573816505393
day_1,Cold cloudy day,0.45,76,19.0,1.5,0.0,20.0,area_core_03,3.978741356739904
day_1,Cold cloudy day,0.45,77,19.25,1.3038,0.0,20.0,area_core_03,4.024611350839239
day_1,Cold cloudy day,0.45,78,19.5,1.1084,0.0,20.0,area_core_03,4.070294311323488
day_1,Cold cloudy day,0.45,79,19.75,0.9147,0.0,20.0,area_core_03,4.115579825375686
day_1,Cold cloudy day,0.45,80,20.0,0.7235,0.0,20.0,area_core_03,4.160280859380746
day_1,Cold cloudy day,0.45,81,20.25,0.5357,0.0,20.0,area_core_03,4.204187000521699
day_1,Cold cloudy day,0.45,82,20.5,0.3519,0.0,20.0,area_core_03,4.247157973587232
day_1,Cold cloudy day,0.45,83,20.75,0.1731,0.0,20.0,area_core_03,4.28895998655849
day_1,Cold cloudy day,0.45,84,21.0,-0.0,0.0,20.0,area_core_03,4.3294293850222765
day_1,Cold cloudy day,0.45,85,21.25,-0.1667,0.0,20.0,area_core_03,4.368402514565391
day_1,Cold cloudy day,0.45,86,21.5,-0.3263,0.0,20.0,area_core_03,4.405715720774635
day_1,Cold cloudy day,0.45,87,21.75,-0.478,0.0,20.0,area_core_03,4.441181970034927
day_1,Cold cloudy day,0.45,88,22.0,-0.6213,0.0,20.0,area_core_03,4.474684366336836
day_1,Cold cloudy day,0.45,89,22.25,-0.7555,0.0,20.0,area_core_03,4.506059255267166
day_1,Cold cloudy day,0.45,90,22.5,-0.8801,0.0,20.0,area_core_03,4.535189740816488
day_1,Cold cloudy day,0.45,91,22.75,-0.9944,0.0,20.0,area_core_03,4.561912168571604
day_1,Cold cloudy day,0.45,92,23.0,-1.0981,0.0,20.0,area_core_03,4.586156400926859
day_1,Cold cloudy day,0.45,93,23.25,-1.1906,0.0,20.0,area_core_03,4.607782162670938
day_1,Cold cloudy day,0.45,94,23.5,-1.2716,0.0,20.0,area_core_03,4.626719316198187
day_1,Cold cloudy day,0.45,95,23.75,-1.3408,0.0,20.0,area_core_03,4.642897723902948
day_1,Cold cloudy day,0.45,0,0.0,-1.3978,0.0,20.0,area_core_04,7.323047775749204
day_1,Cold cloudy day,0.45,1,0.25,-1.4424,0.0,20.0,area_core_04,7.338522476921084
day_1,Cold cloudy day,0.45,2,0.5,-1.4743,0.0,20.0,area_core_04,7.349590704889312
day_1,Cold cloudy day,0.45,3,0.75,-1.4936,0.0,20.0,area_core_04,7.356287156293287
day_1,Cold cloudy day,0.45,4,1.0,-1.5,0.0,20.0,area_core_04,7.3585077412148125
day_1,Cold cloudy day,0.45,5,1.25,-1.4936,0.0,20.0,area_core_04,7.356287156293287
day_1,Cold cloudy day,0.45,6,1.5,-1.4743,0.0,20.0,area_core_04,7.349590704889312
day_1,Cold cloudy day,0.45,7,1.75,-1.4424,0.0,20.0,area_core_04,7.338522476921084
day_1,Cold cloudy day,0.45,8,2.0,-1.3978,0.0,20.0,area_core_04,7.323047775749204
day_1,Cold cloudy day,0.45,9,2.25,-1.3408,0.0,20.0,area_core_04,7.3032706912918695
day_1,Cold cloudy day,0.45,10,2.5,-1.2716,0.0,20.0,area_core_04,7.279260616827876
day_1,Cold cloudy day,0.45,11,2.75,-1.1906,0.0,20.0,area_core_04,7.251156338914821
day_1,Cold cloudy day,0.45,12,3.0,-1.0981,0.0,20.0,area_core_04,7.2190619474709
day_1,Cold cloudy day,0.45,13,3.25,-0.9944,0.0,20.0,area_core_04,7.183081532414309
day_1,Cold cloudy day,0.45,14,3.5,-0.8801,0.0,20.0,area_core_04,7.143423273581442
day_1,Cold cloudy day,0.45,15,3.75,-0.7555,0.0,20.0,area_core_04,7.1001912608904965
day_1,Cold cloudy day,0.45,16,4.0,-0.6213,0.0,20.0,area_core_04,7.053628370817262
day_1,Cold cloudy day,0.45,17,4.25,-0.478,0.0,20.0,area_core_04,7.003908086558733
day_1,Cold cloudy day,0.45,18,4.5,-0.3263,0.0,20.0,area_core_04,6.951273284590702
day_1,Cold cloudy day,0.45,19,4.75,-0.1667,0.0,20.0,area_core_04,6.895897448110163
day_1,Cold cloudy day,0.45,20,5.0,0.0,0.0,20.0,area_core_04,6.838058150232308
day_1,Cold cloudy day,0.45,21,5.25,0.1731,0.0,20.0,area_core_04,6.777998267432926
day_1,Cold cloudy day,0.45,22,5.5,0.3519,0.0,20.0,area_core_04,6.715960676187812
day_1,Cold cloudy day,0.45,23,5.75,0.5357,0.0,20.0,area_core_04,6.652188252972756
day_1,Cold cloudy day,0.45,24,6.0,0.7235,0.0,20.0,area_core_04,6.587027964181746
day_1,Cold cloudy day,0.45,25,6.25,0.9147,0.0,20.0,area_core_04,6.520687989651177
day_1,Cold cloudy day,0.45,26,6.5,1.1084,0.0,20.0,area_core_04,6.453480599135636
day_1,Cold cloudy day,0.45,27,6.75,1.3038,0.0,20.0,area_core_04,6.385683365750316
day_1,Cold cloudy day,0.45,28,7.0,1.5,0.0,20.0,area_core_04,6.317608559249803
day_1,Cold cloudy day,0.45,29,7.25,1.6962,4.5782,20.0,area_core_04,6.229017194168644
day_1,Cold cloudy day,0.45,30,7.5,1.8916,9.1368,20.0,area_core_04,6.14079123684253
day_1,Cold cloudy day,0.45,31,7.75,2.0853,13.6563,20.0,area_core_04,6.0533303435299874
day_1,Cold cloudy day,0.45,32,8.0,2.2765,18.1173,20.0,area_core_04,5.966999025714226
day_1,Cold cloudy day,0.45,33,8.25,2.4643,22.5008,20.0,area_core_04,5.882194698974181
day_1,Cold cloudy day,0.45,34,8.5,2.6481,26.7878,20.0,area_core_04,5.799210688970598
day_1,Cold cloudy day,0.45,35,8.75,2.8269,30.9602,20.0,area_core_04,5.718475074698553
day_1,Cold cloudy day,0.45,36,9.0,3.0,35.0,20.0,area_core_04,5.640311397099011
day_1,Cold cloudy day,0.45,37,9.25,3.1667,38.8899,20.0,area_core_04,5.565040060161512
day_1,Cold cloudy day,0.45,38,9.5,3.3263,42.6133,20.0,area_core_04,5.492978330924173
day_1,Cold cloudy day,0.45,39,9.75,3.478,46.1542,20.0,area_core_04,5.424475484249005
day_1,Cold cloudy day,0.45,40,10.0,3.6213,49.4975,20.0,area_core_04,5.359772671856564
day_1,Cold cloudy day,0.45,41,10.25,3.7555,52.6288,20.0,area_core_04,5.299177301794779
day_1,Cold cloudy day,0.45,42,10.5,3.8801,55.5347,20.0,area_core_04,5.242922907473607
day_1,Cold cloudy day,0.45,43,10.75,3.9944,58.2029,20.0,area_core_04,5.191307486086704
day_1,Cold cloudy day,0.45,44,11.0,4.0981,60.6218,20.0,area_core_04,5.144487111318715
day_1,Cold cloudy day,0.45,45,11.25,4.1906,62.7811,20.0,area_core_04,5.102716121005545
day_1,Cold cloudy day,0.45,46,11.5,4.2716,64.6716,20.0,area_core_04,5.066139833569815
day_1,Cold cloudy day,0.45,47,11.75,4.3408,66.2851,20.0,area_core_04,5.034899086074963
day_1,Cold cloudy day,0.45,48,12.0,4.3978,67.6148,20.0,area_core_04,5.009163138320987
day_1,Cold cloudy day,0.45,49,12.25,4.4424,68.655,20.0,area_core_04,4.989026927333986
day_1,Cold cloudy day,0.45,50,12.5,4.4743,69.4011,20.0,area_core_04,4.974615157284367
day_1,Cold cloudy day,0.45,51,12.75,4.4936,69.8501,20.0,area_core_04,4.965906575610261
day_1,Cold cloudy day,0.45,52,13.0,4.5,70.0,20.0,area_core_04,4.9630142349482185
day_1,Cold cloudy day,0.45,53,13.25,4.4936,69.8501,20.0,area_core_04,4.965906575610261
day_1,Cold cloudy day,0.45,54,13.5,4.4743,69.4011,20.0,area_core_04,4.974615157284367
day_1,Cold cloudy day,0.45,55,13.75,4.4424,68.655,20.0,area_core_04,4.989026927333986
day_1,Cold cloudy day,0.45,56,14.0,4.3978,67.6148,20.0,area_core_04,5.009163138320987
day_1,Cold cloudy day,0.45,57,14.25,4.3408,66.2851,20.0,area_core_04,5.034899086074963
day_1,Cold cloudy day,0.45,58,14.5,4.2716,64.6716,20.0,area_core_04,5.066139833569815
day_1,Cold cloudy day,0.45,59,14.75,4.1906,62.7811,20.0,area_core_04,5.102716121005545
day_1,Cold cloudy day,0.45,60,15.0,4.0981,60.6218,20.0,area_core_04,5.144487111318715
day_1,Cold cloudy day,0.45,61,15.25,3.9944,58.2029,20.0,area_core_04,5.191307486086704
day_1,Cold cloudy day,0.45,62,15.5,3.8801,55.5347,20.0,area_core_04,5.242922907473607
day_1,Cold cloudy day,0.45,63,15.75,3.7555,52.6288,20.0,area_core_04,5.299177301794779
day_1,Cold cloudy day,0.45,64,16.0,3.6213,49.4975,20.0,area_core_04,5.359772671856564
day_1,Cold cloudy day,0.45,65,16.25,3.478,46.1542,20.0,area_core_04,5.424475484249005
day_1,Cold cloudy day,0.45,66,16.5,3.3263,42.6133,20.0,area_core_04,5.492978330924173
day_1,Cold cloudy day,0.45,67,16.75,3.1667,38.8899,20.0,area_core_04,5.565040060161512
day_1,Cold cloudy day,0.45,68,17.0,3.0,35.0,20.0,area_core_04,5.640311397099011
day_1,Cold cloudy day,0.45,69,17.25,2.8269,30.9602,20.0,area_core_04,5.718475074698553
day_1,Cold cloudy day,0.45,70,17.5,2.6481,26.7878,20.0,area_core_04,5.799210688970598
day_1,Cold cloudy day,0.45,71,17.75,2.4643,22.5008,20.0,area_core_04,5.882194698974181
day_1,Cold cloudy day,0.45,72,18.0,2.2765,18.1173,20.0,area_core_04,5.966999025714226
day_1,Cold cloudy day,0.45,73,18.25,2.0853,13.6563,20.0,area_core_04,6.0533303435299874
day_1,Cold cloudy day,0.45,74,18.5,1.8916,9.1368,20.0,area_core_04,6.14079123684253
day_1,Cold cloudy day,0.45,75,18.75,1.6962,4.5782,20.0,area_core_04,6.229017194168644
day_1,Cold cloudy day,0.45,76,19.0,1.5,0.0,20.0,area_core_04,6.317608559249803
day_1,Cold cloudy day,0.45,77,19.25,1.3038,0.0,20.0,area_core_04,6.385683365750316
day_1,Cold cloudy day,0.45,78,19.5,1.1084,0.0,20.0,area_core_04,6.453480599135636
day_1,Cold cloudy day,0.45,79,19.75,0.9147,0.0,20.0,area_core_04,6.520687989651177
day_1,Cold cloudy day,0.45,80,20.0,0.7235,0.0,20.0,area_core_04,6.587027964181746
day_1,Cold cloudy day,0.45,81,20.25,0.5357,0.0,20.0,area_core_04,6.652188252972756
day_1,Cold cloudy day,0.45,82,20.5,0.3519,0.0,20.0,area_core_04,6.715960676187812
day_1,Cold cloudy day,0.45,83,20.75,0.1731,0.0,20.0,area_core_04,6.777998267432926
day_1,Cold cloudy day,0.45,84,21.0,-0.0,0.0,20.0,area_core_04,6.838058150232308
day_1,Cold cloudy day,0.45,85,21.25,-0.1667,0.0,20.0,area_core_04,6.895897448110163
day_1,Cold cloudy day,0.45,86,21.5,-0.3263,0.0,20.0,area_core_04,6.951273284590702
day_1,Cold cloudy day,0.45,87,21.75,-0.478,0.0,20.0,area_core_04,7.003908086558733
day_1,Cold cloudy day,0.45,88,22.0,-0.6213,0.0,20.0,area_core_04,7.053628370817262
day_1,Cold cloudy day,0.45,89,22.25,-0.7555,0.0,20.0,area_core_04,7.1001912608904965
day_1,Cold cloudy day,0.45,90,22.5,-0.8801,0.0,20.0,area_core_04,7.143423273581442
day_1,Cold cloudy day,0.45,91,22.75,-0.9944,0.0,20.0,area_core_04,7.183081532414309
day_1,Cold cloudy day,0.45,92,23.0,-1.0981,0.0,20.0,area_core_04,7.2190619474709
day_1,Cold cloudy day,0.45,93,23.25,-1.1906,0.0,20.0,area_core_04,7.251156338914821
day_1,Cold cloudy day,0.45,94,23.5,-1.2716,0.0,20.0,area_core_04,7.279260616827876
day_1,Cold cloudy day,0.45,95,23.75,-1.3408,0.0,20.0,area_core_04,7.3032706912918695
day_1,Cold cloudy day,0.45,0,0.0,-1.3978,0.0,20.0,area_core_05,5.473755982007938
day_1,Cold cloudy day,0.45,1,0.25,-1.4424,0.0,20.0,area_core_05,5.483368407657152
day_1,Cold cloudy day,0.45,2,0.5,-1.4743,0.0,20.0,area_core_05,5.490243662773967
day_1,Cold cloudy day,0.45,3,0.75,-1.4936,0.0,20.0,area_core_05,5.49440329988226
day_1,Cold cloudy day,0.45,4,1.0,-1.5,0.0,20.0,area_core_05,5.495782661410398
day_1,Cold cloudy day,0.45,5,1.25,-1.4936,0.0,20.0,area_core_05,5.49440329988226
day_1,Cold cloudy day,0.45,6,1.5,-1.4743,0.0,20.0,area_core_05,5.490243662773967
day_1,Cold cloudy day,0.45,7,1.75,-1.4424,0.0,20.0,area_core_05,5.483368407657152
day_1,Cold cloudy day,0.45,8,2.0,-1.3978,0.0,20.0,area_core_05,5.473755982007938
day_1,Cold cloudy day,0.45,9,2.25,-1.3408,0.0,20.0,area_core_05,5.461471043397956
day_1,Cold cloudy day,0.45,10,2.5,-1.2716,0.0,20.0,area_core_05,5.446556696874959
day_1,Cold cloudy day,0.45,11,2.75,-1.1906,0.0,20.0,area_core_05,5.429099152534457
day_1,Cold cloudy day,0.45,12,3.0,-1.0981,0.0,20.0,area_core_05,5.409163067948081
day_1,Cold cloudy day,0.45,13,3.25,-0.9944,0.0,20.0,area_core_05,5.386813100687465
day_1,Cold cloudy day,0.45,14,3.5,-0.8801,0.0,20.0,area_core_05,5.362178565895868
day_1,Cold cloudy day,0.45,15,3.75,-0.7555,0.0,20.0,area_core_05,5.335324121144924
day_1,Cold cloudy day,0.45,16,4.0,-0.6213,0.0,20.0,area_core_05,5.306400634101772
day_1,Cold cloudy day,0.45,17,4.25,-0.478,0.0,20.0,area_core_05,5.275515867385798
day_1,Cold cloudy day,0.45,18,4.5,-0.3263,0.0,20.0,area_core_05,5.242820688664143
day_1,Cold cloudy day,0.45,19,4.75,-0.1667,0.0,20.0,area_core_05,5.208422860556191
day_1,Cold cloudy day,0.45,20,5.0,0.0,0.0,20.0,area_core_05,5.172494803252961
day_1,Cold cloudy day,0.45,21,5.25,0.1731,0.0,20.0,area_core_05,5.135187384421593
day_1,Cold cloudy day,0.45,22,5.5,0.3519,0.0,20.0,area_core_05,5.096651471729227
day_1,Cold cloudy day,0.45,23,5.75,0.5357,0.0,20.0,area_core_05,5.057037932843003
day_1,Cold cloudy day,0.45,24,6.0,0.7235,0.0,20.0,area_core_05,5.016562293001692
day_1,Cold cloudy day,0.45,25,6.25,0.9147,0.0,20.0,area_core_05,4.975353867348558
day_1,Cold cloudy day,0.45,26,6.5,1.1084,0.0,20.0,area_core_05,4.933606628598493
day_1,Cold cloudy day,0.45,27,6.75,1.3038,0.0,20.0,area_core_05,4.891492996942518
day_1,Cold cloudy day,0.45,28,7.0,1.5,0.0,20.0,area_core_05,4.849206945095526
day_1,Cold cloudy day,0.45,29,7.25,1.6962,4.5782,20.0,area_core_05,4.786149628277818
day_1,Cold cloudy day,0.45,30,7.5,1.8916,9.1368,20.0,area_core_05,4.723353656729418
day_1,Cold cloudy day,0.45,31,7.75,2.0853,13.6563,20.0,area_core_05,4.66110147454413
day_1,Cold cloudy day,0.45,32,8.0,2.2765,18.1173,20.0,area_core_05,4.599653519592503
day_1,Cold cloudy day,0.45,33,8.25,2.4643,22.5008,20.0,area_core_05,4.539289967471446
day_1,Cold cloudy day,0.45,34,8.5,2.6481,26.7878,20.0,area_core_05,4.480226336206241
day_1,Cold cloudy day,0.45,35,8.75,2.8269,30.9602,20.0,area_core_05,4.422760270623259
day_1,Cold cloudy day,0.45,36,9.0,3.0,35.0,20.0,area_core_05,4.36712430427787
day_1,Cold cloudy day,0.45,37,9.25,3.1667,38.8899,20.0,area_core_05,4.313547794829784
day_1,Cold cloudy day,0.45,38,9.5,3.3263,42.6133,20.0,area_core_05,4.262256924043059
day_1,Cold cloudy day,0.45,39,9.75,3.478,46.1542,20.0,area_core_05,4.2134967040093585
day_1,Cold cloudy day,0.45,40,10.0,3.6213,49.4975,20.0,area_core_05,4.167443405954302
day_1,Cold cloudy day,0.45,41,10.25,3.7555,52.6288,20.0,area_core_05,4.124313230255608
day_1,Cold cloudy day,0.45,42,10.5,3.8801,55.5347,20.0,area_core_05,4.084274735249456
day_1,Cold cloudy day,0.45,43,10.75,3.9944,58.2029,20.0,area_core_05,4.047534593626602
day_1,Cold cloudy day,0.45,44,11.0,4.0981,60.6218,20.0,area_core_05,4.014210092086647
day_1,Cold cloudy day,0.45,45,11.25,4.1906,62.7811,20.0,area_core_05,3.9844772768088936
day_1,Cold cloudy day,0.45,46,11.5,4.2716,64.6716,20.0,area_core_05,3.9584425457078454
day_1,Cold cloudy day,0.45,47,11.75,4.3408,66.2851,20.0,area_core_05,3.936207759704213
day_1,Cold cloudy day,0.45,48,12.0,4.3978,67.6148,20.0,area_core_05,3.9178899804512786
day_1,Cold cloudy day,0.45,49,12.25,4.4424,68.655,20.0,area_core_05,3.9035581738614025
day_1,Cold cloudy day,0.45,50,12.5,4.4743,69.4011,20.0,area_core_05,3.893297867677651
day_1,Cold cloudy day,0.45,51,12.75,4.4936,69.8501,20.0,area_core_05,3.8871011203575176
day_1,Cold cloudy day,0.45,52,13.0,4.5,70.0,20.0,area_core_05,3.8850416634602145
day_1,Cold cloudy day,0.45,53,13.25,4.4936,69.8501,20.0,area_core_05,3.8871011203575176
day_1,Cold cloudy day,0.45,54,13.5,4.4743,69.4011,20.0,area_core_05,3.893297867677651
day_1,Cold cloudy day,0.45,55,13.75,4.4424,68.655,20.0,area_core_05,3.9035581738614025
day_1,Cold cloudy day,0.45,56,14.0,4.3978,67.6148,20.0,area_core_05,3.9178899804512786
day_1,Cold cloudy day,0.45,57,14.25,4.3408,66.2851,20.0,area_core_05,3.936207759704213
day_1,Cold cloudy day,0.45,58,14.5,4.2716,64.6716,20.0,area_core_05,3.9584425457078454
day_1,Cold cloudy day,0.45,59,14.75,4.1906,62.7811,20.0,area_core_05,3.9844772768088936
day_1,Cold cloudy day,0.45,60,15.0,4.0981,60.6218,20.0,area_core_05,4.014210092086647
day_1,Cold cloudy day,0.45,61,15.25,3.9944,58.2029,20.0,area_core_05,4.047534593626602
day_1,Cold cloudy day,0.45,62,15.5,3.8801,55.5347,20.0,area_core_05,4.084274735249456
day_1,Cold cloudy day,0.45,63,15.75,3.7555,52.6288,20.0,area_core_05,4.124313230255608
day_1,Cold cloudy day,0.45,64,16.0,3.6213,49.4975,20.0,area_core_05,4.167443405954302
day_1,Cold cloudy day,0.45,65,16.25,3.478,46.1542,20.0,area_core_05,4.2134967040093585
day_1,Cold cloudy day,0.45,66,16.5,3.3263,42.6133,20.0,area_core_05,4.262256924043059
day_1,Cold cloudy day,0.45,67,16.75,3.1667,38.8899,20.0,area_core_05,4.313547794829784
day_1,Cold cloudy day,0.45,68,17.0,3.0,35.0,20.0,area_core_05,4.36712430427787
day_1,Cold cloudy day,0.45,69,17.25,2.8269,30.9602,20.0,area_core_05,4.422760270623259
day_1,Cold cloudy day,0.45,70,17.5,2.6481,26.7878,20.0,area_core_05,4.480226336206241
day_1,Cold cloudy day,0.45,71,17.75,2.4643,22.5008,20.0,area_core_05,4.539289967471446
day_1,Cold cloudy day,0.45,72,18.0,2.2765,18.1173,20.0,area_core_05,4.599653519592503
day_1,Cold cloudy day,0.45,73,18.25,2.0853,13.6563,20.0,area_core_05,4.66110147454413
day_1,Cold cloudy day,0.45,74,18.5,1.8916,9.1368,20.0,area_core_05,4.723353656729418
day_1,Cold cloudy day,0.45,75,18.75,1.6962,4.5782,20.0,area_core_05,4.786149628277818
day_1,Cold cloudy day,0.45,76,19.0,1.5,0.0,20.0,area_core_05,4.849206945095526
day_1,Cold cloudy day,0.45,77,19.25,1.3038,0.0,20.0,area_core_05,4.891492996942518
day_1,Cold cloudy day,0.45,78,19.5,1.1084,0.0,20.0,area_core_05,4.933606628598493
day_1,Cold cloudy day,0.45,79,19.75,0.9147,0.0,20.0,area_core_05,4.975353867348558
day_1,Cold cloudy day,0.45,80,20.0,0.7235,0.0,20.0,area_core_05,5.016562293001692
day_1,Cold cloudy day,0.45,81,20.25,0.5357,0.0,20.0,area_core_05,5.057037932843003
day_1,Cold cloudy day,0.45,82,20.5,0.3519,0.0,20.0,area_core_05,5.096651471729227
day_1,Cold cloudy day,0.45,83,20.75,0.1731,0.0,20.0,area_core_05,5.135187384421593
day_1,Cold cloudy day,0.45,84,21.0,-0.0,0.0,20.0,area_core_05,5.172494803252961
day_1,Cold cloudy day,0.45,85,21.25,-0.1667,0.0,20.0,area_core_05,5.208422860556191
day_1,Cold cloudy day,0.45,86,21.5,-0.3263,0.0,20.0,area_core_05,5.242820688664143
day_1,Cold cloudy day,0.45,87,21.75,-0.478,0.0,20.0,area_core_05,5.275515867385798
day_1,Cold cloudy day,0.45,88,22.0,-0.6213,0.0,20.0,area_core_05,5.306400634101772
day_1,Cold cloudy day,0.45,89,22.25,-0.7555,0.0,20.0,area_core_05,5.335324121144924
day_1,Cold cloudy day,0.45,90,22.5,-0.8801,0.0,20.0,area_core_05,5.362178565895868
day_1,Cold cloudy day,0.45,91,22.75,-0.9944,0.0,20.0,area_core_05,5.386813100687465
day_1,Cold cloudy day,0.45,92,23.0,-1.0981,0.0,20.0,area_core_05,5.409163067948081
day_1,Cold cloudy day,0.45,93,23.25,-1.1906,0.0,20.0,area_core_05,5.429099152534457
day_1,Cold cloudy day,0.45,94,23.5,-1.2716,0.0,20.0,area_core_05,5.446556696874959
day_1,Cold cloudy day,0.45,95,23.75,-1.3408,0.0,20.0,area_core_05,5.461471043397956
day_1,Cold cloudy day,0.45,0,0.0,-1.3978,0.0,20.0,area_core_06,2.451114562213195
day_1,Cold cloudy day,0.45,1,0.25,-1.4424,0.0,20.0,area_core_06,2.4574485945786178
day_1,Cold cloudy day,0.45,2,0.5,-1.4743,0.0,20.0,area_core_06,2.461978989925187
day_1,Cold cloudy day,0.45,3,0.75,-1.4936,0.0,20.0,area_core_06,2.4647199501191928
day_1,Cold cloudy day,0.45,4,1.0,-1.5,0.0,20.0,area_core_06,2.4656288695617645
day_1,Cold cloudy day,0.45,5,1.25,-1.4936,0.0,20.0,area_core_06,2.4647199501191928
day_1,Cold cloudy day,0.45,6,1.5,-1.4743,0.0,20.0,area_core_06,2.461978989925187
day_1,Cold cloudy day,0.45,7,1.75,-1.4424,0.0,20.0,area_core_06,2.4574485945786178
day_1,Cold cloudy day,0.45,8,2.0,-1.3978,0.0,20.0,area_core_06,2.451114562213195
day_1,Cold cloudy day,0.45,9,2.25,-1.3408,0.0,20.0,area_core_06,2.4430194984277893
day_1,Cold cloudy day,0.45,10,2.5,-1.2716,0.0,20.0,area_core_06,2.4331918069549805
day_1,Cold cloudy day,0.45,11,2.75,-1.1906,0.0,20.0,area_core_06,2.4216882952599303
day_1,Cold cloudy day,0.45,12,3.0,-1.0981,0.0,20.0,area_core_06,2.4085515689415087
day_1,Cold cloudy day,0.45,13,3.25,-0.9944,0.0,20.0,area_core_06,2.393824233598586
day_1,Cold cloudy day,0.45,14,3.5,-0.8801,0.0,20.0,area_core_06,2.377591500428904
day_1,Cold cloudy day,0.45,15,3.75,-0.7555,0.0,20.0,area_core_06,2.359895975031333
day_1,Cold cloudy day,0.45,16,4.0,-0.6213,0.0,20.0,area_core_06,2.3408370704699037
day_1,Cold cloudy day,0.45,17,4.25,-0.478,0.0,20.0,area_core_06,2.320485796076068
day_1,Cold cloudy day,0.45,18,4.5,-0.3263,0.0,20.0,area_core_06,2.2989415649138563
day_1,Cold cloudy day,0.45,19,4.75,-0.1667,0.0,20.0,area_core_06,2.27627538631472
day_1,Cold cloudy day,0.45,20,5.0,0.0,0.0,20.0,area_core_06,2.2526008752089806
day_1,Cold cloudy day,0.45,21,5.25,0.1731,0.0,20.0,area_core_06,2.228017444660669
day_1,Cold cloudy day,0.45,22,5.5,0.3519,0.0,20.0,area_core_06,2.2026245077338173
day_1,Cold cloudy day,0.45,23,5.75,0.5357,0.0,20.0,area_core_06,2.1765214774924564
day_1,Cold cloudy day,0.45,24,6.0,0.7235,0.0,20.0,area_core_06,2.1498503725994875
day_1,Cold cloudy day,0.45,25,6.25,0.9147,0.0,20.0,area_core_06,2.122696404252653
day_1,Cold cloudy day,0.45,26,6.5,1.1084,0.0,20.0,area_core_06,2.0951873892485633
day_1,Cold cloudy day,0.45,27,6.75,1.3038,0.0,20.0,area_core_06,2.0674369425175407
day_1,Cold cloudy day,0.45,28,7.0,1.5,0.0,20.0,area_core_06,2.0395728808561966
day_1,Cold cloudy day,0.45,29,7.25,1.6962,4.5782,20.0,area_core_06,1.9913888658039425
day_1,Cold cloudy day,0.45,30,7.5,1.8916,9.1368,20.0,area_core_06,1.9434054586238791
day_1,Cold cloudy day,0.45,31,7.75,2.0853,13.6563,20.0,area_core_06,1.8958370252129453
day_1,Cold cloudy day,0.45,32,8.0,2.2765,18.1173,20.0,area_core_06,1.8488832857602513
day_1,Cold cloudy day,0.45,33,8.25,2.4643,22.5008,20.0,area_core_06,1.8027563869550343
day_1,Cold cloudy day,0.45,34,8.5,2.6481,26.7878,20.0,area_core_06,1.7576258698876663
day_1,Cold cloudy day,0.45,35,8.75,2.8269,30.9602,20.0,area_core_06,1.7137140885398123
day_1,Cold cloudy day,0.45,36,9.0,3.0,35.0,20.0,area_core_06,1.6712003474527313
day_1,Cold cloudy day,0.45,37,9.25,3.1667,38.8899,20.0,area_core_06,1.6302608442768993
day_1,Cold cloudy day,0.45,38,9.5,3.3263,42.6133,20.0,area_core_06,1.5910686697720116
day_1,Cold cloudy day,0.45,39,9.75,3.478,46.1542,20.0,area_core_06,1.553808453514812
day_1,Cold cloudy day,0.45,40,10.0,3.6213,49.4975,20.0,area_core_06,1.5186182249093152
day_1,Cold cloudy day,0.45,41,10.25,3.7555,52.6288,20.0,area_core_06,1.4856613102013316
day_1,Cold cloudy day,0.45,42,10.5,3.8801,55.5347,20.0,area_core_06,1.4550681934886933
day_1,Cold cloudy day,0.45,43,10.75,3.9944,58.2029,20.0,area_core_06,1.4269928803448675
day_1,Cold cloudy day,0.45,44,11.0,4.0981,60.6218,20.0,area_core_06,1.4015294619873822
day_1,Cold cloudy day,0.45,45,11.25,4.1906,62.7811,20.0,area_core_06,1.3788088652926138
day_1,Cold cloudy day,0.45,46,11.5,4.2716,64.6716,20.0,area_core_06,1.3589145292811255
day_1,Cold cloudy day,0.45,47,11.75,4.3408,66.2851,20.0,area_core_06,1.3419254545580808
day_1,Cold cloudy day,0.45,48,12.0,4.3978,67.6148,20.0,area_core_06,1.3279286298133695
day_1,Cold cloudy day,0.45,49,12.25,4.4424,68.655,20.0,area_core_06,1.3169777577473605
day_1,Cold cloudy day,0.45,50,12.5,4.4743,69.4011,20.0,area_core_06,1.309135860669771
day_1,Cold cloudy day,0.45,51,12.75,4.4936,69.8501,20.0,area_core_06,1.304402051960515
day_1,Cold cloudy day,0.45,52,13.0,4.5,70.0,20.0,area_core_06,1.302827814049266
day_1,Cold cloudy day,0.45,53,13.25,4.4936,69.8501,20.0,area_core_06,1.304402051960515
day_1,Cold cloudy day,0.45,54,13.5,4.4743,69.4011,20.0,area_core_06,1.309135860669771
day_1,Cold cloudy day,0.45,55,13.75,4.4424,68.655,20.0,area_core_06,1.3169777577473605
day_1,Cold cloudy day,0.45,56,14.0,4.3978,67.6148,20.0,area_core_06,1.3279286298133695
day_1,Cold cloudy day,0.45,57,14.25,4.3408,66.2851,20.0,area_core_06,1.3419254545580808
day_1,Cold cloudy day,0.45,58,14.5,4.2716,64.6716,20.0,area_core_06,1.3589145292811255
day_1,Cold cloudy day,0.45,59,14.75,4.1906,62.7811,20.0,area_core_06,1.3788088652926138
day_1,Cold cloudy day,0.45,60,15.0,4.0981,60.6218,20.0,area_core_06,1.4015294619873822
day_1,Cold cloudy day,0.45,61,15.25,3.9944,58.2029,20.0,area_core_06,1.4269928803448675
day_1,Cold cloudy day,0.45,62,15.5,3.8801,55.5347,20.0,area_core_06,1.4550681934886933
day_1,Cold cloudy day,0.45,63,15.75,3.7555,52.6288,20.0,area_core_06,1.4856613102013316
day_1,Cold cloudy day,0.45,64,16.0,3.6213,49.4975,20.0,area_core_06,1.5186182249093152
day_1,Cold cloudy day,0.45,65,16.25,3.478,46.1542,20.0,area_core_06,1.553808453514812
day_1,Cold cloudy day,0.45,66,16.5,3.3263,42.6133,20.0,area_core_06,1.5910686697720116
day_1,Cold cloudy day,0.45,67,16.75,3.1667,38.8899,20.0,area_core_06,1.6302608442768993
day_1,Cold cloudy day,0.45,68,17.0,3.0,35.0,20.0,area_core_06,1.6712003474527313
day_1,Cold cloudy day,0.45,69,17.25,2.8269,30.9602,20.0,area_core_06,1.7137140885398123
day_1,Cold cloudy day,0.45,70,17.5,2.6481,26.7878,20.0,area_core_06,1.7576258698876663
day_1,Cold cloudy day,0.45,71,17.75,2.4643,22.5008,20.0,area_core_06,1.8027563869550343
day_1,Cold cloudy day,0.45,72,18.0,2.2765,18.1173,20.0,area_core_06,1.8488832857602513
day_1,Cold cloudy day,0.45,73,18.25,2.0853,13.6563,20.0,area_core_06,1.8958370252129453
day_1,Cold cloudy day,0.45,74,18.5,1.8916,9.1368,20.0,area_core_06,1.9434054586238791
day_1,Cold cloudy day,0.45,75,18.75,1.6962,4.5782,20.0,area_core_06,1.9913888658039425
day_1,Cold cloudy day,0.45,76,19.0,1.5,0.0,20.0,area_core_06,2.0395728808561966
day_1,Cold cloudy day,0.45,77,19.25,1.3038,0.0,20.0,area_core_06,2.0674369425175407
day_1,Cold cloudy day,0.45,78,19.5,1.1084,0.0,20.0,area_core_06,2.0951873892485633
day_1,Cold cloudy day,0.45,79,19.75,0.9147,0.0,20.0,area_core_06,2.122696404252653
day_1,Cold cloudy day,0.45,80,20.0,0.7235,0.0,20.0,area_core_06,2.1498503725994875
day_1,Cold cloudy day,0.45,81,20.25,0.5357,0.0,20.0,area_core_06,2.1765214774924564
day_1,Cold cloudy day,0.45,82,20.5,0.3519,0.0,20.0,area_core_06,2.2026245077338173
day_1,Cold cloudy day,0.45,83,20.75,0.1731,0.0,20.0,area_core_06,2.228017444660669
day_1,Cold cloudy day,0.45,84,21.0,-0.0,0.0,20.0,area_core_06,2.2526008752089806
day_1,Cold cloudy day,0.45,85,21.25,-0.1667,0.0,20.0,area_core_06,2.27627538631472
day_1,Cold cloudy day,0.45,86,21.5,-0.3263,0.0,20.0,area_core_06,2.2989415649138563
day_1,Cold cloudy day,0.45,87,21.75,-0.478,0.0,20.0,area_core_06,2.320485796076068
day_1,Cold cloudy day,0.45,88,22.0,-0.6213,0.0,20.0,area_core_06,2.3408370704699037
day_1,Cold cloudy day,0.45,89,22.25,-0.7555,0.0,20.0,area_core_06,2.359895975031333
day_1,Cold cloudy day,0.45,90,22.5,-0.8801,0.0,20.0,area_core_06,2.377591500428904
day_1,Cold cloudy day,0.45,91,22.75,-0.9944,0.0,20.0,area_core_06,2.393824233598586
day_1,Cold cloudy day,0.45,92,23.0,-1.0981,0.0,20.0,area_core_06,2.4085515689415087
day_1,Cold cloudy day,0.45,93,23.25,-1.1906,0.0,20.0,area_core_06,2.4216882952599303
day_1,Cold cloudy day,0.45,94,23.5,-1.2716,0.0,20.0,area_core_06,2.4331918069549805
day_1,Cold cloudy day,0.45,95,23.75,-1.3408,0.0,20.0,area_core_06,2.4430194984277893
day_1,Cold cloudy day,0.45,0,0.0,-1.3978,0.0,20.0,area_core_07,5.1310778930413035
day_1,Cold cloudy day,0.45,1,0.25,-1.4424,0.0,20.0,area_core_07,5.140656713311959
day_1,Cold cloudy day,0.45,2,0.5,-1.4743,0.0,20.0,area_core_07,5.147507932294782
day_1,Cold cloudy day,0.45,3,0.75,-1.4936,0.0,20.0,area_core_07,5.151653027165268
day_1,Cold cloudy day,0.45,4,1.0,-1.5,0.0,20.0,area_core_07,5.153027566396931
day_1,Cold cloudy day,0.45,5,1.25,-1.4936,0.0,20.0,area_core_07,5.151653027165268
day_1,Cold cloudy day,0.45,6,1.5,-1.4743,0.0,20.0,area_core_07,5.147507932294782
day_1,Cold cloudy day,0.45,7,1.75,-1.4424,0.0,20.0,area_core_07,5.140656713311959
day_1,Cold cloudy day,0.45,8,2.0,-1.3978,0.0,20.0,area_core_07,5.1310778930413035
day_1,Cold cloudy day,0.45,9,2.25,-1.3408,0.0,20.0,area_core_07,5.118835903009301
day_1,Cold cloudy day,0.45,10,2.5,-1.2716,0.0,20.0,area_core_07,5.103973697566938
day_1,Cold cloudy day,0.45,11,2.75,-1.1906,0.0,20.0,area_core_07,5.086577185416196
day_1,Cold cloudy day,0.45,12,3.0,-1.0981,0.0,20.0,area_core_07,5.066710798083559
day_1,Cold cloudy day,0.45,13,3.25,-0.9944,0.0,20.0,area_core_07,5.044438967095511
day_1,Cold cloudy day,0.45,14,3.5,-0.8801,0.0,20.0,area_core_07,5.01989055550502
day_1,Cold cloudy day,0.45,15,3.75,-0.7555,0.0,20.0,area_core_07,4.993129994838571
day_1,Cold cloudy day,0.45,16,4.0,-0.6213,0.0,20.0,area_core_07,4.9643076253246265
day_1,Cold cloudy day,0.45,17,4.25,-0.478,0.0,20.0,area_core_07,4.93353083284066
day_1,Cold cloudy day,0.45,18,4.5,-0.3263,0.0,20.0,area_core_07,4.9009499576151345
day_1,Cold cloudy day,0.45,19,4.75,-0.1667,0.0,20.0,area_core_07,4.866672385525525
day_1,Cold cloudy day,0.45,20,5.0,0.0,0.0,20.0,area_core_07,4.830869933975789
day_1,Cold cloudy day,0.45,21,5.25,0.1731,0.0,20.0,area_core_07,4.793692943194388
day_1,Cold cloudy day,0.45,22,5.5,0.3519,0.0,20.0,area_core_07,4.7552917534097885
day_1,Cold cloudy day,0.45,23,5.75,0.5357,0.0,20.0,area_core_07,4.715816704850452
day_1,Cold cloudy day,0.45,24,6.0,0.7235,0.0,20.0,area_core_07,4.675482569271324
day_1,Cold cloudy day,0.45,25,6.25,0.9147,0.0,20.0,area_core_07,4.634418209725377
day_1,Cold cloudy day,0.45,26,6.5,1.1084,0.0,20.0,area_core_07,4.5928169207920595
day_1,Cold cloudy day,0.45,27,6.75,1.3038,0.0,20.0,area_core_07,4.550850519875333
day_1,Cold cloudy day,0.45,28,7.0,1.5,0.0,20.0,area_core_07,4.508712301554646
day_1,Cold cloudy day,0.45,29,7.25,1.6962,4.5782,20.0,area_core_07,4.440418892732943
day_1,Cold cloudy day,0.45,30,7.5,1.8916,9.1368,20.0,area_core_07,4.372409275832218
day_1,Cold cloudy day,0.45,31,7.75,2.0853,13.6563,20.0,area_core_07,4.304988148650386
day_1,Cold cloudy day,0.45,32,8.0,2.2765,18.1173,20.0,area_core_07,4.238438160511315
day_1,Cold cloudy day,0.45,33,8.25,2.4643,22.5008,20.0,area_core_07,4.173061152720136
day_1,Cold cloudy day,0.45,34,8.5,2.6481,26.7878,20.0,area_core_07,4.109094535055504
day_1,Cold cloudy day,0.45,35,8.75,2.8269,30.9602,20.0,area_core_07,4.046856484311039
day_1,Cold cloudy day,0.45,36,9.0,3.0,35.0,20.0,area_core_07,3.9866001744553285
day_1,Cold cloudy day,0.45,37,9.25,3.1667,38.8899,20.0,area_core_07,3.92857478036706
day_1,Cold cloudy day,0.45,38,9.5,3.3263,42.6133,20.0,area_core_07,3.8730254778350304
day_1,Cold cloudy day,0.45,39,9.75,3.478,46.1542,20.0,area_core_07,3.820215492032192
day_1,Cold cloudy day,0.45,40,10.0,3.6213,49.4975,20.0,area_core_07,3.7703384749180096
day_1,Cold cloudy day,0.45,41,10.25,3.7555,52.6288,20.0,area_core_07,3.7236270337130435
day_1,Cold cloudy day,0.45,42,10.5,3.8801,55.5347,20.0,area_core_07,3.6802651083013
day_1,Cold cloudy day,0.45,43,10.75,3.9944,58.2029,20.0,area_core_07,3.6404733086336574
day_1,Cold cloudy day,0.45,44,11.0,4.0981,60.6218,20.0,area_core_07,3.604382336869122
day_1,Cold cloudy day,0.45,45,11.25,4.1906,62.7811,20.0,area_core_07,3.572179899811954
day_1,Cold cloudy day,0.45,46,11.5,4.2716,64.6716,20.0,area_core_07,3.5439829884558094
day_1,Cold cloudy day,0.45,47,11.75,4.3408,66.2851,20.0,area_core_07,3.5199028808087833
day_1,Cold cloudy day,0.45,48,12.0,4.3978,67.6148,20.0,area_core_07,3.500064333874678
day_1,Cold cloudy day,0.45,49,12.25,4.4424,68.655,20.0,area_core_07,3.4845428660221875
day_1,Cold cloudy day,0.45,50,12.5,4.4743,69.4011,20.0,area_core_07,3.473429188511382
day_1,Cold cloudy day,0.45,51,12.75,4.4936,69.8501,20.0,area_core_07,3.466718963123453
day_1,Cold cloudy day,0.45,52,13.0,4.5,70.0,20.0,area_core_07,3.464488047356012
day_1,Cold cloudy day,0.45,53,13.25,4.4936,69.8501,20.0,area_core_07,3.466718963123453
day_1,Cold cloudy day,0.45,54,13.5,4.4743,69.4011,20.0,area_core_07,3.473429188511382
day_1,Cold cloudy day,0.45,55,13.75,4.4424,68.655,20.0,area_core_07,3.4845428660221875
day_1,Cold cloudy day,0.45,56,14.0,4.3978,67.6148,20.0,area_core_07,3.500064333874678
day_1,Cold cloudy day,0.45,57,14.25,4.3408,66.2851,20.0,area_core_07,3.5199028808087833
day_1,Cold cloudy day,0.45,58,14.5,4.2716,64.6716,20.0,area_core_07,3.5439829884558094
day_1,Cold cloudy day,0.45,59,14.75,4.1906,62.7811,20.0,area_core_07,3.572179899811954
day_1,Cold cloudy day,0.45,60,15.0,4.0981,60.6218,20.0,area_core_07,3.604382336869122
day_1,Cold cloudy day,0.45,61,15.25,3.9944,58.2029,20.0,area_core_07,3.6404733086336574
day_1,Cold cloudy day,0.45,62,15.5,3.8801,55.5347,20.0,area_core_07,3.6802651083013
day_1,Cold cloudy day,0.45,63,15.75,3.7555,52.6288,20.0,area_core_07,3.7236270337130435
day_1,Cold cloudy day,0.45,64,16.0,3.6213,49.4975,20.0,area_core_07,3.7703384749180096
day_1,Cold cloudy day,0.45,65,16.25,3.478,46.1542,20.0,area_core_07,3.820215492032192
day_1,Cold cloudy day,0.45,66,16.5,3.3263,42.6133,20.0,area_core_07,3.8730254778350304
day_1,Cold cloudy day,0.45,67,16.75,3.1667,38.8899,20.0,area_core_07,3.92857478036706
day_1,Cold cloudy day,0.45,68,17.0,3.0,35.0,20.0,area_core_07,3.9866001744553285
day_1,Cold cloudy day,0.45,69,17.25,2.8269,30.9602,20.0,area_core_07,4.046856484311039
day_1,Cold cloudy day,0.45,70,17.5,2.6481,26.7878,20.0,area_core_07,4.109094535055504
day_1,Cold cloudy day,0.45,71,17.75,2.4643,22.5008,20.0,area_core_07,4.173061152720136
day_1,Cold cloudy day,0.45,72,18.0,2.2765,18.1173,20.0,area_core_07,4.238438160511315
day_1,Cold cloudy day,0.45,73,18.25,2.0853,13.6563,20.0,area_core_07,4.304988148650386
day_1,Cold cloudy day,0.45,74,18.5,1.8916,9.1368,20.0,area_core_07,4.372409275832218
day_1,Cold cloudy day,0.45,75,18.75,1.6962,4.5782,20.0,area_core_07,4.440418892732943
day_1,Cold cloudy day,0.45,76,19.0,1.5,0.0,20.0,area_core_07,4.508712301554646
day_1,Cold cloudy day,0.45,77,19.25,1.3038,0.0,20.0,area_core_07,4.550850519875333
day_1,Cold cloudy day,0.45,78,19.5,1.1084,0.0,20.0,area_core_07,4.5928169207920595
day_1,Cold cloudy day,0.45,79,19.75,0.9147,0.0,20.0,area_core_07,4.634418209725377
day_1,Cold cloudy day,0.45,80,20.0,0.7235,0.0,20.0,area_core_07,4.675482569271324
day_1,Cold cloudy day,0.45,81,20.25,0.5357,0.0,20.0,area_core_07,4.715816704850452
day_1,Cold cloudy day,0.45,82,20.5,0.3519,0.0,20.0,area_core_07,4.7552917534097885
day_1,Cold cloudy day,0.45,83,20.75,0.1731,0.0,20.0,area_core_07,4.793692943194388
day_1,Cold cloudy day,0.45,84,21.0,-0.0,0.0,20.0,area_core_07,4.830869933975789
day_1,Cold cloudy day,0.45,85,21.25,-0.1667,0.0,20.0,area_core_07,4.866672385525525
day_1,Cold cloudy day,0.45,86,21.5,-0.3263,0.0,20.0,area_core_07,4.9009499576151345
day_1,Cold cloudy day,0.45,87,21.75,-0.478,0.0,20.0,area_core_07,4.93353083284066
day_1,Cold cloudy day,0.45,88,22.0,-0.6213,0.0,20.0,area_core_07,4.9643076253246265
day_1,Cold cloudy day,0.45,89,22.25,-0.7555,0.0,20.0,area_core_07,4.993129994838571
day_1,Cold cloudy day,0.45,90,22.5,-0.8801,0.0,20.0,area_core_07,5.01989055550502
day_1,Cold cloudy day,0.45,91,22.75,-0.9944,0.0,20.0,area_core_07,5.044438967095511
day_1,Cold cloudy day,0.45,92,23.0,-1.0981,0.0,20.0,area_core_07,5.066710798083559
day_1,Cold cloudy day,0.45,93,23.25,-1.1906,0.0,20.0,area_core_07,5.086577185416196
day_1,Cold cloudy day,0.45,94,23.5,-1.2716,0.0,20.0,area_core_07,5.103973697566938
day_1,Cold cloudy day,0.45,95,23.75,-1.3408,0.0,20.0,area_core_07,5.118835903009301
day_1,Cold cloudy day,0.45,0,0.0,-1.3978,0.0,20.0,area_core_08,8.306120400546966
day_1,Cold cloudy day,0.45,1,0.25,-1.4424,0.0,20.0,area_core_08,8.326693749894513
day_1,Cold cloudy day,0.45,2,0.5,-1.4743,0.0,20.0,area_core_08,8.341408768822468
day_1,Cold cloudy day,0.45,3,0.75,-1.4936,0.0,20.0,area_core_08,8.350311585916812
day_1,Cold cloudy day,0.45,4,1.0,-1.5,0.0,20.0,area_core_08,8.353263815419599
day_1,Cold cloudy day,0.45,5,1.25,-1.4936,0.0,20.0,area_core_08,8.350311585916812
day_1,Cold cloudy day,0.45,6,1.5,-1.4743,0.0,20.0,area_core_08,8.341408768822468
day_1,Cold cloudy day,0.45,7,1.75,-1.4424,0.0,20.0,area_core_08,8.326693749894513
day_1,Cold cloudy day,0.45,8,2.0,-1.3978,0.0,20.0,area_core_08,8.306120400546966
day_1,Cold cloudy day,0.45,9,2.25,-1.3408,0.0,20.0,area_core_08,8.279827106537768
day_1,Cold cloudy day,0.45,10,2.5,-1.2716,0.0,20.0,area_core_08,8.247906125038881
day_1,Cold cloudy day,0.45,11,2.75,-1.1906,0.0,20.0,area_core_08,8.210541970394232
day_1,Cold cloudy day,0.45,12,3.0,-1.0981,0.0,20.0,area_core_08,8.167873028361761
day_1,Cold cloudy day,0.45,13,3.25,-0.9944,0.0,20.0,area_core_08,8.120037684699412
day_1,Cold cloudy day,0.45,14,3.5,-0.8801,0.0,20.0,area_core_08,8.067312710923073
day_1,Cold cloudy day,0.45,15,3.75,-0.7555,0.0,20.0,area_core_08,8.009836492790686
day_1,Cold cloudy day,0.45,16,4.0,-0.6213,0.0,20.0,area_core_08,7.947931930404119
day_1,Cold cloudy day,0.45,17,4.25,-0.478,0.0,20.0,area_core_08,7.881829666693275
day_1,Cold cloudy day,0.45,18,4.5,-0.3263,0.0,20.0,area_core_08,7.811852601760021
day_1,Cold cloudy day,0.45,19,4.75,-0.1667,0.0,20.0,area_core_08,7.738231378534266
day_1,Cold cloudy day,0.45,20,5.0,0.0,0.0,20.0,area_core_08,7.661335025703856
day_1,Cold cloudy day,0.45,21,5.25,0.1731,0.0,20.0,area_core_08,7.581486443370659
day_1,Cold cloudy day,0.45,22,5.5,0.3519,0.0,20.0,area_core_08,7.4990085316365445
day_1,Cold cloudy day,0.45,23,5.75,0.5357,0.0,20.0,area_core_08,7.414224190603376
day_1,Cold cloudy day,0.45,24,6.0,0.7235,0.0,20.0,area_core_08,7.327594706130963
day_1,Cold cloudy day,0.45,25,6.25,0.9147,0.0,20.0,area_core_08,7.239396849735197
day_1,Cold cloudy day,0.45,26,6.5,1.1084,0.0,20.0,area_core_08,7.150045778689906
day_1,Cold cloudy day,0.45,27,6.75,1.3038,0.0,20.0,area_core_08,7.059910521682935
day_1,Cold cloudy day,0.45,28,7.0,1.5,0.0,20.0,area_core_08,6.9694062359881155
day_1,Cold cloudy day,0.45,29,7.25,1.6962,4.5782,20.0,area_core_08,6.867616970562274
day_1,Cold cloudy day,0.45,30,7.5,1.8916,9.1368,20.0,area_core_08,6.766245046611564
day_1,Cold cloudy day,0.45,31,7.75,2.0853,13.6563,20.0,area_core_08,6.66575368770328
day_1,Cold cloudy day,0.45,32,8.0,2.2765,18.1173,20.0,area_core_08,6.566559742324927
day_1,Cold cloudy day,0.45,33,8.25,2.4643,22.5008,20.0,area_core_08,6.469125201574736
day_1,Cold cloudy day,0.45,34,8.5,2.6481,26.7878,20.0,area_core_08,6.373773670793
day_1,Cold cloudy day,0.45,35,8.75,2.8269,30.9602,20.0,area_core_08,6.28101105121962
day_1,Cold cloudy day,0.45,36,9.0,3.0,35.0,20.0,area_core_08,6.191204611842744
day_1,Cold cloudy day,0.45,37,9.25,3.1667,38.8899,20.0,area_core_08,6.104719896193826
day_1,Cold cloudy day,0.45,38,9.5,3.3263,42.6133,20.0,area_core_08,6.021920722347634
day_1,Cold cloudy day,0.45,39,9.75,3.478,46.1542,20.0,area_core_08,5.943215558002041
day_1,Cold cloudy day,0.45,40,10.0,3.6213,49.4975,20.0,area_core_08,5.868872266652668
day_1,Cold cloudy day,0.45,41,10.25,3.7555,52.6288,20.0,area_core_08,5.799249243510399
day_1,Cold cloudy day,0.45,42,10.5,3.8801,55.5347,20.0,area_core_08,5.73461016167604
day_1,Cold cloudy day,0.45,43,10.75,3.9944,58.2029,20.0,area_core_08,5.67530823999041
day_1,Cold cloudy day,0.45,44,11.0,4.0981,60.6218,20.0,area_core_08,5.6215104574937245
day_1,Cold cloudy day,0.45,45,11.25,4.1906,62.7811,20.0,area_core_08,5.5735189745645695
day_1,Cold cloudy day,0.45,46,11.5,4.2716,64.6716,20.0,area_core_08,5.5314948543916564
day_1,Cold cloudy day,0.45,47,11.75,4.3408,66.2851,20.0,area_core_08,5.495596695225564
day_1,Cold cloudy day,0.45,48,12.0,4.3978,67.6148,20.0,area_core_08,5.466025772989478
day_1,Cold cloudy day,0.45,49,12.25,4.4424,68.655,20.0,area_core_08,5.442888395002681
day_1,Cold cloudy day,0.45,50,12.5,4.4743,69.4011,20.0,area_core_08,5.426334285738499
day_1,Cold cloudy day,0.45,51,12.75,4.4936,69.8501,20.0,area_core_08,5.4163247114253315
day_1,Cold cloudy day,0.45,52,13.0,4.5,70.0,20.0,area_core_08,5.413002987697372
day_1,Cold cloudy day,0.45,53,13.25,4.4936,69.8501,20.0,area_core_08,5.4163247114253315
day_1,Cold cloudy day,0.45,54,13.5,4.4743,69.4011,20.0,area_core_08,5.426334285738499
day_1,Cold cloudy day,0.45,55,13.75,4.4424,68.655,20.0,area_core_08,5.442888395002681
day_1,Cold cloudy day,0.45,56,14.0,4.3978,67.6148,20.0,area_core_08,5.466025772989478
day_1,Cold cloudy day,0.45,57,14.25,4.3408,66.2851,20.0,area_core_08,5.495596695225564
day_1,Cold cloudy day,0.45,58,14.5,4.2716,64.6716,20.0,area_core_08,5.5314948543916564
day_1,Cold cloudy day,0.45,59,14.75,4.1906,62.7811,20.0,area_core_08,5.5735189745645695
day_1,Cold cloudy day,0.45,60,15.0,4.0981,60.6218,20.0,area_core_08,5.6215104574937245
day_1,Cold cloudy day,0.45,61,15.25,3.9944,58.2029,20.0,area_core_08,5.67530823999041
day_1,Cold cloudy day,0.45,62,15.5,3.8801,55.5347,20.0,area_core_08,5.73461016167604
day_1,Cold cloudy day,0.45,63,15.75,3.7555,52.6288,20.0,area_core_08,5.799249243510399
day_1,Cold cloudy day,0.45,64,16.0,3.6213,49.4975,20.0,area_core_08,5.868872266652668
day_1,Cold cloudy day,0.45,65,16.25,3.478,46.1542,20.0,area_core_08,5.943215558002041
day_1,Cold cloudy day,0.45,66,16.5,3.3263,42.6133,20.0,area_core_08,6.021920722347634
day_1,Cold cloudy day,0.45,67,16.75,3.1667,38.8899,20.0,area_core_08,6.104719896193826
day_1,Cold cloudy day,0.45,68,17.0,3.0,35.0,20.0,area_core_08,6.191204611842744
day_1,Cold cloudy day,0.45,69,17.25,2.8269,30.9602,20.0,area_core_08,6.28101105121962
day_1,Cold cloudy day,0.45,70,17.5,2.6481,26.7878,20.0,area_core_08,6.373773670793
day_1,Cold cloudy day,0.45,71,17.75,2.4643,22.5008,20.0,area_core_08,6.469125201574736
day_1,Cold cloudy day,0.45,72,18.0,2.2765,18.1173,20.0,area_core_08,6.566559742324927
day_1,Cold cloudy day,0.45,73,18.25,2.0853,13.6563,20.0,area_core_08,6.66575368770328
day_1,Cold cloudy day,0.45,74,18.5,1.8916,9.1368,20.0,area_core_08,6.766245046611564
day_1,Cold cloudy day,0.45,75,18.75,1.6962,4.5782,20.0,area_core_08,6.867616970562274
day_1,Cold cloudy day,0.45,76,19.0,1.5,0.0,20.0,area_core_08,6.9694062359881155
day_1,Cold cloudy day,0.45,77,19.25,1.3038,0.0,20.0,area_core_08,7.059910521682935
day_1,Cold cloudy day,0.45,78,19.5,1.1084,0.0,20.0,area_core_08,7.150045778689906
day_1,Cold cloudy day,0.45,79,19.75,0.9147,0.0,20.0,area_core_08,7.239396849735197
day_1,Cold cloudy day,0.45,80,20.0,0.7235,0.0,20.0,area_core_08,7.327594706130963
day_1,Cold cloudy day,0.45,81,20.25,0.5357,0.0,20.0,area_core_08,7.414224190603376
day_1,Cold cloudy day,0.45,82,20.5,0.3519,0.0,20.0,area_core_08,7.4990085316365445
day_1,Cold cloudy day,0.45,83,20.75,0.1731,0.0,20.0,area_core_08,7.581486443370659
day_1,Cold cloudy day,0.45,84,21.0,-0.0,0.0,20.0,area_core_08,7.661335025703856
day_1,Cold cloudy day,0.45,85,21.25,-0.1667,0.0,20.0,area_core_08,7.738231378534266
day_1,Cold cloudy day,0.45,86,21.5,-0.3263,0.0,20.0,area_core_08,7.811852601760021
day_1,Cold cloudy day,0.45,87,21.75,-0.478,0.0,20.0,area_core_08,7.881829666693275
day_1,Cold cloudy day,0.45,88,22.0,-0.6213,0.0,20.0,area_core_08,7.947931930404119
day_1,Cold cloudy day,0.45,89,22.25,-0.7555,0.0,20.0,area_core_08,8.009836492790686
day_1,Cold cloudy day,0.45,90,22.5,-0.8801,0.0,20.0,area_core_08,8.067312710923073
day_1,Cold cloudy day,0.45,91,22.75,-0.9944,0.0,20.0,area_core_08,8.120037684699412
day_1,Cold cloudy day,0.45,92,23.0,-1.0981,0.0,20.0,area_core_08,8.167873028361761
day_1,Cold cloudy day,0.45,93,23.25,-1.1906,0.0,20.0,area_core_08,8.210541970394232
day_1,Cold cloudy day,0.45,94,23.5,-1.2716,0.0,20.0,area_core_08,8.247906125038881
day_1,Cold cloudy day,0.45,95,23.75,-1.3408,0.0,20.0,area_core_08,8.279827106537768
day_1,Cold cloudy day,0.45,0,0.0,-1.3978,0.0,20.0,area_old_01,2.0190416676629295
day_1,Cold cloudy day,0.45,1,0.25,-1.4424,0.0,20.0,area_old_01,2.0257771111463128
day_1,Cold cloudy day,0.45,2,0.5,-1.4743,0.0,20.0,area_old_01,2.030594614444966
day_1,Cold cloudy day,0.45,3,0.75,-1.4936,0.0,20.0,area_old_01,2.0335092794501075
day_1,Cold cloudy day,0.45,4,1.0,-1.5,0.0,20.0,area_old_01,2.0344758004880816
day_1,Cold cloudy day,0.45,5,1.25,-1.4936,0.0,20.0,area_old_01,2.0335092794501075
day_1,Cold cloudy day,0.45,6,1.5,-1.4743,0.0,20.0,area_old_01,2.030594614444966
day_1,Cold cloudy day,0.45,7,1.75,-1.4424,0.0,20.0,area_old_01,2.0257771111463128
day_1,Cold cloudy day,0.45,8,2.0,-1.3978,0.0,20.0,area_old_01,2.0190416676629295
day_1,Cold cloudy day,0.45,9,2.25,-1.3408,0.0,20.0,area_old_01,2.010433589668471
day_1,Cold cloudy day,0.45,10,2.5,-1.2716,0.0,20.0,area_old_01,1.9999830809453734
day_1,Cold cloudy day,0.45,11,2.75,-1.1906,0.0,20.0,area_old_01,1.9877505490585112
day_1,Cold cloudy day,0.45,12,3.0,-1.0981,0.0,20.0,area_old_01,1.973781299681539
day_1,Cold cloudy day,0.45,13,3.25,-0.9944,0.0,20.0,area_old_01,1.9581206384881114
day_1,Cold cloudy day,0.45,14,3.5,-0.8801,0.0,20.0,area_old_01,1.9408591768255392
day_1,Cold cloudy day,0.45,15,3.75,-0.7555,0.0,20.0,area_old_01,1.9220422203674774
day_1,Cold cloudy day,0.45,16,4.0,-0.6213,0.0,20.0,area_old_01,1.9017754823524537
day_1,Cold cloudy day,0.45,17,4.25,-0.478,0.0,20.0,area_old_01,1.8801344722365605
day_1,Cold cloudy day,0.45,18,4.5,-0.3263,0.0,20.0,area_old_01,1.8572249032583255
day_1,Cold cloudy day,0.45,19,4.75,-0.1667,0.0,20.0,area_old_01,1.8331222848738409
day_1,Cold cloudy day,0.45,20,5.0,0.0,0.0,20.0,area_old_01,1.8079474322128544
day_1,Cold cloudy day,0.45,21,5.25,0.1731,0.0,20.0,area_old_01,1.7818060585138928
day_1,Cold cloudy day,0.45,22,5.5,0.3519,0.0,20.0,area_old_01,1.754803877015486
day_1,Cold cloudy day,0.45,23,5.75,0.5357,0.0,20.0,area_old_01,1.7270466009561618
day_1,Cold cloudy day,0.45,24,6.0,0.7235,0.0,20.0,area_old_01,1.6986852492481028
day_1,Cold cloudy day,0.45,25,6.25,0.9147,0.0,20.0,area_old_01,1.669810433238621
day_1,Cold cloudy day,0.45,26,6.5,1.1084,0.0,20.0,area_old_01,1.6405580699486797
day_1,Cold cloudy day,0.45,27,6.75,1.3038,0.0,20.0,area_old_01,1.611048974508027
day_1,Cold cloudy day,0.45,28,7.0,1.5,0.0,20.0,area_old_01,1.581419063937627
day_1,Cold cloudy day,0.45,29,7.25,1.6962,4.5782,20.0,area_old_01,1.5484591922000908
day_1,Cold cloudy day,0.45,30,7.5,1.8916,9.1368,20.0,area_old_01,1.51563439168397
day_1,Cold cloudy day,0.45,31,7.75,2.0853,13.6563,20.0,area_old_01,1.4830947627667364
day_1,Cold cloudy day,0.45,32,8.0,2.2765,18.1173,20.0,area_old_01,1.450975231199481
day_1,Cold cloudy day,0.45,33,8.25,2.4643,22.5008,20.0,area_old_01,1.4194255336838686
day_1,Cold cloudy day,0.45,34,8.5,2.6481,26.7878,20.0,area_old_01,1.3885501012479087
day_1,Cold cloudy day,0.45,35,8.75,2.8269,30.9602,20.0,area_old_01,1.358513117868028
day_1,Cold cloudy day,0.45,36,9.0,3.0,35.0,20.0,area_old_01,1.32943338911184
day_1,Cold cloudy day,0.45,37,9.25,3.1667,38.8899,20.0,area_old_01,1.3014292114008241
day_1,Cold cloudy day,0.45,38,9.5,3.3263,42.6133,20.0,area_old_01,1.2746183720103295
day_1,Cold cloudy day,0.45,39,9.75,3.478,46.1542,20.0,area_old_01,1.2491333236959554
day_1,Cold cloudy day,0.45,40,10.0,3.6213,49.4975,20.0,area_old_01,1.2250605589231909
day_1,Cold cloudy day,0.45,41,10.25,3.7555,52.6288,20.0,area_old_01,1.202516264793831
day_1,Cold cloudy day,0.45,42,10.5,3.8801,55.5347,20.0,area_old_01,1.1815856972756182
day_1,Cold cloudy day,0.45,43,10.75,3.9944,58.2029,20.0,area_old_01,1.1623835160319547
day_1,Cold cloudy day,0.45,44,11.0,4.0981,60.6218,20.0,area_old_01,1.144963464015237
day_1,Cold cloudy day,0.45,45,11.25,4.1906,62.7811,20.0,area_old_01,1.1294236442944183
day_1,Cold cloudy day,0.45,46,11.5,4.2716,64.6716,20.0,area_old_01,1.1158160541780182
day_1,Cold cloudy day,0.45,47,11.75,4.3408,66.2851,20.0,area_old_01,1.1041919636229398
day_1,Cold cloudy day,0.45,48,12.0,4.3978,67.6148,20.0,area_old_01,1.0946167261850448
day_1,Cold cloudy day,0.45,49,12.25,4.4424,68.655,20.0,area_old_01,1.087124691550979
day_1,Cold cloudy day,0.45,50,12.5,4.4743,69.4011,20.0,area_old_01,1.0817645112118295
day_1,Cold cloudy day,0.45,51,12.75,4.4936,69.8501,20.0,area_old_01,1.0785232653312251
day_1,Cold cloudy day,0.45,52,13.0,4.5,70.0,20.0,area_old_01,1.0774477142860528
day_1,Cold cloudy day,0.45,53,13.25,4.4936,69.8501,20.0,area_old_01,1.0785232653312251
day_1,Cold cloudy day,0.45,54,13.5,4.4743,69.4011,20.0,area_old_01,1.0817645112118295
day_1,Cold cloudy day,0.45,55,13.75,4.4424,68.655,20.0,area_old_01,1.087124691550979
day_1,Cold cloudy day,0.45,56,14.0,4.3978,67.6148,20.0,area_old_01,1.0946167261850448
day_1,Cold cloudy day,0.45,57,14.25,4.3408,66.2851,20.0,area_old_01,1.1041919636229398
day_1,Cold cloudy day,0.45,58,14.5,4.2716,64.6716,20.0,area_old_01,1.1158160541780182
day_1,Cold cloudy day,0.45,59,14.75,4.1906,62.7811,20.0,area_old_01,1.1294236442944183
day_1,Cold cloudy day,0.45,60,15.0,4.0981,60.6218,20.0,area_old_01,1.144963464015237
day_1,Cold cloudy day,0.45,61,15.25,3.9944,58.2029,20.0,area_old_01,1.1623835160319547
day_1,Cold cloudy day,0.45,62,15.5,3.8801,55.5347,20.0,area_old_01,1.1815856972756182
day_1,Cold cloudy day,0.45,63,15.75,3.7555,52.6288,20.0,area_old_01,1.202516264793831
day_1,Cold cloudy day,0.45,64,16.0,3.6213,49.4975,20.0,area_old_01,1.2250605589231909
day_1,Cold cloudy day,0.45,65,16.25,3.478,46.1542,20.0,area_old_01,1.2491333236959554
day_1,Cold cloudy day,0.45,66,16.5,3.3263,42.6133,20.0,area_old_01,1.2746183720103295
day_1,Cold cloudy day,0.45,67,16.75,3.1667,38.8899,20.0,area_old_01,1.3014292114008241
day_1,Cold cloudy day,0.45,68,17.0,3.0,35.0,20.0,area_old_01,1.32943338911184
day_1,Cold cloudy day,0.45,69,17.25,2.8269,30.9602,20.0,area_old_01,1.358513117868028
day_1,Cold cloudy day,0.45,70,17.5,2.6481,26.7878,20.0,area_old_01,1.3885501012479087
day_1,Cold cloudy day,0.45,71,17.75,2.4643,22.5008,20.0,area_old_01,1.4194255336838686
day_1,Cold cloudy day,0.45,72,18.0,2.2765,18.1173,20.0,area_old_01,1.450975231199481
day_1,Cold cloudy day,0.45,73,18.25,2.0853,13.6563,20.0,area_old_01,1.4830947627667364
day_1,Cold cloudy day,0.45,74,18.5,1.8916,9.1368,20.0,area_old_01,1.51563439168397
day_1,Cold cloudy day,0.45,75,18.75,1.6962,4.5782,20.0,area_old_01,1.5484591922000908
day_1,Cold cloudy day,0.45,76,19.0,1.5,0.0,20.0,area_old_01,1.581419063937627
day_1,Cold cloudy day,0.45,77,19.25,1.3038,0.0,20.0,area_old_01,1.611048974508027
day_1,Cold cloudy day,0.45,78,19.5,1.1084,0.0,20.0,area_old_01,1.6405580699486797
day_1,Cold cloudy day,0.45,79,19.75,0.9147,0.0,20.0,area_old_01,1.669810433238621
day_1,Cold cloudy day,0.45,80,20.0,0.7235,0.0,20.0,area_old_01,1.6986852492481028
day_1,Cold cloudy day,0.45,81,20.25,0.5357,0.0,20.0,area_old_01,1.7270466009561618
day_1,Cold cloudy day,0.45,82,20.5,0.3519,0.0,20.0,area_old_01,1.754803877015486
day_1,Cold cloudy day,0.45,83,20.75,0.1731,0.0,20.0,area_old_01,1.7818060585138928
day_1,Cold cloudy day,0.45,84,21.0,-0.0,0.0,20.0,area_old_01,1.8079474322128544
day_1,Cold cloudy day,0.45,85,21.25,-0.1667,0.0,20.0,area_old_01,1.8331222848738409
day_1,Cold cloudy day,0.45,86,21.5,-0.3263,0.0,20.0,area_old_01,1.8572249032583255
day_1,Cold cloudy day,0.45,87,21.75,-0.478,0.0,20.0,area_old_01,1.8801344722365605
day_1,Cold cloudy day,0.45,88,22.0,-0.6213,0.0,20.0,area_old_01,1.9017754823524537
day_1,Cold cloudy day,0.45,89,22.25,-0.7555,0.0,20.0,area_old_01,1.9220422203674774
day_1,Cold cloudy day,0.45,90,22.5,-0.8801,0.0,20.0,area_old_01,1.9408591768255392
day_1,Cold cloudy day,0.45,91,22.75,-0.9944,0.0,20.0,area_old_01,1.9581206384881114
day_1,Cold cloudy day,0.45,92,23.0,-1.0981,0.0,20.0,area_old_01,1.973781299681539
day_1,Cold cloudy day,0.45,93,23.25,-1.1906,0.0,20.0,area_old_01,1.9877505490585112
day_1,Cold cloudy day,0.45,94,23.5,-1.2716,0.0,20.0,area_old_01,1.9999830809453734
day_1,Cold cloudy day,0.45,95,23.75,-1.3408,0.0,20.0,area_old_01,2.010433589668471
day_1,Cold cloudy day,0.45,0,0.0,-1.3978,0.0,20.0,area_old_02,3.7870748148222586
day_1,Cold cloudy day,0.45,1,0.25,-1.4424,0.0,20.0,area_old_02,3.7954858093354065
day_1,Cold cloudy day,0.45,2,0.5,-1.4743,0.0,20.0,area_old_02,3.8015017448728368
day_1,Cold cloudy day,0.45,3,0.75,-1.4936,0.0,20.0,area_old_02,3.8051414801666437
day_1,Cold cloudy day,0.45,4,1.0,-1.5,0.0,20.0,area_old_02,3.806348439020548
day_1,Cold cloudy day,0.45,5,1.25,-1.4936,0.0,20.0,area_old_02,3.8051414801666437
day_1,Cold cloudy day,0.45,6,1.5,-1.4743,0.0,20.0,area_old_02,3.8015017448728368
day_1,Cold cloudy day,0.45,7,1.75,-1.4424,0.0,20.0,area_old_02,3.7954858093354065
day_1,Cold cloudy day,0.45,8,2.0,-1.3978,0.0,20.0,area_old_02,3.7870748148222586
day_1,Cold cloudy day,0.45,9,2.25,-1.3408,0.0,20.0,area_old_02,3.7763253375296704
day_1,Cold cloudy day,0.45,10,2.5,-1.2716,0.0,20.0,area_old_02,3.7632750949218257
day_1,Cold cloudy day,0.45,11,2.75,-1.1906,0.0,20.0,area_old_02,3.7479995219270954
day_1,Cold cloudy day,0.45,12,3.0,-1.0981,0.0,20.0,area_old_02,3.7305551947417546
day_1,Cold cloudy day,0.45,13,3.25,-0.9944,0.0,20.0,area_old_02,3.710998689562081
day_1,Cold cloudy day,0.45,14,3.5,-0.8801,0.0,20.0,area_old_02,3.6894431587806276
day_1,Cold cloudy day,0.45,15,3.75,-0.7555,0.0,20.0,area_old_02,3.665945178593672
day_1,Cold cloudy day,0.45,16,4.0,-0.6213,0.0,20.0,area_old_02,3.640636760125859
day_1,Cold cloudy day,0.45,17,4.25,-0.478,0.0,20.0,area_old_02,3.61361219703765
day_1,Cold cloudy day,0.45,18,4.5,-0.3263,0.0,20.0,area_old_02,3.5850035004536913
day_1,Cold cloudy day,0.45,19,4.75,-0.1667,0.0,20.0,area_old_02,3.554904964034444
day_1,Cold cloudy day,0.45,20,5.0,0.0,0.0,20.0,area_old_02,3.5234674576366465
day_1,Cold cloudy day,0.45,21,5.25,0.1731,0.0,20.0,area_old_02,3.490822992384944
day_1,Cold cloudy day,0.45,22,5.5,0.3519,0.0,20.0,area_old_02,3.4571035794039835
day_1,Cold cloudy day,0.45,23,5.75,0.5357,0.0,20.0,area_old_02,3.4224412298184097
day_1,Cold cloudy day,0.45,24,6.0,0.7235,0.0,20.0,area_old_02,3.3870245309491445
day_1,Cold cloudy day,0.45,25,6.25,0.9147,0.0,20.0,area_old_02,3.3509666351887435
day_1,Cold cloudy day,0.45,26,6.5,1.1084,0.0,20.0,area_old_02,3.3144372711260357
day_1,Cold cloudy day,0.45,27,6.75,1.3038,0.0,20.0,area_old_02,3.27758730861776
day_1,Cold cloudy day,0.45,28,7.0,1.5,0.0,20.0,area_old_02,3.240586476252745
day_1,Cold cloudy day,0.45,29,7.25,1.6962,4.5782,20.0,area_old_02,3.1780529558145982
day_1,Cold cloudy day,0.45,30,7.5,1.8916,9.1368,20.0,area_old_02,3.1157796147186283
day_1,Cold cloudy day,0.45,31,7.75,2.0853,13.6563,20.0,area_old_02,3.0540449333376465
day_1,Cold cloudy day,0.45,32,8.0,2.2765,18.1173,20.0,area_old_02,2.993107975610917
day_1,Cold cloudy day,0.45,33,8.25,2.4643,22.5008,20.0,area_old_02,2.9332444334039702
day_1,Cold cloudy day,0.45,34,8.5,2.6481,26.7878,20.0,area_old_02,2.8746734223860613
day_1,Cold cloudy day,0.45,35,8.75,2.8269,30.9602,20.0,area_old_02,2.817684473841704
day_1,Cold cloudy day,0.45,36,9.0,3.0,35.0,20.0,area_old_02,2.7625099851576835
day_1,Cold cloudy day,0.45,37,9.25,3.1667,38.8899,20.0,area_old_02,2.709378449810588
day_1,Cold cloudy day,0.45,38,9.5,3.3263,42.6133,20.0,area_old_02,2.658514457366811
day_1,Cold cloudy day,0.45,39,9.75,3.478,46.1542,20.0,area_old_02,2.610158109916102
day_1,Cold cloudy day,0.45,40,10.0,3.6213,49.4975,20.0,area_old_02,2.564487914038827
day_1,Cold cloudy day,0.45,41,10.25,3.7555,52.6288,20.0,area_old_02,2.521716189869341
day_1,Cold cloudy day,0.45,42,10.5,3.8801,55.5347,20.0,area_old_02,2.4820119630632522
day_1,Cold cloudy day,0.45,43,10.75,3.9944,58.2029,20.0,area_old_02,2.4455758420243328
day_1,Cold cloudy day,0.45,44,11.0,4.0981,60.6218,20.0,area_old_02,2.412529096317793
day_1,Cold cloudy day,0.45,45,11.25,4.1906,62.7811,20.0,area_old_02,2.3830423215861862
day_1,Cold cloudy day,0.45,46,11.5,4.2716,64.6716,20.0,area_old_02,2.357223402559771
day_1,Cold cloudy day,0.45,47,11.75,4.3408,66.2851,20.0,area_old_02,2.3351746469542425
day_1,Cold cloudy day,0.45,48,12.0,4.3978,67.6148,20.0,area_old_02,2.317009413396999
day_1,Cold cloudy day,0.45,49,12.25,4.4424,68.655,20.0,area_old_02,2.3027972083352357
day_1,Cold cloudy day,0.45,50,12.5,4.4743,69.4011,20.0,area_old_02,2.2926202622322194
day_1,Cold cloudy day,0.45,51,12.75,4.4936,69.8501,20.0,area_old_02,2.2864764473995467
day_1,Cold cloudy day,0.45,52,13.0,4.5,70.0,20.0,area_old_02,2.2844334940626223
day_1,Cold cloudy day,0.45,53,13.25,4.4936,69.8501,20.0,area_old_02,2.2864764473995467
day_1,Cold cloudy day,0.45,54,13.5,4.4743,69.4011,20.0,area_old_02,2.2926202622322194
day_1,Cold cloudy day,0.45,55,13.75,4.4424,68.655,20.0,area_old_02,2.3027972083352357
day_1,Cold cloudy day,0.45,56,14.0,4.3978,67.6148,20.0,area_old_02,2.317009413396999
day_1,Cold cloudy day,0.45,57,14.25,4.3408,66.2851,20.0,area_old_02,2.3351746469542425
day_1,Cold cloudy day,0.45,58,14.5,4.2716,64.6716,20.0,area_old_02,2.357223402559771
day_1,Cold cloudy day,0.45,59,14.75,4.1906,62.7811,20.0,area_old_02,2.3830423215861862
day_1,Cold cloudy day,0.45,60,15.0,4.0981,60.6218,20.0,area_old_02,2.412529096317793
day_1,Cold cloudy day,0.45,61,15.25,3.9944,58.2029,20.0,area_old_02,2.4455758420243328
day_1,Cold cloudy day,0.45,62,15.5,3.8801,55.5347,20.0,area_old_02,2.4820119630632522
day_1,Cold cloudy day,0.45,63,15.75,3.7555,52.6288,20.0,area_old_02,2.521716189869341
day_1,Cold cloudy day,0.45,64,16.0,3.6213,49.4975,20.0,area_old_02,2.564487914038827
day_1,Cold cloudy day,0.45,65,16.25,3.478,46.1542,20.0,area_old_02,2.610158109916102
day_1,Cold cloudy day,0.45,66,16.5,3.3263,42.6133,20.0,area_old_02,2.658514457366811
day_1,Cold cloudy day,0.45,67,16.75,3.1667,38.8899,20.0,area_old_02,2.709378449810588
day_1,Cold cloudy day,0.45,68,17.0,3.0,35.0,20.0,area_old_02,2.7625099851576835
day_1,Cold cloudy day,0.45,69,17.25,2.8269,30.9602,20.0,area_old_02,2.817684473841704
day_1,Cold cloudy day,0.45,70,17.5,2.6481,26.7878,20.0,area_old_02,2.8746734223860613
day_1,Cold cloudy day,0.45,71,17.75,2.4643,22.5008,20.0,area_old_02,2.9332444334039702
day_1,Cold cloudy day,0.45,72,18.0,2.2765,18.1173,20.0,area_old_02,2.993107975610917
day_1,Cold cloudy day,0.45,73,18.25,2.0853,13.6563,20.0,area_old_02,3.0540449333376465
day_1,Cold cloudy day,0.45,74,18.5,1.8916,9.1368,20.0,area_old_02,3.1157796147186283
day_1,Cold cloudy day,0.45,75,18.75,1.6962,4.5782,20.0,area_old_02,3.1780529558145982
day_1,Cold cloudy day,0.45,76,19.0,1.5,0.0,20.0,area_old_02,3.240586476252745
day_1,Cold cloudy day,0.45,77,19.25,1.3038,0.0,20.0,area_old_02,3.27758730861776
day_1,Cold cloudy day,0.45,78,19.5,1.1084,0.0,20.0,area_old_02,3.3144372711260357
day_1,Cold cloudy day,0.45,79,19.75,0.9147,0.0,20.0,area_old_02,3.3509666351887435
day_1,Cold cloudy day,0.45,80,20.0,0.7235,0.0,20.0,area_old_02,3.3870245309491445
day_1,Cold cloudy day,0.45,81,20.25,0.5357,0.0,20.0,area_old_02,3.4224412298184097
day_1,Cold cloudy day,0.45,82,20.5,0.3519,0.0,20.0,area_old_02,3.4571035794039835
day_1,Cold cloudy day,0.45,83,20.75,0.1731,0.0,20.0,area_old_02,3.490822992384944
day_1,Cold cloudy day,0.45,84,21.0,-0.0,0.0,20.0,area_old_02,3.5234674576366465
day_1,Cold cloudy day,0.45,85,21.25,-0.1667,0.0,20.0,area_old_02,3.554904964034444
day_1,Cold cloudy day,0.45,86,21.5,-0.3263,0.0,20.0,area_old_02,3.5850035004536913
day_1,Cold cloudy day,0.45,87,21.75,-0.478,0.0,20.0,area_old_02,3.61361219703765
day_1,Cold cloudy day,0.45,88,22.0,-0.6213,0.0,20.0,area_old_02,3.640636760125859
day_1,Cold cloudy day,0.45,89,22.25,-0.7555,0.0,20.0,area_old_02,3.665945178593672
day_1,Cold cloudy day,0.45,90,22.5,-0.8801,0.0,20.0,area_old_02,3.6894431587806276
day_1,Cold cloudy day,0.45,91,22.75,-0.9944,0.0,20.0,area_old_02,3.710998689562081
day_1,Cold cloudy day,0.45,92,23.0,-1.0981,0.0,20.0,area_old_02,3.7305551947417546
day_1,Cold cloudy day,0.45,93,23.25,-1.1906,0.0,20.0,area_old_02,3.7479995219270954
day_1,Cold cloudy day,0.45,94,23.5,-1.2716,0.0,20.0,area_old_02,3.7632750949218257
day_1,Cold cloudy day,0.45,95,23.75,-1.3408,0.0,20.0,area_old_02,3.7763253375296704
day_1,Cold cloudy day,0.45,0,0.0,-1.3978,0.0,20.0,area_old_03,3.355835612107073
day_1,Cold cloudy day,0.45,1,0.25,-1.4424,0.0,20.0,area_old_03,3.366139406851263
day_1,Cold cloudy day,0.45,2,0.5,-1.4743,0.0,20.0,area_old_03,3.3735091613880264
day_1,Cold cloudy day,0.45,3,0.75,-1.4936,0.0,20.0,area_old_03,3.3779679783961627
day_1,Cold cloudy day,0.45,4,1.0,-1.5,0.0,20.0,area_old_03,3.3794465498392747
day_1,Cold cloudy day,0.45,5,1.25,-1.4936,0.0,20.0,area_old_03,3.3779679783961627
day_1,Cold cloudy day,0.45,6,1.5,-1.4743,0.0,20.0,area_old_03,3.3735091613880264
day_1,Cold cloudy day,0.45,7,1.75,-1.4424,0.0,20.0,area_old_03,3.366139406851263
day_1,Cold cloudy day,0.45,8,2.0,-1.3978,0.0,20.0,area_old_03,3.355835612107073
day_1,Cold cloudy day,0.45,9,2.25,-1.3408,0.0,20.0,area_old_03,3.3426670851918527
day_1,Cold cloudy day,0.45,10,2.5,-1.2716,0.0,20.0,area_old_03,3.3266800314631992
day_1,Cold cloudy day,0.45,11,2.75,-1.1906,0.0,20.0,area_old_03,3.307966861636307
day_1,Cold cloudy day,0.45,12,3.0,-1.0981,0.0,20.0,area_old_03,3.286596883747572
day_1,Cold cloudy day,0.45,13,3.25,-0.9944,0.0,20.0,area_old_03,3.2626394058333905
day_1,Cold cloudy day,0.45,14,3.5,-0.8801,0.0,20.0,area_old_03,3.236233043966554
day_1,Cold cloudy day,0.45,15,3.75,-0.7555,0.0,20.0,area_old_03,3.207447106183459
day_1,Cold cloudy day,0.45,16,4.0,-0.6213,0.0,20.0,area_old_03,3.1764433112356945
day_1,Cold cloudy day,0.45,17,4.25,-0.478,0.0,20.0,area_old_03,3.143337172517255
day_1,Cold cloudy day,0.45,18,4.5,-0.3263,0.0,20.0,area_old_03,3.10829040877973
day_1,Cold cloudy day,0.45,19,4.75,-0.1667,0.0,20.0,area_old_03,3.0714185334171122
day_1,Cold cloudy day,0.45,20,5.0,0.0,0.0,20.0,area_old_03,3.0329063678597934
day_1,Cold cloudy day,0.45,21,5.25,0.1731,0.0,20.0,area_old_03,2.9929156308593607
day_1,Cold cloudy day,0.45,22,5.5,0.3519,0.0,20.0,area_old_03,2.951608041167406
day_1,Cold cloudy day,0.45,23,5.75,0.5357,0.0,20.0,area_old_03,2.9091453175355215
day_1,Cold cloudy day,0.45,24,6.0,0.7235,0.0,20.0,area_old_03,2.8657584867516896
day_1,Cold cloudy day,0.45,25,6.25,0.9147,0.0,20.0,area_old_03,2.821586164888705
day_1,Cold cloudy day,0.45,26,6.5,1.1084,0.0,20.0,area_old_03,2.776836276055755
day_1,Cold cloudy day,0.45,27,6.75,1.3038,0.0,20.0,area_old_03,2.731693641683228
day_1,Cold cloudy day,0.45,28,7.0,1.5,0.0,20.0,area_old_03,2.686366185880311
day_1,Cold cloudy day,0.45,29,7.25,1.6962,4.5782,20.0,area_old_03,2.622824399678867
day_1,Cold cloudy day,0.45,30,7.5,1.8916,9.1368,20.0,area_old_03,2.559545413343837
day_1,Cold cloudy day,0.45,31,7.75,2.0853,13.6563,20.0,area_old_03,2.496814731571271
day_1,Cold cloudy day,0.45,32,8.0,2.2765,18.1173,20.0,area_old_03,2.4348943585292573
day_1,Cold cloudy day,0.45,33,8.25,2.4643,22.5008,20.0,area_old_03,2.3740678096680266
day_1,Cold cloudy day,0.45,34,8.5,2.6481,26.7878,20.0,area_old_03,2.3145492924014186
day_1,Cold cloudy day,0.45,35,8.75,2.8269,30.9602,20.0,area_old_03,2.2566418442159906
day_1,Cold cloudy day,0.45,36,9.0,3.0,35.0,20.0,area_old_03,2.200578796712747
day_1,Cold cloudy day,0.45,37,9.25,3.1667,38.8899,20.0,area_old_03,2.146590696548544
day_1,Cold cloudy day,0.45,38,9.5,3.3263,42.6133,20.0,area_old_03,2.094905305436095
day_1,Cold cloudy day,0.45,39,9.75,3.478,46.1542,20.0,area_old_03,2.0457711006719332
day_1,Cold cloudy day,0.45,40,10.0,3.6213,49.4975,20.0,area_old_03,1.9993636708737244
day_1,Cold cloudy day,0.45,41,10.25,3.7555,52.6288,20.0,area_old_03,1.9559020250725876
day_1,Cold cloudy day,0.45,42,10.5,3.8801,55.5347,20.0,area_old_03,1.9155549884504115
day_1,Cold cloudy day,0.45,43,10.75,3.9944,58.2029,20.0,area_old_03,1.878533215205882
day_1,Cold cloudy day,0.45,44,11.0,4.0981,60.6218,20.0,area_old_03,1.8449521638783501
day_1,Cold cloudy day,0.45,45,11.25,4.1906,62.7811,20.0,area_old_03,1.8149914290044373
day_1,Cold cloudy day,0.45,46,11.5,4.2716,64.6716,20.0,area_old_03,1.7887569207435723
day_1,Cold cloudy day,0.45,47,11.75,4.3408,66.2851,20.0,area_old_03,1.766350570763548
day_1,Cold cloudy day,0.45,48,12.0,4.3978,67.6148,20.0,area_old_03,1.747891843522671
day_1,Cold cloudy day,0.45,49,12.25,4.4424,68.655,20.0,area_old_03,1.7334496217808515
day_1,Cold cloudy day,0.45,50,12.5,4.4743,69.4011,20.0,area_old_03,1.7231115146360008
day_1,Cold cloudy day,0.45,51,12.75,4.4936,69.8501,20.0,area_old_03,1.7168663548842233
day_1,Cold cloudy day,0.45,52,13.0,4.5,70.0,20.0,area_old_03,1.7147914075451829
day_1,Cold cloudy day,0.45,53,13.25,4.4936,69.8501,20.0,area_old_03,1.7168663548842233
day_1,Cold cloudy day,0.45,54,13.5,4.4743,69.4011,20.0,area_old_03,1.7231115146360008
day_1,Cold cloudy day,0.45,55,13.75,4.4424,68.655,20.0,area_old_03,1.7334496217808515
day_1,Cold cloudy day,0.45,56,14.0,4.3978,67.6148,20.0,area_old_03,1.747891843522671
day_1,Cold cloudy day,0.45,57,14.25,4.3408,66.2851,20.0,area_old_03,1.766350570763548
day_1,Cold cloudy day,0.45,58,14.5,4.2716,64.6716,20.0,area_old_03,1.7887569207435723
day_1,Cold cloudy day,0.45,59,14.75,4.1906,62.7811,20.0,area_old_03,1.8149914290044373
day_1,Cold cloudy day,0.45,60,15.0,4.0981,60.6218,20.0,area_old_03,1.8449521638783501
day_1,Cold cloudy day,0.45,61,15.25,3.9944,58.2029,20.0,area_old_03,1.878533215205882
day_1,Cold cloudy day,0.45,62,15.5,3.8801,55.5347,20.0,area_old_03,1.9155549884504115
day_1,Cold cloudy day,0.45,63,15.75,3.7555,52.6288,20.0,area_old_03,1.9559020250725876
day_1,Cold cloudy day,0.45,64,16.0,3.6213,49.4975,20.0,area_old_03,1.9993636708737244
day_1,Cold cloudy day,0.45,65,16.25,3.478,46.1542,20.0,area_old_03,2.0457711006719332
day_1,Cold cloudy day,0.45,66,16.5,3.3263,42.6133,20.0,area_old_03,2.094905305436095
day_1,Cold cloudy day,0.45,67,16.75,3.1667,38.8899,20.0,area_old_03,2.146590696548544
day_1,Cold cloudy day,0.45,68,17.0,3.0,35.0,20.0,area_old_03,2.200578796712747
day_1,Cold cloudy day,0.45,69,17.25,2.8269,30.9602,20.0,area_old_03,2.2566418442159906
day_1,Cold cloudy day,0.45,70,17.5,2.6481,26.7878,20.0,area_old_03,2.3145492924014186
day_1,Cold cloudy day,0.45,71,17.75,2.4643,22.5008,20.0,area_old_03,2.3740678096680266
day_1,Cold cloudy day,0.45,72,18.0,2.2765,18.1173,20.0,area_old_03,2.4348943585292573
day_1,Cold cloudy day,0.45,73,18.25,2.0853,13.6563,20.0,area_old_03,2.496814731571271
day_1,Cold cloudy day,0.45,74,18.5,1.8916,9.1368,20.0,area_old_03,2.559545413343837
day_1,Cold cloudy day,0.45,75,18.75,1.6962,4.5782,20.0,area_old_03,2.622824399678867
day_1,Cold cloudy day,0.45,76,19.0,1.5,0.0,20.0,area_old_03,2.686366185880311
day_1,Cold cloudy day,0.45,77,19.25,1.3038,0.0,20.0,area_old_03,2.731693641683228
day_1,Cold cloudy day,0.45,78,19.5,1.1084,0.0,20.0,area_old_03,2.776836276055755
day_1,Cold cloudy day,0.45,79,19.75,0.9147,0.0,20.0,area_old_03,2.821586164888705
day_1,Cold cloudy day,0.45,80,20.0,0.7235,0.0,20.0,area_old_03,2.8657584867516896
day_1,Cold cloudy day,0.45,81,20.25,0.5357,0.0,20.0,area_old_03,2.9091453175355215
day_1,Cold cloudy day,0.45,82,20.5,0.3519,0.0,20.0,area_old_03,2.951608041167406
day_1,Cold cloudy day,0.45,83,20.75,0.1731,0.0,20.0,area_old_03,2.9929156308593607
day_1,Cold cloudy day,0.45,84,21.0,-0.0,0.0,20.0,area_old_03,3.0329063678597934
day_1,Cold cloudy day,0.45,85,21.25,-0.1667,0.0,20.0,area_old_03,3.0714185334171122
day_1,Cold cloudy day,0.45,86,21.5,-0.3263,0.0,20.0,area_old_03,3.10829040877973
day_1,Cold cloudy day,0.45,87,21.75,-0.478,0.0,20.0,area_old_03,3.143337172517255
day_1,Cold cloudy day,0.45,88,22.0,-0.6213,0.0,20.0,area_old_03,3.1764433112356945
day_1,Cold cloudy day,0.45,89,22.25,-0.7555,0.0,20.0,area_old_03,3.207447106183459
day_1,Cold cloudy day,0.45,90,22.5,-0.8801,0.0,20.0,area_old_03,3.236233043966554
day_1,Cold cloudy day,0.45,91,22.75,-0.9944,0.0,20.0,area_old_03,3.2626394058333905
day_1,Cold cloudy day,0.45,92,23.0,-1.0981,0.0,20.0,area_old_03,3.286596883747572
day_1,Cold cloudy day,0.45,93,23.25,-1.1906,0.0,20.0,area_old_03,3.307966861636307
day_1,Cold cloudy day,0.45,94,23.5,-1.2716,0.0,20.0,area_old_03,3.3266800314631992
day_1,Cold cloudy day,0.45,95,23.75,-1.3408,0.0,20.0,area_old_03,3.3426670851918527
day_1,Cold cloudy day,0.45,0,0.0,-1.3978,0.0,20.0,area_old_04,2.15825657070943
day_1,Cold cloudy day,0.45,1,0.25,-1.4424,0.0,20.0,area_old_04,2.160566049359891
day_1,Cold cloudy day,0.45,2,0.5,-1.4743,0.0,20.0,area_old_04,2.1622178961973284
day_1,Cold cloudy day,0.45,3,0.75,-1.4936,0.0,20.0,area_old_04,2.1632172894249946
day_1,Cold cloudy day,0.45,4,1.0,-1.5,0.0,20.0,area_old_04,2.163548694433132
day_1,Cold cloudy day,0.45,5,1.25,-1.4936,0.0,20.0,area_old_04,2.1632172894249946
day_1,Cold cloudy day,0.45,6,1.5,-1.4743,0.0,20.0,area_old_04,2.1622178961973284
day_1,Cold cloudy day,0.45,7,1.75,-1.4424,0.0,20.0,area_old_04,2.160566049359891
day_1,Cold cloudy day,0.45,8,2.0,-1.3978,0.0,20.0,area_old_04,2.15825657070943
day_1,Cold cloudy day,0.45,9,2.25,-1.3408,0.0,20.0,area_old_04,2.155304994855702
day_1,Cold cloudy day,0.45,10,2.5,-1.2716,0.0,20.0,area_old_04,2.1517216782052104
day_1,Cold cloudy day,0.45,11,2.75,-1.1906,0.0,20.0,area_old_04,2.1475273335709653
day_1,Cold cloudy day,0.45,12,3.0,-1.0981,0.0,20.0,area_old_04,2.142737495562722
day_1,Cold cloudy day,0.45,13,3.25,-0.9944,0.0,20.0,area_old_04,2.1373676987902375
day_1,Cold cloudy day,0.45,14,3.5,-0.8801,0.0,20.0,area_old_04,2.1314490124730248
day_1,Cold cloudy day,0.45,15,3.75,-0.7555,0.0,20.0,area_old_04,2.12499697122084
day_1,Cold cloudy day,0.45,16,4.0,-0.6213,0.0,20.0,area_old_04,2.1180478224564485
day_1,Cold cloudy day,0.45,17,4.25,-0.478,0.0,20.0,area_old_04,2.1106274571961103
day_1,Cold cloudy day,0.45,18,4.5,-0.3263,0.0,20.0,area_old_04,2.102772122862592
day_1,Cold cloudy day,0.45,19,4.75,-0.1667,0.0,20.0,area_old_04,2.094507710472153
day_1,Cold cloudy day,0.45,20,5.0,0.0,0.0,20.0,area_old_04,2.0858756456508107
day_1,Cold cloudy day,0.45,21,5.25,0.1731,0.0,20.0,area_old_04,2.076912175821331
day_1,Cold cloudy day,0.45,22,5.5,0.3519,0.0,20.0,area_old_04,2.0676535484064784
day_1,Cold cloudy day,0.45,23,5.75,0.5357,0.0,20.0,area_old_04,2.058136010829018
day_1,Cold cloudy day,0.45,24,6.0,0.7235,0.0,20.0,area_old_04,2.048411345121471
day_1,Cold cloudy day,0.45,25,6.25,0.9147,0.0,20.0,area_old_04,2.0385106205033514
day_1,Cold cloudy day,0.45,26,6.5,1.1084,0.0,20.0,area_old_04,2.0284804408039276
day_1,Cold cloudy day,0.45,27,6.75,1.3038,0.0,20.0,area_old_04,2.018362231649217
day_1,Cold cloudy day,0.45,28,7.0,1.5,0.0,20.0,area_old_04,2.0082025968684896
day_1,Cold cloudy day,0.45,29,7.25,1.6962,4.5782,20.0,area_old_04,1.9896330036752063
day_1,Cold cloudy day,0.45,30,7.5,1.8916,9.1368,20.0,area_old_04,1.9711408404731685
day_1,Cold cloudy day,0.45,31,7.75,2.0853,13.6563,20.0,area_old_04,1.9528085317611321
day_1,Cold cloudy day,0.45,32,8.0,2.2765,18.1173,20.0,area_old_04,1.93471314013886
day_1,Cold cloudy day,0.45,33,8.25,2.4643,22.5008,20.0,area_old_04,1.9169361716264037
day_1,Cold cloudy day,0.45,34,8.5,2.6481,26.7878,20.0,area_old_04,1.8995435976340587
day_1,Cold cloudy day,0.45,35,8.75,2.8269,30.9602,20.0,area_old_04,1.8826204491234595
day_1,Cold cloudy day,0.45,36,9.0,3.0,35.0,20.0,area_old_04,1.8662360387507442
day_1,Cold cloudy day,0.45,37,9.25,3.1667,38.8899,20.0,area_old_04,1.8504583933018632
day_1,Cold cloudy day,0.45,38,9.5,3.3263,42.6133,20.0,area_old_04,1.8353542536925809
day_1,Cold cloudy day,0.45,39,9.75,3.478,46.1542,20.0,area_old_04,1.8209944368674678
day_1,Cold cloudy day,0.45,40,10.0,3.6213,49.4975,20.0,area_old_04,1.8074325718996693
day_1,Cold cloudy day,0.45,41,10.25,3.7555,52.6288,20.0,area_old_04,1.7947313583986486
day_1,Cold cloudy day,0.45,42,10.5,3.8801,55.5347,20.0,area_old_04,1.782941302609955
day_1,Cold cloudy day,0.45,43,10.75,3.9944,58.2029,20.0,area_old_04,1.7721212465324916
day_1,Cold cloudy day,0.45,44,11.0,4.0981,60.6218,20.0,area_old_04,1.7623080334819654
day_1,Cold cloudy day,0.45,45,11.25,4.1906,62.7811,20.0,area_old_04,1.7535516533392084
day_1,Cold cloudy day,0.45,46,11.5,4.2716,64.6716,20.0,area_old_04,1.7458845407221455
day_1,Cold cloudy day,0.45,47,11.75,4.3408,66.2851,20.0,area_old_04,1.7393372932912912
day_1,Cold cloudy day,0.45,48,12.0,4.3978,67.6148,20.0,area_old_04,1.7339431151700397
day_1,Cold cloudy day,0.45,49,12.25,4.4424,68.655,20.0,area_old_04,1.72972283342213
day_1,Cold cloudy day,0.45,50,12.5,4.4743,69.4011,20.0,area_old_04,1.7267004326614024
day_1,Cold cloudy day,0.45,51,12.75,4.4936,69.8501,20.0,area_old_04,1.7248762455568334
day_1,Cold cloudy day,0.45,52,13.0,4.5,70.0,20.0,area_old_04,1.724269480632999
day_1,Cold cloudy day,0.45,53,13.25,4.4936,69.8501,20.0,area_old_04,1.7248762455568334
day_1,Cold cloudy day,0.45,54,13.5,4.4743,69.4011,20.0,area_old_04,1.7267004326614024
day_1,Cold cloudy day,0.45,55,13.75,4.4424,68.655,20.0,area_old_04,1.72972283342213
day_1,Cold cloudy day,0.45,56,14.0,4.3978,67.6148,20.0,area_old_04,1.7339431151700397
day_1,Cold cloudy day,0.45,57,14.25,4.3408,66.2851,20.0,area_old_04,1.7393372932912912
day_1,Cold cloudy day,0.45,58,14.5,4.2716,64.6716,20.0,area_old_04,1.7458845407221455
day_1,Cold cloudy day,0.45,59,14.75,4.1906,62.7811,20.0,area_old_04,1.7535516533392084
day_1,Cold cloudy day,0.45,60,15.0,4.0981,60.6218,20.0,area_old_04,1.7623080334819654
day_1,Cold cloudy day,0.45,61,15.25,3.9944,58.2029,20.0,area_old_04,1.7721212465324916
day_1,Cold cloudy day,0.45,62,15.5,3.8801,55.5347,20.0,area_old_04,1.782941302609955
day_1,Cold cloudy day,0.45,63,15.75,3.7555,52.6288,20.0,area_old_04,1.7947313583986486
day_1,Cold cloudy day,0.45,64,16.0,3.6213,49.4975,20.0,area_old_04,1.8074325718996693
day_1,Cold cloudy day,0.45,65,16.25,3.478,46.1542,20.0,area_old_04,1.8209944368674678
day_1,Cold cloudy day,0.45,66,16.5,3.3263,42.6133,20.0,area_old_04,1.8353542536925809
day_1,Cold cloudy day,0.45,67,16.75,3.1667,38.8899,20.0,area_old_04,1.8504583933018632
day_1,Cold cloudy day,0.45,68,17.0,3.0,35.0,20.0,area_old_04,1.8662360387507442
day_1,Cold cloudy day,0.45,69,17.25,2.8269,30.9602,20.0,area_old_04,1.8826204491234595
day_1,Cold cloudy day,0.45,70,17.5,2.6481,26.7878,20.0,area_old_04,1.8995435976340587
day_1,Cold cloudy day,0.45,71,17.75,2.4643,22.5008,20.0,area_old_04,1.9169361716264037
day_1,Cold cloudy day,0.45,72,18.0,2.2765,18.1173,20.0,area_old_04,1.93471314013886
day_1,Cold cloudy day,0.45,73,18.25,2.0853,13.6563,20.0,area_old_04,1.9528085317611321
day_1,Cold cloudy day,0.45,74,18.5,1.8916,9.1368,20.0,area_old_04,1.9711408404731685
day_1,Cold cloudy day,0.45,75,18.75,1.6962,4.5782,20.0,area_old_04,1.9896330036752063
day_1,Cold cloudy day,0.45,76,19.0,1.5,0.0,20.0,area_old_04,2.0082025968684896
day_1,Cold cloudy day,0.45,77,19.25,1.3038,0.0,20.0,area_old_04,2.018362231649217
day_1,Cold cloudy day,0.45,78,19.5,1.1084,0.0,20.0,area_old_04,2.0284804408039276
day_1,Cold cloudy day,0.45,79,19.75,0.9147,0.0,20.0,area_old_04,2.0385106205033514
day_1,Cold cloudy day,0.45,80,20.0,0.7235,0.0,20.0,area_old_04,2.048411345121471
day_1,Cold cloudy day,0.45,81,20.25,0.5357,0.0,20.0,area_old_04,2.058136010829018
day_1,Cold cloudy day,0.45,82,20.5,0.3519,0.0,20.0,area_old_04,2.0676535484064784
day_1,Cold cloudy day,0.45,83,20.75,0.1731,0.0,20.0,area_old_04,2.076912175821331
day_1,Cold cloudy day,0.45,84,21.0,-0.0,0.0,20.0,area_old_04,2.0858756456508107
day_1,Cold cloudy day,0.45,85,21.25,-0.1667,0.0,20.0,area_old_04,2.094507710472153
day_1,Cold cloudy day,0.45,86,21.5,-0.3263,0.0,20.0,area_old_04,2.102772122862592
day_1,Cold cloudy day,0.45,87,21.75,-0.478,0.0,20.0,area_old_04,2.1106274571961103
day_1,Cold cloudy day,0.45,88,22.0,-0.6213,0.0,20.0,area_old_04,2.1180478224564485
day_1,Cold cloudy day,0.45,89,22.25,-0.7555,0.0,20.0,area_old_04,2.12499697122084
day_1,Cold cloudy day,0.45,90,22.5,-0.8801,0.0,20.0,area_old_04,2.1314490124730248
day_1,Cold cloudy day,0.45,91,22.75,-0.9944,0.0,20.0,area_old_04,2.1373676987902375
day_1,Cold cloudy day,0.45,92,23.0,-1.0981,0.0,20.0,area_old_04,2.142737495562722
day_1,Cold cloudy day,0.45,93,23.25,-1.1906,0.0,20.0,area_old_04,2.1475273335709653
day_1,Cold cloudy day,0.45,94,23.5,-1.2716,0.0,20.0,area_old_04,2.1517216782052104
day_1,Cold cloudy day,0.45,95,23.75,-1.3408,0.0,20.0,area_old_04,2.155304994855702
day_1,Cold cloudy day,0.45,0,0.0,-1.3978,0.0,20.0,area_old_05,1.9381236730590112
day_1,Cold cloudy day,0.45,1,0.25,-1.4424,0.0,20.0,area_old_05,1.9424168873224192
day_1,Cold cloudy day,0.45,2,0.5,-1.4743,0.0,20.0,area_old_05,1.9454875943852605
day_1,Cold cloudy day,0.45,3,0.75,-1.4936,0.0,20.0,area_old_05,1.9473454202884843
day_1,Cold cloudy day,0.45,4,1.0,-1.5,0.0,20.0,area_old_05,1.9479614869092425
day_1,Cold cloudy day,0.45,5,1.25,-1.4936,0.0,20.0,area_old_05,1.9473454202884843
day_1,Cold cloudy day,0.45,6,1.5,-1.4743,0.0,20.0,area_old_05,1.9454875943852605
day_1,Cold cloudy day,0.45,7,1.75,-1.4424,0.0,20.0,area_old_05,1.9424168873224192
day_1,Cold cloudy day,0.45,8,2.0,-1.3978,0.0,20.0,area_old_05,1.9381236730590112
day_1,Cold cloudy day,0.45,9,2.25,-1.3408,0.0,20.0,area_old_05,1.9326368297178842
day_1,Cold cloudy day,0.45,10,2.5,-1.2716,0.0,20.0,area_old_05,1.9259756093809366
day_1,Cold cloudy day,0.45,11,2.75,-1.1906,0.0,20.0,area_old_05,1.9181785162119667
day_1,Cold cloudy day,0.45,12,3.0,-1.0981,0.0,20.0,area_old_05,1.9092744283338217
day_1,Cold cloudy day,0.45,13,3.25,-0.9944,0.0,20.0,area_old_05,1.8992922238693497
day_1,Cold cloudy day,0.45,14,3.5,-0.8801,0.0,20.0,area_old_05,1.8882896590642475
day_1,Cold cloudy day,0.45,15,3.75,-0.7555,0.0,20.0,area_old_05,1.8762956120413632
day_1,Cold cloudy day,0.45,16,4.0,-0.6213,0.0,20.0,area_old_05,1.863377465087341
day_1,Cold cloudy day,0.45,17,4.25,-0.478,0.0,20.0,area_old_05,1.8495833484069282
day_1,Cold cloudy day,0.45,18,4.5,-0.3263,0.0,20.0,area_old_05,1.8349806442867704
day_1,Cold cloudy day,0.45,19,4.75,-0.1667,0.0,20.0,area_old_05,1.8196174829316143
day_1,Cold cloudy day,0.45,20,5.0,0.0,0.0,20.0,area_old_05,1.803570872669055
day_1,Cold cloudy day,0.45,21,5.25,0.1731,0.0,20.0,area_old_05,1.7869081957857373
day_1,Cold cloudy day,0.45,22,5.5,0.3519,0.0,20.0,area_old_05,1.769696834568307
day_1,Cold cloudy day,0.45,23,5.75,0.5357,0.0,20.0,area_old_05,1.7520041713034096
day_1,Cold cloudy day,0.45,24,6.0,0.7235,0.0,20.0,area_old_05,1.7339264664005376
day_1,Cold cloudy day,0.45,25,6.25,0.9147,0.0,20.0,area_old_05,1.7155214761053887
day_1,Cold cloudy day,0.45,26,6.5,1.1084,0.0,20.0,area_old_05,1.696875834786506
day_1,Cold cloudy day,0.45,27,6.75,1.3038,0.0,20.0,area_old_05,1.6780665507714843
day_1,Cold cloudy day,0.45,28,7.0,1.5,0.0,20.0,area_old_05,1.6591802584288677
day_1,Cold cloudy day,0.45,29,7.25,1.6962,4.5782,20.0,area_old_05,1.6309417927504293
day_1,Cold cloudy day,0.45,30,7.5,1.8916,9.1368,20.0,area_old_05,1.602820373536273
day_1,Cold cloudy day,0.45,31,7.75,2.0853,13.6563,20.0,area_old_05,1.574942469015423
day_1,Cold cloudy day,0.45,32,8.0,2.2765,18.1173,20.0,area_old_05,1.5474247170997462
day_1,Cold cloudy day,0.45,33,8.25,2.4643,22.5008,20.0,area_old_05,1.5203925646372278
day_1,Cold cloudy day,0.45,34,8.5,2.6481,26.7878,20.0,area_old_05,1.4939425803530066
day_1,Cold cloudy day,0.45,35,8.75,2.8269,30.9602,20.0,area_old_05,1.4682079986501488
day_1,Cold cloudy day,0.45,36,9.0,3.0,35.0,20.0,area_old_05,1.4432929715326668
day_1,Cold cloudy day,0.45,37,9.25,3.1667,38.8899,20.0,area_old_05,1.419300221071118
day_1,Cold cloudy day,0.45,38,9.5,3.3263,42.6133,20.0,area_old_05,1.3963310394026078
day_1,Cold cloudy day,0.45,39,9.75,3.478,46.1542,20.0,area_old_05,1.3744951190479449
day_1,Cold cloudy day,0.45,40,10.0,3.6213,49.4975,20.0,area_old_05,1.3538714359192228
day_1,Cold cloudy day,0.45,41,10.25,3.7555,52.6288,20.0,area_old_05,1.334556788076978
day_1,Cold cloudy day,0.45,42,10.5,3.8801,55.5347,20.0,area_old_05,1.316626678737776
day_1,Cold cloudy day,0.45,43,10.75,3.9944,58.2029,20.0,area_old_05,1.3001736161617945
day_1,Cold cloudy day,0.45,44,11.0,4.0981,60.6218,20.0,area_old_05,1.2852501745119622
day_1,Cold cloudy day,0.45,45,11.25,4.1906,62.7811,20.0,area_old_05,1.2719351504833565
day_1,Cold cloudy day,0.45,46,11.5,4.2716,64.6716,20.0,area_old_05,1.2602762156099234
day_1,Cold cloudy day,0.45,47,11.75,4.3408,66.2851,20.0,area_old_05,1.2503189986635341
day_1,Cold cloudy day,0.45,48,12.0,4.3978,67.6148,20.0,area_old_05,1.2421158945901012
day_1,Cold cloudy day,0.45,49,12.25,4.4424,68.655,20.0,area_old_05,1.2356977992153562
day_1,Cold cloudy day,0.45,50,12.5,4.4743,69.4011,20.0,area_old_05,1.2311029873676964
day_1,Cold cloudy day,0.45,51,12.75,4.4936,69.8501,20.0,area_old_05,1.2283279612923996
day_1,Cold cloudy day,0.45,52,13.0,4.5,70.0,20.0,area_old_05,1.2274056846364663
day_1,Cold cloudy day,0.45,53,13.25,4.4936,69.8501,20.0,area_old_05,1.2283279612923996
day_1,Cold cloudy day,0.45,54,13.5,4.4743,69.4011,20.0,area_old_05,1.2311029873676964
day_1,Cold cloudy day,0.45,55,13.75,4.4424,68.655,20.0,area_old_05,1.2356977992153562
day_1,Cold cloudy day,0.45,56,14.0,4.3978,67.6148,20.0,area_old_05,1.2421158945901012
day_1,Cold cloudy day,0.45,57,14.25,4.3408,66.2851,20.0,area_old_05,1.2503189986635341
day_1,Cold cloudy day,0.45,58,14.5,4.2716,64.6716,20.0,area_old_05,1.2602762156099234
day_1,Cold cloudy day,0.45,59,14.75,4.1906,62.7811,20.0,area_old_05,1.2719351504833565
day_1,Cold cloudy day,0.45,60,15.0,4.0981,60.6218,20.0,area_old_05,1.2852501745119622
day_1,Cold cloudy day,0.45,61,15.25,3.9944,58.2029,20.0,area_old_05,1.3001736161617945
day_1,Cold cloudy day,0.45,62,15.5,3.8801,55.5347,20.0,area_old_05,1.316626678737776
day_1,Cold cloudy day,0.45,63,15.75,3.7555,52.6288,20.0,area_old_05,1.334556788076978
day_1,Cold cloudy day,0.45,64,16.0,3.6213,49.4975,20.0,area_old_05,1.3538714359192228
day_1,Cold cloudy day,0.45,65,16.25,3.478,46.1542,20.0,area_old_05,1.3744951190479449
day_1,Cold cloudy day,0.45,66,16.5,3.3263,42.6133,20.0,area_old_05,1.3963310394026078
day_1,Cold cloudy day,0.45,67,16.75,3.1667,38.8899,20.0,area_old_05,1.419300221071118
day_1,Cold cloudy day,0.45,68,17.0,3.0,35.0,20.0,area_old_05,1.4432929715326668
day_1,Cold cloudy day,0.45,69,17.25,2.8269,30.9602,20.0,area_old_05,1.4682079986501488
day_1,Cold cloudy day,0.45,70,17.5,2.6481,26.7878,20.0,area_old_05,1.4939425803530066
day_1,Cold cloudy day,0.45,71,17.75,2.4643,22.5008,20.0,area_old_05,1.5203925646372278
day_1,Cold cloudy day,0.45,72,18.0,2.2765,18.1173,20.0,area_old_05,1.5474247170997462
day_1,Cold cloudy day,0.45,73,18.25,2.0853,13.6563,20.0,area_old_05,1.574942469015423
day_1,Cold cloudy day,0.45,74,18.5,1.8916,9.1368,20.0,area_old_05,1.602820373536273
day_1,Cold cloudy day,0.45,75,18.75,1.6962,4.5782,20.0,area_old_05,1.6309417927504293
day_1,Cold cloudy day,0.45,76,19.0,1.5,0.0,20.0,area_old_05,1.6591802584288677
day_1,Cold cloudy day,0.45,77,19.25,1.3038,0.0,20.0,area_old_05,1.6780665507714843
day_1,Cold cloudy day,0.45,78,19.5,1.1084,0.0,20.0,area_old_05,1.696875834786506
day_1,Cold cloudy day,0.45,79,19.75,0.9147,0.0,20.0,area_old_05,1.7155214761053887
day_1,Cold cloudy day,0.45,80,20.0,0.7235,0.0,20.0,area_old_05,1.7339264664005376
day_1,Cold cloudy day,0.45,81,20.25,0.5357,0.0,20.0,area_old_05,1.7520041713034096
day_1,Cold cloudy day,0.45,82,20.5,0.3519,0.0,20.0,area_old_05,1.769696834568307
day_1,Cold cloudy day,0.45,83,20.75,0.1731,0.0,20.0,area_old_05,1.7869081957857373
day_1,Cold cloudy day,0.45,84,21.0,-0.0,0.0,20.0,area_old_05,1.803570872669055
day_1,Cold cloudy day,0.45,85,21.25,-0.1667,0.0,20.0,area_old_05,1.8196174829316143
day_1,Cold cloudy day,0.45,86,21.5,-0.3263,0.0,20.0,area_old_05,1.8349806442867704
day_1,Cold cloudy day,0.45,87,21.75,-0.478,0.0,20.0,area_old_05,1.8495833484069282
day_1,Cold cloudy day,0.45,88,22.0,-0.6213,0.0,20.0,area_old_05,1.863377465087341
day_1,Cold cloudy day,0.45,89,22.25,-0.7555,0.0,20.0,area_old_05,1.8762956120413632
day_1,Cold cloudy day,0.45,90,22.5,-0.8801,0.0,20.0,area_old_05,1.8882896590642475
day_1,Cold cloudy day,0.45,91,22.75,-0.9944,0.0,20.0,area_old_05,1.8992922238693497
day_1,Cold cloudy day,0.45,92,23.0,-1.0981,0.0,20.0,area_old_05,1.9092744283338217
day_1,Cold cloudy day,0.45,93,23.25,-1.1906,0.0,20.0,area_old_05,1.9181785162119667
day_1,Cold cloudy day,0.45,94,23.5,-1.2716,0.0,20.0,area_old_05,1.9259756093809366
day_1,Cold cloudy day,0.45,95,23.75,-1.3408,0.0,20.0,area_old_05,1.9326368297178842
day_1,Cold cloudy day,0.45,0,0.0,-1.3978,0.0,20.0,area_old_06,4.506242420086545
day_1,Cold cloudy day,0.45,1,0.25,-1.4424,0.0,20.0,area_old_06,4.5168304547902105
day_1,Cold cloudy day,0.45,2,0.5,-1.4743,0.0,20.0,area_old_06,4.524403511002025
day_1,Cold cloudy day,0.45,3,0.75,-1.4936,0.0,20.0,area_old_06,4.528985328710114
day_1,Cold cloudy day,0.45,4,1.0,-1.5,0.0,20.0,area_old_06,4.530504687950102
day_1,Cold cloudy day,0.45,5,1.25,-1.4936,0.0,20.0,area_old_06,4.528985328710114
day_1,Cold cloudy day,0.45,6,1.5,-1.4743,0.0,20.0,area_old_06,4.524403511002025
day_1,Cold cloudy day,0.45,7,1.75,-1.4424,0.0,20.0,area_old_06,4.5168304547902105
day_1,Cold cloudy day,0.45,8,2.0,-1.3978,0.0,20.0,area_old_06,4.506242420086545
day_1,Cold cloudy day,0.45,9,2.25,-1.3408,0.0,20.0,area_old_06,4.492710626855404
day_1,Cold cloudy day,0.45,10,2.5,-1.2716,0.0,20.0,area_old_06,4.476282555073034
day_1,Cold cloudy day,0.45,11,2.75,-1.1906,0.0,20.0,area_old_06,4.457053164691938
day_1,Cold cloudy day,0.45,12,3.0,-1.0981,0.0,20.0,area_old_06,4.435093675676487
day_1,Cold cloudy day,0.45,13,3.25,-0.9944,0.0,20.0,area_old_06,4.410475307991059
day_1,Cold cloudy day,0.45,14,3.5,-0.8801,0.0,20.0,area_old_06,4.383340501564401
day_1,Cold cloudy day,0.45,15,3.75,-0.7555,0.0,20.0,area_old_06,4.353760476360888
day_1,Cold cloudy day,0.45,16,4.0,-0.6213,0.0,20.0,area_old_06,4.321901412297392
day_1,Cold cloudy day,0.45,17,4.25,-0.478,0.0,20.0,area_old_06,4.287882009314538
day_1,Cold cloudy day,0.45,18,4.5,-0.3263,0.0,20.0,area_old_06,4.2518684473292
day_1,Cold cloudy day,0.45,19,4.75,-0.1667,0.0,20.0,area_old_06,4.213979426282003
day_1,Cold cloudy day,0.45,20,5.0,0.0,0.0,20.0,area_old_06,4.174404866077944
day_1,Cold cloudy day,0.45,21,5.25,0.1731,0.0,20.0,area_old_06,4.133310946633896
day_1,Cold cloudy day,0.45,22,5.5,0.3519,0.0,20.0,area_old_06,4.090863847866736
day_1,Cold cloudy day,0.45,23,5.75,0.5357,0.0,20.0,area_old_06,4.047229749693334
day_1,Cold cloudy day,0.45,24,6.0,0.7235,0.0,20.0,area_old_06,4.002646051994939
day_1,Cold cloudy day,0.45,25,6.25,0.9147,0.0,20.0,area_old_06,3.957255194700302
day_1,Cold cloudy day,0.45,26,6.5,1.1084,0.0,20.0,area_old_06,3.911270837702544
day_1,Cold cloudy day,0.45,27,6.75,1.3038,0.0,20.0,area_old_06,3.8648829009066645
day_1,Cold cloudy day,0.45,28,7.0,1.5,0.0,20.0,area_old_06,3.818305044205786
day_1,Cold cloudy day,0.45,29,7.25,1.6962,4.5782,20.0,area_old_06,3.762168990240208
day_1,Cold cloudy day,0.45,30,7.5,1.8916,9.1368,20.0,area_old_06,3.706263776337418
day_1,Cold cloudy day,0.45,31,7.75,2.0853,13.6563,20.0,area_old_06,3.650843773772011
day_1,Cold cloudy day,0.45,32,8.0,2.2765,18.1173,20.0,area_old_06,3.5961394050541458
day_1,Cold cloudy day,0.45,33,8.25,2.4643,22.5008,20.0,area_old_06,3.542403997576841
day_1,Cold cloudy day,0.45,34,8.5,2.6481,26.7878,20.0,area_old_06,3.4898196587687433
day_1,Cold cloudy day,0.45,35,8.75,2.8269,30.9602,20.0,area_old_06,3.4386615770241598
day_1,Cold cloudy day,0.45,36,9.0,3.0,35.0,20.0,area_old_06,3.389133511996711
day_1,Cold cloudy day,0.45,37,9.25,3.1667,38.8899,20.0,area_old_06,3.3414377619058073
day_1,Cold cloudy day,0.45,38,9.5,3.3263,42.6133,20.0,area_old_06,3.295775163536653
day_1,Cold cloudy day,0.45,39,9.75,3.478,46.1542,20.0,area_old_06,3.2523690410046866
day_1,Cold cloudy day,0.45,40,10.0,3.6213,49.4975,20.0,area_old_06,3.2113696194741355
day_1,Cold cloudy day,0.45,41,10.25,3.7555,52.6288,20.0,area_old_06,3.172973142651269
day_1,Cold cloudy day,0.45,42,10.5,3.8801,55.5347,20.0,area_old_06,3.137326286502954
day_1,Cold cloudy day,0.45,43,10.75,3.9944,58.2029,20.0,area_old_06,3.10462091043284
day_1,Cold cloudy day,0.45,44,11.0,4.0981,60.6218,20.0,area_old_06,3.0749524524578695
day_1,Cold cloudy day,0.45,45,11.25,4.1906,62.7811,20.0,area_old_06,3.048484856467262
day_1,Cold cloudy day,0.45,46,11.5,4.2716,64.6716,20.0,area_old_06,3.025308549846396
day_1,Cold cloudy day,0.45,47,11.75,4.3408,66.2851,20.0,area_old_06,3.005511872217495
day_1,Cold cloudy day,0.45,48,12.0,4.3978,67.6148,20.0,area_old_06,2.989203980322496
day_1,Cold cloudy day,0.45,49,12.25,4.4424,68.655,20.0,area_old_06,2.9764442543876175
day_1,Cold cloudy day,0.45,50,12.5,4.4743,69.4011,20.0,area_old_06,2.9673135180877352
day_1,Cold cloudy day,0.45,51,12.75,4.4936,69.8501,20.0,area_old_06,2.9617942947241813
day_1,Cold cloudy day,0.45,52,13.0,4.5,70.0,20.0,area_old_06,2.959961979787636
day_1,Cold cloudy day,0.45,53,13.25,4.4936,69.8501,20.0,area_old_06,2.9617942947241813
day_1,Cold cloudy day,0.45,54,13.5,4.4743,69.4011,20.0,area_old_06,2.9673135180877352
day_1,Cold cloudy day,0.45,55,13.75,4.4424,68.655,20.0,area_old_06,2.9764442543876175
day_1,Cold cloudy day,0.45,56,14.0,4.3978,67.6148,20.0,area_old_06,2.989203980322496
day_1,Cold cloudy day,0.45,57,14.25,4.3408,66.2851,20.0,area_old_06,3.005511872217495
day_1,Cold cloudy day,0.45,58,14.5,4.2716,64.6716,20.0,area_old_06,3.025308549846396
day_1,Cold cloudy day,0.45,59,14.75,4.1906,62.7811,20.0,area_old_06,3.048484856467262
day_1,Cold cloudy day,0.45,60,15.0,4.0981,60.6218,20.0,area_old_06,3.0749524524578695
day_1,Cold cloudy day,0.45,61,15.25,3.9944,58.2029,20.0,area_old_06,3.10462091043284
day_1,Cold cloudy day,0.45,62,15.5,3.8801,55.5347,20.0,area_old_06,3.137326286502954
day_1,Cold cloudy day,0.45,63,15.75,3.7555,52.6288,20.0,area_old_06,3.172973142651269
day_1,Cold cloudy day,0.45,64,16.0,3.6213,49.4975,20.0,area_old_06,3.2113696194741355
day_1,Cold cloudy day,0.45,65,16.25,3.478,46.1542,20.0,area_old_06,3.2523690410046866
day_1,Cold cloudy day,0.45,66,16.5,3.3263,42.6133,20.0,area_old_06,3.295775163536653
day_1,Cold cloudy day,0.45,67,16.75,3.1667,38.8899,20.0,area_old_06,3.3414377619058073
day_1,Cold cloudy day,0.45,68,17.0,3.0,35.0,20.0,area_old_06,3.389133511996711
day_1,Cold cloudy day,0.45,69,17.25,2.8269,30.9602,20.0,area_old_06,3.4386615770241598
day_1,Cold cloudy day,0.45,70,17.5,2.6481,26.7878,20.0,area_old_06,3.4898196587687433
day_1,Cold cloudy day,0.45,71,17.75,2.4643,22.5008,20.0,area_old_06,3.542403997576841
day_1,Cold cloudy day,0.45,72,18.0,2.2765,18.1173,20.0,area_old_06,3.5961394050541458
day_1,Cold cloudy day,0.45,73,18.25,2.0853,13.6563,20.0,area_old_06,3.650843773772011
day_1,Cold cloudy day,0.45,74,18.5,1.8916,9.1368,20.0,area_old_06,3.706263776337418
day_1,Cold cloudy day,0.45,75,18.75,1.6962,4.5782,20.0,area_old_06,3.762168990240208
day_1,Cold cloudy day,0.45,76,19.0,1.5,0.0,20.0,area_old_06,3.818305044205786
day_1,Cold cloudy day,0.45,77,19.25,1.3038,0.0,20.0,area_old_06,3.8648829009066645
day_1,Cold cloudy day,0.45,78,19.5,1.1084,0.0,20.0,area_old_06,3.911270837702544
day_1,Cold cloudy day,0.45,79,19.75,0.9147,0.0,20.0,area_old_06,3.957255194700302
day_1,Cold cloudy day,0.45,80,20.0,0.7235,0.0,20.0,area_old_06,4.002646051994939
day_1,Cold cloudy day,0.45,81,20.25,0.5357,0.0,20.0,area_old_06,4.047229749693334
day_1,Cold cloudy day,0.45,82,20.5,0.3519,0.0,20.0,area_old_06,4.090863847866736
day_1,Cold cloudy day,0.45,83,20.75,0.1731,0.0,20.0,area_old_06,4.133310946633896
day_1,Cold cloudy day,0.45,84,21.0,-0.0,0.0,20.0,area_old_06,4.174404866077944
day_1,Cold cloudy day,0.45,85,21.25,-0.1667,0.0,20.0,area_old_06,4.213979426282003
day_1,Cold cloudy day,0.45,86,21.5,-0.3263,0.0,20.0,area_old_06,4.2518684473292
day_1,Cold cloudy day,0.45,87,21.75,-0.478,0.0,20.0,area_old_06,4.287882009314538
day_1,Cold cloudy day,0.45,88,22.0,-0.6213,0.0,20.0,area_old_06,4.321901412297392
day_1,Cold cloudy day,0.45,89,22.25,-0.7555,0.0,20.0,area_old_06,4.353760476360888
day_1,Cold cloudy day,0.45,90,22.5,-0.8801,0.0,20.0,area_old_06,4.383340501564401
day_1,Cold cloudy day,0.45,91,22.75,-0.9944,0.0,20.0,area_old_06,4.410475307991059
day_1,Cold cloudy day,0.45,92,23.0,-1.0981,0.0,20.0,area_old_06,4.435093675676487
day_1,Cold cloudy day,0.45,93,23.25,-1.1906,0.0,20.0,area_old_06,4.457053164691938
day_1,Cold cloudy day,0.45,94,23.5,-1.2716,0.0,20.0,area_old_06,4.476282555073034
day_1,Cold cloudy day,0.45,95,23.75,-1.3408,0.0,20.0,area_old_06,4.492710626855404
day_1,Cold cloudy day,0.45,0,0.0,-1.3978,0.0,20.0,area_old_07,4.143347293242825
day_1,Cold cloudy day,0.45,1,0.25,-1.4424,0.0,20.0,area_old_07,4.154797020742007
day_1,Cold cloudy day,0.45,2,0.5,-1.4743,0.0,20.0,area_old_07,4.162986399827745
day_1,Cold cloudy day,0.45,3,0.75,-1.4936,0.0,20.0,area_old_07,4.16794110253479
day_1,Cold cloudy day,0.45,4,1.0,-1.5,0.0,20.0,area_old_07,4.169584112758888
day_1,Cold cloudy day,0.45,5,1.25,-1.4936,0.0,20.0,area_old_07,4.16794110253479
day_1,Cold cloudy day,0.45,6,1.5,-1.4743,0.0,20.0,area_old_07,4.162986399827745
day_1,Cold cloudy day,0.45,7,1.75,-1.4424,0.0,20.0,area_old_07,4.154797020742007
day_1,Cold cloudy day,0.45,8,2.0,-1.3978,0.0,20.0,area_old_07,4.143347293242825
day_1,Cold cloudy day,0.45,9,2.25,-1.3408,0.0,20.0,area_old_07,4.1287142334344535
day_1,Cold cloudy day,0.45,10,2.5,-1.2716,0.0,20.0,area_old_07,4.110949185386394
day_1,Cold cloudy day,0.45,11,2.75,-1.1906,0.0,20.0,area_old_07,4.090154837237655
day_1,Cold cloudy day,0.45,12,3.0,-1.0981,0.0,20.0,area_old_07,4.06640820509249
day_1,Cold cloudy day,0.45,13,3.25,-0.9944,0.0,20.0,area_old_07,4.039786305055154
day_1,Cold cloudy day,0.45,14,3.5,-0.8801,0.0,20.0,area_old_07,4.010443169334155
day_1,Cold cloudy day,0.45,15,3.75,-0.7555,0.0,20.0,area_old_07,3.97845581403375
day_1,Cold cloudy day,0.45,16,4.0,-0.6213,0.0,20.0,area_old_07,3.944003943397197
day_1,Cold cloudy day,0.45,17,4.25,-0.478,0.0,20.0,area_old_07,3.907215917598255
day_1,Cold cloudy day,0.45,18,4.5,-0.3263,0.0,20.0,area_old_07,3.868271440880184
day_1,Cold cloudy day,0.45,19,4.75,-0.1667,0.0,20.0,area_old_07,3.8272988734167424
day_1,Cold cloudy day,0.45,20,5.0,0.0,0.0,20.0,area_old_07,3.784503591485942
day_1,Cold cloudy day,0.45,21,5.25,0.1731,0.0,20.0,area_old_07,3.740065299331044
day_1,Cold cloudy day,0.45,22,5.5,0.3519,0.0,20.0,area_old_07,3.6941637011953086
day_1,Cold cloudy day,0.45,23,5.75,0.5357,0.0,20.0,area_old_07,3.646978501321998
day_1,Cold cloudy day,0.45,24,6.0,0.7235,0.0,20.0,area_old_07,3.598766420058624
day_1,Cold cloudy day,0.45,25,6.25,0.9147,0.0,20.0,area_old_07,3.5496814896136994
day_1,Cold cloudy day,0.45,26,6.5,1.1084,0.0,20.0,area_old_07,3.499954758299987
day_1,Cold cloudy day,0.45,27,6.75,1.3038,0.0,20.0,area_old_07,3.449791602395498
day_1,Cold cloudy day,0.45,28,7.0,1.5,0.0,20.0,area_old_07,3.399423070212996
day_1,Cold cloudy day,0.45,29,7.25,1.6962,4.5782,20.0,area_old_07,3.333061562413966
day_1,Cold cloudy day,0.45,30,7.5,1.8916,9.1368,20.0,area_old_07,3.2669738993569917
day_1,Cold cloudy day,0.45,31,7.75,2.0853,13.6563,20.0,area_old_07,3.2014592484899813
day_1,Cold cloudy day,0.45,32,8.0,2.2765,18.1173,20.0,area_old_07,3.136790755897197
day_1,Cold cloudy day,0.45,33,8.25,2.4643,22.5008,20.0,area_old_07,3.073265842382053
day_1,Cold cloudy day,0.45,34,8.5,2.6481,26.7878,20.0,area_old_07,3.0111049126437166
day_1,Cold cloudy day,0.45,35,8.75,2.8269,30.9602,20.0,area_old_07,2.950627915560271
day_1,Cold cloudy day,0.45,36,9.0,3.0,35.0,20.0,area_old_07,2.8920774345766516
day_1,Cold cloudy day,0.45,37,9.25,3.1667,38.8899,20.0,area_old_07,2.8356936078355037
day_1,Cold cloudy day,0.45,38,9.5,3.3263,42.6133,20.0,area_old_07,2.781714128177186
day_1,Cold cloudy day,0.45,39,9.75,3.478,46.1542,20.0,area_old_07,2.7304002645034187
day_1,Cold cloudy day,0.45,40,10.0,3.6213,49.4975,20.0,area_old_07,2.681933125651587
day_1,Cold cloudy day,0.45,41,10.25,3.7555,52.6288,20.0,area_old_07,2.636542719226288
day_1,Cold cloudy day,0.45,42,10.5,3.8801,55.5347,20.0,area_old_07,2.594404215473637
day_1,Cold cloudy day,0.45,43,10.75,3.9944,58.2029,20.0,area_old_07,2.555740286091369
day_1,Cold cloudy day,0.45,44,11.0,4.0981,60.6218,20.0,area_old_07,2.520668469335929
day_1,Cold cloudy day,0.45,45,11.25,4.1906,62.7811,20.0,area_old_07,2.489378778292339
day_1,Cold cloudy day,0.45,46,11.5,4.2716,64.6716,20.0,area_old_07,2.461980367323485
day_1,Cold cloudy day,0.45,47,11.75,4.3408,66.2851,20.0,area_old_07,2.4385788975032736
day_1,Cold cloudy day,0.45,48,12.0,4.3978,67.6148,20.0,area_old_07,2.4193008113357877
day_1,Cold cloudy day,0.45,49,12.25,4.4424,68.655,20.0,area_old_07,2.4042173646377254
day_1,Cold cloudy day,0.45,50,12.5,4.4743,69.4011,20.0,area_old_07,2.3934216426426578
day_1,Cold cloudy day,0.45,51,12.75,4.4936,69.8501,20.0,area_old_07,2.386898453182779
day_1,Cold cloudy day,0.45,52,13.0,4.5,70.0,20.0,area_old_07,2.3847317989403076
day_1,Cold cloudy day,0.45,53,13.25,4.4936,69.8501,20.0,area_old_07,2.386898453182779
day_1,Cold cloudy day,0.45,54,13.5,4.4743,69.4011,20.0,area_old_07,2.3934216426426578
day_1,Cold cloudy day,0.45,55,13.75,4.4424,68.655,20.0,area_old_07,2.4042173646377254
day_1,Cold cloudy day,0.45,56,14.0,4.3978,67.6148,20.0,area_old_07,2.4193008113357877
day_1,Cold cloudy day,0.45,57,14.25,4.3408,66.2851,20.0,area_old_07,2.4385788975032736
day_1,Cold cloudy day,0.45,58,14.5,4.2716,64.6716,20.0,area_old_07,2.461980367323485
day_1,Cold cloudy day,0.45,59,14.75,4.1906,62.7811,20.0,area_old_07,2.489378778292339
day_1,Cold cloudy day,0.45,60,15.0,4.0981,60.6218,20.0,area_old_07,2.520668469335929
day_1,Cold cloudy day,0.45,61,15.25,3.9944,58.2029,20.0,area_old_07,2.555740286091369
day_1,Cold cloudy day,0.45,62,15.5,3.8801,55.5347,20.0,area_old_07,2.594404215473637
day_1,Cold cloudy day,0.45,63,15.75,3.7555,52.6288,20.0,area_old_07,2.636542719226288
day_1,Cold cloudy day,0.45,64,16.0,3.6213,49.4975,20.0,area_old_07,2.681933125651587
day_1,Cold cloudy day,0.45,65,16.25,3.478,46.1542,20.0,area_old_07,2.7304002645034187
day_1,Cold cloudy day,0.45,66,16.5,3.3263,42.6133,20.0,area_old_07,2.781714128177186
day_1,Cold cloudy day,0.45,67,16.75,3.1667,38.8899,20.0,area_old_07,2.8356936078355037
day_1,Cold cloudy day,0.45,68,17.0,3.0,35.0,20.0,area_old_07,2.8920774345766516
day_1,Cold cloudy day,0.45,69,17.25,2.8269,30.9602,20.0,area_old_07,2.950627915560271
day_1,Cold cloudy day,0.45,70,17.5,2.6481,26.7878,20.0,area_old_07,3.0111049126437166
day_1,Cold cloudy day,0.45,71,17.75,2.4643,22.5008,20.0,area_old_07,3.073265842382053
day_1,Cold cloudy day,0.45,72,18.0,2.2765,18.1173,20.0,area_old_07,3.136790755897197
day_1,Cold cloudy day,0.45,73,18.25,2.0853,13.6563,20.0,area_old_07,3.2014592484899813
day_1,Cold cloudy day,0.45,74,18.5,1.8916,9.1368,20.0,area_old_07,3.2669738993569917
day_1,Cold cloudy day,0.45,75,18.75,1.6962,4.5782,20.0,area_old_07,3.333061562413966
day_1,Cold cloudy day,0.45,76,19.0,1.5,0.0,20.0,area_old_07,3.399423070212996
day_1,Cold cloudy day,0.45,77,19.25,1.3038,0.0,20.0,area_old_07,3.449791602395498
day_1,Cold cloudy day,0.45,78,19.5,1.1084,0.0,20.0,area_old_07,3.499954758299987
day_1,Cold cloudy day,0.45,79,19.75,0.9147,0.0,20.0,area_old_07,3.5496814896136994
day_1,Cold cloudy day,0.45,80,20.0,0.7235,0.0,20.0,area_old_07,3.598766420058624
day_1,Cold cloudy day,0.45,81,20.25,0.5357,0.0,20.0,area_old_07,3.646978501321998
day_1,Cold cloudy day,0.45,82,20.5,0.3519,0.0,20.0,area_old_07,3.6941637011953086
day_1,Cold cloudy day,0.45,83,20.75,0.1731,0.0,20.0,area_old_07,3.740065299331044
day_1,Cold cloudy day,0.45,84,21.0,-0.0,0.0,20.0,area_old_07,3.784503591485942
day_1,Cold cloudy day,0.45,85,21.25,-0.1667,0.0,20.0,area_old_07,3.8272988734167424
day_1,Cold cloudy day,0.45,86,21.5,-0.3263,0.0,20.0,area_old_07,3.868271440880184
day_1,Cold cloudy day,0.45,87,21.75,-0.478,0.0,20.0,area_old_07,3.907215917598255
day_1,Cold cloudy day,0.45,88,22.0,-0.6213,0.0,20.0,area_old_07,3.944003943397197
day_1,Cold cloudy day,0.45,89,22.25,-0.7555,0.0,20.0,area_old_07,3.97845581403375
day_1,Cold cloudy day,0.45,90,22.5,-0.8801,0.0,20.0,area_old_07,4.010443169334155
day_1,Cold cloudy day,0.45,91,22.75,-0.9944,0.0,20.0,area_old_07,4.039786305055154
day_1,Cold cloudy day,0.45,92,23.0,-1.0981,0.0,20.0,area_old_07,4.06640820509249
day_1,Cold cloudy day,0.45,93,23.25,-1.1906,0.0,20.0,area_old_07,4.090154837237655
day_1,Cold cloudy day,0.45,94,23.5,-1.2716,0.0,20.0,area_old_07,4.110949185386394
day_1,Cold cloudy day,0.45,95,23.75,-1.3408,0.0,20.0,area_old_07,4.1287142334344535
day_1,Cold cloudy day,0.45,0,0.0,-1.3978,0.0,20.0,area_old_08,5.064309066707679
day_1,Cold cloudy day,0.45,1,0.25,-1.4424,0.0,20.0,area_old_08,5.072301005972488
day_1,Cold cloudy day,0.45,2,0.5,-1.4743,0.0,20.0,area_old_08,5.078017213652923
day_1,Cold cloudy day,0.45,3,0.75,-1.4936,0.0,20.0,area_old_08,5.081475608895318
day_1,Cold cloudy day,0.45,4,1.0,-1.5,0.0,20.0,area_old_08,5.0826224342606725
day_1,Cold cloudy day,0.45,5,1.25,-1.4936,0.0,20.0,area_old_08,5.081475608895318
day_1,Cold cloudy day,0.45,6,1.5,-1.4743,0.0,20.0,area_old_08,5.078017213652923
day_1,Cold cloudy day,0.45,7,1.75,-1.4424,0.0,20.0,area_old_08,5.072301005972488
day_1,Cold cloudy day,0.45,8,2.0,-1.3978,0.0,20.0,area_old_08,5.064309066707679
day_1,Cold cloudy day,0.45,9,2.25,-1.3408,0.0,20.0,area_old_08,5.054095153297496
day_1,Cold cloudy day,0.45,10,2.5,-1.2716,0.0,20.0,area_old_08,5.041695104034608
day_1,Cold cloudy day,0.45,11,2.75,-1.1906,0.0,20.0,area_old_08,5.027180595504349
day_1,Cold cloudy day,0.45,12,3.0,-1.0981,0.0,20.0,area_old_08,5.01060538514572
day_1,Cold cloudy day,0.45,13,3.25,-0.9944,0.0,20.0,area_old_08,4.992023230397722
day_1,Cold cloudy day,0.45,14,3.5,-0.8801,0.0,20.0,area_old_08,4.971541646138356
day_1,Cold cloudy day,0.45,15,3.75,-0.7555,0.0,20.0,area_old_08,4.949214389806625
day_1,Cold cloudy day,0.45,16,4.0,-0.6213,0.0,20.0,area_old_08,4.925166895426862
day_1,Cold cloudy day,0.45,17,4.25,-0.478,0.0,20.0,area_old_08,4.899488758730738
day_1,Cold cloudy day,0.45,18,4.5,-0.3263,0.0,20.0,area_old_08,4.872305413742586
day_1,Cold cloudy day,0.45,19,4.75,-0.1667,0.0,20.0,area_old_08,4.8437064561940755
day_1,Cold cloudy day,0.45,20,5.0,0.0,0.0,20.0,area_old_08,4.813835239255876
day_1,Cold cloudy day,0.45,21,5.25,0.1731,0.0,20.0,area_old_08,4.7828171969523225
day_1,Cold cloudy day,0.45,22,5.5,0.3519,0.0,20.0,area_old_08,4.750777763307751
day_1,Cold cloudy day,0.45,23,5.75,0.5357,0.0,20.0,area_old_08,4.717842372346496
day_1,Cold cloudy day,0.45,24,6.0,0.7235,0.0,20.0,area_old_08,4.6841902155318955
day_1,Cold cloudy day,0.45,25,6.25,0.9147,0.0,20.0,area_old_08,4.649928807741951
day_1,Cold cloudy day,0.45,26,6.5,1.1084,0.0,20.0,area_old_08,4.615219421293665
day_1,Cold cloudy day,0.45,27,6.75,1.3038,0.0,20.0,area_old_08,4.580205409357707
day_1,Cold cloudy day,0.45,28,7.0,1.5,0.0,20.0,area_old_08,4.54504804425108
day_1,Cold cloudy day,0.45,29,7.25,1.6962,4.5782,20.0,area_old_08,4.4424154925604595
day_1,Cold cloudy day,0.45,30,7.5,1.8916,9.1368,20.0,area_old_08,4.34021516601138
day_1,Cold cloudy day,0.45,31,7.75,2.0853,13.6563,20.0,area_old_08,4.238895735055133
day_1,Cold cloudy day,0.45,32,8.0,2.2765,18.1173,20.0,area_old_08,4.138886477160083
day_1,Cold cloudy day,0.45,33,8.25,2.4643,22.5008,20.0,area_old_08,4.04062869359459
day_1,Cold cloudy day,0.45,34,8.5,2.6481,26.7878,20.0,area_old_08,3.944509928188013
day_1,Cold cloudy day,0.45,35,8.75,2.8269,30.9602,20.0,area_old_08,3.850976136825768
day_1,Cold cloudy day,0.45,36,9.0,3.0,35.0,20.0,area_old_08,3.7604180441176855
day_1,Cold cloudy day,0.45,37,9.25,3.1667,38.8899,20.0,area_old_08,3.673216057817494
day_1,Cold cloudy day,0.45,38,9.5,3.3263,42.6133,20.0,area_old_08,3.5897402688228173
day_1,Cold cloudy day,0.45,39,9.75,3.478,46.1542,20.0,area_old_08,3.510369844158098
day_1,Cold cloudy day,0.45,40,10.0,3.6213,49.4975,20.0,area_old_08,3.4354169288795036
day_1,Cold cloudy day,0.45,41,10.25,3.7555,52.6288,20.0,area_old_08,3.3652191894797645
day_1,Cold cloudy day,0.45,42,10.5,3.8801,55.5347,20.0,area_old_08,3.300063715793085
day_1,Cold cloudy day,0.45,43,10.75,3.9944,58.2029,20.0,area_old_08,3.2402572237438876
day_1,Cold cloudy day,0.45,44,11.0,4.0981,60.6218,20.0,area_old_08,3.186024435815159
day_1,Cold cloudy day,0.45,45,11.25,4.1906,62.7811,20.0,area_old_08,3.137624672053267
day_1,Cold cloudy day,0.45,46,11.5,4.2716,64.6716,20.0,area_old_08,3.0952472828631334
day_1,Cold cloudy day,0.45,47,11.75,4.3408,66.2851,20.0,area_old_08,3.0590668802838175
day_1,Cold cloudy day,0.45,48,12.0,4.3978,67.6148,20.0,area_old_08,3.0292553617885063
day_1,Cold cloudy day,0.45,49,12.25,4.4424,68.655,20.0,area_old_08,3.0059325743552754
day_1,Cold cloudy day,0.45,50,12.5,4.4743,69.4011,20.0,area_old_08,2.989220071906084
day_1,Cold cloudy day,0.45,51,12.75,4.4936,69.8501,20.0,area_old_08,2.9791441503921825
day_1,Cold cloudy day,0.45,52,13.0,4.5,70.0,20.0,area_old_08,2.9757880439842923
day_1,Cold cloudy day,0.45,53,13.25,4.4936,69.8501,20.0,area_old_08,2.9791441503921825
day_1,Cold cloudy day,0.45,54,13.5,4.4743,69.4011,20.0,area_old_08,2.989220071906084
day_1,Cold cloudy day,0.45,55,13.75,4.4424,68.655,20.0,area_old_08,3.0059325743552754
day_1,Cold cloudy day,0.45,56,14.0,4.3978,67.6148,20.0,area_old_08,3.0292553617885063
day_1,Cold cloudy day,0.45,57,14.25,4.3408,66.2851,20.0,area_old_08,3.0590668802838175
day_1,Cold cloudy day,0.45,58,14.5,4.2716,64.6716,20.0,area_old_08,3.0952472828631334
day_1,Cold cloudy day,0.45,59,14.75,4.1906,62.7811,20.0,area_old_08,3.137624672053267
day_1,Cold cloudy day,0.45,60,15.0,4.0981,60.6218,20.0,area_old_08,3.186024435815159
day_1,Cold cloudy day,0.45,61,15.25,3.9944,58.2029,20.0,area_old_08,3.2402572237438876
day_1,Cold cloudy day,0.45,62,15.5,3.8801,55.5347,20.0,area_old_08,3.300063715793085
day_1,Cold cloudy day,0.45,63,15.75,3.7555,52.6288,20.0,area_old_08,3.3652191894797645
day_1,Cold cloudy day,0.45,64,16.0,3.6213,49.4975,20.0,area_old_08,3.4354169288795036
day_1,Cold cloudy day,0.45,65,16.25,3.478,46.1542,20.0,area_old_08,3.510369844158098
day_1,Cold cloudy day,0.45,66,16.5,3.3263,42.6133,20.0,area_old_08,3.5897402688228173
day_1,Cold cloudy day,0.45,67,16.75,3.1667,38.8899,20.0,area_old_08,3.673216057817494
day_1,Cold cloudy day,0.45,68,17.0,3.0,35.0,20.0,area_old_08,3.7604180441176855
day_1,Cold cloudy day,0.45,69,17.25,2.8269,30.9602,20.0,area_old_08,3.850976136825768
day_1,Cold cloudy day,0.45,70,17.5,2.6481,26.7878,20.0,area_old_08,3.944509928188013
day_1,Cold cloudy day,0.45,71,17.75,2.4643,22.5008,20.0,area_old_08,4.04062869359459
day_1,Cold cloudy day,0.45,72,18.0,2.2765,18.1173,20.0,area_old_08,4.138886477160083
day_1,Cold cloudy day,0.45,73,18.25,2.0853,13.6563,20.0,area_old_08,4.238895735055133
day_1,Cold cloudy day,0.45,74,18.5,1.8916,9.1368,20.0,area_old_08,4.34021516601138
day_1,Cold cloudy day,0.45,75,18.75,1.6962,4.5782,20.0,area_old_08,4.4424154925604595
day_1,Cold cloudy day,0.45,76,19.0,1.5,0.0,20.0,area_old_08,4.54504804425108
day_1,Cold cloudy day,0.45,77,19.25,1.3038,0.0,20.0,area_old_08,4.580205409357707
day_1,Cold cloudy day,0.45,78,19.5,1.1084,0.0,20.0,area_old_08,4.615219421293665
day_1,Cold cloudy day,0.45,79,19.75,0.9147,0.0,20.0,area_old_08,4.649928807741951
day_1,Cold cloudy day,0.45,80,20.0,0.7235,0.0,20.0,area_old_08,4.6841902155318955
day_1,Cold cloudy day,0.45,81,20.25,0.5357,0.0,20.0,area_old_08,4.717842372346496
day_1,Cold cloudy day,0.45,82,20.5,0.3519,0.0,20.0,area_old_08,4.750777763307751
day_1,Cold cloudy day,0.45,83,20.75,0.1731,0.0,20.0,area_old_08,4.7828171969523225
day_1,Cold cloudy day,0.45,84,21.0,-0.0,0.0,20.0,area_old_08,4.813835239255876
day_1,Cold cloudy day,0.45,85,21.25,-0.1667,0.0,20.0,area_old_08,4.8437064561940755
day_1,Cold cloudy day,0.45,86,21.5,-0.3263,0.0,20.0,area_old_08,4.872305413742586
day_1,Cold cloudy day,0.45,87,21.75,-0.478,0.0,20.0,area_old_08,4.899488758730738
day_1,Cold cloudy day,0.45,88,22.0,-0.6213,0.0,20.0,area_old_08,4.925166895426862
day_1,Cold cloudy day,0.45,89,22.25,-0.7555,0.0,20.0,area_old_08,4.949214389806625
day_1,Cold cloudy day,0.45,90,22.5,-0.8801,0.0,20.0,area_old_08,4.971541646138356
day_1,Cold cloudy day,0.45,91,22.75,-0.9944,0.0,20.0,area_old_08,4.992023230397722
day_1,Cold cloudy day,0.45,92,23.0,-1.0981,0.0,20.0,area_old_08,5.01060538514572
day_1,Cold cloudy day,0.45,93,23.25,-1.1906,0.0,20.0,area_old_08,5.027180595504349
day_1,Cold cloudy day,0.45,94,23.5,-1.2716,0.0,20.0,area_old_08,5.041695104034608
day_1,Cold cloudy day,0.45,95,23.75,-1.3408,0.0,20.0,area_old_08,5.054095153297496
day_1,Cold cloudy day,0.45,0,0.0,-1.3978,0.0,20.0,area_weak_01,3.3286170045567425
day_1,Cold cloudy day,0.45,1,0.25,-1.4424,0.0,20.0,area_weak_01,3.338167371911974
day_1,Cold cloudy day,0.45,2,0.5,-1.4743,0.0,20.0,area_weak_01,3.344998240042734
day_1,Cold cloudy day,0.45,3,0.75,-1.4936,0.0,20.0,area_weak_01,3.3491310223287427
day_1,Cold cloudy day,0.45,4,1.0,-1.5,0.0,20.0,area_weak_01,3.350501478630839
day_1,Cold cloudy day,0.45,5,1.25,-1.4936,0.0,20.0,area_weak_01,3.3491310223287427
day_1,Cold cloudy day,0.45,6,1.5,-1.4743,0.0,20.0,area_weak_01,3.344998240042734
day_1,Cold cloudy day,0.45,7,1.75,-1.4424,0.0,20.0,area_weak_01,3.338167371911974
day_1,Cold cloudy day,0.45,8,2.0,-1.3978,0.0,20.0,area_weak_01,3.3286170045567425
day_1,Cold cloudy day,0.45,9,2.25,-1.3408,0.0,20.0,area_weak_01,3.3164113781161997
day_1,Cold cloudy day,0.45,10,2.5,-1.2716,0.0,20.0,area_weak_01,3.301593319349785
day_1,Cold cloudy day,0.45,11,2.75,-1.1906,0.0,20.0,area_weak_01,3.2842484817763817
day_1,Cold cloudy day,0.45,12,3.0,-1.0981,0.0,20.0,area_weak_01,3.2644411055351497
day_1,Cold cloudy day,0.45,13,3.25,-0.9944,0.0,20.0,area_weak_01,3.242235430765249
day_1,Cold cloudy day,0.45,14,3.5,-0.8801,0.0,20.0,area_weak_01,3.217759937745002
day_1,Cold cloudy day,0.45,15,3.75,-0.7555,0.0,20.0,area_weak_01,3.19107886661357
day_1,Cold cloudy day,0.45,16,4.0,-0.6213,0.0,20.0,area_weak_01,3.1623421110289924
day_1,Cold cloudy day,0.45,17,4.25,-0.478,0.0,20.0,area_weak_01,3.1316567378898728
day_1,Cold cloudy day,0.45,18,4.5,-0.3263,0.0,20.0,area_weak_01,3.0991726408542513
day_1,Cold cloudy day,0.45,19,4.75,-0.1667,0.0,20.0,area_weak_01,3.06499688682073
day_1,Cold cloudy day,0.45,20,5.0,0.0,0.0,20.0,area_weak_01,3.0293007828270713
day_1,Cold cloudy day,0.45,21,5.25,0.1731,0.0,20.0,area_weak_01,2.9922342225313163
day_1,Cold cloudy day,0.45,22,5.5,0.3519,0.0,20.0,area_weak_01,2.9539470995915074
day_1,Cold cloudy day,0.45,23,5.75,0.5357,0.0,20.0,area_weak_01,2.9145893076656866
day_1,Cold cloudy day,0.45,24,6.0,0.7235,0.0,20.0,area_weak_01,2.8743749805510546
day_1,Cold cloudy day,0.45,25,6.25,0.9147,0.0,20.0,area_weak_01,2.8334325985259343
day_1,Cold cloudy day,0.45,26,6.5,1.1084,0.0,20.0,area_weak_01,2.791954882007808
day_1,Cold cloudy day,0.45,27,6.75,1.3038,0.0,20.0,area_weak_01,2.7501131380344375
day_1,Cold cloudy day,0.45,28,7.0,1.5,0.0,20.0,area_weak_01,2.708100087023304
day_1,Cold cloudy day,0.45,29,7.25,1.6962,4.5782,20.0,area_weak_01,2.6633912877694605
day_1,Cold cloudy day,0.45,30,7.5,1.8916,9.1368,20.0,area_weak_01,2.6188653364789736
day_1,Cold cloudy day,0.45,31,7.75,2.0853,13.6563,20.0,area_weak_01,2.574726435612647
day_1,Cold cloudy day,0.45,32,8.0,2.2765,18.1173,20.0,area_weak_01,2.5311573153692897
day_1,Cold cloudy day,0.45,33,8.25,2.4643,22.5008,20.0,area_weak_01,2.488361883798338
day_1,Cold cloudy day,0.45,34,8.5,2.6481,26.7878,20.0,area_weak_01,2.4464798088100683
day_1,Cold cloudy day,0.45,35,8.75,2.8269,30.9602,20.0,area_weak_01,2.4057358818931744
day_1,Cold cloudy day,0.45,36,9.0,3.0,35.0,20.0,area_weak_01,2.36629059551492
day_1,Cold cloudy day,0.45,37,9.25,3.1667,38.8899,20.0,area_weak_01,2.3283040299666506
day_1,Cold cloudy day,0.45,38,9.5,3.3263,42.6133,20.0,area_weak_01,2.291935853363799
day_1,Cold cloudy day,0.45,39,9.75,3.478,46.1542,20.0,area_weak_01,2.257366793907878
day_1,Cold cloudy day,0.45,40,10.0,3.6213,49.4975,20.0,area_weak_01,2.2247128097207796
day_1,Cold cloudy day,0.45,41,10.25,3.7555,52.6288,20.0,area_weak_01,2.194132273507921
day_1,Cold cloudy day,0.45,42,10.5,3.8801,55.5347,20.0,area_weak_01,2.165740142392544
day_1,Cold cloudy day,0.45,43,10.75,3.9944,58.2029,20.0,area_weak_01,2.1396935525523237
day_1,Cold cloudy day,0.45,44,11.0,4.0981,60.6218,20.0,area_weak_01,2.1160635744701404
day_1,Cold cloudy day,0.45,45,11.25,4.1906,62.7811,20.0,area_weak_01,2.09498475329848
day_1,Cold cloudy day,0.45,46,11.5,4.2716,64.6716,20.0,area_weak_01,2.0765267463456603
day_1,Cold cloudy day,0.45,47,11.75,4.3408,66.2851,20.0,area_weak_01,2.060758622097264
day_1,Cold cloudy day,0.45,48,12.0,4.3978,67.6148,20.0,area_weak_01,2.047770038066765
day_1,Cold cloudy day,0.45,49,12.25,4.4424,68.655,20.0,area_weak_01,2.037607177303192
day_1,Cold cloudy day,0.45,50,12.5,4.4743,69.4011,20.0,area_weak_01,2.030336988530283
day_1,Cold cloudy day,0.45,51,12.75,4.4936,69.8501,20.0,area_weak_01,2.025939824836521
day_1,Cold cloudy day,0.45,52,13.0,4.5,70.0,20.0,area_weak_01,2.0244811040065356
day_1,Cold cloudy day,0.45,53,13.25,4.4936,69.8501,20.0,area_weak_01,2.025939824836521
day_1,Cold cloudy day,0.45,54,13.5,4.4743,69.4011,20.0,area_weak_01,2.030336988530283
day_1,Cold cloudy day,0.45,55,13.75,4.4424,68.655,20.0,area_weak_01,2.037607177303192
day_1,Cold cloudy day,0.45,56,14.0,4.3978,67.6148,20.0,area_weak_01,2.047770038066765
day_1,Cold cloudy day,0.45,57,14.25,4.3408,66.2851,20.0,area_weak_01,2.060758622097264
day_1,Cold cloudy day,0.45,58,14.5,4.2716,64.6716,20.0,area_weak_01,2.0765267463456603
day_1,Cold cloudy day,0.45,59,14.75,4.1906,62.7811,20.0,area_weak_01,2.09498475329848
day_1,Cold cloudy day,0.45,60,15.0,4.0981,60.6218,20.0,area_weak_01,2.1160635744701404
day_1,Cold cloudy day,0.45,61,15.25,3.9944,58.2029,20.0,area_weak_01,2.1396935525523237
day_1,Cold cloudy day,0.45,62,15.5,3.8801,55.5347,20.0,area_weak_01,2.165740142392544
day_1,Cold cloudy day,0.45,63,15.75,3.7555,52.6288,20.0,area_weak_01,2.194132273507921
day_1,Cold cloudy day,0.45,64,16.0,3.6213,49.4975,20.0,area_weak_01,2.2247128097207796
day_1,Cold cloudy day,0.45,65,16.25,3.478,46.1542,20.0,area_weak_01,2.257366793907878
day_1,Cold cloudy day,0.45,66,16.5,3.3263,42.6133,20.0,area_weak_01,2.291935853363799
day_1,Cold cloudy day,0.45,67,16.75,3.1667,38.8899,20.0,area_weak_01,2.3283040299666506
day_1,Cold cloudy day,0.45,68,17.0,3.0,35.0,20.0,area_weak_01,2.36629059551492
day_1,Cold cloudy day,0.45,69,17.25,2.8269,30.9602,20.0,area_weak_01,2.4057358818931744
day_1,Cold cloudy day,0.45,70,17.5,2.6481,26.7878,20.0,area_weak_01,2.4464798088100683
day_1,Cold cloudy day,0.45,71,17.75,2.4643,22.5008,20.0,area_weak_01,2.488361883798338
day_1,Cold cloudy day,0.45,72,18.0,2.2765,18.1173,20.0,area_weak_01,2.5311573153692897
day_1,Cold cloudy day,0.45,73,18.25,2.0853,13.6563,20.0,area_weak_01,2.574726435612647
day_1,Cold cloudy day,0.45,74,18.5,1.8916,9.1368,20.0,area_weak_01,2.6188653364789736
day_1,Cold cloudy day,0.45,75,18.75,1.6962,4.5782,20.0,area_weak_01,2.6633912877694605
day_1,Cold cloudy day,0.45,76,19.0,1.5,0.0,20.0,area_weak_01,2.708100087023304
day_1,Cold cloudy day,0.45,77,19.25,1.3038,0.0,20.0,area_weak_01,2.7501131380344375
day_1,Cold cloudy day,0.45,78,19.5,1.1084,0.0,20.0,area_weak_01,2.791954882007808
day_1,Cold cloudy day,0.45,79,19.75,0.9147,0.0,20.0,area_weak_01,2.8334325985259343
day_1,Cold cloudy day,0.45,80,20.0,0.7235,0.0,20.0,area_weak_01,2.8743749805510546
day_1,Cold cloudy day,0.45,81,20.25,0.5357,0.0,20.0,area_weak_01,2.9145893076656866
day_1,Cold cloudy day,0.45,82,20.5,0.3519,0.0,20.0,area_weak_01,2.9539470995915074
day_1,Cold cloudy day,0.45,83,20.75,0.1731,0.0,20.0,area_weak_01,2.9922342225313163
day_1,Cold cloudy day,0.45,84,21.0,-0.0,0.0,20.0,area_weak_01,3.0293007828270713
day_1,Cold cloudy day,0.45,85,21.25,-0.1667,0.0,20.0,area_weak_01,3.06499688682073
day_1,Cold cloudy day,0.45,86,21.5,-0.3263,0.0,20.0,area_weak_01,3.0991726408542513
day_1,Cold cloudy day,0.45,87,21.75,-0.478,0.0,20.0,area_weak_01,3.1316567378898728
day_1,Cold cloudy day,0.45,88,22.0,-0.6213,0.0,20.0,area_weak_01,3.1623421110289924
day_1,Cold cloudy day,0.45,89,22.25,-0.7555,0.0,20.0,area_weak_01,3.19107886661357
day_1,Cold cloudy day,0.45,90,22.5,-0.8801,0.0,20.0,area_weak_01,3.217759937745002
day_1,Cold cloudy day,0.45,91,22.75,-0.9944,0.0,20.0,area_weak_01,3.242235430765249
day_1,Cold cloudy day,0.45,92,23.0,-1.0981,0.0,20.0,area_weak_01,3.2644411055351497
day_1,Cold cloudy day,0.45,93,23.25,-1.1906,0.0,20.0,area_weak_01,3.2842484817763817
day_1,Cold cloudy day,0.45,94,23.5,-1.2716,0.0,20.0,area_weak_01,3.301593319349785
day_1,Cold cloudy day,0.45,95,23.75,-1.3408,0.0,20.0,area_weak_01,3.3164113781161997
day_1,Cold cloudy day,0.45,0,0.0,-1.3978,0.0,20.0,area_weak_02,5.027492580253522
day_1,Cold cloudy day,0.45,1,0.25,-1.4424,0.0,20.0,area_weak_02,5.039739789768152
day_1,Cold cloudy day,0.45,2,0.5,-1.4743,0.0,20.0,area_weak_02,5.048499565183324
day_1,Cold cloudy day,0.45,3,0.75,-1.4936,0.0,20.0,area_weak_02,5.053799366610059
day_1,Cold cloudy day,0.45,4,1.0,-1.5,0.0,20.0,area_weak_02,5.055556813715297
day_1,Cold cloudy day,0.45,5,1.25,-1.4936,0.0,20.0,area_weak_02,5.053799366610059
day_1,Cold cloudy day,0.45,6,1.5,-1.4743,0.0,20.0,area_weak_02,5.048499565183324
day_1,Cold cloudy day,0.45,7,1.75,-1.4424,0.0,20.0,area_weak_02,5.039739789768152
day_1,Cold cloudy day,0.45,8,2.0,-1.3978,0.0,20.0,area_weak_02,5.027492580253522
day_1,Cold cloudy day,0.45,9,2.25,-1.3408,0.0,20.0,area_weak_02,5.011840316972492
day_1,Cold cloudy day,0.45,10,2.5,-1.2716,0.0,20.0,area_weak_02,4.992837920147101
day_1,Cold cloudy day,0.45,11,2.75,-1.1906,0.0,20.0,area_weak_02,4.970595230221429
day_1,Cold cloudy day,0.45,12,3.0,-1.0981,0.0,20.0,area_weak_02,4.9451946275285295
day_1,Cold cloudy day,0.45,13,3.25,-0.9944,0.0,20.0,area_weak_02,4.916718492401463
day_1,Cold cloudy day,0.45,14,3.5,-0.8801,0.0,20.0,area_weak_02,4.885331585506345
day_1,Cold cloudy day,0.45,15,3.75,-0.7555,0.0,20.0,area_weak_02,4.851116287176236
day_1,Cold cloudy day,0.45,16,4.0,-0.6213,0.0,20.0,area_weak_02,4.814264818188269
day_1,Cold cloudy day,0.45,17,4.25,-0.478,0.0,20.0,area_weak_02,4.774914479097539
day_1,Cold cloudy day,0.45,18,4.5,-0.3263,0.0,20.0,area_weak_02,4.733257490681185
day_1,Cold cloudy day,0.45,19,4.75,-0.1667,0.0,20.0,area_weak_02,4.689431153494301
day_1,Cold cloudy day,0.45,20,5.0,0.0,0.0,20.0,area_weak_02,4.6436551484250455
day_1,Cold cloudy day,0.45,21,5.25,0.1731,0.0,20.0,area_weak_02,4.596121696250549
day_1,Cold cloudy day,0.45,22,5.5,0.3519,0.0,20.0,area_weak_02,4.547023017747952
day_1,Cold cloudy day,0.45,23,5.75,0.5357,0.0,20.0,area_weak_02,4.496551333694386
day_1,Cold cloudy day,0.45,24,6.0,0.7235,0.0,20.0,area_weak_02,4.4449812452000454
day_1,Cold cloudy day,0.45,25,6.25,0.9147,0.0,20.0,area_weak_02,4.392477512931048
day_1,Cold cloudy day,0.45,26,6.5,1.1084,0.0,20.0,area_weak_02,4.339287277886568
day_1,Cold cloudy day,0.45,27,6.75,1.3038,0.0,20.0,area_weak_02,4.285630220954758
day_1,Cold cloudy day,0.45,28,7.0,1.5,0.0,20.0,area_weak_02,4.231753483134792
day_1,Cold cloudy day,0.45,29,7.25,1.6962,4.5782,20.0,area_weak_02,4.158485342030698
day_1,Cold cloudy day,0.45,30,7.5,1.8916,9.1368,20.0,area_weak_02,4.085519899486414
day_1,Cold cloudy day,0.45,31,7.75,2.0853,13.6563,20.0,area_weak_02,4.013186890613218
day_1,Cold cloudy day,0.45,32,8.0,2.2765,18.1173,20.0,area_weak_02,3.9417881668518224
day_1,Cold cloudy day,0.45,33,8.25,2.4643,22.5008,20.0,area_weak_02,3.8716513455157586
day_1,Cold cloudy day,0.45,34,8.5,2.6481,26.7878,20.0,area_weak_02,3.8030216635855036
day_1,Cold cloudy day,0.45,35,8.75,2.8269,30.9602,20.0,area_weak_02,3.736250386449665
day_1,Cold cloudy day,0.45,36,9.0,3.0,35.0,20.0,area_weak_02,3.6716059756042463
day_1,Cold cloudy day,0.45,37,9.25,3.1667,38.8899,20.0,area_weak_02,3.6093539276284043
day_1,Cold cloudy day,0.45,38,9.5,3.3263,42.6133,20.0,area_weak_02,3.54975677418445
day_1,Cold cloudy day,0.45,39,9.75,3.478,46.1542,20.0,area_weak_02,3.4931019656884197
day_1,Cold cloudy day,0.45,40,10.0,3.6213,49.4975,20.0,area_weak_02,3.439590760187348
day_1,Cold cloudy day,0.45,41,10.25,3.7555,52.6288,20.0,area_weak_02,3.389476371033465
day_1,Cold cloudy day,0.45,42,10.5,3.8801,55.5347,20.0,area_weak_02,3.342952855761468
day_1,Cold cloudy day,0.45,43,10.75,3.9944,58.2029,20.0,area_weak_02,3.3002645329730496
day_1,Cold cloudy day,0.45,44,11.0,4.0981,60.6218,20.0,area_weak_02,3.2615429159089824
day_1,Cold cloudy day,0.45,45,11.25,4.1906,62.7811,20.0,area_weak_02,3.2269963918689553
day_1,Cold cloudy day,0.45,46,11.5,4.2716,64.6716,20.0,area_weak_02,3.1967463086645593
day_1,Cold cloudy day,0.45,47,11.75,4.3408,66.2851,20.0,area_weak_02,3.170909778511891
day_1,Cold cloudy day,0.45,48,12.0,4.3978,67.6148,20.0,area_weak_02,3.149625443904379
day_1,Cold cloudy day,0.45,49,12.25,4.4424,68.655,20.0,area_weak_02,3.1329723679583674
day_1,Cold cloudy day,0.45,50,12.5,4.4743,69.4011,20.0,area_weak_02,3.121052414746181
day_1,Cold cloudy day,0.45,51,12.75,4.4936,69.8501,20.0,area_weak_02,3.113850830943277
day_1,Cold cloudy day,0.45,52,13.0,4.5,70.0,20.0,area_weak_02,3.111458468073702
day_1,Cold cloudy day,0.45,53,13.25,4.4936,69.8501,20.0,area_weak_02,3.113850830943277
day_1,Cold cloudy day,0.45,54,13.5,4.4743,69.4011,20.0,area_weak_02,3.121052414746181
day_1,Cold cloudy day,0.45,55,13.75,4.4424,68.655,20.0,area_weak_02,3.1329723679583674
day_1,Cold cloudy day,0.45,56,14.0,4.3978,67.6148,20.0,area_weak_02,3.149625443904379
day_1,Cold cloudy day,0.45,57,14.25,4.3408,66.2851,20.0,area_weak_02,3.170909778511891
day_1,Cold cloudy day,0.45,58,14.5,4.2716,64.6716,20.0,area_weak_02,3.1967463086645593
day_1,Cold cloudy day,0.45,59,14.75,4.1906,62.7811,20.0,area_weak_02,3.2269963918689553
day_1,Cold cloudy day,0.45,60,15.0,4.0981,60.6218,20.0,area_weak_02,3.2615429159089824
day_1,Cold cloudy day,0.45,61,15.25,3.9944,58.2029,20.0,area_weak_02,3.3002645329730496
day_1,Cold cloudy day,0.45,62,15.5,3.8801,55.5347,20.0,area_weak_02,3.342952855761468
day_1,Cold cloudy day,0.45,63,15.75,3.7555,52.6288,20.0,area_weak_02,3.389476371033465
day_1,Cold cloudy day,0.45,64,16.0,3.6213,49.4975,20.0,area_weak_02,3.439590760187348
day_1,Cold cloudy day,0.45,65,16.25,3.478,46.1542,20.0,area_weak_02,3.4931019656884197
day_1,Cold cloudy day,0.45,66,16.5,3.3263,42.6133,20.0,area_weak_02,3.54975677418445
day_1,Cold cloudy day,0.45,67,16.75,3.1667,38.8899,20.0,area_weak_02,3.6093539276284043
day_1,Cold cloudy day,0.45,68,17.0,3.0,35.0,20.0,area_weak_02,3.6716059756042463
day_1,Cold cloudy day,0.45,69,17.25,2.8269,30.9602,20.0,area_weak_02,3.736250386449665
day_1,Cold cloudy day,0.45,70,17.5,2.6481,26.7878,20.0,area_weak_02,3.8030216635855036
day_1,Cold cloudy day,0.45,71,17.75,2.4643,22.5008,20.0,area_weak_02,3.8716513455157586
day_1,Cold cloudy day,0.45,72,18.0,2.2765,18.1173,20.0,area_weak_02,3.9417881668518224
day_1,Cold cloudy day,0.45,73,18.25,2.0853,13.6563,20.0,area_weak_02,4.013186890613218
day_1,Cold cloudy day,0.45,74,18.5,1.8916,9.1368,20.0,area_weak_02,4.085519899486414
day_1,Cold cloudy day,0.45,75,18.75,1.6962,4.5782,20.0,area_weak_02,4.158485342030698
day_1,Cold cloudy day,0.45,76,19.0,1.5,0.0,20.0,area_weak_02,4.231753483134792
day_1,Cold cloudy day,0.45,77,19.25,1.3038,0.0,20.0,area_weak_02,4.285630220954758
day_1,Cold cloudy day,0.45,78,19.5,1.1084,0.0,20.0,area_weak_02,4.339287277886568
day_1,Cold cloudy day,0.45,79,19.75,0.9147,0.0,20.0,area_weak_02,4.392477512931048
day_1,Cold cloudy day,0.45,80,20.0,0.7235,0.0,20.0,area_weak_02,4.4449812452000454
day_1,Cold cloudy day,0.45,81,20.25,0.5357,0.0,20.0,area_weak_02,4.496551333694386
day_1,Cold cloudy day,0.45,82,20.5,0.3519,0.0,20.0,area_weak_02,4.547023017747952
day_1,Cold cloudy day,0.45,83,20.75,0.1731,0.0,20.0,area_weak_02,4.596121696250549
day_1,Cold cloudy day,0.45,84,21.0,-0.0,0.0,20.0,area_weak_02,4.6436551484250455
day_1,Cold cloudy day,0.45,85,21.25,-0.1667,0.0,20.0,area_weak_02,4.689431153494301
day_1,Cold cloudy day,0.45,86,21.5,-0.3263,0.0,20.0,area_weak_02,4.733257490681185
day_1,Cold cloudy day,0.45,87,21.75,-0.478,0.0,20.0,area_weak_02,4.774914479097539
day_1,Cold cloudy day,0.45,88,22.0,-0.6213,0.0,20.0,area_weak_02,4.814264818188269
day_1,Cold cloudy day,0.45,89,22.25,-0.7555,0.0,20.0,area_weak_02,4.851116287176236
day_1,Cold cloudy day,0.45,90,22.5,-0.8801,0.0,20.0,area_weak_02,4.885331585506345
day_1,Cold cloudy day,0.45,91,22.75,-0.9944,0.0,20.0,area_weak_02,4.916718492401463
day_1,Cold cloudy day,0.45,92,23.0,-1.0981,0.0,20.0,area_weak_02,4.9451946275285295
day_1,Cold cloudy day,0.45,93,23.25,-1.1906,0.0,20.0,area_weak_02,4.970595230221429
day_1,Cold cloudy day,0.45,94,23.5,-1.2716,0.0,20.0,area_weak_02,4.992837920147101
day_1,Cold cloudy day,0.45,95,23.75,-1.3408,0.0,20.0,area_weak_02,5.011840316972492
day_1,Cold cloudy day,0.45,0,0.0,-1.3978,0.0,20.0,area_weak_03,2.9300805018685194
day_1,Cold cloudy day,0.45,1,0.25,-1.4424,0.0,20.0,area_weak_03,2.933033190665355
day_1,Cold cloudy day,0.45,2,0.5,-1.4743,0.0,20.0,area_weak_03,2.9351450913967243
day_1,Cold cloudy day,0.45,3,0.75,-1.4936,0.0,20.0,area_weak_03,2.9364228244410953
day_1,Cold cloudy day,0.45,4,1.0,-1.5,0.0,20.0,area_weak_03,2.9368465286630627
day_1,Cold cloudy day,0.45,5,1.25,-1.4936,0.0,20.0,area_weak_03,2.9364228244410953
day_1,Cold cloudy day,0.45,6,1.5,-1.4743,0.0,20.0,area_weak_03,2.9351450913967243
day_1,Cold cloudy day,0.45,7,1.75,-1.4424,0.0,20.0,area_weak_03,2.933033190665355
day_1,Cold cloudy day,0.45,8,2.0,-1.3978,0.0,20.0,area_weak_03,2.9300805018685194
day_1,Cold cloudy day,0.45,9,2.25,-1.3408,0.0,20.0,area_weak_03,2.9263068861416213
day_1,Cold cloudy day,0.45,10,2.5,-1.2716,0.0,20.0,area_weak_03,2.9217255842415977
day_1,Cold cloudy day,0.45,11,2.75,-1.1906,0.0,20.0,area_weak_03,2.9163630776823215
day_1,Cold cloudy day,0.45,12,3.0,-1.0981,0.0,20.0,area_weak_03,2.910239227599198
day_1,Cold cloudy day,0.45,13,3.25,-0.9944,0.0,20.0,area_weak_03,2.903373895127631
day_1,Cold cloudy day,0.45,14,3.5,-0.8801,0.0,20.0,area_weak_03,2.89580680253843
day_1,Cold cloudy day,0.45,15,3.75,-0.7555,0.0,20.0,area_weak_03,2.8875578109670004
day_1,Cold cloudy day,0.45,16,4.0,-0.6213,0.0,20.0,area_weak_03,2.8786732630626197
day_1,Cold cloudy day,0.45,17,4.25,-0.478,0.0,20.0,area_weak_03,2.869186260717629
day_1,Cold cloudy day,0.45,18,4.5,-0.3263,0.0,20.0,area_weak_03,2.8591431465813057
day_1,Cold cloudy day,0.45,19,4.75,-0.1667,0.0,20.0,area_weak_03,2.8485770225459914
day_1,Cold cloudy day,0.45,20,5.0,0.0,0.0,20.0,area_weak_03,2.837540851639432
day_1,Cold cloudy day,0.45,21,5.25,0.1731,0.0,20.0,area_weak_03,2.826080976510905
day_1,Cold cloudy day,0.45,22,5.5,0.3519,0.0,20.0,area_weak_03,2.8142437398096884
day_1,Cold cloudy day,0.45,23,5.75,0.5357,0.0,20.0,area_weak_03,2.8020754841850595
day_1,Cold cloudy day,0.45,24,6.0,0.7235,0.0,20.0,area_weak_03,2.789642413421701
day_1,Cold cloudy day,0.45,25,6.25,0.9147,0.0,20.0,area_weak_03,2.7769842497904222
day_1,Cold cloudy day,0.45,26,6.5,1.1084,0.0,20.0,area_weak_03,2.7641605766974373
day_1,Cold cloudy day,0.45,27,6.75,1.3038,0.0,20.0,area_weak_03,2.7512243571704924
day_1,Cold cloudy day,0.45,28,7.0,1.5,0.0,20.0,area_weak_03,2.7382351746158013
day_1,Cold cloudy day,0.45,29,7.25,1.6962,4.5782,20.0,area_weak_03,2.717283640134456
day_1,Cold cloudy day,0.45,30,7.5,1.8916,9.1368,20.0,area_weak_03,2.696419156771757
day_1,Cold cloudy day,0.45,31,7.75,2.0853,13.6563,20.0,area_weak_03,2.6757352221059882
day_1,Cold cloudy day,0.45,32,8.0,2.2765,18.1173,20.0,area_weak_03,2.655318539418136
day_1,Cold cloudy day,0.45,33,8.25,2.4643,22.5008,20.0,area_weak_03,2.6352617366923266
day_1,Cold cloudy day,0.45,34,8.5,2.6481,26.7878,20.0,area_weak_03,2.6156375807772845
day_1,Cold cloudy day,0.45,35,8.75,2.8269,30.9602,20.0,area_weak_03,2.5965437547661256
day_1,Cold cloudy day,0.45,36,9.0,3.0,35.0,20.0,area_weak_03,2.578057906697732
day_1,Cold cloudy day,0.45,37,9.25,3.1667,38.8899,20.0,area_weak_03,2.5602564671791646
day_1,Cold cloudy day,0.45,38,9.5,3.3263,42.6133,20.0,area_weak_03,2.5432146493856687
day_1,Cold cloudy day,0.45,39,9.75,3.478,46.1542,20.0,area_weak_03,2.5270132433579704
day_1,Cold cloudy day,0.45,40,10.0,3.6213,49.4975,20.0,area_weak_03,2.5117116127319115
day_1,Cold cloudy day,0.45,41,10.25,3.7555,52.6288,20.0,area_weak_03,2.497381144468452
day_1,Cold cloudy day,0.45,42,10.5,3.8801,55.5347,20.0,area_weak_03,2.484078245583304
day_1,Cold cloudy day,0.45,43,10.75,3.9944,58.2029,20.0,area_weak_03,2.4718706507419737
day_1,Cold cloudy day,0.45,44,11.0,4.0981,60.6218,20.0,area_weak_03,2.460798395664276
day_1,Cold cloudy day,0.45,45,11.25,4.1906,62.7811,20.0,area_weak_03,2.4509191162606276
day_1,Cold cloudy day,0.45,46,11.5,4.2716,64.6716,20.0,area_weak_03,2.442268674198896
day_1,Cold cloudy day,0.45,47,11.75,4.3408,66.2851,20.0,area_weak_03,2.434881191958639
day_1,Cold cloudy day,0.45,48,12.0,4.3978,67.6148,20.0,area_weak_03,2.4287949775342454
day_1,Cold cloudy day,0.45,49,12.25,4.4424,68.655,20.0,area_weak_03,2.424033185056027
day_1,Cold cloudy day,0.45,50,12.5,4.4743,69.4011,20.0,area_weak_03,2.4206236759256194
day_1,Cold cloudy day,0.45,51,12.75,4.4936,69.8501,20.0,area_weak_03,2.418565047329489
day_1,Cold cloudy day,0.45,52,13.0,4.5,70.0,20.0,area_weak_03,2.417880638779662
day_1,Cold cloudy day,0.45,53,13.25,4.4936,69.8501,20.0,area_weak_03,2.418565047329489
day_1,Cold cloudy day,0.45,54,13.5,4.4743,69.4011,20.0,area_weak_03,2.4206236759256194
day_1,Cold cloudy day,0.45,55,13.75,4.4424,68.655,20.0,area_weak_03,2.424033185056027
day_1,Cold cloudy day,0.45,56,14.0,4.3978,67.6148,20.0,area_weak_03,2.4287949775342454
day_1,Cold cloudy day,0.45,57,14.25,4.3408,66.2851,20.0,area_weak_03,2.434881191958639
day_1,Cold cloudy day,0.45,58,14.5,4.2716,64.6716,20.0,area_weak_03,2.442268674198896
day_1,Cold cloudy day,0.45,59,14.75,4.1906,62.7811,20.0,area_weak_03,2.4509191162606276
day_1,Cold cloudy day,0.45,60,15.0,4.0981,60.6218,20.0,area_weak_03,2.460798395664276
day_1,Cold cloudy day,0.45,61,15.25,3.9944,58.2029,20.0,area_weak_03,2.4718706507419737
day_1,Cold cloudy day,0.45,62,15.5,3.8801,55.5347,20.0,area_weak_03,2.484078245583304
day_1,Cold cloudy day,0.45,63,15.75,3.7555,52.6288,20.0,area_weak_03,2.497381144468452
day_1,Cold cloudy day,0.45,64,16.0,3.6213,49.4975,20.0,area_weak_03,2.5117116127319115
day_1,Cold cloudy day,0.45,65,16.25,3.478,46.1542,20.0,area_weak_03,2.5270132433579704
day_1,Cold cloudy day,0.45,66,16.5,3.3263,42.6133,20.0,area_weak_03,2.5432146493856687
day_1,Cold cloudy day,0.45,67,16.75,3.1667,38.8899,20.0,area_weak_03,2.5602564671791646
day_1,Cold cloudy day,0.45,68,17.0,3.0,35.0,20.0,area_weak_03,2.578057906697732
day_1,Cold cloudy day,0.45,69,17.25,2.8269,30.9602,20.0,area_weak_03,2.5965437547661256
day_1,Cold cloudy day,0.45,70,17.5,2.6481,26.7878,20.0,area_weak_03,2.6156375807772845
day_1,Cold cloudy day,0.45,71,17.75,2.4643,22.5008,20.0,area_weak_03,2.6352617366923266
day_1,Cold cloudy day,0.45,72,18.0,2.2765,18.1173,20.0,area_weak_03,2.655318539418136
day_1,Cold cloudy day,0.45,73,18.25,2.0853,13.6563,20.0,area_weak_03,2.6757352221059882
day_1,Cold cloudy day,0.45,74,18.5,1.8916,9.1368,20.0,area_weak_03,2.696419156771757
day_1,Cold cloudy day,0.45,75,18.75,1.6962,4.5782,20.0,area_weak_03,2.717283640134456
day_1,Cold cloudy day,0.45,76,19.0,1.5,0.0,20.0,area_weak_03,2.7382351746158013
day_1,Cold cloudy day,0.45,77,19.25,1.3038,0.0,20.0,area_weak_03,2.7512243571704924
day_1,Cold cloudy day,0.45,78,19.5,1.1084,0.0,20.0,area_weak_03,2.7641605766974373
day_1,Cold cloudy day,0.45,79,19.75,0.9147,0.0,20.0,area_weak_03,2.7769842497904222
day_1,Cold cloudy day,0.45,80,20.0,0.7235,0.0,20.0,area_weak_03,2.789642413421701
day_1,Cold cloudy day,0.45,81,20.25,0.5357,0.0,20.0,area_weak_03,2.8020754841850595
day_1,Cold cloudy day,0.45,82,20.5,0.3519,0.0,20.0,area_weak_03,2.8142437398096884
day_1,Cold cloudy day,0.45,83,20.75,0.1731,0.0,20.0,area_weak_03,2.826080976510905
day_1,Cold cloudy day,0.45,84,21.0,-0.0,0.0,20.0,area_weak_03,2.837540851639432
day_1,Cold cloudy day,0.45,85,21.25,-0.1667,0.0,20.0,area_weak_03,2.8485770225459914
day_1,Cold cloudy day,0.45,86,21.5,-0.3263,0.0,20.0,area_weak_03,2.8591431465813057
day_1,Cold cloudy day,0.45,87,21.75,-0.478,0.0,20.0,area_weak_03,2.869186260717629
day_1,Cold cloudy day,0.45,88,22.0,-0.6213,0.0,20.0,area_weak_03,2.8786732630626197
day_1,Cold cloudy day,0.45,89,22.25,-0.7555,0.0,20.0,area_weak_03,2.8875578109670004
day_1,Cold cloudy day,0.45,90,22.5,-0.8801,0.0,20.0,area_weak_03,2.89580680253843
day_1,Cold cloudy day,0.45,91,22.75,-0.9944,0.0,20.0,area_weak_03,2.903373895127631
day_1,Cold cloudy day,0.45,92,23.0,-1.0981,0.0,20.0,area_weak_03,2.910239227599198
day_1,Cold cloudy day,0.45,93,23.25,-1.1906,0.0,20.0,area_weak_03,2.9163630776823215
day_1,Cold cloudy day,0.45,94,23.5,-1.2716,0.0,20.0,area_weak_03,2.9217255842415977
day_1,Cold cloudy day,0.45,95,23.75,-1.3408,0.0,20.0,area_weak_03,2.9263068861416213
day_1,Cold cloudy day,0.45,0,0.0,-1.3978,0.0,20.0,area_weak_04,2.590994609956468
day_1,Cold cloudy day,0.45,1,0.25,-1.4424,0.0,20.0,area_weak_04,2.594651813968009
day_1,Cold cloudy day,0.45,2,0.5,-1.4743,0.0,20.0,area_weak_04,2.59726761683725
day_1,Cold cloudy day,0.45,3,0.75,-1.4936,0.0,20.0,area_weak_04,2.5988502185731868
day_1,Cold cloudy day,0.45,4,1.0,-1.5,0.0,20.0,area_weak_04,2.599375019148834
day_1,Cold cloudy day,0.45,5,1.25,-1.4936,0.0,20.0,area_weak_04,2.5988502185731868
day_1,Cold cloudy day,0.45,6,1.5,-1.4743,0.0,20.0,area_weak_04,2.59726761683725
day_1,Cold cloudy day,0.45,7,1.75,-1.4424,0.0,20.0,area_weak_04,2.594651813968009
day_1,Cold cloudy day,0.45,8,2.0,-1.3978,0.0,20.0,area_weak_04,2.590994609956468
day_1,Cold cloudy day,0.45,9,2.25,-1.3408,0.0,20.0,area_weak_04,2.58632060482961
day_1,Cold cloudy day,0.45,10,2.5,-1.2716,0.0,20.0,area_weak_04,2.5806461986054248
day_1,Cold cloudy day,0.45,11,2.75,-1.1906,0.0,20.0,area_weak_04,2.57400419131989
day_1,Cold cloudy day,0.45,12,3.0,-1.0981,0.0,20.0,area_weak_04,2.566419182999989
day_1,Cold cloudy day,0.45,13,3.25,-0.9944,0.0,20.0,area_weak_04,2.5579157736727063
day_1,Cold cloudy day,0.45,14,3.5,-0.8801,0.0,20.0,area_weak_04,2.5485431633920075
day_1,Cold cloudy day,0.45,15,3.75,-0.7555,0.0,20.0,area_weak_04,2.538325952184876
day_1,Cold cloudy day,0.45,16,4.0,-0.6213,0.0,20.0,area_weak_04,2.527321540114275
day_1,Cold cloudy day,0.45,17,4.25,-0.478,0.0,20.0,area_weak_04,2.5155709272251743
day_1,Cold cloudy day,0.45,18,4.5,-0.3263,0.0,20.0,area_weak_04,2.5031315135805374
day_1,Cold cloudy day,0.45,19,4.75,-0.1667,0.0,20.0,area_weak_04,2.4900442992253358
day_1,Cold cloudy day,0.45,20,5.0,0.0,0.0,20.0,area_weak_04,2.4763748842315256
day_1,Cold cloudy day,0.45,21,5.25,0.1731,0.0,20.0,area_weak_04,2.462180668662068
day_1,Cold cloudy day,0.45,22,5.5,0.3519,0.0,20.0,area_weak_04,2.447519052579925
day_1,Cold cloudy day,0.45,23,5.75,0.5357,0.0,20.0,area_weak_04,2.432447436048058
day_1,Cold cloudy day,0.45,24,6.0,0.7235,0.0,20.0,area_weak_04,2.4170478191564104
day_1,Cold cloudy day,0.45,25,6.25,0.9147,0.0,20.0,area_weak_04,2.4013694019589513
day_1,Cold cloudy day,0.45,26,6.5,1.1084,0.0,20.0,area_weak_04,2.3854859845366296
day_1,Cold cloudy day,0.45,27,6.75,1.3038,0.0,20.0,area_weak_04,2.3694631669614017
day_1,Cold cloudy day,0.45,28,7.0,1.5,0.0,20.0,area_weak_04,2.353374749314218
day_1,Cold cloudy day,0.45,29,7.25,1.6962,4.5782,20.0,area_weak_04,2.2812469029670033
day_1,Cold cloudy day,0.45,30,7.5,1.8916,9.1368,20.0,area_weak_04,2.2094245703701603
day_1,Cold cloudy day,0.45,31,7.75,2.0853,13.6563,20.0,area_weak_04,2.1382202412336744
day_1,Cold cloudy day,0.45,32,8.0,2.2765,18.1173,20.0,area_weak_04,2.067936981209157
day_1,Cold cloudy day,0.45,33,8.25,2.4643,22.5008,20.0,area_weak_04,1.9988811597596958
day_1,Cold cloudy day,0.45,34,8.5,2.6481,26.7878,20.0,area_weak_04,1.9313345463213958
day_1,Cold cloudy day,0.45,35,8.75,2.8269,30.9602,20.0,area_weak_04,1.865600693921921
day_1,Cold cloudy day,0.45,36,9.0,3.0,35.0,20.0,area_weak_04,1.801957331512574
day_1,Cold cloudy day,0.45,37,9.25,3.1667,38.8899,20.0,area_weak_04,1.7406736196989991
day_1,Cold cloudy day,0.45,38,9.5,3.3263,42.6133,20.0,area_weak_04,1.6820101507411822
day_1,Cold cloudy day,0.45,39,9.75,3.478,46.1542,20.0,area_weak_04,1.6262283726118265
day_1,Cold cloudy day,0.45,40,10.0,3.6213,49.4975,20.0,area_weak_04,1.573554116812235
day_1,Cold cloudy day,0.45,41,10.25,3.7555,52.6288,20.0,area_weak_04,1.524221046516041
day_1,Cold cloudy day,0.45,42,10.5,3.8801,55.5347,20.0,area_weak_04,1.4784341843850934
day_1,Cold cloudy day,0.45,43,10.75,3.9944,58.2029,20.0,area_weak_04,1.436401488556052
day_1,Cold cloudy day,0.45,44,11.0,4.0981,60.6218,20.0,area_weak_04,1.3982895487839424
day_1,Cold cloudy day,0.45,45,11.25,4.1906,62.7811,20.0,area_weak_04,1.3642736422088375
day_1,Cold cloudy day,0.45,46,11.5,4.2716,64.6716,20.0,area_weak_04,1.3344909814006505
day_1,Cold cloudy day,0.45,47,11.75,4.3408,66.2851,20.0,area_weak_04,1.3090665384354976
day_1,Cold cloudy day,0.45,48,12.0,4.3978,67.6148,20.0,area_weak_04,1.2881163487071738
day_1,Cold cloudy day,0.45,49,12.25,4.4424,68.655,20.0,area_weak_04,1.2717265830483102
day_1,Cold cloudy day,0.45,50,12.5,4.4743,69.4011,20.0,area_weak_04,1.2599781477573546
day_1,Cold cloudy day,0.45,51,12.75,4.4936,69.8501,20.0,area_weak_04,1.2528995643067022
day_1,Cold cloudy day,0.45,52,13.0,4.5,70.0,20.0,area_weak_04,1.2505399137109308
day_1,Cold cloudy day,0.45,53,13.25,4.4936,69.8501,20.0,area_weak_04,1.2528995643067022
day_1,Cold cloudy day,0.45,54,13.5,4.4743,69.4011,20.0,area_weak_04,1.2599781477573546
day_1,Cold cloudy day,0.45,55,13.75,4.4424,68.655,20.0,area_weak_04,1.2717265830483102
day_1,Cold cloudy day,0.45,56,14.0,4.3978,67.6148,20.0,area_weak_04,1.2881163487071738
day_1,Cold cloudy day,0.45,57,14.25,4.3408,66.2851,20.0,area_weak_04,1.3090665384354976
day_1,Cold cloudy day,0.45,58,14.5,4.2716,64.6716,20.0,area_weak_04,1.3344909814006505
day_1,Cold cloudy day,0.45,59,14.75,4.1906,62.7811,20.0,area_weak_04,1.3642736422088375
day_1,Cold cloudy day,0.45,60,15.0,4.0981,60.6218,20.0,area_weak_04,1.3982895487839424
day_1,Cold cloudy day,0.45,61,15.25,3.9944,58.2029,20.0,area_weak_04,1.436401488556052
day_1,Cold cloudy day,0.45,62,15.5,3.8801,55.5347,20.0,area_weak_04,1.4784341843850934
day_1,Cold cloudy day,0.45,63,15.75,3.7555,52.6288,20.0,area_weak_04,1.524221046516041
day_1,Cold cloudy day,0.45,64,16.0,3.6213,49.4975,20.0,area_weak_04,1.573554116812235
day_1,Cold cloudy day,0.45,65,16.25,3.478,46.1542,20.0,area_weak_04,1.6262283726118265
day_1,Cold cloudy day,0.45,66,16.5,3.3263,42.6133,20.0,area_weak_04,1.6820101507411822
day_1,Cold cloudy day,0.45,67,16.75,3.1667,38.8899,20.0,area_weak_04,1.7406736196989991
day_1,Cold cloudy day,0.45,68,17.0,3.0,35.0,20.0,area_weak_04,1.801957331512574
day_1,Cold cloudy day,0.45,69,17.25,2.8269,30.9602,20.0,area_weak_04,1.865600693921921
day_1,Cold cloudy day,0.45,70,17.5,2.6481,26.7878,20.0,area_weak_04,1.9313345463213958
day_1,Cold cloudy day,0.45,71,17.75,2.4643,22.5008,20.0,area_weak_04,1.9988811597596958
day_1,Cold cloudy day,0.45,72,18.0,2.2765,18.1173,20.0,area_weak_04,2.067936981209157
day_1,Cold cloudy day,0.45,73,18.25,2.0853,13.6563,20.0,area_weak_04,2.1382202412336744
day_1,Cold cloudy day,0.45,74,18.5,1.8916,9.1368,20.0,area_weak_04,2.2094245703701603
day_1,Cold cloudy day,0.45,75,18.75,1.6962,4.5782,20.0,area_weak_04,2.2812469029670033
day_1,Cold cloudy day,0.45,76,19.0,1.5,0.0,20.0,area_weak_04,2.353374749314218
day_1,Cold cloudy day,0.45,77,19.25,1.3038,0.0,20.0,area_weak_04,2.3694631669614017
day_1,Cold cloudy day,0.45,78,19.5,1.1084,0.0,20.0,area_weak_04,2.3854859845366296
day_1,Cold cloudy day,0.45,79,19.75,0.9147,0.0,20.0,area_weak_04,2.4013694019589513
day_1,Cold cloudy day,0.45,80,20.0,0.7235,0.0,20.0,area_weak_04,2.4170478191564104
day_1,Cold cloudy day,0.45,81,20.25,0.5357,0.0,20.0,area_weak_04,2.432447436048058
day_1,Cold cloudy day,0.45,82,20.5,0.3519,0.0,20.0,area_weak_04,2.447519052579925
day_1,Cold cloudy day,0.45,83,20.75,0.1731,0.0,20.0,area_weak_04,2.462180668662068
day_1,Cold cloudy day,0.45,84,21.0,-0.0,0.0,20.0,area_weak_04,2.4763748842315256
day_1,Cold cloudy day,0.45,85,21.25,-0.1667,0.0,20.0,area_weak_04,2.4900442992253358
day_1,Cold cloudy day,0.45,86,21.5,-0.3263,0.0,20.0,area_weak_04,2.5031315135805374
day_1,Cold cloudy day,0.45,87,21.75,-0.478,0.0,20.0,area_weak_04,2.5155709272251743
day_1,Cold cloudy day,0.45,88,22.0,-0.6213,0.0,20.0,area_weak_04,2.527321540114275
day_1,Cold cloudy day,0.45,89,22.25,-0.7555,0.0,20.0,area_weak_04,2.538325952184876
day_1,Cold cloudy day,0.45,90,22.5,-0.8801,0.0,20.0,area_weak_04,2.5485431633920075
day_1,Cold cloudy day,0.45,91,22.75,-0.9944,0.0,20.0,area_weak_04,2.5579157736727063
day_1,Cold cloudy day,0.45,92,23.0,-1.0981,0.0,20.0,area_weak_04,2.566419182999989
day_1,Cold cloudy day,0.45,93,23.25,-1.1906,0.0,20.0,area_weak_04,2.57400419131989
day_1,Cold cloudy day,0.45,94,23.5,-1.2716,0.0,20.0,area_weak_04,2.5806461986054248
day_1,Cold cloudy day,0.45,95,23.75,-1.3408,0.0,20.0,area_weak_04,2.58632060482961
day_1,Cold cloudy day,0.45,0,0.0,-1.3978,0.0,20.0,area_weak_05,2.386446854059296
day_1,Cold cloudy day,0.45,1,0.25,-1.4424,0.0,20.0,area_weak_05,2.389538402774911
day_1,Cold cloudy day,0.45,2,0.5,-1.4743,0.0,20.0,area_weak_05,2.391749622596169
day_1,Cold cloudy day,0.45,3,0.75,-1.4936,0.0,20.0,area_weak_05,2.393087445246649
day_1,Cold cloudy day,0.45,4,1.0,-1.5,0.0,20.0,area_weak_05,2.393531075555616
day_1,Cold cloudy day,0.45,5,1.25,-1.4936,0.0,20.0,area_weak_05,2.393087445246649
day_1,Cold cloudy day,0.45,6,1.5,-1.4743,0.0,20.0,area_weak_05,2.391749622596169
day_1,Cold cloudy day,0.45,7,1.75,-1.4424,0.0,20.0,area_weak_05,2.389538402774911
day_1,Cold cloudy day,0.45,8,2.0,-1.3978,0.0,20.0,area_weak_05,2.386446854059296
day_1,Cold cloudy day,0.45,9,2.25,-1.3408,0.0,20.0,area_weak_05,2.382495771620057
day_1,Cold cloudy day,0.45,10,2.5,-1.2716,0.0,20.0,area_weak_05,2.3776990189043494
day_1,Cold cloudy day,0.45,11,2.75,-1.1906,0.0,20.0,area_weak_05,2.3720843228064834
day_1,Cold cloudy day,0.45,12,3.0,-1.0981,0.0,20.0,area_weak_05,2.365672478497192
day_1,Cold cloudy day,0.45,13,3.25,-0.9944,0.0,20.0,area_weak_05,2.3584842811472084
day_1,Cold cloudy day,0.45,14,3.5,-0.8801,0.0,20.0,area_weak_05,2.3505613210979974
day_1,Cold cloudy day,0.45,15,3.75,-0.7555,0.0,20.0,area_weak_05,2.3419243935202925
day_1,Cold cloudy day,0.45,16,4.0,-0.6213,0.0,20.0,area_weak_05,2.3326220204791372
day_1,Cold cloudy day,0.45,17,4.25,-0.478,0.0,20.0,area_weak_05,2.322688860592419
day_1,Cold cloudy day,0.45,18,4.5,-0.3263,0.0,20.0,area_weak_05,2.312173435925181
day_1,Cold cloudy day,0.45,19,4.75,-0.1667,0.0,20.0,area_weak_05,2.3011104050953115
day_1,Cold cloudy day,0.45,20,5.0,0.0,0.0,20.0,area_weak_05,2.2895552218914323
day_1,Cold cloudy day,0.45,21,5.25,0.1731,0.0,20.0,area_weak_05,2.2775564083785853
day_1,Cold cloudy day,0.45,22,5.5,0.3519,0.0,20.0,area_weak_05,2.265162486621815
day_1,Cold cloudy day,0.45,23,5.75,0.5357,0.0,20.0,area_weak_05,2.2524219786861632
day_1,Cold cloudy day,0.45,24,6.0,0.7235,0.0,20.0,area_weak_05,2.2394042018074076
day_1,Cold cloudy day,0.45,25,6.25,0.9147,0.0,20.0,area_weak_05,2.226150746327013
day_1,Cold cloudy day,0.45,26,6.5,1.1084,0.0,20.0,area_weak_05,2.212723997757178
day_1,Cold cloudy day,0.45,27,6.75,1.3038,0.0,20.0,area_weak_05,2.199179409886524
day_1,Cold cloudy day,0.45,28,7.0,1.5,0.0,20.0,area_weak_05,2.1855793682272484
day_1,Cold cloudy day,0.45,29,7.25,1.6962,4.5782,20.0,area_weak_05,2.150319039344927
day_1,Cold cloudy day,0.45,30,7.5,1.8916,9.1368,20.0,area_weak_05,2.115206895374719
day_1,Cold cloudy day,0.45,31,7.75,2.0853,13.6563,20.0,area_weak_05,2.0803975798343375
day_1,Cold cloudy day,0.45,32,8.0,2.2765,18.1173,20.0,area_weak_05,2.046038331399942
day_1,Cold cloudy day,0.45,33,8.25,2.4643,22.5008,20.0,area_weak_05,2.01228142799936
day_1,Cold cloudy day,0.45,34,8.5,2.6481,26.7878,20.0,area_weak_05,1.9792583523896892
day_1,Cold cloudy day,0.45,35,8.75,2.8269,30.9602,20.0,area_weak_05,1.9471240561605412
day_1,Cold cloudy day,0.45,36,9.0,3.0,35.0,20.0,area_weak_05,1.91601222261282
day_1,Cold cloudy day,0.45,37,9.25,3.1667,38.8899,20.0,area_weak_05,1.8860532232215905
day_1,Cold cloudy day,0.45,38,9.5,3.3263,42.6133,20.0,area_weak_05,1.8573741176360772
day_1,Cold cloudy day,0.45,39,9.75,3.478,46.1542,20.0,area_weak_05,1.8301060585212214
day_1,Cold cloudy day,0.45,40,10.0,3.6213,49.4975,20.0,area_weak_05,1.8043551453094386
day_1,Cold cloudy day,0.45,41,10.25,3.7555,52.6288,20.0,area_weak_05,1.7802380290544602
day_1,Cold cloudy day,0.45,42,10.5,3.8801,55.5347,20.0,area_weak_05,1.7578527661830923
day_1,Cold cloudy day,0.45,43,10.75,3.9944,58.2029,20.0,area_weak_05,1.7373060722715488
day_1,Cold cloudy day,0.45,44,11.0,4.0981,60.6218,20.0,area_weak_05,1.7186736241758949
day_1,Cold cloudy day,0.45,45,11.25,4.1906,62.7811,20.0,area_weak_05,1.7020457433892273
day_1,Cold cloudy day,0.45,46,11.5,4.2716,64.6716,20.0,area_weak_05,1.6874867519361634
day_1,Cold cloudy day,0.45,47,11.75,4.3408,66.2851,20.0,area_weak_05,1.6750562406615492
day_1,Cold cloudy day,0.45,48,12.0,4.3978,67.6148,20.0,area_weak_05,1.664814108482132
day_1,Cold cloudy day,0.45,49,12.25,4.4424,68.655,20.0,area_weak_05,1.6568011865697558
day_1,Cold cloudy day,0.45,50,12.5,4.4743,69.4011,20.0,area_weak_05,1.6510600335220953
day_1,Cold cloudy day,0.45,51,12.75,4.4936,69.8501,20.0,area_weak_05,1.6475979111548829
day_1,Cold cloudy day,0.45,52,13.0,4.5,70.0,20.0,area_weak_05,1.6464450769983916
day_1,Cold cloudy day,0.45,53,13.25,4.4936,69.8501,20.0,area_weak_05,1.6475979111548829
day_1,Cold cloudy day,0.45,54,13.5,4.4743,69.4011,20.0,area_weak_05,1.6510600335220953
day_1,Cold cloudy day,0.45,55,13.75,4.4424,68.655,20.0,area_weak_05,1.6568011865697558
day_1,Cold cloudy day,0.45,56,14.0,4.3978,67.6148,20.0,area_weak_05,1.664814108482132
day_1,Cold cloudy day,0.45,57,14.25,4.3408,66.2851,20.0,area_weak_05,1.6750562406615492
day_1,Cold cloudy day,0.45,58,14.5,4.2716,64.6716,20.0,area_weak_05,1.6874867519361634
day_1,Cold cloudy day,0.45,59,14.75,4.1906,62.7811,20.0,area_weak_05,1.7020457433892273
day_1,Cold cloudy day,0.45,60,15.0,4.0981,60.6218,20.0,area_weak_05,1.7186736241758949
day_1,Cold cloudy day,0.45,61,15.25,3.9944,58.2029,20.0,area_weak_05,1.7373060722715488
day_1,Cold cloudy day,0.45,62,15.5,3.8801,55.5347,20.0,area_weak_05,1.7578527661830923
day_1,Cold cloudy day,0.45,63,15.75,3.7555,52.6288,20.0,area_weak_05,1.7802380290544602
day_1,Cold cloudy day,0.45,64,16.0,3.6213,49.4975,20.0,area_weak_05,1.8043551453094386
day_1,Cold cloudy day,0.45,65,16.25,3.478,46.1542,20.0,area_weak_05,1.8301060585212214
day_1,Cold cloudy day,0.45,66,16.5,3.3263,42.6133,20.0,area_weak_05,1.8573741176360772
day_1,Cold cloudy day,0.45,67,16.75,3.1667,38.8899,20.0,area_weak_05,1.8860532232215905
day_1,Cold cloudy day,0.45,68,17.0,3.0,35.0,20.0,area_weak_05,1.91601222261282
day_1,Cold cloudy day,0.45,69,17.25,2.8269,30.9602,20.0,area_weak_05,1.9471240561605412
day_1,Cold cloudy day,0.45,70,17.5,2.6481,26.7878,20.0,area_weak_05,1.9792583523896892
day_1,Cold cloudy day,0.45,71,17.75,2.4643,22.5008,20.0,area_weak_05,2.01228142799936
day_1,Cold cloudy day,0.45,72,18.0,2.2765,18.1173,20.0,area_weak_05,2.046038331399942
day_1,Cold cloudy day,0.45,73,18.25,2.0853,13.6563,20.0,area_weak_05,2.0803975798343375
day_1,Cold cloudy day,0.45,74,18.5,1.8916,9.1368,20.0,area_weak_05,2.115206895374719
day_1,Cold cloudy day,0.45,75,18.75,1.6962,4.5782,20.0,area_weak_05,2.150319039344927
day_1,Cold cloudy day,0.45,76,19.0,1.5,0.0,20.0,area_weak_05,2.1855793682272484
day_1,Cold cloudy day,0.45,77,19.25,1.3038,0.0,20.0,area_weak_05,2.199179409886524
day_1,Cold cloudy day,0.45,78,19.5,1.1084,0.0,20.0,area_weak_05,2.212723997757178
day_1,Cold cloudy day,0.45,79,19.75,0.9147,0.0,20.0,area_weak_05,2.226150746327013
day_1,Cold cloudy day,0.45,80,20.0,0.7235,0.0,20.0,area_weak_05,2.2394042018074076
day_1,Cold cloudy day,0.45,81,20.25,0.5357,0.0,20.0,area_weak_05,2.2524219786861632
day_1,Cold cloudy day,0.45,82,20.5,0.3519,0.0,20.0,area_weak_05,2.265162486621815
day_1,Cold cloudy day,0.45,83,20.75,0.1731,0.0,20.0,area_weak_05,2.2775564083785853
day_1,Cold cloudy day,0.45,84,21.0,-0.0,0.0,20.0,area_weak_05,2.2895552218914323
day_1,Cold cloudy day,0.45,85,21.25,-0.1667,0.0,20.0,area_weak_05,2.3011104050953115
day_1,Cold cloudy day,0.45,86,21.5,-0.3263,0.0,20.0,area_weak_05,2.312173435925181
day_1,Cold cloudy day,0.45,87,21.75,-0.478,0.0,20.0,area_weak_05,2.322688860592419
day_1,Cold cloudy day,0.45,88,22.0,-0.6213,0.0,20.0,area_weak_05,2.3326220204791372
day_1,Cold cloudy day,0.45,89,22.25,-0.7555,0.0,20.0,area_weak_05,2.3419243935202925
day_1,Cold cloudy day,0.45,90,22.5,-0.8801,0.0,20.0,area_weak_05,2.3505613210979974
day_1,Cold cloudy day,0.45,91,22.75,-0.9944,0.0,20.0,area_weak_05,2.3584842811472084
day_1,Cold cloudy day,0.45,92,23.0,-1.0981,0.0,20.0,area_weak_05,2.365672478497192
day_1,Cold cloudy day,0.45,93,23.25,-1.1906,0.0,20.0,area_weak_05,2.3720843228064834
day_1,Cold cloudy day,0.45,94,23.5,-1.2716,0.0,20.0,area_weak_05,2.3776990189043494
day_1,Cold cloudy day,0.45,95,23.75,-1.3408,0.0,20.0,area_weak_05,2.382495771620057
day_1,Cold cloudy day,0.45,0,0.0,-1.3978,0.0,20.0,area_weak_06,3.0561339885481726
day_1,Cold cloudy day,0.45,1,0.25,-1.4424,0.0,20.0,area_weak_06,3.068416945474422
day_1,Cold cloudy day,0.45,2,0.5,-1.4743,0.0,20.0,area_weak_06,3.077202289105529
day_1,Cold cloudy day,0.45,3,0.75,-1.4936,0.0,20.0,area_weak_06,3.08251755970366
day_1,Cold cloudy day,0.45,4,1.0,-1.5,0.0,20.0,area_weak_06,3.0842801364823145
day_1,Cold cloudy day,0.45,5,1.25,-1.4936,0.0,20.0,area_weak_06,3.08251755970366
day_1,Cold cloudy day,0.45,6,1.5,-1.4743,0.0,20.0,area_weak_06,3.077202289105529
day_1,Cold cloudy day,0.45,7,1.75,-1.4424,0.0,20.0,area_weak_06,3.068416945474422
day_1,Cold cloudy day,0.45,8,2.0,-1.3978,0.0,20.0,area_weak_06,3.0561339885481726
day_1,Cold cloudy day,0.45,9,2.25,-1.3408,0.0,20.0,area_weak_06,3.04043603911328
day_1,Cold cloudy day,0.45,10,2.5,-1.2716,0.0,20.0,area_weak_06,3.0213781776940754
day_1,Cold cloudy day,0.45,11,2.75,-1.1906,0.0,20.0,area_weak_06,2.999070565339227
day_1,Cold cloudy day,0.45,12,3.0,-1.0981,0.0,20.0,area_weak_06,2.9735958228352337
day_1,Cold cloudy day,0.45,13,3.25,-0.9944,0.0,20.0,area_weak_06,2.9450365709685946
day_1,Cold cloudy day,0.45,14,3.5,-0.8801,0.0,20.0,area_weak_06,2.9135580513123087
day_1,Cold cloudy day,0.45,15,3.75,-0.7555,0.0,20.0,area_weak_06,2.8792428846528755
day_1,Cold cloudy day,0.45,16,4.0,-0.6213,0.0,20.0,area_weak_06,2.8422838528254606
day_1,Cold cloudy day,0.45,17,4.25,-0.478,0.0,20.0,area_weak_06,2.8028186571408953
day_1,Cold cloudy day,0.45,18,4.5,-0.3263,0.0,20.0,area_weak_06,2.761040079434346
day_1,Cold cloudy day,0.45,19,4.75,-0.1667,0.0,20.0,area_weak_06,2.7170858210166444
day_1,Cold cloudy day,0.45,20,5.0,0.0,0.0,20.0,area_weak_06,2.6711762039851235
day_1,Cold cloudy day,0.45,21,5.25,0.1731,0.0,20.0,area_weak_06,2.623504010174948
day_1,Cold cloudy day,0.45,22,5.5,0.3519,0.0,20.0,area_weak_06,2.574262021421283
day_1,Cold cloudy day,0.45,23,5.75,0.5357,0.0,20.0,area_weak_06,2.523643019559294
day_1,Cold cloudy day,0.45,24,6.0,0.7235,0.0,20.0,area_weak_06,2.4719224072106454
day_1,Cold cloudy day,0.45,25,6.25,0.9147,0.0,20.0,area_weak_06,2.419265425948337
day_1,Cold cloudy day,0.45,26,6.5,1.1084,0.0,20.0,area_weak_06,2.3659199381318667
day_1,Cold cloudy day,0.45,27,6.75,1.3038,0.0,20.0,area_weak_06,2.312106265858566
day_1,Cold cloudy day,0.45,28,7.0,1.5,0.0,20.0,area_weak_06,2.2580722714879333
day_1,Cold cloudy day,0.45,29,7.25,1.6962,4.5782,20.0,area_weak_06,2.203312204787793
day_1,Cold cloudy day,0.45,30,7.5,1.8916,9.1368,20.0,area_weak_06,2.1487755686157333
day_1,Cold cloudy day,0.45,31,7.75,2.0853,13.6563,20.0,area_weak_06,2.0947133179026642
day_1,Cold cloudy day,0.45,32,8.0,2.2765,18.1173,20.0,area_weak_06,2.041348851457984
day_1,Cold cloudy day,0.45,33,8.25,2.4643,22.5008,20.0,area_weak_06,1.9889330449158966
day_1,Cold cloudy day,0.45,34,8.5,2.6481,26.7878,20.0,area_weak_06,1.9376341531241104
day_1,Cold cloudy day,0.45,35,8.75,2.8269,30.9602,20.0,area_weak_06,1.8877304492449274
day_1,Cold cloudy day,0.45,36,9.0,3.0,35.0,20.0,area_weak_06,1.839417569794819
day_1,Cold cloudy day,0.45,37,9.25,3.1667,38.8899,20.0,area_weak_06,1.792891040274863
day_1,Cold cloudy day,0.45,38,9.5,3.3263,42.6133,20.0,area_weak_06,1.7483462751707584
day_1,Cold cloudy day,0.45,39,9.75,3.478,46.1542,20.0,area_weak_06,1.7060061340743284
day_1,Cold cloudy day,0.45,40,10.0,3.6213,49.4975,20.0,area_weak_06,1.6660107130568274
day_1,Cold cloudy day,0.45,41,10.25,3.7555,52.6288,20.0,area_weak_06,1.6285550776984645
day_1,Cold cloudy day,0.45,42,10.5,3.8801,55.5347,20.0,area_weak_06,1.5937790544617045
day_1,Cold cloudy day,0.45,43,10.75,3.9944,58.2029,20.0,area_weak_06,1.5618773758806026
day_1,Cold cloudy day,0.45,44,11.0,4.0981,60.6218,20.0,area_weak_06,1.5329345024251624
day_1,Cold cloudy day,0.45,45,11.25,4.1906,62.7811,20.0,area_weak_06,1.5071173091804613
day_1,Cold cloudy day,0.45,46,11.5,4.2716,64.6716,20.0,area_weak_06,1.4845098759923308
day_1,Cold cloudy day,0.45,47,11.75,4.3408,66.2851,20.0,area_weak_06,1.4651961241131954
day_1,Cold cloudy day,0.45,48,12.0,4.3978,67.6148,20.0,area_weak_06,1.4492872930268779
day_1,Cold cloudy day,0.45,49,12.25,4.4424,68.655,20.0,area_weak_06,1.4368393672401258
day_1,Cold cloudy day,0.45,50,12.5,4.4743,69.4011,20.0,area_weak_06,1.4279356970691022
day_1,Cold cloudy day,0.45,51,12.75,4.4936,69.8501,20.0,area_weak_06,1.422549218031858
day_1,Cold cloudy day,0.45,52,13.0,4.5,70.0,20.0,area_weak_06,1.4207628681017046
day_1,Cold cloudy day,0.45,53,13.25,4.4936,69.8501,20.0,area_weak_06,1.422549218031858
day_1,Cold cloudy day,0.45,54,13.5,4.4743,69.4011,20.0,area_weak_06,1.4279356970691022
day_1,Cold cloudy day,0.45,55,13.75,4.4424,68.655,20.0,area_weak_06,1.4368393672401258
day_1,Cold cloudy day,0.45,56,14.0,4.3978,67.6148,20.0,area_weak_06,1.4492872930268779
day_1,Cold cloudy day,0.45,57,14.25,4.3408,66.2851,20.0,area_weak_06,1.4651961241131954
day_1,Cold cloudy day,0.45,58,14.5,4.2716,64.6716,20.0,area_weak_06,1.4845098759923308
day_1,Cold cloudy day,0.45,59,14.75,4.1906,62.7811,20.0,area_weak_06,1.5071173091804613
day_1,Cold cloudy day,0.45,60,15.0,4.0981,60.6218,20.0,area_weak_06,1.5329345024251624
day_1,Cold cloudy day,0.45,61,15.25,3.9944,58.2029,20.0,area_weak_06,1.5618773758806026
day_1,Cold cloudy day,0.45,62,15.5,3.8801,55.5347,20.0,area_weak_06,1.5937790544617045
day_1,Cold cloudy day,0.45,63,15.75,3.7555,52.6288,20.0,area_weak_06,1.6285550776984645
day_1,Cold cloudy day,0.45,64,16.0,3.6213,49.4975,20.0,area_weak_06,1.6660107130568274
day_1,Cold cloudy day,0.45,65,16.25,3.478,46.1542,20.0,area_weak_06,1.7060061340743284
day_1,Cold cloudy day,0.45,66,16.5,3.3263,42.6133,20.0,area_weak_06,1.7483462751707584
day_1,Cold cloudy day,0.45,67,16.75,3.1667,38.8899,20.0,area_weak_06,1.792891040274863
day_1,Cold cloudy day,0.45,68,17.0,3.0,35.0,20.0,area_weak_06,1.839417569794819
day_1,Cold cloudy day,0.45,69,17.25,2.8269,30.9602,20.0,area_weak_06,1.8877304492449274
day_1,Cold cloudy day,0.45,70,17.5,2.6481,26.7878,20.0,area_weak_06,1.9376341531241104
day_1,Cold cloudy day,0.45,71,17.75,2.4643,22.5008,20.0,area_weak_06,1.9889330449158966
day_1,Cold cloudy day,0.45,72,18.0,2.2765,18.1173,20.0,area_weak_06,2.041348851457984
day_1,Cold cloudy day,0.45,73,18.25,2.0853,13.6563,20.0,area_weak_06,2.0947133179026642
day_1,Cold cloudy day,0.45,74,18.5,1.8916,9.1368,20.0,area_weak_06,2.1487755686157333
day_1,Cold cloudy day,0.45,75,18.75,1.6962,4.5782,20.0,area_weak_06,2.203312204787793
day_1,Cold cloudy day,0.45,76,19.0,1.5,0.0,20.0,area_weak_06,2.2580722714879333
day_1,Cold cloudy day,0.45,77,19.25,1.3038,0.0,20.0,area_weak_06,2.312106265858566
day_1,Cold cloudy day,0.45,78,19.5,1.1084,0.0,20.0,area_weak_06,2.3659199381318667
day_1,Cold cloudy day,0.45,79,19.75,0.9147,0.0,20.0,area_weak_06,2.419265425948337
day_1,Cold cloudy day,0.45,80,20.0,0.7235,0.0,20.0,area_weak_06,2.4719224072106454
day_1,Cold cloudy day,0.45,81,20.25,0.5357,0.0,20.0,area_weak_06,2.523643019559294
day_1,Cold cloudy day,0.45,82,20.5,0.3519,0.0,20.0,area_weak_06,2.574262021421283
day_1,Cold cloudy day,0.45,83,20.75,0.1731,0.0,20.0,area_weak_06,2.623504010174948
day_1,Cold cloudy day,0.45,84,21.0,-0.0,0.0,20.0,area_weak_06,2.6711762039851235
day_1,Cold cloudy day,0.45,85,21.25,-0.1667,0.0,20.0,area_weak_06,2.7170858210166444
day_1,Cold cloudy day,0.45,86,21.5,-0.3263,0.0,20.0,area_weak_06,2.761040079434346
day_1,Cold cloudy day,0.45,87,21.75,-0.478,0.0,20.0,area_weak_06,2.8028186571408953
day_1,Cold cloudy day,0.45,88,22.0,-0.6213,0.0,20.0,area_weak_06,2.8422838528254606
day_1,Cold cloudy day,0.45,89,22.25,-0.7555,0.0,20.0,area_weak_06,2.8792428846528755
day_1,Cold cloudy day,0.45,90,22.5,-0.8801,0.0,20.0,area_weak_06,2.9135580513123087
day_1,Cold cloudy day,0.45,91,22.75,-0.9944,0.0,20.0,area_weak_06,2.9450365709685946
day_1,Cold cloudy day,0.45,92,23.0,-1.0981,0.0,20.0,area_weak_06,2.9735958228352337
day_1,Cold cloudy day,0.45,93,23.25,-1.1906,0.0,20.0,area_weak_06,2.999070565339227
day_1,Cold cloudy day,0.45,94,23.5,-1.2716,0.0,20.0,area_weak_06,3.0213781776940754
day_1,Cold cloudy day,0.45,95,23.75,-1.3408,0.0,20.0,area_weak_06,3.04043603911328
day_1,Cold cloudy day,0.45,0,0.0,-1.3978,0.0,20.0,area_weak_07,2.3605146687745258
day_1,Cold cloudy day,0.45,1,0.25,-1.4424,0.0,20.0,area_weak_07,2.3632017507233085
day_1,Cold cloudy day,0.45,2,0.5,-1.4743,0.0,20.0,area_weak_07,2.3651236770499047
day_1,Cold cloudy day,0.45,3,0.75,-1.4936,0.0,20.0,area_weak_07,2.3662864726017325
day_1,Cold cloudy day,0.45,4,1.0,-1.5,0.0,20.0,area_weak_07,2.3666720628365354
day_1,Cold cloudy day,0.45,5,1.25,-1.4936,0.0,20.0,area_weak_07,2.3662864726017325
day_1,Cold cloudy day,0.45,6,1.5,-1.4743,0.0,20.0,area_weak_07,2.3651236770499047
day_1,Cold cloudy day,0.45,7,1.75,-1.4424,0.0,20.0,area_weak_07,2.3632017507233085
day_1,Cold cloudy day,0.45,8,2.0,-1.3978,0.0,20.0,area_weak_07,2.3605146687745258
day_1,Cold cloudy day,0.45,9,2.25,-1.3408,0.0,20.0,area_weak_07,2.3570805057458117
day_1,Cold cloudy day,0.45,10,2.5,-1.2716,0.0,20.0,area_weak_07,2.3529113113320044
day_1,Cold cloudy day,0.45,11,2.75,-1.1906,0.0,20.0,area_weak_07,2.3480311849227795
day_1,Cold cloudy day,0.45,12,3.0,-1.0981,0.0,20.0,area_weak_07,2.342458201060393
day_1,Cold cloudy day,0.45,13,3.25,-0.9944,0.0,20.0,area_weak_07,2.336210434287101
day_1,Cold cloudy day,0.45,14,3.5,-0.8801,0.0,20.0,area_weak_07,2.329324033687417
day_1,Cold cloudy day,0.45,15,3.75,-0.7555,0.0,20.0,area_weak_07,2.3218170738035973
day_1,Cold cloudy day,0.45,16,4.0,-0.6213,0.0,20.0,area_weak_07,2.3137317285675723
day_1,Cold cloudy day,0.45,17,4.25,-0.478,0.0,20.0,area_weak_07,2.305098122216437
day_1,Cold cloudy day,0.45,18,4.5,-0.3263,0.0,20.0,area_weak_07,2.2959584286821233
day_1,Cold cloudy day,0.45,19,4.75,-0.1667,0.0,20.0,area_weak_07,2.286342772201724
day_1,Cold cloudy day,0.45,20,5.0,0.0,0.0,20.0,area_weak_07,2.2762993515545906
day_1,Cold cloudy day,0.45,21,5.25,0.1731,0.0,20.0,area_weak_07,2.265870340672654
day_1,Cold cloudy day,0.45,22,5.5,0.3519,0.0,20.0,area_weak_07,2.2550979134878464
day_1,Cold cloudy day,0.45,23,5.75,0.5357,0.0,20.0,area_weak_07,2.244024243932099
day_1,Cold cloudy day,0.45,24,6.0,0.7235,0.0,20.0,area_weak_07,2.2327095804795993
day_1,Cold cloudy day,0.45,25,6.25,0.9147,0.0,20.0,area_weak_07,2.221190072214861
day_1,Cold cloudy day,0.45,26,6.5,1.1084,0.0,20.0,area_weak_07,2.209519942764653
day_1,Cold cloudy day,0.45,27,6.75,1.3038,0.0,20.0,area_weak_07,2.197747390908325
day_1,Cold cloudy day,0.45,28,7.0,1.5,0.0,20.0,area_weak_07,2.1859266402726467
day_1,Cold cloudy day,0.45,29,7.25,1.6962,4.5782,20.0,area_weak_07,2.1530112533613073
day_1,Cold cloudy day,0.45,30,7.5,1.8916,9.1368,20.0,area_weak_07,2.12023437471143
day_1,Cold cloudy day,0.45,31,7.75,2.0853,13.6563,20.0,area_weak_07,2.087740076669231
day_1,Cold cloudy day,0.45,32,8.0,2.2765,18.1173,20.0,area_weak_07,2.055665945970845
day_1,Cold cloudy day,0.45,33,8.25,2.4643,22.5008,20.0,area_weak_07,2.02415375114917
day_1,Cold cloudy day,0.45,34,8.5,2.6481,26.7878,20.0,area_weak_07,1.9933271861948467
day_1,Cold cloudy day,0.45,35,8.75,2.8269,30.9602,20.0,area_weak_07,1.9633298976242175
day_1,Cold cloudy day,0.45,36,9.0,3.0,35.0,20.0,area_weak_07,1.934286996648704
day_1,Cold cloudy day,0.45,37,9.25,3.1667,38.8899,20.0,area_weak_07,1.9063203691410808
day_1,Cold cloudy day,0.45,38,9.5,3.3263,42.6133,20.0,area_weak_07,1.8795486756354762
day_1,Cold cloudy day,0.45,39,9.75,3.478,46.1542,20.0,area_weak_07,1.8540938369374542
day_1,Cold cloudy day,0.45,40,10.0,3.6213,49.4975,20.0,area_weak_07,1.8300555524463475
day_1,Cold cloudy day,0.45,41,10.25,3.7555,52.6288,20.0,area_weak_07,1.80754234591768
day_1,Cold cloudy day,0.45,42,10.5,3.8801,55.5347,20.0,area_weak_07,1.7866460837854998
day_1,Cold cloudy day,0.45,43,10.75,3.9944,58.2029,20.0,area_weak_07,1.7674656137893894
day_1,Cold cloudy day,0.45,44,11.0,4.0981,60.6218,20.0,area_weak_07,1.7500724589406103
day_1,Cold cloudy day,0.45,45,11.25,4.1906,62.7811,20.0,area_weak_07,1.73455022687805
day_1,Cold cloudy day,0.45,46,11.5,4.2716,64.6716,20.0,area_weak_07,1.7209593823090379
day_1,Cold cloudy day,0.45,47,11.75,4.3408,66.2851,20.0,area_weak_07,1.7093557823142649
day_1,Cold cloudy day,0.45,48,12.0,4.3978,67.6148,20.0,area_weak_07,1.6997948581445463
day_1,Cold cloudy day,0.45,49,12.25,4.4424,68.655,20.0,area_weak_07,1.6923149229665593
day_1,Cold cloudy day,0.45,50,12.5,4.4743,69.4011,20.0,area_weak_07,1.6869552464050956
day_1,Cold cloudy day,0.45,51,12.75,4.4936,69.8501,20.0,area_weak_07,1.6837236264926518
day_1,Cold cloudy day,0.45,52,13.0,4.5,70.0,20.0,area_weak_07,1.6826473530247614
day_1,Cold cloudy day,0.45,53,13.25,4.4936,69.8501,20.0,area_weak_07,1.6837236264926518
day_1,Cold cloudy day,0.45,54,13.5,4.4743,69.4011,20.0,area_weak_07,1.6869552464050956
day_1,Cold cloudy day,0.45,55,13.75,4.4424,68.655,20.0,area_weak_07,1.6923149229665593
day_1,Cold cloudy day,0.45,56,14.0,4.3978,67.6148,20.0,area_weak_07,1.6997948581445463
day_1,Cold cloudy day,0.45,57,14.25,4.3408,66.2851,20.0,area_weak_07,1.7093557823142649
day_1,Cold cloudy day,0.45,58,14.5,4.2716,64.6716,20.0,area_weak_07,1.7209593823090379
day_1,Cold cloudy day,0.45,59,14.75,4.1906,62.7811,20.0,area_weak_07,1.73455022687805
day_1,Cold cloudy day,0.45,60,15.0,4.0981,60.6218,20.0,area_weak_07,1.7500724589406103
day_1,Cold cloudy day,0.45,61,15.25,3.9944,58.2029,20.0,area_weak_07,1.7674656137893894
day_1,Cold cloudy day,0.45,62,15.5,3.8801,55.5347,20.0,area_weak_07,1.7866460837854998
day_1,Cold cloudy day,0.45,63,15.75,3.7555,52.6288,20.0,area_weak_07,1.80754234591768
day_1,Cold cloudy day,0.45,64,16.0,3.6213,49.4975,20.0,area_weak_07,1.8300555524463475
day_1,Cold cloudy day,0.45,65,16.25,3.478,46.1542,20.0,area_weak_07,1.8540938369374542
day_1,Cold cloudy day,0.45,66,16.5,3.3263,42.6133,20.0,area_weak_07,1.8795486756354762
day_1,Cold cloudy day,0.45,67,16.75,3.1667,38.8899,20.0,area_weak_07,1.9063203691410808
day_1,Cold cloudy day,0.45,68,17.0,3.0,35.0,20.0,area_weak_07,1.934286996648704
day_1,Cold cloudy day,0.45,69,17.25,2.8269,30.9602,20.0,area_weak_07,1.9633298976242175
day_1,Cold cloudy day,0.45,70,17.5,2.6481,26.7878,20.0,area_weak_07,1.9933271861948467
day_1,Cold cloudy day,0.45,71,17.75,2.4643,22.5008,20.0,area_weak_07,2.02415375114917
day_1,Cold cloudy day,0.45,72,18.0,2.2765,18.1173,20.0,area_weak_07,2.055665945970845
day_1,Cold cloudy day,0.45,73,18.25,2.0853,13.6563,20.0,area_weak_07,2.087740076669231
day_1,Cold cloudy day,0.45,74,18.5,1.8916,9.1368,20.0,area_weak_07,2.12023437471143
day_1,Cold cloudy day,0.45,75,18.75,1.6962,4.5782,20.0,area_weak_07,2.1530112533613073
day_1,Cold cloudy day,0.45,76,19.0,1.5,0.0,20.0,area_weak_07,2.1859266402726467
day_1,Cold cloudy day,0.45,77,19.25,1.3038,0.0,20.0,area_weak_07,2.197747390908325
day_1,Cold cloudy day,0.45,78,19.5,1.1084,0.0,20.0,area_weak_07,2.209519942764653
day_1,Cold cloudy day,0.45,79,19.75,0.9147,0.0,20.0,area_weak_07,2.221190072214861
day_1,Cold cloudy day,0.45,80,20.0,0.7235,0.0,20.0,area_weak_07,2.2327095804795993
day_1,Cold cloudy day,0.45,81,20.25,0.5357,0.0,20.0,area_weak_07,2.244024243932099
day_1,Cold cloudy day,0.45,82,20.5,0.3519,0.0,20.0,area_weak_07,2.2550979134878464
day_1,Cold cloudy day,0.45,83,20.75,0.1731,0.0,20.0,area_weak_07,2.265870340672654
day_1,Cold cloudy day,0.45,84,21.0,-0.0,0.0,20.0,area_weak_07,2.2762993515545906
day_1,Cold cloudy day,0.45,85,21.25,-0.1667,0.0,20.0,area_weak_07,2.286342772201724
day_1,Cold cloudy day,0.45,86,21.5,-0.3263,0.0,20.0,area_weak_07,2.2959584286821233
day_1,Cold cloudy day,0.45,87,21.75,-0.478,0.0,20.0,area_weak_07,2.305098122216437
day_1,Cold cloudy day,0.45,88,22.0,-0.6213,0.0,20.0,area_weak_07,2.3137317285675723
day_1,Cold cloudy day,0.45,89,22.25,-0.7555,0.0,20.0,area_weak_07,2.3218170738035973
day_1,Cold cloudy day,0.45,90,22.5,-0.8801,0.0,20.0,area_weak_07,2.329324033687417
day_1,Cold cloudy day,0.45,91,22.75,-0.9944,0.0,20.0,area_weak_07,2.336210434287101
day_1,Cold cloudy day,0.45,92,23.0,-1.0981,0.0,20.0,area_weak_07,2.342458201060393
day_1,Cold cloudy day,0.45,93,23.25,-1.1906,0.0,20.0,area_weak_07,2.3480311849227795
day_1,Cold cloudy day,0.45,94,23.5,-1.2716,0.0,20.0,area_weak_07,2.3529113113320044
day_1,Cold cloudy day,0.45,95,23.75,-1.3408,0.0,20.0,area_weak_07,2.3570805057458117
day_1,Cold cloudy day,0.45,0,0.0,-1.3978,0.0,20.0,area_weak_08,3.3016060558612663
day_1,Cold cloudy day,0.45,1,0.25,-1.4424,0.0,20.0,area_weak_08,3.3075083128322893
day_1,Cold cloudy day,0.45,2,0.5,-1.4743,0.0,20.0,area_weak_08,3.311729882280174
day_1,Cold cloudy day,0.45,3,0.75,-1.4936,0.0,20.0,area_weak_08,3.314283997964944
day_1,Cold cloudy day,0.45,4,1.0,-1.5,0.0,20.0,area_weak_08,3.3151309586065256
day_1,Cold cloudy day,0.45,5,1.25,-1.4936,0.0,20.0,area_weak_08,3.314283997964944
day_1,Cold cloudy day,0.45,6,1.5,-1.4743,0.0,20.0,area_weak_08,3.311729882280174
day_1,Cold cloudy day,0.45,7,1.75,-1.4424,0.0,20.0,area_weak_08,3.3075083128322893
day_1,Cold cloudy day,0.45,8,2.0,-1.3978,0.0,20.0,area_weak_08,3.3016060558612663
day_1,Cold cloudy day,0.45,9,2.25,-1.3408,0.0,20.0,area_weak_08,3.2940628126471783
day_1,Cold cloudy day,0.45,10,2.5,-1.2716,0.0,20.0,area_weak_08,3.2849050507100754
day_1,Cold cloudy day,0.45,11,2.75,-1.1906,0.0,20.0,area_weak_08,3.274185705090056
day_1,Cold cloudy day,0.45,12,3.0,-1.0981,0.0,20.0,area_weak_08,3.2619444770671935
day_1,Cold cloudy day,0.45,13,3.25,-0.9944,0.0,20.0,area_weak_08,3.2482210679215635
day_1,Cold cloudy day,0.45,14,3.5,-0.8801,0.0,20.0,area_weak_08,3.2330948802133133
day_1,Cold cloudy day,0.45,15,3.75,-0.7555,0.0,20.0,area_weak_08,3.2166056152225178
day_1,Cold cloudy day,0.45,16,4.0,-0.6213,0.0,20.0,area_weak_08,3.198845909269349
day_1,Cold cloudy day,0.45,17,4.25,-0.478,0.0,20.0,area_weak_08,3.1798819311539317
day_1,Cold cloudy day,0.45,18,4.5,-0.3263,0.0,20.0,area_weak_08,3.1598063171964377
day_1,Cold cloudy day,0.45,19,4.75,-0.1667,0.0,20.0,area_weak_08,3.1386852361969915
day_1,Cold cloudy day,0.45,20,5.0,0.0,0.0,20.0,area_weak_08,3.1166245582357908
day_1,Cold cloudy day,0.45,21,5.25,0.1731,0.0,20.0,area_weak_08,3.0937169196330077
day_1,Cold cloudy day,0.45,22,5.5,0.3519,0.0,20.0,area_weak_08,3.070054956708816
day_1,Cold cloudy day,0.45,23,5.75,0.5357,0.0,20.0,area_weak_08,3.0457313057833897
day_1,Cold cloudy day,0.45,24,6.0,0.7235,0.0,20.0,area_weak_08,3.020878304456973
day_1,Cold cloudy day,0.45,25,6.25,0.9147,0.0,20.0,area_weak_08,2.9955753552897164
day_1,Cold cloudy day,0.45,26,6.5,1.1084,0.0,20.0,area_weak_08,2.969941562121843
day_1,Cold cloudy day,0.45,27,6.75,1.3038,0.0,20.0,area_weak_08,2.944082795033548
day_1,Cold cloudy day,0.45,28,7.0,1.5,0.0,20.0,area_weak_08,2.918118157865056
day_1,Cold cloudy day,0.45,29,7.25,1.6962,4.5782,20.0,area_weak_08,2.875546481925454
day_1,Cold cloudy day,0.45,30,7.5,1.8916,9.1368,20.0,area_weak_08,2.8331517734318075
day_1,Cold cloudy day,0.45,31,7.75,2.0853,13.6563,20.0,area_weak_08,2.791123870848436
day_1,Cold cloudy day,0.45,32,8.0,2.2765,18.1173,20.0,area_weak_08,2.7496390161379702
day_1,Cold cloudy day,0.45,33,8.25,2.4643,22.5008,20.0,area_weak_08,2.708885234056419
day_1,Cold cloudy day,0.45,34,8.5,2.6481,26.7878,20.0,area_weak_08,2.669010848079716
day_1,Cold cloudy day,0.45,35,8.75,2.8269,30.9602,20.0,area_weak_08,2.6302138520489367
day_1,Cold cloudy day,0.45,36,9.0,3.0,35.0,20.0,area_weak_08,2.59265217578342
day_1,Cold cloudy day,0.45,37,9.25,3.1667,38.8899,20.0,area_weak_08,2.55648120991087
day_1,Cold cloudy day,0.45,38,9.5,3.3263,42.6133,20.0,area_weak_08,2.521853805867356
day_1,Cold cloudy day,0.45,39,9.75,3.478,46.1542,20.0,area_weak_08,2.4889338723990013
day_1,Cold cloudy day,0.45,40,10.0,3.6213,49.4975,20.0,area_weak_08,2.457842352296896
day_1,Cold cloudy day,0.45,41,10.25,3.7555,52.6288,20.0,area_weak_08,2.428724116680547
day_1,Cold cloudy day,0.45,42,10.5,3.8801,55.5347,20.0,area_weak_08,2.401693941732788
day_1,Cold cloudy day,0.45,43,10.75,3.9944,58.2029,20.0,area_weak_08,2.3768890809982235
day_1,Cold cloudy day,0.45,44,11.0,4.0981,60.6218,20.0,area_weak_08,2.3543913137897214
day_1,Cold cloudy day,0.45,45,11.25,4.1906,62.7811,20.0,area_weak_08,2.334317405058621
day_1,Cold cloudy day,0.45,46,11.5,4.2716,64.6716,20.0,area_weak_08,2.3167404283179023
day_1,Cold cloudy day,0.45,47,11.75,4.3408,66.2851,20.0,area_weak_08,2.301729829663927
day_1,Cold cloudy day,0.45,48,12.0,4.3978,67.6148,20.0,area_weak_08,2.2893632105698103
day_1,Cold cloudy day,0.45,49,12.25,4.4424,68.655,20.0,area_weak_08,2.27968771483034
day_1,Cold cloudy day,0.45,50,12.5,4.4743,69.4011,20.0,area_weak_08,2.2727597298420408
day_1,Cold cloudy day,0.45,51,12.75,4.4936,69.8501,20.0,area_weak_08,2.2685769040947505
day_1,Cold cloudy day,0.45,52,13.0,4.5,70.0,20.0,area_weak_08,2.267186193701784
day_1,Cold cloudy day,0.45,53,13.25,4.4936,69.8501,20.0,area_weak_08,2.2685769040947505
day_1,Cold cloudy day,0.45,54,13.5,4.4743,69.4011,20.0,area_weak_08,2.2727597298420408
day_1,Cold cloudy day,0.45,55,13.75,4.4424,68.655,20.0,area_weak_08,2.27968771483034
day_1,Cold cloudy day,0.45,56,14.0,4.3978,67.6148,20.0,area_weak_08,2.2893632105698103
day_1,Cold cloudy day,0.45,57,14.25,4.3408,66.2851,20.0,area_weak_08,2.301729829663927
day_1,Cold cloudy day,0.45,58,14.5,4.2716,64.6716,20.0,area_weak_08,2.3167404283179023
day_1,Cold cloudy day,0.45,59,14.75,4.1906,62.7811,20.0,area_weak_08,2.334317405058621
day_1,Cold cloudy day,0.45,60,15.0,4.0981,60.6218,20.0,area_weak_08,2.3543913137897214
day_1,Cold cloudy day,0.45,61,15.25,3.9944,58.2029,20.0,area_weak_08,2.3768890809982235
day_1,Cold cloudy day,0.45,62,15.5,3.8801,55.5347,20.0,area_weak_08,2.401693941732788
day_1,Cold cloudy day,0.45,63,15.75,3.7555,52.6288,20.0,area_weak_08,2.428724116680547
day_1,Cold cloudy day,0.45,64,16.0,3.6213,49.4975,20.0,area_weak_08,2.457842352296896
day_1,Cold cloudy day,0.45,65,16.25,3.478,46.1542,20.0,area_weak_08,2.4889338723990013
day_1,Cold cloudy day,0.45,66,16.5,3.3263,42.6133,20.0,area_weak_08,2.521853805867356
day_1,Cold cloudy day,0.45,67,16.75,3.1667,38.8899,20.0,area_weak_08,2.55648120991087
day_1,Cold cloudy day,0.45,68,17.0,3.0,35.0,20.0,area_weak_08,2.59265217578342
day_1,Cold cloudy day,0.45,69,17.25,2.8269,30.9602,20.0,area_weak_08,2.6302138520489367
day_1,Cold cloudy day,0.45,70,17.5,2.6481,26.7878,20.0,area_weak_08,2.669010848079716
day_1,Cold cloudy day,0.45,71,17.75,2.4643,22.5008,20.0,area_weak_08,2.708885234056419
day_1,Cold cloudy day,0.45,72,18.0,2.2765,18.1173,20.0,area_weak_08,2.7496390161379702
day_1,Cold cloudy day,0.45,73,18.25,2.0853,13.6563,20.0,area_weak_08,2.791123870848436
day_1,Cold cloudy day,0.45,74,18.5,1.8916,9.1368,20.0,area_weak_08,2.8331517734318075
day_1,Cold cloudy day,0.45,75,18.75,1.6962,4.5782,20.0,area_weak_08,2.875546481925454
day_1,Cold cloudy day,0.45,76,19.0,1.5,0.0,20.0,area_weak_08,2.918118157865056
day_1,Cold cloudy day,0.45,77,19.25,1.3038,0.0,20.0,area_weak_08,2.944082795033548
day_1,Cold cloudy day,0.45,78,19.5,1.1084,0.0,20.0,area_weak_08,2.969941562121843
day_1,Cold cloudy day,0.45,79,19.75,0.9147,0.0,20.0,area_weak_08,2.9955753552897164
day_1,Cold cloudy day,0.45,80,20.0,0.7235,0.0,20.0,area_weak_08,3.020878304456973
day_1,Cold cloudy day,0.45,81,20.25,0.5357,0.0,20.0,area_weak_08,3.0457313057833897
day_1,Cold cloudy day,0.45,82,20.5,0.3519,0.0,20.0,area_weak_08,3.070054956708816
day_1,Cold cloudy day,0.45,83,20.75,0.1731,0.0,20.0,area_weak_08,3.0937169196330077
day_1,Cold cloudy day,0.45,84,21.0,-0.0,0.0,20.0,area_weak_08,3.1166245582357908
day_1,Cold cloudy day,0.45,85,21.25,-0.1667,0.0,20.0,area_weak_08,3.1386852361969915
day_1,Cold cloudy day,0.45,86,21.5,-0.3263,0.0,20.0,area_weak_08,3.1598063171964377
day_1,Cold cloudy day,0.45,87,21.75,-0.478,0.0,20.0,area_weak_08,3.1798819311539317
day_1,Cold cloudy day,0.45,88,22.0,-0.6213,0.0,20.0,area_weak_08,3.198845909269349
day_1,Cold cloudy day,0.45,89,22.25,-0.7555,0.0,20.0,area_weak_08,3.2166056152225178
day_1,Cold cloudy day,0.45,90,22.5,-0.8801,0.0,20.0,area_weak_08,3.2330948802133133
day_1,Cold cloudy day,0.45,91,22.75,-0.9944,0.0,20.0,area_weak_08,3.2482210679215635
day_1,Cold cloudy day,0.45,92,23.0,-1.0981,0.0,20.0,area_weak_08,3.2619444770671935
day_1,Cold cloudy day,0.45,93,23.25,-1.1906,0.0,20.0,area_weak_08,3.274185705090056
day_1,Cold cloudy day,0.45,94,23.5,-1.2716,0.0,20.0,area_weak_08,3.2849050507100754
day_1,Cold cloudy day,0.45,95,23.75,-1.3408,0.0,20.0,area_weak_08,3.2940628126471783
day_1,Cold cloudy day,0.45,0,0.0,-1.3978,0.0,20.0,year_area100_01,3.9791631330235795
day_1,Cold cloudy day,0.45,1,0.25,-1.4424,0.0,20.0,year_area100_01,3.9823695230064513
day_1,Cold cloudy day,0.45,2,0.5,-1.4743,0.0,20.0,year_area100_01,3.9846628826578776
day_1,Cold cloudy day,0.45,3,0.75,-1.4936,0.0,20.0,year_area100_01,3.986050401193067
day_1,Cold cloudy day,0.45,4,1.0,-1.5,0.0,20.0,year_area100_01,3.9865105109663936
day_1,Cold cloudy day,0.45,5,1.25,-1.4936,0.0,20.0,year_area100_01,3.986050401193067
day_1,Cold cloudy day,0.45,6,1.5,-1.4743,0.0,20.0,year_area100_01,3.9846628826578776
day_1,Cold cloudy day,0.45,7,1.75,-1.4424,0.0,20.0,year_area100_01,3.9823695230064513
day_1,Cold cloudy day,0.45,8,2.0,-1.3978,0.0,20.0,year_area100_01,3.9791631330235795
day_1,Cold cloudy day,0.45,9,2.25,-1.3408,0.0,20.0,year_area100_01,3.9750652803548867
day_1,Cold cloudy day,0.45,10,2.5,-1.2716,0.0,20.0,year_area100_01,3.9700903434307895
day_1,Cold cloudy day,0.45,11,2.75,-1.1906,0.0,20.0,year_area100_01,3.9642670791121204
day_1,Cold cloudy day,0.45,12,3.0,-1.0981,0.0,20.0,year_area100_01,3.957617055044505
day_1,Cold cloudy day,0.45,13,3.25,-0.9944,0.0,20.0,year_area100_01,3.9501618388735666
day_1,Cold cloudy day,0.45,14,3.5,-0.8801,0.0,20.0,year_area100_01,3.9419445658905565
day_1,Cold cloudy day,0.45,15,3.75,-0.7555,0.0,20.0,year_area100_01,3.932986803741098
day_1,Cold cloudy day,0.45,16,4.0,-0.6213,0.0,20.0,year_area100_01,3.9233388769316493
day_1,Cold cloudy day,0.45,17,4.25,-0.478,0.0,20.0,year_area100_01,3.9130367315382513
day_1,Cold cloudy day,0.45,18,4.5,-0.3263,0.0,20.0,year_area100_01,3.9021306920673613
day_1,Cold cloudy day,0.45,19,4.75,-0.1667,0.0,20.0,year_area100_01,3.8906567045950213
day_1,Cold cloudy day,0.45,20,5.0,0.0,0.0,20.0,year_area100_01,3.8786722828428966
day_1,Cold cloudy day,0.45,21,5.25,0.1731,0.0,20.0,year_area100_01,3.866227751317445
day_1,Cold cloudy day,0.45,22,5.5,0.3519,0.0,20.0,year_area100_01,3.8533734345251247
day_1,Cold cloudy day,0.45,23,5.75,0.5357,0.0,20.0,year_area100_01,3.840159656972392
day_1,Cold cloudy day,0.45,24,6.0,0.7235,0.0,20.0,year_area100_01,3.82665831081133
day_1,Cold cloudy day,0.45,25,6.25,0.9147,0.0,20.0,year_area100_01,3.812912531333189
day_1,Cold cloudy day,0.45,26,6.5,1.1084,0.0,20.0,year_area100_01,3.798987021474841
day_1,Cold cloudy day,0.45,27,6.75,1.3038,0.0,20.0,year_area100_01,3.7849392949579537
day_1,Cold cloudy day,0.45,28,7.0,1.5,0.0,20.0,year_area100_01,3.7708340547194004
day_1,Cold cloudy day,0.45,29,7.25,1.6962,4.5782,20.0,year_area100_01,3.7368310986442914
day_1,Cold cloudy day,0.45,30,7.5,1.8916,9.1368,20.0,year_area100_01,3.7029708415668074
day_1,Cold cloudy day,0.45,31,7.75,2.0853,13.6563,20.0,year_area100_01,3.669402737081027
day_1,Cold cloudy day,0.45,32,8.0,2.2765,18.1173,20.0,year_area100_01,3.636268614947066
day_1,Cold cloudy day,0.45,33,8.25,2.4643,22.5008,20.0,year_area100_01,3.6037157556652266
day_1,Cold cloudy day,0.45,34,8.5,2.6481,26.7878,20.0,year_area100_01,3.5718698720901902
day_1,Cold cloudy day,0.45,35,8.75,2.8269,30.9602,20.0,year_area100_01,3.5408815223686734
day_1,Cold cloudy day,0.45,36,9.0,3.0,35.0,20.0,year_area100_01,3.5108792623830154
day_1,Cold cloudy day,0.45,37,9.25,3.1667,38.8899,20.0,year_area100_01,3.481988605684271
day_1,Cold cloudy day,0.45,38,9.5,3.3263,42.6133,20.0,year_area100_01,3.454332023492209
day_1,Cold cloudy day,0.45,39,9.75,3.478,46.1542,20.0,year_area100_01,3.4280365685292784
day_1,Cold cloudy day,0.45,40,10.0,3.6213,49.4975,20.0,year_area100_01,3.4032038143035104
day_1,Cold cloudy day,0.45,41,10.25,3.7555,52.6288,20.0,year_area100_01,3.379946670422067
day_1,Cold cloudy day,0.45,42,10.5,3.8801,55.5347,20.0,year_area100_01,3.358359321874145
day_1,Cold cloudy day,0.45,43,10.75,3.9944,58.2029,20.0,year_area100_01,3.3385455512730537
day_1,Cold cloudy day,0.45,44,11.0,4.0981,60.6218,20.0,year_area100_01,3.320577342039986
day_1,Cold cloudy day,0.45,45,11.25,4.1906,62.7811,20.0,year_area100_01,3.304542595197945
day_1,Cold cloudy day,0.45,46,11.5,4.2716,64.6716,20.0,year_area100_01,3.2905028633180056
day_1,Cold cloudy day,0.45,47,11.75,4.3408,66.2851,20.0,year_area100_01,3.2785153527836943
day_1,Cold cloudy day,0.45,48,12.0,4.3978,67.6148,20.0,year_area100_01,3.268638374531176
day_1,Cold cloudy day,0.45,49,12.25,4.4424,68.655,20.0,year_area100_01,3.2609110802598975
day_1,Cold cloudy day,0.45,50,12.5,4.4743,69.4011,20.0,year_area100_01,3.2553750300782074
day_1,Cold cloudy day,0.45,51,12.75,4.4936,69.8501,20.0,year_area100_01,3.252036073333544
day_1,Cold cloudy day,0.45,52,13.0,4.5,70.0,20.0,year_area100_01,3.2509244700466313
day_1,Cold cloudy day,0.45,53,13.25,4.4936,69.8501,20.0,year_area100_01,3.252036073333544
day_1,Cold cloudy day,0.45,54,13.5,4.4743,69.4011,20.0,year_area100_01,3.2553750300782074
day_1,Cold cloudy day,0.45,55,13.75,4.4424,68.655,20.0,year_area100_01,3.2609110802598975
day_1,Cold cloudy day,0.45,56,14.0,4.3978,67.6148,20.0,year_area100_01,3.268638374531176
day_1,Cold cloudy day,0.45,57,14.25,4.3408,66.2851,20.0,year_area100_01,3.2785153527836943
day_1,Cold cloudy day,0.45,58,14.5,4.2716,64.6716,20.0,year_area100_01,3.2905028633180056
day_1,Cold cloudy day,0.45,59,14.75,4.1906,62.7811,20.0,year_area100_01,3.304542595197945
day_1,Cold cloudy day,0.45,60,15.0,4.0981,60.6218,20.0,year_area100_01,3.320577342039986
day_1,Cold cloudy day,0.45,61,15.25,3.9944,58.2029,20.0,year_area100_01,3.3385455512730537
day_1,Cold cloudy day,0.45,62,15.5,3.8801,55.5347,20.0,year_area100_01,3.358359321874145
day_1,Cold cloudy day,0.45,63,15.75,3.7555,52.6288,20.0,year_area100_01,3.379946670422067
day_1,Cold cloudy day,0.45,64,16.0,3.6213,49.4975,20.0,year_area100_01,3.4032038143035104
day_1,Cold cloudy day,0.45,65,16.25,3.478,46.1542,20.0,year_area100_01,3.4280365685292784
day_1,Cold cloudy day,0.45,66,16.5,3.3263,42.6133,20.0,year_area100_01,3.454332023492209
day_1,Cold cloudy day,0.45,67,16.75,3.1667,38.8899,20.0,year_area100_01,3.481988605684271
day_1,Cold cloudy day,0.45,68,17.0,3.0,35.0,20.0,year_area100_01,3.5108792623830154
day_1,Cold cloudy day,0.45,69,17.25,2.8269,30.9602,20.0,year_area100_01,3.5408815223686734
day_1,Cold cloudy day,0.45,70,17.5,2.6481,26.7878,20.0,year_area100_01,3.5718698720901902
day_1,Cold cloudy day,0.45,71,17.75,2.4643,22.5008,20.0,year_area100_01,3.6037157556652266
day_1,Cold cloudy day,0.45,72,18.0,2.2765,18.1173,20.0,year_area100_01,3.636268614947066
day_1,Cold cloudy day,0.45,73,18.25,2.0853,13.6563,20.0,year_area100_01,3.669402737081027
day_1,Cold cloudy day,0.45,74,18.5,1.8916,9.1368,20.0,year_area100_01,3.7029708415668074
day_1,Cold cloudy day,0.45,75,18.75,1.6962,4.5782,20.0,year_area100_01,3.7368310986442914
day_1,Cold cloudy day,0.45,76,19.0,1.5,0.0,20.0,year_area100_01,3.7708340547194004
day_1,Cold cloudy day,0.45,77,19.25,1.3038,0.0,20.0,year_area100_01,3.7849392949579537
day_1,Cold cloudy day,0.45,78,19.5,1.1084,0.0,20.0,year_area100_01,3.798987021474841
day_1,Cold cloudy day,0.45,79,19.75,0.9147,0.0,20.0,year_area100_01,3.812912531333189
day_1,Cold cloudy day,0.45,80,20.0,0.7235,0.0,20.0,year_area100_01,3.82665831081133
day_1,Cold cloudy day,0.45,81,20.25,0.5357,0.0,20.0,year_area100_01,3.840159656972392
day_1,Cold cloudy day,0.45,82,20.5,0.3519,0.0,20.0,year_area100_01,3.8533734345251247
day_1,Cold cloudy day,0.45,83,20.75,0.1731,0.0,20.0,year_area100_01,3.866227751317445
day_1,Cold cloudy day,0.45,84,21.0,-0.0,0.0,20.0,year_area100_01,3.8786722828428966
day_1,Cold cloudy day,0.45,85,21.25,-0.1667,0.0,20.0,year_area100_01,3.8906567045950213
day_1,Cold cloudy day,0.45,86,21.5,-0.3263,0.0,20.0,year_area100_01,3.9021306920673613
day_1,Cold cloudy day,0.45,87,21.75,-0.478,0.0,20.0,year_area100_01,3.9130367315382513
day_1,Cold cloudy day,0.45,88,22.0,-0.6213,0.0,20.0,year_area100_01,3.9233388769316493
day_1,Cold cloudy day,0.45,89,22.25,-0.7555,0.0,20.0,year_area100_01,3.932986803741098
day_1,Cold cloudy day,0.45,90,22.5,-0.8801,0.0,20.0,year_area100_01,3.9419445658905565
day_1,Cold cloudy day,0.45,91,22.75,-0.9944,0.0,20.0,year_area100_01,3.9501618388735666
day_1,Cold cloudy day,0.45,92,23.0,-1.0981,0.0,20.0,year_area100_01,3.957617055044505
day_1,Cold cloudy day,0.45,93,23.25,-1.1906,0.0,20.0,year_area100_01,3.9642670791121204
day_1,Cold cloudy day,0.45,94,23.5,-1.2716,0.0,20.0,year_area100_01,3.9700903434307895
day_1,Cold cloudy day,0.45,95,23.75,-1.3408,0.0,20.0,year_area100_01,3.9750652803548867
day_1,Cold cloudy day,0.45,0,0.0,-1.3978,0.0,20.0,year_area100_02,3.497217857442487
day_1,Cold cloudy day,0.45,1,0.25,-1.4424,0.0,20.0,year_area100_02,3.5008340311551054
day_1,Cold cloudy day,0.45,2,0.5,-1.4743,0.0,20.0,year_area100_02,3.5034204872410366
day_1,Cold cloudy day,0.45,3,0.75,-1.4936,0.0,20.0,year_area100_02,3.504985333713089
day_1,Cold cloudy day,0.45,4,1.0,-1.5,0.0,20.0,year_area100_02,3.505504246532837
day_1,Cold cloudy day,0.45,5,1.25,-1.4936,0.0,20.0,year_area100_02,3.504985333713089
day_1,Cold cloudy day,0.45,6,1.5,-1.4743,0.0,20.0,year_area100_02,3.5034204872410366
day_1,Cold cloudy day,0.45,7,1.75,-1.4424,0.0,20.0,year_area100_02,3.5008340311551054
day_1,Cold cloudy day,0.45,8,2.0,-1.3978,0.0,20.0,year_area100_02,3.497217857442487
day_1,Cold cloudy day,0.45,9,2.25,-1.3408,0.0,20.0,year_area100_02,3.492596290141606
day_1,Cold cloudy day,0.45,10,2.5,-1.2716,0.0,20.0,year_area100_02,3.486985545278081
day_1,Cold cloudy day,0.45,11,2.75,-1.1906,0.0,20.0,year_area100_02,3.4804180549031454
day_1,Cold cloudy day,0.45,12,3.0,-1.0981,0.0,20.0,year_area100_02,3.4729181430552254
day_1,Cold cloudy day,0.45,13,3.25,-0.9944,0.0,20.0,year_area100_02,3.4645101337727464
day_1,Cold cloudy day,0.45,14,3.5,-0.8801,0.0,20.0,year_area100_02,3.45524267513256
day_1,Cold cloudy day,0.45,15,3.75,-0.7555,0.0,20.0,year_area100_02,3.4451400911730916
day_1,Cold cloudy day,0.45,16,4.0,-0.6213,0.0,20.0,year_area100_02,3.434259137984001
day_1,Cold cloudy day,0.45,17,4.25,-0.478,0.0,20.0,year_area100_02,3.422640355629331
day_1,Cold cloudy day,0.45,18,4.5,-0.3263,0.0,20.0,year_area100_02,3.4103405001987426
day_1,Cold cloudy day,0.45,19,4.75,-0.1667,0.0,20.0,year_area100_02,3.397400111756277
day_1,Cold cloudy day,0.45,20,5.0,0.0,0.0,20.0,year_area100_02,3.3838840544044038
day_1,Cold cloudy day,0.45,21,5.25,0.1731,0.0,20.0,year_area100_02,3.3698490842327824
day_1,Cold cloudy day,0.45,22,5.5,0.3519,0.0,20.0,year_area100_02,3.3553519573310733
day_1,Cold cloudy day,0.45,23,5.75,0.5357,0.0,20.0,year_area100_02,3.340449429788936
day_1,Cold cloudy day,0.45,24,6.0,0.7235,0.0,20.0,year_area100_02,3.3252225817344563
day_1,Cold cloudy day,0.45,25,6.25,0.9147,0.0,20.0,year_area100_02,3.3097200612444855
day_1,Cold cloudy day,0.45,26,6.5,1.1084,0.0,20.0,year_area100_02,3.2940148404343
day_1,Cold cloudy day,0.45,27,6.75,1.3038,0.0,20.0,year_area100_02,3.2781717834063695
day_1,Cold cloudy day,0.45,28,7.0,1.5,0.0,20.0,year_area100_02,3.2622638622759705
day_1,Cold cloudy day,0.45,29,7.25,1.6962,4.5782,20.0,year_area100_02,3.2363830649755503
day_1,Cold cloudy day,0.45,30,7.5,1.8916,9.1368,20.0,year_area100_02,3.2106098272415218
day_1,Cold cloudy day,0.45,31,7.75,2.0853,13.6563,20.0,year_area100_02,3.1850595988190853
day_1,Cold cloudy day,0.45,32,8.0,2.2765,18.1173,20.0,year_area100_02,3.1598395036066336
day_1,Cold cloudy day,0.45,33,8.25,2.4643,22.5008,20.0,year_area100_02,3.1350639021793674
day_1,Cold cloudy day,0.45,34,8.5,2.6481,26.7878,20.0,year_area100_02,3.1108228310740658
day_1,Cold cloudy day,0.45,35,8.75,2.8269,30.9602,20.0,year_area100_02,3.087236798372742
day_1,Cold cloudy day,0.45,36,9.0,3.0,35.0,20.0,year_area100_02,3.0644017702849853
day_1,Cold cloudy day,0.45,37,9.25,3.1667,38.8899,20.0,year_area100_02,3.0424121881823885
day_1,Cold cloudy day,0.45,38,9.5,3.3263,42.6133,20.0,year_area100_02,3.021360968598545
day_1,Cold cloudy day,0.45,39,9.75,3.478,46.1542,20.0,year_area100_02,3.0013478290758613
day_1,Cold cloudy day,0.45,40,10.0,3.6213,49.4975,20.0,year_area100_02,2.982446202612321
day_1,Cold cloudy day,0.45,41,10.25,3.7555,52.6288,20.0,year_area100_02,2.964744213393528
day_1,Cold cloudy day,0.45,42,10.5,3.8801,55.5347,20.0,year_area100_02,2.948311591239471
day_1,Cold cloudy day,0.45,43,10.75,3.9944,58.2029,20.0,year_area100_02,2.9332318858217628
day_1,Cold cloudy day,0.45,44,11.0,4.0981,60.6218,20.0,year_area100_02,2.9195546899227827
day_1,Cold cloudy day,0.45,45,11.25,4.1906,62.7811,20.0,year_area100_02,2.9073510885213425
day_1,Cold cloudy day,0.45,46,11.5,4.2716,64.6716,20.0,year_area100_02,2.8966654463838317
day_1,Cold cloudy day,0.45,47,11.75,4.3408,66.2851,20.0,year_area100_02,2.8875399499366425
day_1,Cold cloudy day,0.45,48,12.0,4.3978,67.6148,20.0,year_area100_02,2.880021843942984
day_1,Cold cloudy day,0.45,49,12.25,4.4424,68.655,20.0,year_area100_02,2.8741397609664503
day_1,Cold cloudy day,0.45,50,12.5,4.4743,69.4011,20.0,year_area100_02,2.869928045409449
day_1,Cold cloudy day,0.45,51,12.75,4.4936,69.8501,20.0,year_area100_02,2.86738512427916
day_1,Cold cloudy day,0.45,52,13.0,4.5,70.0,20.0,year_area100_02,2.8665396782940005
day_1,Cold cloudy day,0.45,53,13.25,4.4936,69.8501,20.0,year_area100_02,2.86738512427916
day_1,Cold cloudy day,0.45,54,13.5,4.4743,69.4011,20.0,year_area100_02,2.869928045409449
day_1,Cold cloudy day,0.45,55,13.75,4.4424,68.655,20.0,year_area100_02,2.8741397609664503
day_1,Cold cloudy day,0.45,56,14.0,4.3978,67.6148,20.0,year_area100_02,2.880021843942984
day_1,Cold cloudy day,0.45,57,14.25,4.3408,66.2851,20.0,year_area100_02,2.8875399499366425
day_1,Cold cloudy day,0.45,58,14.5,4.2716,64.6716,20.0,year_area100_02,2.8966654463838317
day_1,Cold cloudy day,0.45,59,14.75,4.1906,62.7811,20.0,year_area100_02,2.9073510885213425
day_1,Cold cloudy day,0.45,60,15.0,4.0981,60.6218,20.0,year_area100_02,2.9195546899227827
day_1,Cold cloudy day,0.45,61,15.25,3.9944,58.2029,20.0,year_area100_02,2.9332318858217628
day_1,Cold cloudy day,0.45,62,15.5,3.8801,55.5347,20.0,year_area100_02,2.948311591239471
day_1,Cold cloudy day,0.45,63,15.75,3.7555,52.6288,20.0,year_area100_02,2.964744213393528
day_1,Cold cloudy day,0.45,64,16.0,3.6213,49.4975,20.0,year_area100_02,2.982446202612321
day_1,Cold cloudy day,0.45,65,16.25,3.478,46.1542,20.0,year_area100_02,3.0013478290758613
day_1,Cold cloudy day,0.45,66,16.5,3.3263,42.6133,20.0,year_area100_02,3.021360968598545
day_1,Cold cloudy day,0.45,67,16.75,3.1667,38.8899,20.0,year_area100_02,3.0424121881823885
day_1,Cold cloudy day,0.45,68,17.0,3.0,35.0,20.0,year_area100_02,3.0644017702849853
day_1,Cold cloudy day,0.45,69,17.25,2.8269,30.9602,20.0,year_area100_02,3.087236798372742
day_1,Cold cloudy day,0.45,70,17.5,2.6481,26.7878,20.0,year_area100_02,3.1108228310740658
day_1,Cold cloudy day,0.45,71,17.75,2.4643,22.5008,20.0,year_area100_02,3.1350639021793674
day_1,Cold cloudy day,0.45,72,18.0,2.2765,18.1173,20.0,year_area100_02,3.1598395036066336
day_1,Cold cloudy day,0.45,73,18.25,2.0853,13.6563,20.0,year_area100_02,3.1850595988190853
day_1,Cold cloudy day,0.45,74,18.5,1.8916,9.1368,20.0,year_area100_02,3.2106098272415218
day_1,Cold cloudy day,0.45,75,18.75,1.6962,4.5782,20.0,year_area100_02,3.2363830649755503
day_1,Cold cloudy day,0.45,76,19.0,1.5,0.0,20.0,year_area100_02,3.2622638622759705
day_1,Cold cloudy day,0.45,77,19.25,1.3038,0.0,20.0,year_area100_02,3.2781717834063695
day_1,Cold cloudy day,0.45,78,19.5,1.1084,0.0,20.0,year_area100_02,3.2940148404343
day_1,Cold cloudy day,0.45,79,19.75,0.9147,0.0,20.0,year_area100_02,3.3097200612444855
day_1,Cold cloudy day,0.45,80,20.0,0.7235,0.0,20.0,year_area100_02,3.3252225817344563
day_1,Cold cloudy day,0.45,81,20.25,0.5357,0.0,20.0,year_area100_02,3.340449429788936
day_1,Cold cloudy day,0.45,82,20.5,0.3519,0.0,20.0,year_area100_02,3.3553519573310733
day_1,Cold cloudy day,0.45,83,20.75,0.1731,0.0,20.0,year_area100_02,3.3698490842327824
day_1,Cold cloudy day,0.45,84,21.0,-0.0,0.0,20.0,year_area100_02,3.3838840544044038
day_1,Cold cloudy day,0.45,85,21.25,-0.1667,0.0,20.0,year_area100_02,3.397400111756277
day_1,Cold cloudy day,0.45,86,21.5,-0.3263,0.0,20.0,year_area100_02,3.4103405001987426
day_1,Cold cloudy day,0.45,87,21.75,-0.478,0.0,20.0,year_area100_02,3.422640355629331
day_1,Cold cloudy day,0.45,88,22.0,-0.6213,0.0,20.0,year_area100_02,3.434259137984001
day_1,Cold cloudy day,0.45,89,22.25,-0.7555,0.0,20.0,year_area100_02,3.4451400911730916
day_1,Cold cloudy day,0.45,90,22.5,-0.8801,0.0,20.0,year_area100_02,3.45524267513256
day_1,Cold cloudy day,0.45,91,22.75,-0.9944,0.0,20.0,year_area100_02,3.4645101337727464
day_1,Cold cloudy day,0.45,92,23.0,-1.0981,0.0,20.0,year_area100_02,3.4729181430552254
day_1,Cold cloudy day,0.45,93,23.25,-1.1906,0.0,20.0,year_area100_02,3.4804180549031454
day_1,Cold cloudy day,0.45,94,23.5,-1.2716,0.0,20.0,year_area100_02,3.486985545278081
day_1,Cold cloudy day,0.45,95,23.75,-1.3408,0.0,20.0,year_area100_02,3.492596290141606
day_1,Cold cloudy day,0.45,0,0.0,-1.3978,0.0,20.0,year_area100_03,5.9922895942325
day_1,Cold cloudy day,0.45,1,0.25,-1.4424,0.0,20.0,year_area100_03,6.002508321072943
day_1,Cold cloudy day,0.45,2,0.5,-1.4743,0.0,20.0,year_area100_03,6.009817231077654
day_1,Cold cloudy day,0.45,3,0.75,-1.4936,0.0,20.0,year_area100_03,6.014239236190223
day_1,Cold cloudy day,0.45,4,1.0,-1.5,0.0,20.0,year_area100_03,6.015705600579882
day_1,Cold cloudy day,0.45,5,1.25,-1.4936,0.0,20.0,year_area100_03,6.014239236190223
day_1,Cold cloudy day,0.45,6,1.5,-1.4743,0.0,20.0,year_area100_03,6.009817231077654
day_1,Cold cloudy day,0.45,7,1.75,-1.4424,0.0,20.0,year_area100_03,6.002508321072943
day_1,Cold cloudy day,0.45,8,2.0,-1.3978,0.0,20.0,year_area100_03,5.9922895942325
day_1,Cold cloudy day,0.45,9,2.25,-1.3408,0.0,20.0,year_area100_03,5.979229786387092
day_1,Cold cloudy day,0.45,10,2.5,-1.2716,0.0,20.0,year_area100_03,5.963374721423892
day_1,Cold cloudy day,0.45,11,2.75,-1.1906,0.0,20.0,year_area100_03,5.944816047117259
day_1,Cold cloudy day,0.45,12,3.0,-1.0981,0.0,20.0,year_area100_03,5.923622499297954
day_1,Cold cloudy day,0.45,13,3.25,-0.9944,0.0,20.0,year_area100_03,5.899862813796745
day_1,Cold cloudy day,0.45,14,3.5,-0.8801,0.0,20.0,year_area100_03,5.8736744622751615
day_1,Cold cloudy day,0.45,15,3.75,-0.7555,0.0,20.0,year_area100_03,5.84512618056397
day_1,Cold cloudy day,0.45,16,4.0,-0.6213,0.0,20.0,year_area100_03,5.814378352268287
day_1,Cold cloudy day,0.45,17,4.25,-0.478,0.0,20.0,year_area100_03,5.781545537106057
day_1,Cold cloudy day,0.45,18,4.5,-0.3263,0.0,20.0,year_area100_03,5.746788118682398
day_1,Cold cloudy day,0.45,19,4.75,-0.1667,0.0,20.0,year_area100_03,5.7102206567152525
day_1,Cold cloudy day,0.45,20,5.0,0.0,0.0,20.0,year_area100_03,5.672026446753328
day_1,Cold cloudy day,0.45,21,5.25,0.1731,0.0,20.0,year_area100_03,5.632365872401744
day_1,Cold cloudy day,0.45,22,5.5,0.3519,0.0,20.0,year_area100_03,5.591399317265618
day_1,Cold cloudy day,0.45,23,5.75,0.5357,0.0,20.0,year_area100_03,5.549287164950072
day_1,Cold cloudy day,0.45,24,6.0,0.7235,0.0,20.0,year_area100_03,5.5062585348909865
day_1,Cold cloudy day,0.45,25,6.25,0.9147,0.0,20.0,year_area100_03,5.462450898749895
day_1,Cold cloudy day,0.45,26,6.5,1.1084,0.0,20.0,year_area100_03,5.4180704640190935
day_1,Cold cloudy day,0.45,27,6.75,1.3038,0.0,20.0,year_area100_03,5.373300526247288
day_1,Cold cloudy day,0.45,28,7.0,1.5,0.0,20.0,year_area100_03,5.328347292926774
day_1,Cold cloudy day,0.45,29,7.25,1.6962,4.5782,20.0,year_area100_03,5.280414739126286
day_1,Cold cloudy day,0.45,30,7.5,1.8916,9.1368,20.0,year_area100_03,5.232678235817804
day_1,Cold cloudy day,0.45,31,7.75,2.0853,13.6563,20.0,year_area100_03,5.18535668036068
day_1,Cold cloudy day,0.45,32,8.0,2.2765,18.1173,20.0,year_area100_03,5.138645993094438
day_1,Cold cloudy day,0.45,33,8.25,2.4643,22.5008,20.0,year_area100_03,5.092764745997223
day_1,Cold cloudy day,0.45,34,8.5,2.6481,26.7878,20.0,year_area100_03,5.047862775216418
day_1,Cold cloudy day,0.45,35,8.75,2.8269,30.9602,20.0,year_area100_03,5.004180978987581
day_1,Cold cloudy day,0.45,36,9.0,3.0,35.0,20.0,year_area100_03,4.961891454639273
day_1,Cold cloudy day,0.45,37,9.25,3.1667,38.8899,20.0,year_area100_03,4.92116584396636
day_1,Cold cloudy day,0.45,38,9.5,3.3263,42.6133,20.0,year_area100_03,4.882175333230018
day_1,Cold cloudy day,0.45,39,9.75,3.478,46.1542,20.0,year_area100_03,4.845113630177565
day_1,Cold cloudy day,0.45,40,10.0,3.6213,49.4975,20.0,year_area100_03,4.810105121039384
day_1,Cold cloudy day,0.45,41,10.25,3.7555,52.6288,20.0,year_area100_03,4.777319560399342
day_1,Cold cloudy day,0.45,42,10.5,3.8801,55.5347,20.0,year_area100_03,4.746880228191721
day_1,Cold cloudy day,0.45,43,10.75,3.9944,58.2029,20.0,year_area100_03,4.718955512399317
day_1,Cold cloudy day,0.45,44,11.0,4.0981,60.6218,20.0,year_area100_03,4.693621697696891
day_1,Cold cloudy day,0.45,45,11.25,4.1906,62.7811,20.0,year_area100_03,4.671022958598829
day_1,Cold cloudy day,0.45,46,11.5,4.2716,64.6716,20.0,year_area100_03,4.651234017950097
day_1,Cold cloudy day,0.45,47,11.75,4.3408,66.2851,20.0,year_area100_03,4.634328947833249
day_1,Cold cloudy day,0.45,48,12.0,4.3978,67.6148,20.0,year_area100_03,4.620403821207049
day_1,Cold cloudy day,0.45,49,12.25,4.4424,68.655,20.0,year_area100_03,4.609508171304426
day_1,Cold cloudy day,0.45,50,12.5,4.4743,69.4011,20.0,year_area100_03,4.601713727463249
day_1,Cold cloudy day,0.45,51,12.75,4.4936,69.8501,20.0,year_area100_03,4.596999530027167
day_1,Cold cloudy day,0.45,52,13.0,4.5,70.0,20.0,year_area100_03,4.595435616351773
day_1,Cold cloudy day,0.45,53,13.25,4.4936,69.8501,20.0,year_area100_03,4.596999530027167
day_1,Cold cloudy day,0.45,54,13.5,4.4743,69.4011,20.0,year_area100_03,4.601713727463249
day_1,Cold cloudy day,0.45,55,13.75,4.4424,68.655,20.0,year_area100_03,4.609508171304426
day_1,Cold cloudy day,0.45,56,14.0,4.3978,67.6148,20.0,year_area100_03,4.620403821207049
day_1,Cold cloudy day,0.45,57,14.25,4.3408,66.2851,20.0,year_area100_03,4.634328947833249
day_1,Cold cloudy day,0.45,58,14.5,4.2716,64.6716,20.0,year_area100_03,4.651234017950097
day_1,Cold cloudy day,0.45,59,14.75,4.1906,62.7811,20.0,year_area100_03,4.671022958598829
day_1,Cold cloudy day,0.45,60,15.0,4.0981,60.6218,20.0,year_area100_03,4.693621697696891
day_1,Cold cloudy day,0.45,61,15.25,3.9944,58.2029,20.0,year_area100_03,4.718955512399317
day_1,Cold cloudy day,0.45,62,15.5,3.8801,55.5347,20.0,year_area100_03,4.746880228191721
day_1,Cold cloudy day,0.45,63,15.75,3.7555,52.6288,20.0,year_area100_03,4.777319560399342
day_1,Cold cloudy day,0.45,64,16.0,3.6213,49.4975,20.0,year_area100_03,4.810105121039384
day_1,Cold cloudy day,0.45,65,16.25,3.478,46.1542,20.0,year_area100_03,4.845113630177565
day_1,Cold cloudy day,0.45,66,16.5,3.3263,42.6133,20.0,year_area100_03,4.882175333230018
day_1,Cold cloudy day,0.45,67,16.75,3.1667,38.8899,20.0,year_area100_03,4.92116584396636
day_1,Cold cloudy day,0.45,68,17.0,3.0,35.0,20.0,year_area100_03,4.961891454639273
day_1,Cold cloudy day,0.45,69,17.25,2.8269,30.9602,20.0,year_area100_03,5.004180978987581
day_1,Cold cloudy day,0.45,70,17.5,2.6481,26.7878,20.0,year_area100_03,5.047862775216418
day_1,Cold cloudy day,0.45,71,17.75,2.4643,22.5008,20.0,year_area100_03,5.092764745997223
day_1,Cold cloudy day,0.45,72,18.0,2.2765,18.1173,20.0,year_area100_03,5.138645993094438
day_1,Cold cloudy day,0.45,73,18.25,2.0853,13.6563,20.0,year_area100_03,5.18535668036068
day_1,Cold cloudy day,0.45,74,18.5,1.8916,9.1368,20.0,year_area100_03,5.232678235817804
day_1,Cold cloudy day,0.45,75,18.75,1.6962,4.5782,20.0,year_area100_03,5.280414739126286
day_1,Cold cloudy day,0.45,76,19.0,1.5,0.0,20.0,year_area100_03,5.328347292926774
day_1,Cold cloudy day,0.45,77,19.25,1.3038,0.0,20.0,year_area100_03,5.373300526247288
day_1,Cold cloudy day,0.45,78,19.5,1.1084,0.0,20.0,year_area100_03,5.4180704640190935
day_1,Cold cloudy day,0.45,79,19.75,0.9147,0.0,20.0,year_area100_03,5.462450898749895
day_1,Cold cloudy day,0.45,80,20.0,0.7235,0.0,20.0,year_area100_03,5.5062585348909865
day_1,Cold cloudy day,0.45,81,20.25,0.5357,0.0,20.0,year_area100_03,5.549287164950072
day_1,Cold cloudy day,0.45,82,20.5,0.3519,0.0,20.0,year_area100_03,5.591399317265618
day_1,Cold cloudy day,0.45,83,20.75,0.1731,0.0,20.0,year_area100_03,5.632365872401744
day_1,Cold cloudy day,0.45,84,21.0,-0.0,0.0,20.0,year_area100_03,5.672026446753328
day_1,Cold cloudy day,0.45,85,21.25,-0.1667,0.0,20.0,year_area100_03,5.7102206567152525
day_1,Cold cloudy day,0.45,86,21.5,-0.3263,0.0,20.0,year_area100_03,5.746788118682398
day_1,Cold cloudy day,0.45,87,21.75,-0.478,0.0,20.0,year_area100_03,5.781545537106057
day_1,Cold cloudy day,0.45,88,22.0,-0.6213,0.0,20.0,year_area100_03,5.814378352268287
day_1,Cold cloudy day,0.45,89,22.25,-0.7555,0.0,20.0,year_area100_03,5.84512618056397
day_1,Cold cloudy day,0.45,90,22.5,-0.8801,0.0,20.0,year_area100_03,5.8736744622751615
day_1,Cold cloudy day,0.45,91,22.75,-0.9944,0.0,20.0,year_area100_03,5.899862813796745
day_1,Cold cloudy day,0.45,92,23.0,-1.0981,0.0,20.0,year_area100_03,5.923622499297954
day_1,Cold cloudy day,0.45,93,23.25,-1.1906,0.0,20.0,year_area100_03,5.944816047117259
day_1,Cold cloudy day,0.45,94,23.5,-1.2716,0.0,20.0,year_area100_03,5.963374721423892
day_1,Cold cloudy day,0.45,95,23.75,-1.3408,0.0,20.0,year_area100_03,5.979229786387092
day_1,Cold cloudy day,0.45,0,0.0,-1.3978,0.0,20.0,year_area100_04,3.103239787356317
day_1,Cold cloudy day,0.45,1,0.25,-1.4424,0.0,20.0,year_area100_04,3.107909278969157
day_1,Cold cloudy day,0.45,2,0.5,-1.4743,0.0,20.0,year_area100_04,3.1112491171406726
day_1,Cold cloudy day,0.45,3,0.75,-1.4936,0.0,20.0,year_area100_04,3.1132697715830004
day_1,Cold cloudy day,0.45,4,1.0,-1.5,0.0,20.0,year_area100_04,3.1139398331597308
day_1,Cold cloudy day,0.45,5,1.25,-1.4936,0.0,20.0,year_area100_04,3.1132697715830004
day_1,Cold cloudy day,0.45,6,1.5,-1.4743,0.0,20.0,year_area100_04,3.1112491171406726
day_1,Cold cloudy day,0.45,7,1.75,-1.4424,0.0,20.0,year_area100_04,3.107909278969157
day_1,Cold cloudy day,0.45,8,2.0,-1.3978,0.0,20.0,year_area100_04,3.103239787356317
day_1,Cold cloudy day,0.45,9,2.25,-1.3408,0.0,20.0,year_area100_04,3.0972720514385617
day_1,Cold cloudy day,0.45,10,2.5,-1.2716,0.0,20.0,year_area100_04,3.0900270106401635
day_1,Cold cloudy day,0.45,11,2.75,-1.1906,0.0,20.0,year_area100_04,3.081546543809669
day_1,Cold cloudy day,0.45,12,3.0,-1.0981,0.0,20.0,year_area100_04,3.071862060083487
day_1,Cold cloudy day,0.45,13,3.25,-0.9944,0.0,20.0,year_area100_04,3.0610049685980267
day_1,Cold cloudy day,0.45,14,3.5,-0.8801,0.0,20.0,year_area100_04,3.0490380876261063
day_1,Cold cloudy day,0.45,15,3.75,-0.7555,0.0,20.0,year_area100_04,3.035992826304136
day_1,Cold cloudy day,0.45,16,4.0,-0.6213,0.0,20.0,year_area100_04,3.02194247261707
day_1,Cold cloudy day,0.45,17,4.25,-0.478,0.0,20.0,year_area100_04,3.00693937512559
day_1,Cold cloudy day,0.45,18,4.5,-0.3263,0.0,20.0,year_area100_04,2.9910568218146514
day_1,Cold cloudy day,0.45,19,4.75,-0.1667,0.0,20.0,year_area100_04,2.974347161244936
day_1,Cold cloudy day,0.45,20,5.0,0.0,0.0,20.0,year_area100_04,2.9568941511135356
day_1,Cold cloudy day,0.45,21,5.25,0.1731,0.0,20.0,year_area100_04,2.9387710794054045
day_1,Cold cloudy day,0.45,22,5.5,0.3519,0.0,20.0,year_area100_04,2.920051234105498
day_1,Cold cloudy day,0.45,23,5.75,0.5357,0.0,20.0,year_area100_04,2.9008079031987712
day_1,Cold cloudy day,0.45,24,6.0,0.7235,0.0,20.0,year_area100_04,2.8811457838065873
day_1,Cold cloudy day,0.45,25,6.25,0.9147,0.0,20.0,year_area100_04,2.861127694201766
day_1,Cold cloudy day,0.45,26,6.5,1.1084,0.0,20.0,year_area100_04,2.840847861793534
day_1,Cold cloudy day,0.45,27,6.75,1.3038,0.0,20.0,year_area100_04,2.820390044278983
day_1,Cold cloudy day,0.45,28,7.0,1.5,0.0,20.0,year_area100_04,2.7998484690673404
day_1,Cold cloudy day,0.45,29,7.25,1.6962,4.5782,20.0,year_area100_04,2.735079908105395
day_1,Cold cloudy day,0.45,30,7.5,1.8916,9.1368,20.0,year_area100_04,2.6705844475780163
day_1,Cold cloudy day,0.45,31,7.75,2.0853,13.6563,20.0,year_area100_04,2.6066446915975305
day_1,Cold cloudy day,0.45,32,8.0,2.2765,18.1173,20.0,year_area100_04,2.5435318085297536
day_1,Cold cloudy day,0.45,33,8.25,2.4643,22.5008,20.0,year_area100_04,2.481523572315139
day_1,Cold cloudy day,0.45,34,8.5,2.6481,26.7878,20.0,year_area100_04,2.4208663477577312
day_1,Cold cloudy day,0.45,35,8.75,2.8269,30.9602,20.0,year_area100_04,2.3618396842007447
day_1,Cold cloudy day,0.45,36,9.0,3.0,35.0,20.0,year_area100_04,2.3046907558166114
day_1,Cold cloudy day,0.45,37,9.25,3.1667,38.8899,20.0,year_area100_04,2.2496599745371393
day_1,Cold cloudy day,0.45,38,9.5,3.3263,42.6133,20.0,year_area100_04,2.196980990053511
day_1,Cold cloudy day,0.45,39,9.75,3.478,46.1542,20.0,year_area100_04,2.146892125562797
day_1,Cold cloudy day,0.45,40,10.0,3.6213,49.4975,20.0,year_area100_04,2.099591600816285
day_1,Cold cloudy day,0.45,41,10.25,3.7555,52.6288,20.0,year_area100_04,2.0552918127489113
day_1,Cold cloudy day,0.45,42,10.5,3.8801,55.5347,20.0,year_area100_04,2.014174558527591
day_1,Cold cloudy day,0.45,43,10.75,3.9944,58.2029,20.0,year_area100_04,1.976431948365387
day_1,Cold cloudy day,0.45,44,11.0,4.0981,60.6218,20.0,year_area100_04,1.942207451386194
day_1,Cold cloudy day,0.45,45,11.25,4.1906,62.7811,20.0,year_area100_04,1.9116633874034419
day_1,Cold cloudy day,0.45,46,11.5,4.2716,64.6716,20.0,year_area100_04,1.8849200407160283
day_1,Cold cloudy day,0.45,47,11.75,4.3408,66.2851,20.0,year_area100_04,1.8620880352791014
day_1,Cold cloudy day,0.45,48,12.0,4.3978,67.6148,20.0,year_area100_04,1.843274940278698
day_1,Cold cloudy day,0.45,49,12.25,4.4424,68.655,20.0,year_area100_04,1.8285567590984595
day_1,Cold cloudy day,0.45,50,12.5,4.4743,69.4011,20.0,year_area100_04,1.8180093384560378
day_1,Cold cloudy day,0.45,51,12.75,4.4936,69.8501,20.0,year_area100_04,1.8116511896705432
day_1,Cold cloudy day,0.45,52,13.0,4.5,70.0,20.0,year_area100_04,1.8095330425658824
day_1,Cold cloudy day,0.45,53,13.25,4.4936,69.8501,20.0,year_area100_04,1.8116511896705432
day_1,Cold cloudy day,0.45,54,13.5,4.4743,69.4011,20.0,year_area100_04,1.8180093384560378
day_1,Cold cloudy day,0.45,55,13.75,4.4424,68.655,20.0,year_area100_04,1.8285567590984595
day_1,Cold cloudy day,0.45,56,14.0,4.3978,67.6148,20.0,year_area100_04,1.843274940278698
day_1,Cold cloudy day,0.45,57,14.25,4.3408,66.2851,20.0,year_area100_04,1.8620880352791014
day_1,Cold cloudy day,0.45,58,14.5,4.2716,64.6716,20.0,year_area100_04,1.8849200407160283
day_1,Cold cloudy day,0.45,59,14.75,4.1906,62.7811,20.0,year_area100_04,1.9116633874034419
day_1,Cold cloudy day,0.45,60,15.0,4.0981,60.6218,20.0,year_area100_04,1.942207451386194
day_1,Cold cloudy day,0.45,61,15.25,3.9944,58.2029,20.0,year_area100_04,1.976431948365387
day_1,Cold cloudy day,0.45,62,15.5,3.8801,55.5347,20.0,year_area100_04,2.014174558527591
day_1,Cold cloudy day,0.45,63,15.75,3.7555,52.6288,20.0,year_area100_04,2.0552918127489113
day_1,Cold cloudy day,0.45,64,16.0,3.6213,49.4975,20.0,year_area100_04,2.099591600816285
day_1,Cold cloudy day,0.45,65,16.25,3.478,46.1542,20.0,year_area100_04,2.146892125562797
day_1,Cold cloudy day,0.45,66,16.5,3.3263,42.6133,20.0,year_area100_04,2.196980990053511
day_1,Cold cloudy day,0.45,67,16.75,3.1667,38.8899,20.0,year_area100_04,2.2496599745371393
day_1,Cold cloudy day,0.45,68,17.0,3.0,35.0,20.0,year_area100_04,2.3046907558166114
day_1,Cold cloudy day,0.45,69,17.25,2.8269,30.9602,20.0,year_area100_04,2.3618396842007447
day_1,Cold cloudy day,0.45,70,17.5,2.6481,26.7878,20.0,year_area100_04,2.4208663477577312
day_1,Cold cloudy day,0.45,71,17.75,2.4643,22.5008,20.0,year_area100_04,2.481523572315139
day_1,Cold cloudy day,0.45,72,18.0,2.2765,18.1173,20.0,year_area100_04,2.5435318085297536
day_1,Cold cloudy day,0.45,73,18.25,2.0853,13.6563,20.0,year_area100_04,2.6066446915975305
day_1,Cold cloudy day,0.45,74,18.5,1.8916,9.1368,20.0,year_area100_04,2.6705844475780163
day_1,Cold cloudy day,0.45,75,18.75,1.6962,4.5782,20.0,year_area100_04,2.735079908105395
day_1,Cold cloudy day,0.45,76,19.0,1.5,0.0,20.0,year_area100_04,2.7998484690673404
day_1,Cold cloudy day,0.45,77,19.25,1.3038,0.0,20.0,year_area100_04,2.820390044278983
day_1,Cold cloudy day,0.45,78,19.5,1.1084,0.0,20.0,year_area100_04,2.840847861793534
day_1,Cold cloudy day,0.45,79,19.75,0.9147,0.0,20.0,year_area100_04,2.861127694201766
day_1,Cold cloudy day,0.45,80,20.0,0.7235,0.0,20.0,year_area100_04,2.8811457838065873
day_1,Cold cloudy day,0.45,81,20.25,0.5357,0.0,20.0,year_area100_04,2.9008079031987712
day_1,Cold cloudy day,0.45,82,20.5,0.3519,0.0,20.0,year_area100_04,2.920051234105498
day_1,Cold cloudy day,0.45,83,20.75,0.1731,0.0,20.0,year_area100_04,2.9387710794054045
day_1,Cold cloudy day,0.45,84,21.0,-0.0,0.0,20.0,year_area100_04,2.9568941511135356
day_1,Cold cloudy day,0.45,85,21.25,-0.1667,0.0,20.0,year_area100_04,2.974347161244936
day_1,Cold cloudy day,0.45,86,21.5,-0.3263,0.0,20.0,year_area100_04,2.9910568218146514
day_1,Cold cloudy day,0.45,87,21.75,-0.478,0.0,20.0,year_area100_04,3.00693937512559
day_1,Cold cloudy day,0.45,88,22.0,-0.6213,0.0,20.0,year_area100_04,3.02194247261707
day_1,Cold cloudy day,0.45,89,22.25,-0.7555,0.0,20.0,year_area100_04,3.035992826304136
day_1,Cold cloudy day,0.45,90,22.5,-0.8801,0.0,20.0,year_area100_04,3.0490380876261063
day_1,Cold cloudy day,0.45,91,22.75,-0.9944,0.0,20.0,year_area100_04,3.0610049685980267
day_1,Cold cloudy day,0.45,92,23.0,-1.0981,0.0,20.0,year_area100_04,3.071862060083487
day_1,Cold cloudy day,0.45,93,23.25,-1.1906,0.0,20.0,year_area100_04,3.081546543809669
day_1,Cold cloudy day,0.45,94,23.5,-1.2716,0.0,20.0,year_area100_04,3.0900270106401635
day_1,Cold cloudy day,0.45,95,23.75,-1.3408,0.0,20.0,year_area100_04,3.0972720514385617
day_1,Cold cloudy day,0.45,0,0.0,-1.3978,0.0,20.0,year_area100_05,6.380741557643001
day_1,Cold cloudy day,0.45,1,0.25,-1.4424,0.0,20.0,year_area100_05,6.392911934231001
day_1,Cold cloudy day,0.45,2,0.5,-1.4743,0.0,20.0,year_area100_05,6.401616755153809
day_1,Cold cloudy day,0.45,3,0.75,-1.4936,0.0,20.0,year_area100_05,6.406883308251307
day_1,Cold cloudy day,0.45,4,1.0,-1.5,0.0,20.0,year_area100_05,6.408629730003844
day_1,Cold cloudy day,0.45,5,1.25,-1.4936,0.0,20.0,year_area100_05,6.406883308251307
day_1,Cold cloudy day,0.45,6,1.5,-1.4743,0.0,20.0,year_area100_05,6.401616755153809
day_1,Cold cloudy day,0.45,7,1.75,-1.4424,0.0,20.0,year_area100_05,6.392911934231001
day_1,Cold cloudy day,0.45,8,2.0,-1.3978,0.0,20.0,year_area100_05,6.380741557643001
day_1,Cold cloudy day,0.45,9,2.25,-1.3408,0.0,20.0,year_area100_05,6.365187488909458
day_1,Cold cloudy day,0.45,10,2.5,-1.2716,0.0,20.0,year_area100_05,6.34630430371014
day_1,Cold cloudy day,0.45,11,2.75,-1.1906,0.0,20.0,year_area100_05,6.324201153404578
day_1,Cold cloudy day,0.45,12,3.0,-1.0981,0.0,20.0,year_area100_05,6.298959901512426
day_1,Cold cloudy day,0.45,13,3.25,-0.9944,0.0,20.0,year_area100_05,6.270662411553331
day_1,Cold cloudy day,0.45,14,3.5,-0.8801,0.0,20.0,year_area100_05,6.239472410566595
day_1,Cold cloudy day,0.45,15,3.75,-0.7555,0.0,20.0,year_area100_05,6.205471762071869
day_1,Cold cloudy day,0.45,16,4.0,-0.6213,0.0,20.0,year_area100_05,6.168851480948335
day_1,Cold cloudy day,0.45,17,4.25,-0.478,0.0,20.0,year_area100_05,6.129748006395411
day_1,Cold cloudy day,0.45,18,4.5,-0.3263,0.0,20.0,year_area100_05,6.088352353292279
day_1,Cold cloudy day,0.45,19,4.75,-0.1667,0.0,20.0,year_area100_05,6.044800960838359
day_1,Cold cloudy day,0.45,20,5.0,0.0,0.0,20.0,year_area100_05,5.999312131752717
day_1,Cold cloudy day,0.45,21,5.25,0.1731,0.0,20.0,year_area100_05,5.952076880914537
day_1,Cold cloudy day,0.45,22,5.5,0.3519,0.0,20.0,year_area100_05,5.903286223203003
day_1,Cold cloudy day,0.45,23,5.75,0.5357,0.0,20.0,year_area100_05,5.853131173497299
day_1,Cold cloudy day,0.45,24,6.0,0.7235,0.0,20.0,year_area100_05,5.8018846101962565
day_1,Cold cloudy day,0.45,25,6.25,0.9147,0.0,20.0,year_area100_05,5.74971026033918
day_1,Cold cloudy day,0.45,26,6.5,1.1084,0.0,20.0,year_area100_05,5.696853714485018
day_1,Cold cloudy day,0.45,27,6.75,1.3038,0.0,20.0,year_area100_05,5.643533275352838
day_1,Cold cloudy day,0.45,28,7.0,1.5,0.0,20.0,year_area100_05,5.58999453350159
day_1,Cold cloudy day,0.45,29,7.25,1.6962,4.5782,20.0,year_area100_05,5.528203604772764
day_1,Cold cloudy day,0.45,30,7.5,1.8916,9.1368,20.0,year_area100_05,5.46666630768328
day_1,Cold cloudy day,0.45,31,7.75,2.0853,13.6563,20.0,year_area100_05,5.405663381462769
day_1,Cold cloudy day,0.45,32,8.0,2.2765,18.1173,20.0,year_area100_05,5.345448097251387
day_1,Cold cloudy day,0.45,33,8.25,2.4643,22.5008,20.0,year_area100_05,5.2863002930307985
day_1,Cold cloudy day,0.45,34,8.5,2.6481,26.7878,20.0,year_area100_05,5.228417943263021
day_1,Cold cloudy day,0.45,35,8.75,2.8269,30.9602,20.0,year_area100_05,5.172106551523264
day_1,Cold cloudy day,0.45,36,9.0,3.0,35.0,20.0,year_area100_05,5.117589577617494
day_1,Cold cloudy day,0.45,37,9.25,3.1667,38.8899,20.0,year_area100_05,5.065089219604523
day_1,Cold cloudy day,0.45,38,9.5,3.3263,42.6133,20.0,year_area100_05,5.014826413796015
day_1,Cold cloudy day,0.45,39,9.75,3.478,46.1542,20.0,year_area100_05,4.967048302845952
day_1,Cold cloudy day,0.45,40,10.0,3.6213,49.4975,20.0,year_area100_05,4.921918543642334
day_1,Cold cloudy day,0.45,41,10.25,3.7555,52.6288,20.0,year_area100_05,4.879654107005767
day_1,Cold cloudy day,0.45,42,10.5,3.8801,55.5347,20.0,year_area100_05,4.840415585581166
day_1,Cold cloudy day,0.45,43,10.75,3.9944,58.2029,20.0,year_area100_05,4.804416164947678
day_1,Cold cloudy day,0.45,44,11.0,4.0981,60.6218,20.0,year_area100_05,4.771758617577773
day_1,Cold cloudy day,0.45,45,11.25,4.1906,62.7811,20.0,year_area100_05,4.742625236218852
day_1,Cold cloudy day,0.45,46,11.5,4.2716,64.6716,20.0,year_area100_05,4.717114467353144
day_1,Cold cloudy day,0.45,47,11.75,4.3408,66.2851,20.0,year_area100_05,4.6953229549669455
day_1,Cold cloudy day,0.45,48,12.0,4.3978,67.6148,20.0,year_area100_05,4.67737210739213
day_1,Cold cloudy day,0.45,49,12.25,4.4424,68.655,20.0,year_area100_05,4.663326774535278
day_1,Cold cloudy day,0.45,50,12.5,4.4743,69.4011,20.0,year_area100_05,4.653277111397329
day_1,Cold cloudy day,0.45,51,12.75,4.4936,69.8501,20.0,year_area100_05,4.647201237626196
day_1,Cold cloudy day,0.45,52,13.0,4.5,70.0,20.0,year_area100_05,4.645184621733396
day_1,Cold cloudy day,0.45,53,13.25,4.4936,69.8501,20.0,year_area100_05,4.647201237626196
day_1,Cold cloudy day,0.45,54,13.5,4.4743,69.4011,20.0,year_area100_05,4.653277111397329
day_1,Cold cloudy day,0.45,55,13.75,4.4424,68.655,20.0,year_area100_05,4.663326774535278
day_1,Cold cloudy day,0.45,56,14.0,4.3978,67.6148,20.0,year_area100_05,4.67737210739213
day_1,Cold cloudy day,0.45,57,14.25,4.3408,66.2851,20.0,year_area100_05,4.6953229549669455
day_1,Cold cloudy day,0.45,58,14.5,4.2716,64.6716,20.0,year_area100_05,4.717114467353144
day_1,Cold cloudy day,0.45,59,14.75,4.1906,62.7811,20.0,year_area100_05,4.742625236218852
day_1,Cold cloudy day,0.45,60,15.0,4.0981,60.6218,20.0,year_area100_05,4.771758617577773
day_1,Cold cloudy day,0.45,61,15.25,3.9944,58.2029,20.0,year_area100_05,4.804416164947678
day_1,Cold cloudy day,0.45,62,15.5,3.8801,55.5347,20.0,year_area100_05,4.840415585581166
day_1,Cold cloudy day,0.45,63,15.75,3.7555,52.6288,20.0,year_area100_05,4.879654107005767
day_1,Cold cloudy day,0.45,64,16.0,3.6213,49.4975,20.0,year_area100_05,4.921918543642334
day_1,Cold cloudy day,0.45,65,16.25,3.478,46.1542,20.0,year_area100_05,4.967048302845952
day_1,Cold cloudy day,0.45,66,16.5,3.3263,42.6133,20.0,year_area100_05,5.014826413796015
day_1,Cold cloudy day,0.45,67,16.75,3.1667,38.8899,20.0,year_area100_05,5.065089219604523
day_1,Cold cloudy day,0.45,68,17.0,3.0,35.0,20.0,year_area100_05,5.117589577617494
day_1,Cold cloudy day,0.45,69,17.25,2.8269,30.9602,20.0,year_area100_05,5.172106551523264
day_1,Cold cloudy day,0.45,70,17.5,2.6481,26.7878,20.0,year_area100_05,5.228417943263021
day_1,Cold cloudy day,0.45,71,17.75,2.4643,22.5008,20.0,year_area100_05,5.2863002930307985
day_1,Cold cloudy day,0.45,72,18.0,2.2765,18.1173,20.0,year_area100_05,5.345448097251387
day_1,Cold cloudy day,0.45,73,18.25,2.0853,13.6563,20.0,year_area100_05,5.405663381462769
day_1,Cold cloudy day,0.45,74,18.5,1.8916,9.1368,20.0,year_area100_05,5.46666630768328
day_1,Cold cloudy day,0.45,75,18.75,1.6962,4.5782,20.0,year_area100_05,5.528203604772764
day_1,Cold cloudy day,0.45,76,19.0,1.5,0.0,20.0,year_area100_05,5.58999453350159
day_1,Cold cloudy day,0.45,77,19.25,1.3038,0.0,20.0,year_area100_05,5.643533275352838
day_1,Cold cloudy day,0.45,78,19.5,1.1084,0.0,20.0,year_area100_05,5.696853714485018
day_1,Cold cloudy day,0.45,79,19.75,0.9147,0.0,20.0,year_area100_05,5.74971026033918
day_1,Cold cloudy day,0.45,80,20.0,0.7235,0.0,20.0,year_area100_05,5.8018846101962565
day_1,Cold cloudy day,0.45,81,20.25,0.5357,0.0,20.0,year_area100_05,5.853131173497299
day_1,Cold cloudy day,0.45,82,20.5,0.3519,0.0,20.0,year_area100_05,5.903286223203003
day_1,Cold cloudy day,0.45,83,20.75,0.1731,0.0,20.0,year_area100_05,5.952076880914537
day_1,Cold cloudy day,0.45,84,21.0,-0.0,0.0,20.0,year_area100_05,5.999312131752717
day_1,Cold cloudy day,0.45,85,21.25,-0.1667,0.0,20.0,year_area100_05,6.044800960838359
day_1,Cold cloudy day,0.45,86,21.5,-0.3263,0.0,20.0,year_area100_05,6.088352353292279
day_1,Cold cloudy day,0.45,87,21.75,-0.478,0.0,20.0,year_area100_05,6.129748006395411
day_1,Cold cloudy day,0.45,88,22.0,-0.6213,0.0,20.0,year_area100_05,6.168851480948335
day_1,Cold cloudy day,0.45,89,22.25,-0.7555,0.0,20.0,year_area100_05,6.205471762071869
day_1,Cold cloudy day,0.45,90,22.5,-0.8801,0.0,20.0,year_area100_05,6.239472410566595
day_1,Cold cloudy day,0.45,91,22.75,-0.9944,0.0,20.0,year_area100_05,6.270662411553331
day_1,Cold cloudy day,0.45,92,23.0,-1.0981,0.0,20.0,year_area100_05,6.298959901512426
day_1,Cold cloudy day,0.45,93,23.25,-1.1906,0.0,20.0,year_area100_05,6.324201153404578
day_1,Cold cloudy day,0.45,94,23.5,-1.2716,0.0,20.0,year_area100_05,6.34630430371014
day_1,Cold cloudy day,0.45,95,23.75,-1.3408,0.0,20.0,year_area100_05,6.365187488909458
day_1,Cold cloudy day,0.45,0,0.0,-1.3978,0.0,20.0,year_area100_06,5.82329826465828
day_1,Cold cloudy day,0.45,1,0.25,-1.4424,0.0,20.0,year_area100_06,5.83871505150247
day_1,Cold cloudy day,0.45,2,0.5,-1.4743,0.0,20.0,year_area100_06,5.849741856442598
day_1,Cold cloudy day,0.45,3,0.75,-1.4936,0.0,20.0,year_area100_06,5.8564132462653085
day_1,Cold cloudy day,0.45,4,1.0,-1.5,0.0,20.0,year_area100_06,5.858625520610663
day_1,Cold cloudy day,0.45,5,1.25,-1.4936,0.0,20.0,year_area100_06,5.8564132462653085
day_1,Cold cloudy day,0.45,6,1.5,-1.4743,0.0,20.0,year_area100_06,5.849741856442598
day_1,Cold cloudy day,0.45,7,1.75,-1.4424,0.0,20.0,year_area100_06,5.83871505150247
day_1,Cold cloudy day,0.45,8,2.0,-1.3978,0.0,20.0,year_area100_06,5.82329826465828
day_1,Cold cloudy day,0.45,9,2.25,-1.3408,0.0,20.0,year_area100_06,5.803595196269964
day_1,Cold cloudy day,0.45,10,2.5,-1.2716,0.0,20.0,year_area100_06,5.779674979910816
day_1,Cold cloudy day,0.45,11,2.75,-1.1906,0.0,20.0,year_area100_06,5.75167588272742
day_1,Cold cloudy day,0.45,12,3.0,-1.0981,0.0,20.0,year_area100_06,5.719701605079715
day_1,Cold cloudy day,0.45,13,3.25,-0.9944,0.0,20.0,year_area100_06,5.683855847327639
day_1,Cold cloudy day,0.45,14,3.5,-0.8801,0.0,20.0,year_area100_06,5.644346010191069
day_1,Cold cloudy day,0.45,15,3.75,-0.7555,0.0,20.0,year_area100_06,5.601275794029945
day_1,Cold cloudy day,0.45,16,4.0,-0.6213,0.0,20.0,year_area100_06,5.554887166350788
day_1,Cold cloudy day,0.45,17,4.25,-0.478,0.0,20.0,year_area100_06,5.50535296108683
day_1,Cold cloudy day,0.45,18,4.5,-0.3263,0.0,20.0,year_area100_06,5.452915145744593
day_1,Cold cloudy day,0.45,19,4.75,-0.1667,0.0,20.0,year_area100_06,5.397746554257309
day_1,Cold cloudy day,0.45,20,5.0,0.0,0.0,20.0,year_area100_06,5.340123720918148
day_1,Cold cloudy day,0.45,21,5.25,0.1731,0.0,20.0,year_area100_06,5.2802886132336315
day_1,Cold cloudy day,0.45,22,5.5,0.3519,0.0,20.0,year_area100_06,5.218483198710284
day_1,Cold cloudy day,0.45,23,5.75,0.5357,0.0,20.0,year_area100_06,5.154949444854628
day_1,Cold cloudy day,0.45,24,6.0,0.7235,0.0,20.0,year_area100_06,5.0900330195331245
day_1,Cold cloudy day,0.45,25,6.25,0.9147,0.0,20.0,year_area100_06,5.023941323465652
day_1,Cold cloudy day,0.45,26,6.5,1.1084,0.0,20.0,year_area100_06,4.956985457732026
day_1,Cold cloudy day,0.45,27,6.75,1.3038,0.0,20.0,year_area100_06,4.889441956625414
day_1,Cold cloudy day,0.45,28,7.0,1.5,0.0,20.0,year_area100_06,4.821621921225633
day_1,Cold cloudy day,0.45,29,7.25,1.6962,4.5782,20.0,year_area100_06,4.749649585192629
day_1,Cold cloudy day,0.45,30,7.5,1.8916,9.1368,20.0,year_area100_06,4.677971560110086
day_1,Cold cloudy day,0.45,31,7.75,2.0853,13.6563,20.0,year_area100_06,4.60691663301788
day_1,Cold cloudy day,0.45,32,8.0,2.2765,18.1173,20.0,year_area100_06,4.536778933472008
day_1,Cold cloudy day,0.45,33,8.25,2.4643,22.5008,20.0,year_area100_06,4.467886795026192
day_1,Cold cloudy day,0.45,34,8.5,2.6481,26.7878,20.0,year_area100_06,4.400464850874212
day_1,Cold cloudy day,0.45,35,8.75,2.8269,30.9602,20.0,year_area100_06,4.334875185081357
day_1,Cold cloudy day,0.45,36,9.0,3.0,35.0,20.0,year_area100_06,4.2713760906557425
day_1,Cold cloudy day,0.45,37,9.25,3.1667,38.8899,20.0,year_area100_06,4.210225225724871
day_1,Cold cloudy day,0.45,38,9.5,3.3263,42.6133,20.0,year_area100_06,4.15167961353562
day_1,Cold cloudy day,0.45,39,9.75,3.478,46.1542,20.0,year_area100_06,4.0960302999381355
day_1,Cold cloudy day,0.45,40,10.0,3.6213,49.4975,20.0,year_area100_06,4.043463814147539
day_1,Cold cloudy day,0.45,41,10.25,3.7555,52.6288,20.0,year_area100_06,3.9942351840716297
day_1,Cold cloudy day,0.45,42,10.5,3.8801,55.5347,20.0,year_area100_06,3.948529397072604
day_1,Cold cloudy day,0.45,43,10.75,3.9944,58.2029,20.0,year_area100_06,3.906599576416406
day_1,Cold cloudy day,0.45,44,11.0,4.0981,60.6218,20.0,year_area100_06,3.8685599433417783
day_1,Cold cloudy day,0.45,45,11.25,4.1906,62.7811,20.0,year_area100_06,3.8346272403834014
day_1,Cold cloudy day,0.45,46,11.5,4.2716,64.6716,20.0,year_area100_06,3.8049135120464728
day_1,Cold cloudy day,0.45,47,11.75,4.3408,66.2851,20.0,year_area100_06,3.7795298958638766
day_1,Cold cloudy day,0.45,48,12.0,4.3978,67.6148,20.0,year_area100_06,3.7586208263939147
day_1,Cold cloudy day,0.45,49,12.25,4.4424,68.655,20.0,year_area100_06,3.7422606069520477
day_1,Cold cloudy day,0.45,50,12.5,4.4743,69.4011,20.0,year_area100_06,3.730557109970846
day_1,Cold cloudy day,0.45,51,12.75,4.4936,69.8501,20.0,year_area100_06,3.723478489580594
day_1,Cold cloudy day,0.45,52,13.0,4.5,70.0,20.0,year_area100_06,3.721130260085854
day_1,Cold cloudy day,0.45,53,13.25,4.4936,69.8501,20.0,year_area100_06,3.723478489580594
day_1,Cold cloudy day,0.45,54,13.5,4.4743,69.4011,20.0,year_area100_06,3.730557109970846
day_1,Cold cloudy day,0.45,55,13.75,4.4424,68.655,20.0,year_area100_06,3.7422606069520477
day_1,Cold cloudy day,0.45,56,14.0,4.3978,67.6148,20.0,year_area100_06,3.7586208263939147
day_1,Cold cloudy day,0.45,57,14.25,4.3408,66.2851,20.0,year_area100_06,3.7795298958638766
day_1,Cold cloudy day,0.45,58,14.5,4.2716,64.6716,20.0,year_area100_06,3.8049135120464728
day_1,Cold cloudy day,0.45,59,14.75,4.1906,62.7811,20.0,year_area100_06,3.8346272403834014
day_1,Cold cloudy day,0.45,60,15.0,4.0981,60.6218,20.0,year_area100_06,3.8685599433417783
day_1,Cold cloudy day,0.45,61,15.25,3.9944,58.2029,20.0,year_area100_06,3.906599576416406
day_1,Cold cloudy day,0.45,62,15.5,3.8801,55.5347,20.0,year_area100_06,3.948529397072604
day_1,Cold cloudy day,0.45,63,15.75,3.7555,52.6288,20.0,year_area100_06,3.9942351840716297
day_1,Cold cloudy day,0.45,64,16.0,3.6213,49.4975,20.0,year_area100_06,4.043463814147539
day_1,Cold cloudy day,0.45,65,16.25,3.478,46.1542,20.0,year_area100_06,4.0960302999381355
day_1,Cold cloudy day,0.45,66,16.5,3.3263,42.6133,20.0,year_area100_06,4.15167961353562
day_1,Cold cloudy day,0.45,67,16.75,3.1667,38.8899,20.0,year_area100_06,4.210225225724871
day_1,Cold cloudy day,0.45,68,17.0,3.0,35.0,20.0,year_area100_06,4.2713760906557425
day_1,Cold cloudy day,0.45,69,17.25,2.8269,30.9602,20.0,year_area100_06,4.334875185081357
day_1,Cold cloudy day,0.45,70,17.5,2.6481,26.7878,20.0,year_area100_06,4.400464850874212
day_1,Cold cloudy day,0.45,71,17.75,2.4643,22.5008,20.0,year_area100_06,4.467886795026192
day_1,Cold cloudy day,0.45,72,18.0,2.2765,18.1173,20.0,year_area100_06,4.536778933472008
day_1,Cold cloudy day,0.45,73,18.25,2.0853,13.6563,20.0,year_area100_06,4.60691663301788
day_1,Cold cloudy day,0.45,74,18.5,1.8916,9.1368,20.0,year_area100_06,4.677971560110086
day_1,Cold cloudy day,0.45,75,18.75,1.6962,4.5782,20.0,year_area100_06,4.749649585192629
day_1,Cold cloudy day,0.45,76,19.0,1.5,0.0,20.0,year_area100_06,4.821621921225633
day_1,Cold cloudy day,0.45,77,19.25,1.3038,0.0,20.0,year_area100_06,4.889441956625414
day_1,Cold cloudy day,0.45,78,19.5,1.1084,0.0,20.0,year_area100_06,4.956985457732026
day_1,Cold cloudy day,0.45,79,19.75,0.9147,0.0,20.0,year_area100_06,5.023941323465652
day_1,Cold cloudy day,0.45,80,20.0,0.7235,0.0,20.0,year_area100_06,5.0900330195331245
day_1,Cold cloudy day,0.45,81,20.25,0.5357,0.0,20.0,year_area100_06,5.154949444854628
day_1,Cold cloudy day,0.45,82,20.5,0.3519,0.0,20.0,year_area100_06,5.218483198710284
day_1,Cold cloudy day,0.45,83,20.75,0.1731,0.0,20.0,year_area100_06,5.2802886132336315
day_1,Cold cloudy day,0.45,84,21.0,-0.0,0.0,20.0,year_area100_06,5.340123720918148
day_1,Cold cloudy day,0.45,85,21.25,-0.1667,0.0,20.0,year_area100_06,5.397746554257309
day_1,Cold cloudy day,0.45,86,21.5,-0.3263,0.0,20.0,year_area100_06,5.452915145744593
day_1,Cold cloudy day,0.45,87,21.75,-0.478,0.0,20.0,year_area100_06,5.50535296108683
day_1,Cold cloudy day,0.45,88,22.0,-0.6213,0.0,20.0,year_area100_06,5.554887166350788
day_1,Cold cloudy day,0.45,89,22.25,-0.7555,0.0,20.0,year_area100_06,5.601275794029945
day_1,Cold cloudy day,0.45,90,22.5,-0.8801,0.0,20.0,year_area100_06,5.644346010191069
day_1,Cold cloudy day,0.45,91,22.75,-0.9944,0.0,20.0,year_area100_06,5.683855847327639
day_1,Cold cloudy day,0.45,92,23.0,-1.0981,0.0,20.0,year_area100_06,5.719701605079715
day_1,Cold cloudy day,0.45,93,23.25,-1.1906,0.0,20.0,year_area100_06,5.75167588272742
day_1,Cold cloudy day,0.45,94,23.5,-1.2716,0.0,20.0,year_area100_06,5.779674979910816
day_1,Cold cloudy day,0.45,95,23.75,-1.3408,0.0,20.0,year_area100_06,5.803595196269964
day_1,Cold cloudy day,0.45,0,0.0,-1.3978,0.0,20.0,year_area100_07,3.046317204275883
day_1,Cold cloudy day,0.45,1,0.25,-1.4424,0.0,20.0,year_area100_07,3.049054350167747
day_1,Cold cloudy day,0.45,2,0.5,-1.4743,0.0,20.0,year_area100_07,3.051012084561256
day_1,Cold cloudy day,0.45,3,0.75,-1.4936,0.0,20.0,year_area100_07,3.0521965445548207
day_1,Cold cloudy day,0.45,4,1.0,-1.5,0.0,20.0,year_area100_07,3.0525893188532045
day_1,Cold cloudy day,0.45,5,1.25,-1.4936,0.0,20.0,year_area100_07,3.0521965445548207
day_1,Cold cloudy day,0.45,6,1.5,-1.4743,0.0,20.0,year_area100_07,3.051012084561256
day_1,Cold cloudy day,0.45,7,1.75,-1.4424,0.0,20.0,year_area100_07,3.049054350167747
day_1,Cold cloudy day,0.45,8,2.0,-1.3978,0.0,20.0,year_area100_07,3.046317204275883
day_1,Cold cloudy day,0.45,9,2.25,-1.3408,0.0,20.0,year_area100_07,3.042819058180899
day_1,Cold cloudy day,0.45,10,2.5,-1.2716,0.0,20.0,year_area100_07,3.0385721860796204
day_1,Cold cloudy day,0.45,11,2.75,-1.1906,0.0,20.0,year_area100_07,3.033601136365696
day_1,Cold cloudy day,0.45,12,3.0,-1.0981,0.0,20.0,year_area100_07,3.0279243203343627
day_1,Cold cloudy day,0.45,13,3.25,-0.9944,0.0,20.0,year_area100_07,3.021560149280857
day_1,Cold cloudy day,0.45,14,3.5,-0.8801,0.0,20.0,year_area100_07,3.014545445795653
day_1,Cold cloudy day,0.45,15,3.75,-0.7555,0.0,20.0,year_area100_07,3.0068986211739865
day_1,Cold cloudy day,0.45,16,4.0,-0.6213,0.0,20.0,year_area100_07,2.998662635104744
day_1,Cold cloudy day,0.45,17,4.25,-0.478,0.0,20.0,year_area100_07,2.9898681730799863
day_1,Cold cloudy day,0.45,18,4.5,-0.3263,0.0,20.0,year_area100_07,2.9805581947885997
day_1,Cold cloudy day,0.45,19,4.75,-0.1667,0.0,20.0,year_area100_07,2.9707633857226448
day_1,Cold cloudy day,0.45,20,5.0,0.0,0.0,20.0,year_area100_07,2.96053284266942
day_1,Cold cloudy day,0.45,21,5.25,0.1731,0.0,20.0,year_area100_07,2.9499095253178114
day_1,Cold cloudy day,0.45,22,5.5,0.3519,0.0,20.0,year_area100_07,2.9389363933567045
day_1,Cold cloudy day,0.45,23,5.75,0.5357,0.0,20.0,year_area100_07,2.927656406474985
day_1,Cold cloudy day,0.45,24,6.0,0.7235,0.0,20.0,year_area100_07,2.916130935656775
day_1,Cold cloudy day,0.45,25,6.25,0.9147,0.0,20.0,year_area100_07,2.9043968034925483
day_1,Cold cloudy day,0.45,26,6.5,1.1084,0.0,20.0,year_area100_07,2.892509243868016
day_1,Cold cloudy day,0.45,27,6.75,1.3038,0.0,20.0,year_area100_07,2.880517353570475
day_1,Cold cloudy day,0.45,28,7.0,1.5,0.0,20.0,year_area100_07,2.868476366485636
day_1,Cold cloudy day,0.45,29,7.25,1.6962,4.5782,20.0,year_area100_07,2.840747621556747
day_1,Cold cloudy day,0.45,30,7.5,1.8916,9.1368,20.0,year_area100_07,2.813135135193528
day_1,Cold cloudy day,0.45,31,7.75,2.0853,13.6563,20.0,year_area100_07,2.785760960397927
day_1,Cold cloudy day,0.45,32,8.0,2.2765,18.1173,20.0,year_area100_07,2.7587406704113455
day_1,Cold cloudy day,0.45,33,8.25,2.4643,22.5008,20.0,year_area100_07,2.7321946049250583
day_1,Cold cloudy day,0.45,34,8.5,2.6481,26.7878,20.0,year_area100_07,2.706224692335103
day_1,Cold cloudy day,0.45,35,8.75,2.8269,30.9602,20.0,year_area100_07,2.680954325471957
day_1,Cold cloudy day,0.45,36,9.0,3.0,35.0,20.0,year_area100_07,2.6564881432087253
day_1,Cold cloudy day,0.45,37,9.25,3.1667,38.8899,20.0,year_area100_07,2.632928385783571
day_1,Cold cloudy day,0.45,38,9.5,3.3263,42.6133,20.0,year_area100_07,2.6103748947997145
day_1,Cold cloudy day,0.45,39,9.75,3.478,46.1542,20.0,year_area100_07,2.5889315929859835
day_1,Cold cloudy day,0.45,40,10.0,3.6213,49.4975,20.0,year_area100_07,2.568680907816756
day_1,Cold cloudy day,0.45,41,10.25,3.7555,52.6288,20.0,year_area100_07,2.549715142328293
day_1,Cold cloudy day,0.45,42,10.5,3.8801,55.5347,20.0,year_area100_07,2.532110898738687
day_1,Cold cloudy day,0.45,43,10.75,3.9944,58.2029,20.0,year_area100_07,2.5159532841793713
day_1,Cold cloudy day,0.45,44,11.0,4.0981,60.6218,20.0,year_area100_07,2.5013004587531924
day_1,Cold cloudy day,0.45,45,11.25,4.1906,62.7811,20.0,year_area100_07,2.4882245392504823
day_1,Cold cloudy day,0.45,46,11.5,4.2716,64.6716,20.0,year_area100_07,2.4767754618828564
day_1,Cold cloudy day,0.45,47,11.75,4.3408,66.2851,20.0,year_area100_07,2.466999736240585
day_1,Cold cloudy day,0.45,48,12.0,4.3978,67.6148,20.0,year_area100_07,2.4589452117424657
day_1,Cold cloudy day,0.45,49,12.25,4.4424,68.655,20.0,year_area100_07,2.452643694326994
day_1,Cold cloudy day,0.45,50,12.5,4.4743,69.4011,20.0,year_area100_07,2.4481293577475944
day_1,Cold cloudy day,0.45,51,12.75,4.4936,69.8501,20.0,year_area100_07,2.445406344769892
day_1,Cold cloudy day,0.45,52,13.0,4.5,70.0,20.0,year_area100_07,2.4444999199318147
day_1,Cold cloudy day,0.45,53,13.25,4.4936,69.8501,20.0,year_area100_07,2.445406344769892
day_1,Cold cloudy day,0.45,54,13.5,4.4743,69.4011,20.0,year_area100_07,2.4481293577475944
day_1,Cold cloudy day,0.45,55,13.75,4.4424,68.655,20.0,year_area100_07,2.452643694326994
day_1,Cold cloudy day,0.45,56,14.0,4.3978,67.6148,20.0,year_area100_07,2.4589452117424657
day_1,Cold cloudy day,0.45,57,14.25,4.3408,66.2851,20.0,year_area100_07,2.466999736240585
day_1,Cold cloudy day,0.45,58,14.5,4.2716,64.6716,20.0,year_area100_07,2.4767754618828564
day_1,Cold cloudy day,0.45,59,14.75,4.1906,62.7811,20.0,year_area100_07,2.4882245392504823
day_1,Cold cloudy day,0.45,60,15.0,4.0981,60.6218,20.0,year_area100_07,2.5013004587531924
day_1,Cold cloudy day,0.45,61,15.25,3.9944,58.2029,20.0,year_area100_07,2.5159532841793713
day_1,Cold cloudy day,0.45,62,15.5,3.8801,55.5347,20.0,year_area100_07,2.532110898738687
day_1,Cold cloudy day,0.45,63,15.75,3.7555,52.6288,20.0,year_area100_07,2.549715142328293
day_1,Cold cloudy day,0.45,64,16.0,3.6213,49.4975,20.0,year_area100_07,2.568680907816756
day_1,Cold cloudy day,0.45,65,16.25,3.478,46.1542,20.0,year_area100_07,2.5889315929859835
day_1,Cold cloudy day,0.45,66,16.5,3.3263,42.6133,20.0,year_area100_07,2.6103748947997145
day_1,Cold cloudy day,0.45,67,16.75,3.1667,38.8899,20.0,year_area100_07,2.632928385783571
day_1,Cold cloudy day,0.45,68,17.0,3.0,35.0,20.0,year_area100_07,2.6564881432087253
day_1,Cold cloudy day,0.45,69,17.25,2.8269,30.9602,20.0,year_area100_07,2.680954325471957
day_1,Cold cloudy day,0.45,70,17.5,2.6481,26.7878,20.0,year_area100_07,2.706224692335103
day_1,Cold cloudy day,0.45,71,17.75,2.4643,22.5008,20.0,year_area100_07,2.7321946049250583
day_1,Cold cloudy day,0.45,72,18.0,2.2765,18.1173,20.0,year_area100_07,2.7587406704113455
day_1,Cold cloudy day,0.45,73,18.25,2.0853,13.6563,20.0,year_area100_07,2.785760960397927
day_1,Cold cloudy day,0.45,74,18.5,1.8916,9.1368,20.0,year_area100_07,2.813135135193528
day_1,Cold cloudy day,0.45,75,18.75,1.6962,4.5782,20.0,year_area100_07,2.840747621556747
day_1,Cold cloudy day,0.45,76,19.0,1.5,0.0,20.0,year_area100_07,2.868476366485636
day_1,Cold cloudy day,0.45,77,19.25,1.3038,0.0,20.0,year_area100_07,2.880517353570475
day_1,Cold cloudy day,0.45,78,19.5,1.1084,0.0,20.0,year_area100_07,2.892509243868016
day_1,Cold cloudy day,0.45,79,19.75,0.9147,0.0,20.0,year_area100_07,2.9043968034925483
day_1,Cold cloudy day,0.45,80,20.0,0.7235,0.0,20.0,year_area100_07,2.916130935656775
day_1,Cold cloudy day,0.45,81,20.25,0.5357,0.0,20.0,year_area100_07,2.927656406474985
day_1,Cold cloudy day,0.45,82,20.5,0.3519,0.0,20.0,year_area100_07,2.9389363933567045
day_1,Cold cloudy day,0.45,83,20.75,0.1731,0.0,20.0,year_area100_07,2.9499095253178114
day_1,Cold cloudy day,0.45,84,21.0,-0.0,0.0,20.0,year_area100_07,2.96053284266942
day_1,Cold cloudy day,0.45,85,21.25,-0.1667,0.0,20.0,year_area100_07,2.9707633857226448
day_1,Cold cloudy day,0.45,86,21.5,-0.3263,0.0,20.0,year_area100_07,2.9805581947885997
day_1,Cold cloudy day,0.45,87,21.75,-0.478,0.0,20.0,year_area100_07,2.9898681730799863
day_1,Cold cloudy day,0.45,88,22.0,-0.6213,0.0,20.0,year_area100_07,2.998662635104744
day_1,Cold cloudy day,0.45,89,22.25,-0.7555,0.0,20.0,year_area100_07,3.0068986211739865
day_1,Cold cloudy day,0.45,90,22.5,-0.8801,0.0,20.0,year_area100_07,3.014545445795653
day_1,Cold cloudy day,0.45,91,22.75,-0.9944,0.0,20.0,year_area100_07,3.021560149280857
day_1,Cold cloudy day,0.45,92,23.0,-1.0981,0.0,20.0,year_area100_07,3.0279243203343627
day_1,Cold cloudy day,0.45,93,23.25,-1.1906,0.0,20.0,year_area100_07,3.033601136365696
day_1,Cold cloudy day,0.45,94,23.5,-1.2716,0.0,20.0,year_area100_07,3.0385721860796204
day_1,Cold cloudy day,0.45,95,23.75,-1.3408,0.0,20.0,year_area100_07,3.042819058180899
day_1,Cold cloudy day,0.45,0,0.0,-1.3978,0.0,20.0,year_area100_08,5.780753955596345
day_1,Cold cloudy day,0.45,1,0.25,-1.4424,0.0,20.0,year_area100_08,5.789606340760922
day_1,Cold cloudy day,0.45,2,0.5,-1.4743,0.0,20.0,year_area100_08,5.795937979477291
day_1,Cold cloudy day,0.45,3,0.75,-1.4936,0.0,20.0,year_area100_08,5.79976872014268
day_1,Cold cloudy day,0.45,4,1.0,-1.5,0.0,20.0,year_area100_08,5.801039017565399
day_1,Cold cloudy day,0.45,5,1.25,-1.4936,0.0,20.0,year_area100_08,5.79976872014268
day_1,Cold cloudy day,0.45,6,1.5,-1.4743,0.0,20.0,year_area100_08,5.795937979477291
day_1,Cold cloudy day,0.45,7,1.75,-1.4424,0.0,20.0,year_area100_08,5.789606340760922
day_1,Cold cloudy day,0.45,8,2.0,-1.3978,0.0,20.0,year_area100_08,5.780753955596345
day_1,Cold cloudy day,0.45,9,2.25,-1.3408,0.0,20.0,year_area100_08,5.769440369175248
day_1,Cold cloudy day,0.45,10,2.5,-1.2716,0.0,20.0,year_area100_08,5.755705278292091
day_1,Cold cloudy day,0.45,11,2.75,-1.1906,0.0,20.0,year_area100_08,5.739628076535795
day_1,Cold cloudy day,0.45,12,3.0,-1.0981,0.0,20.0,year_area100_08,5.7212683090980505
day_1,Cold cloudy day,0.45,13,3.25,-0.9944,0.0,20.0,year_area100_08,5.700685521170546
day_1,Cold cloudy day,0.45,14,3.5,-0.8801,0.0,20.0,year_area100_08,5.677998803136662
day_1,Cold cloudy day,0.45,15,3.75,-0.7555,0.0,20.0,year_area100_08,5.653267700188089
day_1,Cold cloudy day,0.45,16,4.0,-0.6213,0.0,20.0,year_area100_08,5.626631151105436
day_1,Cold cloudy day,0.45,17,4.25,-0.478,0.0,20.0,year_area100_08,5.5981883978748535
day_1,Cold cloudy day,0.45,18,4.5,-0.3263,0.0,20.0,year_area100_08,5.568078379276951
day_1,Cold cloudy day,0.45,19,4.75,-0.1667,0.0,20.0,year_area100_08,5.53640033729788
day_1,Cold cloudy day,0.45,20,5.0,0.0,0.0,20.0,year_area100_08,5.503313059115478
day_1,Cold cloudy day,0.45,21,5.25,0.1731,0.0,20.0,year_area100_08,5.468955483510357
day_1,Cold cloudy day,0.45,22,5.5,0.3519,0.0,20.0,year_area100_08,5.433466549263127
day_1,Cold cloudy day,0.45,23,5.75,0.5357,0.0,20.0,year_area100_08,5.3969851951543975
day_1,Cold cloudy day,0.45,24,6.0,0.7235,0.0,20.0,year_area100_08,5.359709905156467
day_1,Cold cloudy day,0.45,25,6.25,0.9147,0.0,20.0,year_area100_08,5.321759769652717
day_1,Cold cloudy day,0.45,26,6.5,1.1084,0.0,20.0,year_area100_08,5.283313424218218
day_1,Cold cloudy day,0.45,27,6.75,1.3038,0.0,20.0,year_area100_08,5.2445296560308075
day_1,Cold cloudy day,0.45,28,7.0,1.5,0.0,20.0,year_area100_08,5.205587100665558
day_1,Cold cloudy day,0.45,29,7.25,1.6962,4.5782,20.0,year_area100_08,5.140394174132502
day_1,Cold cloudy day,0.45,30,7.5,1.8916,9.1368,20.0,year_area100_08,5.07547241677783
day_1,Cold cloudy day,0.45,31,7.75,2.0853,13.6563,20.0,year_area100_08,5.0111122727996005
day_1,Cold cloudy day,0.45,32,8.0,2.2765,18.1173,20.0,year_area100_08,4.947583764621092
day_1,Cold cloudy day,0.45,33,8.25,2.4643,22.5008,20.0,year_area100_08,4.8851744695525925
day_1,Cold cloudy day,0.45,34,8.5,2.6481,26.7878,20.0,year_area100_08,4.824112419712705
day_1,Cold cloudy day,0.45,35,8.75,2.8269,30.9602,20.0,year_area100_08,4.764699880410965
day_1,Cold cloudy day,0.45,36,9.0,3.0,35.0,20.0,year_area100_08,4.707178998387666
day_1,Cold cloudy day,0.45,37,9.25,3.1667,38.8899,20.0,year_area100_08,4.651787906740225
day_1,Cold cloudy day,0.45,38,9.5,3.3263,42.6133,20.0,year_area100_08,4.59876072492318
day_1,Cold cloudy day,0.45,39,9.75,3.478,46.1542,20.0,year_area100_08,4.548347980522978
day_1,Cold cloudy day,0.45,40,10.0,3.6213,49.4975,20.0,year_area100_08,4.500735495536394
day_1,Cold cloudy day,0.45,41,10.25,3.7555,52.6288,20.0,year_area100_08,4.456144775111783
day_1,Cold cloudy day,0.45,42,10.5,3.8801,55.5347,20.0,year_area100_08,4.414751893827504
day_1,Cold cloudy day,0.45,43,10.75,3.9944,58.2029,20.0,year_area100_08,4.376766315903284
day_1,Cold cloudy day,0.45,44,11.0,4.0981,60.6218,20.0,year_area100_08,4.342314098327051
day_1,Cold cloudy day,0.45,45,11.25,4.1906,62.7811,20.0,year_area100_08,4.311573389370228
day_1,Cold cloudy day,0.45,46,11.5,4.2716,64.6716,20.0,year_area100_08,4.284656484959453
day_1,Cold cloudy day,0.45,47,11.75,4.3408,66.2851,20.0,year_area100_08,4.261669947245827
day_1,Cold cloudy day,0.45,48,12.0,4.3978,67.6148,20.0,year_area100_08,4.242732159491928
day_1,Cold cloudy day,0.45,49,12.25,4.4424,68.655,20.0,year_area100_08,4.227915501012784
day_1,Cold cloudy day,0.45,50,12.5,4.4743,69.4011,20.0,year_area100_08,4.217305892367556
day_1,Cold cloudy day,0.45,51,12.75,4.4936,69.8501,20.0,year_area100_08,4.2109006864856315
day_1,Cold cloudy day,0.45,52,13.0,4.5,70.0,20.0,year_area100_08,4.208770896109774
day_1,Cold cloudy day,0.45,53,13.25,4.4936,69.8501,20.0,year_area100_08,4.2109006864856315
day_1,Cold cloudy day,0.45,54,13.5,4.4743,69.4011,20.0,year_area100_08,4.217305892367556
day_1,Cold cloudy day,0.45,55,13.75,4.4424,68.655,20.0,year_area100_08,4.227915501012784
day_1,Cold cloudy day,0.45,56,14.0,4.3978,67.6148,20.0,year_area100_08,4.242732159491928
day_1,Cold cloudy day,0.45,57,14.25,4.3408,66.2851,20.0,year_area100_08,4.261669947245827
day_1,Cold cloudy day,0.45,58,14.5,4.2716,64.6716,20.0,year_area100_08,4.284656484959453
day_1,Cold cloudy day,0.45,59,14.75,4.1906,62.7811,20.0,year_area100_08,4.311573389370228
day_1,Cold cloudy day,0.45,60,15.0,4.0981,60.6218,20.0,year_area100_08,4.342314098327051
day_1,Cold cloudy day,0.45,61,15.25,3.9944,58.2029,20.0,year_area100_08,4.376766315903284
day_1,Cold cloudy day,0.45,62,15.5,3.8801,55.5347,20.0,year_area100_08,4.414751893827504
day_1,Cold cloudy day,0.45,63,15.75,3.7555,52.6288,20.0,year_area100_08,4.456144775111783
day_1,Cold cloudy day,0.45,64,16.0,3.6213,49.4975,20.0,year_area100_08,4.500735495536394
day_1,Cold cloudy day,0.45,65,16.25,3.478,46.1542,20.0,year_area100_08,4.548347980522978
day_1,Cold cloudy day,0.45,66,16.5,3.3263,42.6133,20.0,year_area100_08,4.59876072492318
day_1,Cold cloudy day,0.45,67,16.75,3.1667,38.8899,20.0,year_area100_08,4.651787906740225
day_1,Cold cloudy day,0.45,68,17.0,3.0,35.0,20.0,year_area100_08,4.707178998387666
day_1,Cold cloudy day,0.45,69,17.25,2.8269,30.9602,20.0,year_area100_08,4.764699880410965
day_1,Cold cloudy day,0.45,70,17.5,2.6481,26.7878,20.0,year_area100_08,4.824112419712705
day_1,Cold cloudy day,0.45,71,17.75,2.4643,22.5008,20.0,year_area100_08,4.8851744695525925
day_1,Cold cloudy day,0.45,72,18.0,2.2765,18.1173,20.0,year_area100_08,4.947583764621092
day_1,Cold cloudy day,0.45,73,18.25,2.0853,13.6563,20.0,year_area100_08,5.0111122727996005
day_1,Cold cloudy day,0.45,74,18.5,1.8916,9.1368,20.0,year_area100_08,5.07547241677783
day_1,Cold cloudy day,0.45,75,18.75,1.6962,4.5782,20.0,year_area100_08,5.140394174132502
day_1,Cold cloudy day,0.45,76,19.0,1.5,0.0,20.0,year_area100_08,5.205587100665558
day_1,Cold cloudy day,0.45,77,19.25,1.3038,0.0,20.0,year_area100_08,5.2445296560308075
day_1,Cold cloudy day,0.45,78,19.5,1.1084,0.0,20.0,year_area100_08,5.283313424218218
day_1,Cold cloudy day,0.45,79,19.75,0.9147,0.0,20.0,year_area100_08,5.321759769652717
day_1,Cold cloudy day,0.45,80,20.0,0.7235,0.0,20.0,year_area100_08,5.359709905156467
day_1,Cold cloudy day,0.45,81,20.25,0.5357,0.0,20.0,year_area100_08,5.3969851951543975
day_1,Cold cloudy day,0.45,82,20.5,0.3519,0.0,20.0,year_area100_08,5.433466549263127
day_1,Cold cloudy day,0.45,83,20.75,0.1731,0.0,20.0,year_area100_08,5.468955483510357
day_1,Cold cloudy day,0.45,84,21.0,-0.0,0.0,20.0,year_area100_08,5.503313059115478
day_1,Cold cloudy day,0.45,85,21.25,-0.1667,0.0,20.0,year_area100_08,5.53640033729788
day_1,Cold cloudy day,0.45,86,21.5,-0.3263,0.0,20.0,year_area100_08,5.568078379276951
day_1,Cold cloudy day,0.45,87,21.75,-0.478,0.0,20.0,year_area100_08,5.5981883978748535
day_1,Cold cloudy day,0.45,88,22.0,-0.6213,0.0,20.0,year_area100_08,5.626631151105436
day_1,Cold cloudy day,0.45,89,22.25,-0.7555,0.0,20.0,year_area100_08,5.653267700188089
day_1,Cold cloudy day,0.45,90,22.5,-0.8801,0.0,20.0,year_area100_08,5.677998803136662
day_1,Cold cloudy day,0.45,91,22.75,-0.9944,0.0,20.0,year_area100_08,5.700685521170546
day_1,Cold cloudy day,0.45,92,23.0,-1.0981,0.0,20.0,year_area100_08,5.7212683090980505
day_1,Cold cloudy day,0.45,93,23.25,-1.1906,0.0,20.0,year_area100_08,5.739628076535795
day_1,Cold cloudy day,0.45,94,23.5,-1.2716,0.0,20.0,year_area100_08,5.755705278292091
day_1,Cold cloudy day,0.45,95,23.75,-1.3408,0.0,20.0,year_area100_08,5.769440369175248
day_1,Cold cloudy day,0.45,0,0.0,-1.3978,0.0,20.0,year_area140_01,4.073798751621931
day_1,Cold cloudy day,0.45,1,0.25,-1.4424,0.0,20.0,year_area140_01,4.078320137924566
day_1,Cold cloudy day,0.45,2,0.5,-1.4743,0.0,20.0,year_area140_01,4.081554044271067
day_1,Cold cloudy day,0.45,3,0.75,-1.4936,0.0,20.0,year_area140_01,4.083510608298889
day_1,Cold cloudy day,0.45,4,1.0,-1.5,0.0,20.0,year_area140_01,4.08415941709568
day_1,Cold cloudy day,0.45,5,1.25,-1.4936,0.0,20.0,year_area140_01,4.083510608298889
day_1,Cold cloudy day,0.45,6,1.5,-1.4743,0.0,20.0,year_area140_01,4.081554044271067
day_1,Cold cloudy day,0.45,7,1.75,-1.4424,0.0,20.0,year_area140_01,4.078320137924566
day_1,Cold cloudy day,0.45,8,2.0,-1.3978,0.0,20.0,year_area140_01,4.073798751621931
day_1,Cold cloudy day,0.45,9,2.25,-1.3408,0.0,20.0,year_area140_01,4.068020298275516
day_1,Cold cloudy day,0.45,10,2.5,-1.2716,0.0,20.0,year_area140_01,4.061005053160218
day_1,Cold cloudy day,0.45,11,2.75,-1.1906,0.0,20.0,year_area140_01,4.052793566825838
day_1,Cold cloudy day,0.45,12,3.0,-1.0981,0.0,20.0,year_area140_01,4.043416252184725
day_1,Cold cloudy day,0.45,13,3.25,-0.9944,0.0,20.0,year_area140_01,4.032903522149229
day_1,Cold cloudy day,0.45,14,3.5,-0.8801,0.0,20.0,year_area140_01,4.021316202544048
day_1,Cold cloudy day,0.45,15,3.75,-0.7555,0.0,20.0,year_area140_01,4.008684706281533
day_1,Cold cloudy day,0.45,16,4.0,-0.6213,0.0,20.0,year_area140_01,3.9950799968238324
day_1,Cold cloudy day,0.45,17,4.25,-0.478,0.0,20.0,year_area140_01,3.9805527623581947
day_1,Cold cloudy day,0.45,18,4.5,-0.3263,0.0,20.0,year_area140_01,3.9651739663467693
day_1,Cold cloudy day,0.45,19,4.75,-0.1667,0.0,20.0,year_area140_01,3.9489942969768057
day_1,Cold cloudy day,0.45,20,5.0,0.0,0.0,20.0,year_area140_01,3.932094855347903
day_1,Cold cloudy day,0.45,21,5.25,0.1731,0.0,20.0,year_area140_01,3.9145466049222093
day_1,Cold cloudy day,0.45,22,5.5,0.3519,0.0,20.0,year_area140_01,3.8964205091618744
day_1,Cold cloudy day,0.45,23,5.75,0.5357,0.0,20.0,year_area140_01,3.877787531529047
day_1,Cold cloudy day,0.45,24,6.0,0.7235,0.0,20.0,year_area140_01,3.8587490483982254
day_1,Cold cloudy day,0.45,25,6.25,0.9147,0.0,20.0,year_area140_01,3.8393658855941086
day_1,Cold cloudy day,0.45,26,6.5,1.1084,0.0,20.0,year_area140_01,3.819729281853746
day_1,Cold cloudy day,0.45,27,6.75,1.3038,0.0,20.0,year_area140_01,3.7999203382767357
day_1,Cold cloudy day,0.45,28,7.0,1.5,0.0,20.0,year_area140_01,3.7800302936001264
day_1,Cold cloudy day,0.45,29,7.25,1.6962,4.5782,20.0,year_area140_01,3.7595351763269305
day_1,Cold cloudy day,0.45,30,7.5,1.8916,9.1368,20.0,year_area140_01,3.739123750565045
day_1,Cold cloudy day,0.45,31,7.75,2.0853,13.6563,20.0,year_area140_01,3.718889832246841
day_1,Cold cloudy day,0.45,32,8.0,2.2765,18.1173,20.0,year_area140_01,3.698917086450856
day_1,Cold cloudy day,0.45,33,8.25,2.4643,22.5008,20.0,year_area140_01,3.6792992630275316
day_1,Cold cloudy day,0.45,34,8.5,2.6481,26.7878,20.0,year_area140_01,3.6600996989149603
day_1,Cold cloudy day,0.45,35,8.75,2.8269,30.9602,20.0,year_area140_01,3.641422162653555
day_1,Cold cloudy day,0.45,36,9.0,3.0,35.0,20.0,year_area140_01,3.6233399966549973
day_1,Cold cloudy day,0.45,37,9.25,3.1667,38.8899,20.0,year_area140_01,3.605926450816261
day_1,Cold cloudy day,0.45,38,9.5,3.3263,42.6133,20.0,year_area140_01,3.5892546825196168
day_1,Cold cloudy day,0.45,39,9.75,3.478,46.1542,20.0,year_area140_01,3.5734079074864686
day_1,Cold cloudy day,0.45,40,10.0,3.6213,49.4975,20.0,year_area140_01,3.5584388095783934
day_1,Cold cloudy day,0.45,41,10.25,3.7555,52.6288,20.0,year_area140_01,3.5444202554171644
day_1,Cold cloudy day,0.45,42,10.5,3.8801,55.5347,20.0,year_area140_01,3.531404704185793
day_1,Cold cloudy day,0.45,43,10.75,3.9944,58.2029,20.0,year_area140_01,3.5194647449619385
day_1,Cold cloudy day,0.45,44,11.0,4.0981,60.6218,20.0,year_area140_01,3.5086323237587607
day_1,Cold cloudy day,0.45,45,11.25,4.1906,62.7811,20.0,year_area140_01,3.4989696276887434
day_1,Cold cloudy day,0.45,46,11.5,4.2716,64.6716,20.0,year_area140_01,3.490508285571775
day_1,Cold cloudy day,0.45,47,11.75,4.3408,66.2851,20.0,year_area140_01,3.4832797940638796
day_1,Cold cloudy day,0.45,48,12.0,4.3978,67.6148,20.0,year_area140_01,3.4773256024291235
day_1,Cold cloudy day,0.45,49,12.25,4.4424,68.655,20.0,year_area140_01,3.4726667392764243
day_1,Cold cloudy day,0.45,50,12.5,4.4743,69.4011,20.0,year_area140_01,3.4693342254719
day_1,Cold cloudy day,0.45,51,12.75,4.4936,69.8501,20.0,year_area140_01,3.46731831986969
day_1,Cold cloudy day,0.45,52,13.0,4.5,70.0,20.0,year_area140_01,3.4666496997098686
day_1,Cold cloudy day,0.45,53,13.25,4.4936,69.8501,20.0,year_area140_01,3.46731831986969
day_1,Cold cloudy day,0.45,54,13.5,4.4743,69.4011,20.0,year_area140_01,3.4693342254719
day_1,Cold cloudy day,0.45,55,13.75,4.4424,68.655,20.0,year_area140_01,3.4726667392764243
day_1,Cold cloudy day,0.45,56,14.0,4.3978,67.6148,20.0,year_area140_01,3.4773256024291235
day_1,Cold cloudy day,0.45,57,14.25,4.3408,66.2851,20.0,year_area140_01,3.4832797940638796
day_1,Cold cloudy day,0.45,58,14.5,4.2716,64.6716,20.0,year_area140_01,3.490508285571775
day_1,Cold cloudy day,0.45,59,14.75,4.1906,62.7811,20.0,year_area140_01,3.4989696276887434
day_1,Cold cloudy day,0.45,60,15.0,4.0981,60.6218,20.0,year_area140_01,3.5086323237587607
day_1,Cold cloudy day,0.45,61,15.25,3.9944,58.2029,20.0,year_area140_01,3.5194647449619385
day_1,Cold cloudy day,0.45,62,15.5,3.8801,55.5347,20.0,year_area140_01,3.531404704185793
day_1,Cold cloudy day,0.45,63,15.75,3.7555,52.6288,20.0,year_area140_01,3.5444202554171644
day_1,Cold cloudy day,0.45,64,16.0,3.6213,49.4975,20.0,year_area140_01,3.5584388095783934
day_1,Cold cloudy day,0.45,65,16.25,3.478,46.1542,20.0,year_area140_01,3.5734079074864686
day_1,Cold cloudy day,0.45,66,16.5,3.3263,42.6133,20.0,year_area140_01,3.5892546825196168
day_1,Cold cloudy day,0.45,67,16.75,3.1667,38.8899,20.0,year_area140_01,3.605926450816261
day_1,Cold cloudy day,0.45,68,17.0,3.0,35.0,20.0,year_area140_01,3.6233399966549973
day_1,Cold cloudy day,0.45,69,17.25,2.8269,30.9602,20.0,year_area140_01,3.641422162653555
day_1,Cold cloudy day,0.45,70,17.5,2.6481,26.7878,20.0,year_area140_01,3.6600996989149603
day_1,Cold cloudy day,0.45,71,17.75,2.4643,22.5008,20.0,year_area140_01,3.6792992630275316
day_1,Cold cloudy day,0.45,72,18.0,2.2765,18.1173,20.0,year_area140_01,3.698917086450856
day_1,Cold cloudy day,0.45,73,18.25,2.0853,13.6563,20.0,year_area140_01,3.718889832246841
day_1,Cold cloudy day,0.45,74,18.5,1.8916,9.1368,20.0,year_area140_01,3.739123750565045
day_1,Cold cloudy day,0.45,75,18.75,1.6962,4.5782,20.0,year_area140_01,3.7595351763269305
day_1,Cold cloudy day,0.45,76,19.0,1.5,0.0,20.0,year_area140_01,3.7800302936001264
day_1,Cold cloudy day,0.45,77,19.25,1.3038,0.0,20.0,year_area140_01,3.7999203382767357
day_1,Cold cloudy day,0.45,78,19.5,1.1084,0.0,20.0,year_area140_01,3.819729281853746
day_1,Cold cloudy day,0.45,79,19.75,0.9147,0.0,20.0,year_area140_01,3.8393658855941086
day_1,Cold cloudy day,0.45,80,20.0,0.7235,0.0,20.0,year_area140_01,3.8587490483982254
day_1,Cold cloudy day,0.45,81,20.25,0.5357,0.0,20.0,year_area140_01,3.877787531529047
day_1,Cold cloudy day,0.45,82,20.5,0.3519,0.0,20.0,year_area140_01,3.8964205091618744
day_1,Cold cloudy day,0.45,83,20.75,0.1731,0.0,20.0,year_area140_01,3.9145466049222093
day_1,Cold cloudy day,0.45,84,21.0,-0.0,0.0,20.0,year_area140_01,3.932094855347903
day_1,Cold cloudy day,0.45,85,21.25,-0.1667,0.0,20.0,year_area140_01,3.9489942969768057
day_1,Cold cloudy day,0.45,86,21.5,-0.3263,0.0,20.0,year_area140_01,3.9651739663467693
day_1,Cold cloudy day,0.45,87,21.75,-0.478,0.0,20.0,year_area140_01,3.9805527623581947
day_1,Cold cloudy day,0.45,88,22.0,-0.6213,0.0,20.0,year_area140_01,3.9950799968238324
day_1,Cold cloudy day,0.45,89,22.25,-0.7555,0.0,20.0,year_area140_01,4.008684706281533
day_1,Cold cloudy day,0.45,90,22.5,-0.8801,0.0,20.0,year_area140_01,4.021316202544048
day_1,Cold cloudy day,0.45,91,22.75,-0.9944,0.0,20.0,year_area140_01,4.032903522149229
day_1,Cold cloudy day,0.45,92,23.0,-1.0981,0.0,20.0,year_area140_01,4.043416252184725
day_1,Cold cloudy day,0.45,93,23.25,-1.1906,0.0,20.0,year_area140_01,4.052793566825838
day_1,Cold cloudy day,0.45,94,23.5,-1.2716,0.0,20.0,year_area140_01,4.061005053160218
day_1,Cold cloudy day,0.45,95,23.75,-1.3408,0.0,20.0,year_area140_01,4.068020298275516
day_1,Cold cloudy day,0.45,0,0.0,-1.3978,0.0,20.0,year_area140_02,3.983306782791576
day_1,Cold cloudy day,0.45,1,0.25,-1.4424,0.0,20.0,year_area140_02,3.9879020797197278
day_1,Cold cloudy day,0.45,2,0.5,-1.4743,0.0,20.0,year_area140_02,3.9911888503925543
day_1,Cold cloudy day,0.45,3,0.75,-1.4936,0.0,20.0,year_area140_02,3.993177398166396
day_1,Cold cloudy day,0.45,4,1.0,-1.5,0.0,20.0,year_area140_02,3.9938368129722295
day_1,Cold cloudy day,0.45,5,1.25,-1.4936,0.0,20.0,year_area140_02,3.993177398166396
day_1,Cold cloudy day,0.45,6,1.5,-1.4743,0.0,20.0,year_area140_02,3.9911888503925543
day_1,Cold cloudy day,0.45,7,1.75,-1.4424,0.0,20.0,year_area140_02,3.9879020797197278
day_1,Cold cloudy day,0.45,8,2.0,-1.3978,0.0,20.0,year_area140_02,3.983306782791576
day_1,Cold cloudy day,0.45,9,2.25,-1.3408,0.0,20.0,year_area140_02,3.9774338696771214
day_1,Cold cloudy day,0.45,10,2.5,-1.2716,0.0,20.0,year_area140_02,3.9703039470890467
day_1,Cold cloudy day,0.45,11,2.75,-1.1906,0.0,20.0,year_area140_02,3.9619582284527164
day_1,Cold cloudy day,0.45,12,3.0,-1.0981,0.0,20.0,year_area140_02,3.9524276238371545
day_1,Cold cloudy day,0.45,13,3.25,-0.9944,0.0,20.0,year_area140_02,3.9417430433113836
day_1,Cold cloudy day,0.45,14,3.5,-0.8801,0.0,20.0,year_area140_02,3.929966307013451
day_1,Cold cloudy day,0.45,15,3.75,-0.7555,0.0,20.0,year_area140_02,3.9171283250123805
day_1,Cold cloudy day,0.45,16,4.0,-0.6213,0.0,20.0,year_area140_02,3.9033012208025597
day_1,Cold cloudy day,0.45,17,4.25,-0.478,0.0,20.0,year_area140_02,3.888536511165694
day_1,Cold cloudy day,0.45,18,4.5,-0.3263,0.0,20.0,year_area140_02,3.872906319596172
day_1,Cold cloudy day,0.45,19,4.75,-0.1667,0.0,20.0,year_area140_02,3.856462162875699
day_1,Cold cloudy day,0.45,20,5.0,0.0,0.0,20.0,year_area140_02,3.839286467855005
day_1,Cold cloudy day,0.45,21,5.25,0.1731,0.0,20.0,year_area140_02,3.8214513580284772
day_1,Cold cloudy day,0.45,22,5.5,0.3519,0.0,20.0,year_area140_02,3.8030289568905045
day_1,Cold cloudy day,0.45,23,5.75,0.5357,0.0,20.0,year_area140_02,3.784091387935474
day_1,Cold cloudy day,0.45,24,6.0,0.7235,0.0,20.0,year_area140_02,3.764741684726797
day_1,Cold cloudy day,0.45,25,6.25,0.9147,0.0,20.0,year_area140_02,3.7450416674025218
day_1,Cold cloudy day,0.45,26,6.5,1.1084,0.0,20.0,year_area140_02,3.7250840661697175
day_1,Cold cloudy day,0.45,27,6.75,1.3038,0.0,20.0,year_area140_02,3.7049513078791136
day_1,Cold cloudy day,0.45,28,7.0,1.5,0.0,20.0,year_area140_02,3.684736122737781
day_1,Cold cloudy day,0.45,29,7.25,1.6962,4.5782,20.0,year_area140_02,3.632742995194067
day_1,Cold cloudy day,0.45,30,7.5,1.8916,9.1368,20.0,year_area140_02,3.5809683409103887
day_1,Cold cloudy day,0.45,31,7.75,2.0853,13.6563,20.0,year_area140_02,3.5296402423887896
day_1,Cold cloudy day,0.45,32,8.0,2.2765,18.1173,20.0,year_area140_02,3.478975784660639
day_1,Cold cloudy day,0.45,33,8.25,2.4643,22.5008,20.0,year_area140_02,3.4291995796563137
day_1,Cold cloudy day,0.45,34,8.5,2.6481,26.7878,20.0,year_area140_02,3.3805053292371694
day_1,Cold cloudy day,0.45,35,8.75,2.8269,30.9602,20.0,year_area140_02,3.3331217016609247
day_1,Cold cloudy day,0.45,36,9.0,3.0,35.0,20.0,year_area140_02,3.2872457610019437
day_1,Cold cloudy day,0.45,37,9.25,3.1667,38.8899,20.0,year_area140_02,3.243069712534257
day_1,Cold cloudy day,0.45,38,9.5,3.3263,42.6133,20.0,year_area140_02,3.200780902731563
day_1,Cold cloudy day,0.45,39,9.75,3.478,46.1542,20.0,year_area140_02,3.1605728167379024
day_1,Cold cloudy day,0.45,40,10.0,3.6213,49.4975,20.0,year_area140_02,3.1226017825992938
day_1,Cold cloudy day,0.45,41,10.25,3.7555,52.6288,20.0,year_area140_02,3.087039876274105
day_1,Cold cloudy day,0.45,42,10.5,3.8801,55.5347,20.0,year_area140_02,3.054031625864691
day_1,Cold cloudy day,0.45,43,10.75,3.9944,58.2029,20.0,year_area140_02,3.0237345309284223
day_1,Cold cloudy day,0.45,44,11.0,4.0981,60.6218,20.0,year_area140_02,2.9962600187969723
day_1,Cold cloudy day,0.45,45,11.25,4.1906,62.7811,20.0,year_area140_02,2.971741403384708
day_1,Cold cloudy day,0.45,46,11.5,4.2716,64.6716,20.0,year_area140_02,2.9502734532793067
day_1,Cold cloudy day,0.45,47,11.75,4.3408,66.2851,20.0,year_area140_02,2.9319439959251143
day_1,Cold cloudy day,0.45,48,12.0,4.3978,67.6148,20.0,year_area140_02,2.9168414445221518
day_1,Cold cloudy day,0.45,49,12.25,4.4424,68.655,20.0,year_area140_02,2.9050259703000947
day_1,Cold cloudy day,0.45,50,12.5,4.4743,69.4011,20.0,year_area140_02,2.8965604125872924
day_1,Cold cloudy day,0.45,51,12.75,4.4936,69.8501,20.0,year_area140_02,2.891455291457401
day_1,Cold cloudy day,0.45,52,13.0,4.5,70.0,20.0,year_area140_02,2.8897553992661065
day_1,Cold cloudy day,0.45,53,13.25,4.4936,69.8501,20.0,year_area140_02,2.891455291457401
day_1,Cold cloudy day,0.45,54,13.5,4.4743,69.4011,20.0,year_area140_02,2.8965604125872924
day_1,Cold cloudy day,0.45,55,13.75,4.4424,68.655,20.0,year_area140_02,2.9050259703000947
day_1,Cold cloudy day,0.45,56,14.0,4.3978,67.6148,20.0,year_area140_02,2.9168414445221518
day_1,Cold cloudy day,0.45,57,14.25,4.3408,66.2851,20.0,year_area140_02,2.9319439959251143
day_1,Cold cloudy day,0.45,58,14.5,4.2716,64.6716,20.0,year_area140_02,2.9502734532793067
day_1,Cold cloudy day,0.45,59,14.75,4.1906,62.7811,20.0,year_area140_02,2.971741403384708
day_1,Cold cloudy day,0.45,60,15.0,4.0981,60.6218,20.0,year_area140_02,2.9962600187969723
day_1,Cold cloudy day,0.45,61,15.25,3.9944,58.2029,20.0,year_area140_02,3.0237345309284223
day_1,Cold cloudy day,0.45,62,15.5,3.8801,55.5347,20.0,year_area140_02,3.054031625864691
day_1,Cold cloudy day,0.45,63,15.75,3.7555,52.6288,20.0,year_area140_02,3.087039876274105
day_1,Cold cloudy day,0.45,64,16.0,3.6213,49.4975,20.0,year_area140_02,3.1226017825992938
day_1,Cold cloudy day,0.45,65,16.25,3.478,46.1542,20.0,year_area140_02,3.1605728167379024
day_1,Cold cloudy day,0.45,66,16.5,3.3263,42.6133,20.0,year_area140_02,3.200780902731563
day_1,Cold cloudy day,0.45,67,16.75,3.1667,38.8899,20.0,year_area140_02,3.243069712534257
day_1,Cold cloudy day,0.45,68,17.0,3.0,35.0,20.0,year_area140_02,3.2872457610019437
day_1,Cold cloudy day,0.45,69,17.25,2.8269,30.9602,20.0,year_area140_02,3.3331217016609247
day_1,Cold cloudy day,0.45,70,17.5,2.6481,26.7878,20.0,year_area140_02,3.3805053292371694
day_1,Cold cloudy day,0.45,71,17.75,2.4643,22.5008,20.0,year_area140_02,3.4291995796563137
day_1,Cold cloudy day,0.45,72,18.0,2.2765,18.1173,20.0,year_area140_02,3.478975784660639
day_1,Cold cloudy day,0.45,73,18.25,2.0853,13.6563,20.0,year_area140_02,3.5296402423887896
day_1,Cold cloudy day,0.45,74,18.5,1.8916,9.1368,20.0,year_area140_02,3.5809683409103887
day_1,Cold cloudy day,0.45,75,18.75,1.6962,4.5782,20.0,year_area140_02,3.632742995194067
day_1,Cold cloudy day,0.45,76,19.0,1.5,0.0,20.0,year_area140_02,3.684736122737781
day_1,Cold cloudy day,0.45,77,19.25,1.3038,0.0,20.0,year_area140_02,3.7049513078791136
day_1,Cold cloudy day,0.45,78,19.5,1.1084,0.0,20.0,year_area140_02,3.7250840661697175
day_1,Cold cloudy day,0.45,79,19.75,0.9147,0.0,20.0,year_area140_02,3.7450416674025218
day_1,Cold cloudy day,0.45,80,20.0,0.7235,0.0,20.0,year_area140_02,3.764741684726797
day_1,Cold cloudy day,0.45,81,20.25,0.5357,0.0,20.0,year_area140_02,3.784091387935474
day_1,Cold cloudy day,0.45,82,20.5,0.3519,0.0,20.0,year_area140_02,3.8030289568905045
day_1,Cold cloudy day,0.45,83,20.75,0.1731,0.0,20.0,year_area140_02,3.8214513580284772
day_1,Cold cloudy day,0.45,84,21.0,-0.0,0.0,20.0,year_area140_02,3.839286467855005
day_1,Cold cloudy day,0.45,85,21.25,-0.1667,0.0,20.0,year_area140_02,3.856462162875699
day_1,Cold cloudy day,0.45,86,21.5,-0.3263,0.0,20.0,year_area140_02,3.872906319596172
day_1,Cold cloudy day,0.45,87,21.75,-0.478,0.0,20.0,year_area140_02,3.888536511165694
day_1,Cold cloudy day,0.45,88,22.0,-0.6213,0.0,20.0,year_area140_02,3.9033012208025597
day_1,Cold cloudy day,0.45,89,22.25,-0.7555,0.0,20.0,year_area140_02,3.9171283250123805
day_1,Cold cloudy day,0.45,90,22.5,-0.8801,0.0,20.0,year_area140_02,3.929966307013451
day_1,Cold cloudy day,0.45,91,22.75,-0.9944,0.0,20.0,year_area140_02,3.9417430433113836
day_1,Cold cloudy day,0.45,92,23.0,-1.0981,0.0,20.0,year_area140_02,3.9524276238371545
day_1,Cold cloudy day,0.45,93,23.25,-1.1906,0.0,20.0,year_area140_02,3.9619582284527164
day_1,Cold cloudy day,0.45,94,23.5,-1.2716,0.0,20.0,year_area140_02,3.9703039470890467
day_1,Cold cloudy day,0.45,95,23.75,-1.3408,0.0,20.0,year_area140_02,3.9774338696771214
day_1,Cold cloudy day,0.45,0,0.0,-1.3978,0.0,20.0,year_area140_03,4.523878041847945
day_1,Cold cloudy day,0.45,1,0.25,-1.4424,0.0,20.0,year_area140_03,4.533908517262137
day_1,Cold cloudy day,0.45,2,0.5,-1.4743,0.0,20.0,year_area140_03,4.541082781067355
day_1,Cold cloudy day,0.45,3,0.75,-1.4936,0.0,20.0,year_area140_03,4.545423323118789
day_1,Cold cloudy day,0.45,4,1.0,-1.5,0.0,20.0,year_area140_03,4.54686267385087
day_1,Cold cloudy day,0.45,5,1.25,-1.4936,0.0,20.0,year_area140_03,4.545423323118789
day_1,Cold cloudy day,0.45,6,1.5,-1.4743,0.0,20.0,year_area140_03,4.541082781067355
day_1,Cold cloudy day,0.45,7,1.75,-1.4424,0.0,20.0,year_area140_03,4.533908517262137
day_1,Cold cloudy day,0.45,8,2.0,-1.3978,0.0,20.0,year_area140_03,4.523878041847945
day_1,Cold cloudy day,0.45,9,2.25,-1.3408,0.0,20.0,year_area140_03,4.511058824390346
day_1,Cold cloudy day,0.45,10,2.5,-1.2716,0.0,20.0,year_area140_03,4.495495844599715
day_1,Cold cloudy day,0.45,11,2.75,-1.1906,0.0,20.0,year_area140_03,4.47727906189681
day_1,Cold cloudy day,0.45,12,3.0,-1.0981,0.0,20.0,year_area140_03,4.4564759458471945
day_1,Cold cloudy day,0.45,13,3.25,-0.9944,0.0,20.0,year_area140_03,4.433153966016438
day_1,Cold cloudy day,0.45,14,3.5,-0.8801,0.0,20.0,year_area140_03,4.407448061535672
day_1,Cold cloudy day,0.45,15,3.75,-0.7555,0.0,20.0,year_area140_03,4.3794257019704625
day_1,Cold cloudy day,0.45,16,4.0,-0.6213,0.0,20.0,year_area140_03,4.34924431630713
day_1,Cold cloudy day,0.45,17,4.25,-0.478,0.0,20.0,year_area140_03,4.31701635382162
day_1,Cold cloudy day,0.45,18,4.5,-0.3263,0.0,20.0,year_area140_03,4.282899243500252
day_1,Cold cloudy day,0.45,19,4.75,-0.1667,0.0,20.0,year_area140_03,4.247005434618972
day_1,Cold cloudy day,0.45,20,5.0,0.0,0.0,20.0,year_area140_03,4.20951484601929
day_1,Cold cloudy day,0.45,21,5.25,0.1731,0.0,20.0,year_area140_03,4.170584906687525
day_1,Cold cloudy day,0.45,22,5.5,0.3519,0.0,20.0,year_area140_03,4.130373045610001
day_1,Cold cloudy day,0.45,23,5.75,0.5357,0.0,20.0,year_area140_03,4.089036691773038
day_1,Cold cloudy day,0.45,24,6.0,0.7235,0.0,20.0,year_area140_03,4.046800743728523
day_1,Cold cloudy day,0.45,25,6.25,0.9147,0.0,20.0,year_area140_03,4.003800140607591
day_1,Cold cloudy day,0.45,26,6.5,1.1084,0.0,20.0,year_area140_03,3.9602372911069397
day_1,Cold cloudy day,0.45,27,6.75,1.3038,0.0,20.0,year_area140_03,3.9162921140680798
day_1,Cold cloudy day,0.45,28,7.0,1.5,0.0,20.0,year_area140_03,3.8721670181877084
day_1,Cold cloudy day,0.45,29,7.25,1.6962,4.5782,20.0,year_area140_03,3.8051517873223917
day_1,Cold cloudy day,0.45,30,7.5,1.8916,9.1368,20.0,year_area140_03,3.738414471595318
day_1,Cold cloudy day,0.45,31,7.75,2.0853,13.6563,20.0,year_area140_03,3.672254976018815
day_1,Cold cloudy day,0.45,32,8.0,2.2765,18.1173,20.0,year_area140_03,3.606950215768914
day_1,Cold cloudy day,0.45,33,8.25,2.4643,22.5008,20.0,year_area140_03,3.542797595952413
day_1,Cold cloudy day,0.45,34,8.5,2.6481,26.7878,20.0,year_area140_03,3.480027052110543
day_1,Cold cloudy day,0.45,35,8.75,2.8269,30.9602,20.0,year_area140_03,3.4189539793753383
day_1,Cold cloudy day,0.45,36,9.0,3.0,35.0,20.0,year_area140_03,3.3598258033321624
day_1,Cold cloudy day,0.45,37,9.25,3.1667,38.8899,20.0,year_area140_03,3.3028864496986365
day_1,Cold cloudy day,0.45,38,9.5,3.3263,42.6133,20.0,year_area140_03,3.2483763443246403
day_1,Cold cloudy day,0.45,39,9.75,3.478,46.1542,20.0,year_area140_03,3.1965554030286114
day_1,Cold cloudy day,0.45,40,10.0,3.6213,49.4975,20.0,year_area140_03,3.1476115722334663
day_1,Cold cloudy day,0.45,41,10.25,3.7555,52.6288,20.0,year_area140_03,3.1017742782047586
day_1,Cold cloudy day,0.45,42,10.5,3.8801,55.5347,20.0,year_area140_03,3.0592229676866083
day_1,Cold cloudy day,0.45,43,10.75,3.9944,58.2029,20.0,year_area140_03,3.0201765673413457
day_1,Cold cloudy day,0.45,44,11.0,4.0981,60.6218,20.0,year_area140_03,2.9847605445428105
day_1,Cold cloudy day,0.45,45,11.25,4.1906,62.7811,20.0,year_area140_03,2.953161336476029
day_1,Cold cloudy day,0.45,46,11.5,4.2716,64.6716,20.0,year_area140_03,2.9254924109683005
day_1,Cold cloudy day,0.45,47,11.75,4.3408,66.2851,20.0,year_area140_03,2.901862236035865
day_1,Cold cloudy day,0.45,48,12.0,4.3978,67.6148,20.0,year_area140_03,2.882394769814672
day_1,Cold cloudy day,0.45,49,12.25,4.4424,68.655,20.0,year_area140_03,2.867163490938127
day_1,Cold cloudy day,0.45,50,12.5,4.4743,69.4011,20.0,year_area140_03,2.856258868102664
day_1,Cold cloudy day,0.45,51,12.75,4.4936,69.8501,20.0,year_area140_03,2.8496734108862665
day_1,Cold cloudy day,0.45,52,13.0,4.5,70.0,20.0,year_area140_03,2.8474845884766165
day_1,Cold cloudy day,0.45,53,13.25,4.4936,69.8501,20.0,year_area140_03,2.8496734108862665
day_1,Cold cloudy day,0.45,54,13.5,4.4743,69.4011,20.0,year_area140_03,2.856258868102664
day_1,Cold cloudy day,0.45,55,13.75,4.4424,68.655,20.0,year_area140_03,2.867163490938127
day_1,Cold cloudy day,0.45,56,14.0,4.3978,67.6148,20.0,year_area140_03,2.882394769814672
day_1,Cold cloudy day,0.45,57,14.25,4.3408,66.2851,20.0,year_area140_03,2.901862236035865
day_1,Cold cloudy day,0.45,58,14.5,4.2716,64.6716,20.0,year_area140_03,2.9254924109683005
day_1,Cold cloudy day,0.45,59,14.75,4.1906,62.7811,20.0,year_area140_03,2.953161336476029
day_1,Cold cloudy day,0.45,60,15.0,4.0981,60.6218,20.0,year_area140_03,2.9847605445428105
day_1,Cold cloudy day,0.45,61,15.25,3.9944,58.2029,20.0,year_area140_03,3.0201765673413457
day_1,Cold cloudy day,0.45,62,15.5,3.8801,55.5347,20.0,year_area140_03,3.0592229676866083
day_1,Cold cloudy day,0.45,63,15.75,3.7555,52.6288,20.0,year_area140_03,3.1017742782047586
day_1,Cold cloudy day,0.45,64,16.0,3.6213,49.4975,20.0,year_area140_03,3.1476115722334663
day_1,Cold cloudy day,0.45,65,16.25,3.478,46.1542,20.0,year_area140_03,3.1965554030286114
day_1,Cold cloudy day,0.45,66,16.5,3.3263,42.6133,20.0,year_area140_03,3.2483763443246403
day_1,Cold cloudy day,0.45,67,16.75,3.1667,38.8899,20.0,year_area140_03,3.3028864496986365
day_1,Cold cloudy day,0.45,68,17.0,3.0,35.0,20.0,year_area140_03,3.3598258033321624
day_1,Cold cloudy day,0.45,69,17.25,2.8269,30.9602,20.0,year_area140_03,3.4189539793753383
day_1,Cold cloudy day,0.45,70,17.5,2.6481,26.7878,20.0,year_area140_03,3.480027052110543
day_1,Cold cloudy day,0.45,71,17.75,2.4643,22.5008,20.0,year_area140_03,3.542797595952413
day_1,Cold cloudy day,0.45,72,18.0,2.2765,18.1173,20.0,year_area140_03,3.606950215768914
day_1,Cold cloudy day,0.45,73,18.25,2.0853,13.6563,20.0,year_area140_03,3.672254976018815
day_1,Cold cloudy day,0.45,74,18.5,1.8916,9.1368,20.0,year_area140_03,3.738414471595318
day_1,Cold cloudy day,0.45,75,18.75,1.6962,4.5782,20.0,year_area140_03,3.8051517873223917
day_1,Cold cloudy day,0.45,76,19.0,1.5,0.0,20.0,year_area140_03,3.8721670181877084
day_1,Cold cloudy day,0.45,77,19.25,1.3038,0.0,20.0,year_area140_03,3.9162921140680798
day_1,Cold cloudy day,0.45,78,19.5,1.1084,0.0,20.0,year_area140_03,3.9602372911069397
day_1,Cold cloudy day,0.45,79,19.75,0.9147,0.0,20.0,year_area140_03,4.003800140607591
day_1,Cold cloudy day,0.45,80,20.0,0.7235,0.0,20.0,year_area140_03,4.046800743728523
day_1,Cold cloudy day,0.45,81,20.25,0.5357,0.0,20.0,year_area140_03,4.089036691773038
day_1,Cold cloudy day,0.45,82,20.5,0.3519,0.0,20.0,year_area140_03,4.130373045610001
day_1,Cold cloudy day,0.45,83,20.75,0.1731,0.0,20.0,year_area140_03,4.170584906687525
day_1,Cold cloudy day,0.45,84,21.0,-0.0,0.0,20.0,year_area140_03,4.20951484601929
day_1,Cold cloudy day,0.45,85,21.25,-0.1667,0.0,20.0,year_area140_03,4.247005434618972
day_1,Cold cloudy day,0.45,86,21.5,-0.3263,0.0,20.0,year_area140_03,4.282899243500252
day_1,Cold cloudy day,0.45,87,21.75,-0.478,0.0,20.0,year_area140_03,4.31701635382162
day_1,Cold cloudy day,0.45,88,22.0,-0.6213,0.0,20.0,year_area140_03,4.34924431630713
day_1,Cold cloudy day,0.45,89,22.25,-0.7555,0.0,20.0,year_area140_03,4.3794257019704625
day_1,Cold cloudy day,0.45,90,22.5,-0.8801,0.0,20.0,year_area140_03,4.407448061535672
day_1,Cold cloudy day,0.45,91,22.75,-0.9944,0.0,20.0,year_area140_03,4.433153966016438
day_1,Cold cloudy day,0.45,92,23.0,-1.0981,0.0,20.0,year_area140_03,4.4564759458471945
day_1,Cold cloudy day,0.45,93,23.25,-1.1906,0.0,20.0,year_area140_03,4.47727906189681
day_1,Cold cloudy day,0.45,94,23.5,-1.2716,0.0,20.0,year_area140_03,4.495495844599715
day_1,Cold cloudy day,0.45,95,23.75,-1.3408,0.0,20.0,year_area140_03,4.511058824390346
day_1,Cold cloudy day,0.45,0,0.0,-1.3978,0.0,20.0,year_area140_04,7.452229401179874
day_1,Cold cloudy day,0.45,1,0.25,-1.4424,0.0,20.0,year_area140_04,7.466901345997022
day_1,Cold cloudy day,0.45,2,0.5,-1.4743,0.0,20.0,year_area140_04,7.477395405182382
day_1,Cold cloudy day,0.45,3,0.75,-1.4936,0.0,20.0,year_area140_04,7.483744475473212
day_1,Cold cloudy day,0.45,4,1.0,-1.5,0.0,20.0,year_area140_04,7.485849866657735
day_1,Cold cloudy day,0.45,5,1.25,-1.4936,0.0,20.0,year_area140_04,7.483744475473212
day_1,Cold cloudy day,0.45,6,1.5,-1.4743,0.0,20.0,year_area140_04,7.477395405182382
day_1,Cold cloudy day,0.45,7,1.75,-1.4424,0.0,20.0,year_area140_04,7.466901345997022
day_1,Cold cloudy day,0.45,8,2.0,-1.3978,0.0,20.0,year_area140_04,7.452229401179874
day_1,Cold cloudy day,0.45,9,2.25,-1.3408,0.0,20.0,year_area140_04,7.433478260942712
day_1,Cold cloudy day,0.45,10,2.5,-1.2716,0.0,20.0,year_area140_04,7.410713718760051
day_1,Cold cloudy day,0.45,11,2.75,-1.1906,0.0,20.0,year_area140_04,7.384067361580925
day_1,Cold cloudy day,0.45,12,3.0,-1.0981,0.0,20.0,year_area140_04,7.353637879617108
day_1,Cold cloudy day,0.45,13,3.25,-0.9944,0.0,20.0,year_area140_04,7.319523963080376
day_1,Cold cloudy day,0.45,14,3.5,-0.8801,0.0,20.0,year_area140_04,7.281922992394276
day_1,Cold cloudy day,0.45,15,3.75,-0.7555,0.0,20.0,year_area140_04,7.240933657770584
day_1,Cold cloudy day,0.45,16,4.0,-0.6213,0.0,20.0,year_area140_04,7.196786236370106
day_1,Cold cloudy day,0.45,17,4.25,-0.478,0.0,20.0,year_area140_04,7.149645211879134
day_1,Cold cloudy day,0.45,18,4.5,-0.3263,0.0,20.0,year_area140_04,7.099740861458475
day_1,Cold cloudy day,0.45,19,4.75,-0.1667,0.0,20.0,year_area140_04,7.047237668794419
day_1,Cold cloudy day,0.45,20,5.0,0.0,0.0,20.0,year_area140_04,6.992398807785033
day_1,Cold cloudy day,0.45,21,5.25,0.1731,0.0,20.0,year_area140_04,6.9354545555911224
day_1,Cold cloudy day,0.45,22,5.5,0.3519,0.0,20.0,year_area140_04,6.876635189373497
day_1,Cold cloudy day,0.45,23,5.75,0.5357,0.0,20.0,year_area140_04,6.8161709862929625
day_1,Cold cloudy day,0.45,24,6.0,0.7235,0.0,20.0,year_area140_04,6.7543909137221
day_1,Cold cloudy day,0.45,25,6.25,0.9147,0.0,20.0,year_area140_04,6.69149235208446
day_1,Cold cloudy day,0.45,26,6.5,1.1084,0.0,20.0,year_area140_04,6.627771372015365
day_1,Cold cloudy day,0.45,27,6.75,1.3038,0.0,20.0,year_area140_04,6.563491147412881
day_1,Cold cloudy day,0.45,28,7.0,1.5,0.0,20.0,year_area140_04,6.4989477489123315
day_1,Cold cloudy day,0.45,29,7.25,1.6962,4.5782,20.0,year_area140_04,6.42818109092591
day_1,Cold cloudy day,0.45,30,7.5,1.8916,9.1368,20.0,year_area140_04,6.357704249598009
day_1,Cold cloudy day,0.45,31,7.75,2.0853,13.6563,20.0,year_area140_04,6.287839802391961
day_1,Cold cloudy day,0.45,32,8.0,2.2765,18.1173,20.0,year_area140_04,6.218877294101384
day_1,Cold cloudy day,0.45,33,8.25,2.4643,22.5008,20.0,year_area140_04,6.151138622527349
day_1,Cold cloudy day,0.45,34,8.5,2.6481,26.7878,20.0,year_area140_04,6.084846995259157
day_1,Cold cloudy day,0.45,35,8.75,2.8269,30.9602,20.0,year_area140_04,6.020355983443072
day_1,Cold cloudy day,0.45,36,9.0,3.0,35.0,20.0,year_area140_04,5.957920332081144
day_1,Cold cloudy day,0.45,37,9.25,3.1667,38.8899,20.0,year_area140_04,5.897793834648252
day_1,Cold cloudy day,0.45,38,9.5,3.3263,42.6133,20.0,year_area140_04,5.840229333092121
day_1,Cold cloudy day,0.45,39,9.75,3.478,46.1542,20.0,year_area140_04,5.7855117505030265
day_1,Cold cloudy day,0.45,40,10.0,3.6213,49.4975,20.0,year_area140_04,5.733826096367409
day_1,Cold cloudy day,0.45,41,10.25,3.7555,52.6288,20.0,year_area140_04,5.685422222119063
day_1,Cold cloudy day,0.45,42,10.5,3.8801,55.5347,20.0,year_area140_04,5.640482826392755
day_1,Cold cloudy day,0.45,43,10.75,3.9944,58.2029,20.0,year_area140_04,5.599254906040803
day_1,Cold cloudy day,0.45,44,11.0,4.0981,60.6218,20.0,year_area140_04,5.561852919439334
day_1,Cold cloudy day,0.45,45,11.25,4.1906,62.7811,20.0,year_area140_04,5.52848824805438
day_1,Cold cloudy day,0.45,46,11.5,4.2716,64.6716,20.0,year_area140_04,5.49927208788324
day_1,Cold cloudy day,0.45,47,11.75,4.3408,66.2851,20.0,year_area140_04,5.474314275598692
day_1,Cold cloudy day,0.45,48,12.0,4.3978,67.6148,20.0,year_area140_04,5.453755641556461
day_1,Cold cloudy day,0.45,49,12.25,4.4424,68.655,20.0,year_area140_04,5.437669727380787
day_1,Cold cloudy day,0.45,50,12.5,4.4743,69.4011,20.0,year_area140_04,5.426161476176204
day_1,Cold cloudy day,0.45,51,12.75,4.4936,69.8501,20.0,year_area140_04,5.419202069178993
day_1,Cold cloudy day,0.45,52,13.0,4.5,70.0,20.0,year_area140_04,5.416892915249956
day_1,Cold cloudy day,0.45,53,13.25,4.4936,69.8501,20.0,year_area140_04,5.419202069178993
day_1,Cold cloudy day,0.45,54,13.5,4.4743,69.4011,20.0,year_area140_04,5.426161476176204
day_1,Cold cloudy day,0.45,55,13.75,4.4424,68.655,20.0,year_area140_04,5.437669727380787
day_1,Cold cloudy day,0.45,56,14.0,4.3978,67.6148,20.0,year_area140_04,5.453755641556461
day_1,Cold cloudy day,0.45,57,14.25,4.3408,66.2851,20.0,year_area140_04,5.474314275598692
day_1,Cold cloudy day,0.45,58,14.5,4.2716,64.6716,20.0,year_area140_04,5.49927208788324
day_1,Cold cloudy day,0.45,59,14.75,4.1906,62.7811,20.0,year_area140_04,5.52848824805438
day_1,Cold cloudy day,0.45,60,15.0,4.0981,60.6218,20.0,year_area140_04,5.561852919439334
day_1,Cold cloudy day,0.45,61,15.25,3.9944,58.2029,20.0,year_area140_04,5.599254906040803
day_1,Cold cloudy day,0.45,62,15.5,3.8801,55.5347,20.0,year_area140_04,5.640482826392755
day_1,Cold cloudy day,0.45,63,15.75,3.7555,52.6288,20.0,year_area140_04,5.685422222119063
day_1,Cold cloudy day,0.45,64,16.0,3.6213,49.4975,20.0,year_area140_04,5.733826096367409
day_1,Cold cloudy day,0.45,65,16.25,3.478,46.1542,20.0,year_area140_04,5.7855117505030265
day_1,Cold cloudy day,0.45,66,16.5,3.3263,42.6133,20.0,year_area140_04,5.840229333092121
day_1,Cold cloudy day,0.45,67,16.75,3.1667,38.8899,20.0,year_area140_04,5.897793834648252
day_1,Cold cloudy day,0.45,68,17.0,3.0,35.0,20.0,year_area140_04,5.957920332081144
day_1,Cold cloudy day,0.45,69,17.25,2.8269,30.9602,20.0,year_area140_04,6.020355983443072
day_1,Cold cloudy day,0.45,70,17.5,2.6481,26.7878,20.0,year_area140_04,6.084846995259157
day_1,Cold cloudy day,0.45,71,17.75,2.4643,22.5008,20.0,year_area140_04,6.151138622527349
day_1,Cold cloudy day,0.45,72,18.0,2.2765,18.1173,20.0,year_area140_04,6.218877294101384
day_1,Cold cloudy day,0.45,73,18.25,2.0853,13.6563,20.0,year_area140_04,6.287839802391961
day_1,Cold cloudy day,0.45,74,18.5,1.8916,9.1368,20.0,year_area140_04,6.357704249598009
day_1,Cold cloudy day,0.45,75,18.75,1.6962,4.5782,20.0,year_area140_04,6.42818109092591
day_1,Cold cloudy day,0.45,76,19.0,1.5,0.0,20.0,year_area140_04,6.4989477489123315
day_1,Cold cloudy day,0.45,77,19.25,1.3038,0.0,20.0,year_area140_04,6.563491147412881
day_1,Cold cloudy day,0.45,78,19.5,1.1084,0.0,20.0,year_area140_04,6.627771372015365
day_1,Cold cloudy day,0.45,79,19.75,0.9147,0.0,20.0,year_area140_04,6.69149235208446
day_1,Cold cloudy day,0.45,80,20.0,0.7235,0.0,20.0,year_area140_04,6.7543909137221
day_1,Cold cloudy day,0.45,81,20.25,0.5357,0.0,20.0,year_area140_04,6.8161709862929625
day_1,Cold cloudy day,0.45,82,20.5,0.3519,0.0,20.0,year_area140_04,6.876635189373497
day_1,Cold cloudy day,0.45,83,20.75,0.1731,0.0,20.0,year_area140_04,6.9354545555911224
day_1,Cold cloudy day,0.45,84,21.0,-0.0,0.0,20.0,year_area140_04,6.992398807785033
day_1,Cold cloudy day,0.45,85,21.25,-0.1667,0.0,20.0,year_area140_04,7.047237668794419
day_1,Cold cloudy day,0.45,86,21.5,-0.3263,0.0,20.0,year_area140_04,7.099740861458475
day_1,Cold cloudy day,0.45,87,21.75,-0.478,0.0,20.0,year_area140_04,7.149645211879134
day_1,Cold cloudy day,0.45,88,22.0,-0.6213,0.0,20.0,year_area140_04,7.196786236370106
day_1,Cold cloudy day,0.45,89,22.25,-0.7555,0.0,20.0,year_area140_04,7.240933657770584
day_1,Cold cloudy day,0.45,90,22.5,-0.8801,0.0,20.0,year_area140_04,7.281922992394276
day_1,Cold cloudy day,0.45,91,22.75,-0.9944,0.0,20.0,year_area140_04,7.319523963080376
day_1,Cold cloudy day,0.45,92,23.0,-1.0981,0.0,20.0,year_area140_04,7.353637879617108
day_1,Cold cloudy day,0.45,93,23.25,-1.1906,0.0,20.0,year_area140_04,7.384067361580925
day_1,Cold cloudy day,0.45,94,23.5,-1.2716,0.0,20.0,year_area140_04,7.410713718760051
day_1,Cold cloudy day,0.45,95,23.75,-1.3408,0.0,20.0,year_area140_04,7.433478260942712
day_1,Cold cloudy day,0.45,0,0.0,-1.3978,0.0,20.0,year_area140_05,7.057077012179092
day_1,Cold cloudy day,0.45,1,0.25,-1.4424,0.0,20.0,year_area140_05,7.071976734412855
day_1,Cold cloudy day,0.45,2,0.5,-1.4743,0.0,20.0,year_area140_05,7.082633710629381
day_1,Cold cloudy day,0.45,3,0.75,-1.4936,0.0,20.0,year_area140_05,7.089081348277624
day_1,Cold cloudy day,0.45,4,1.0,-1.5,0.0,20.0,year_area140_05,7.09121942501072
day_1,Cold cloudy day,0.45,5,1.25,-1.4936,0.0,20.0,year_area140_05,7.089081348277624
day_1,Cold cloudy day,0.45,6,1.5,-1.4743,0.0,20.0,year_area140_05,7.082633710629381
day_1,Cold cloudy day,0.45,7,1.75,-1.4424,0.0,20.0,year_area140_05,7.071976734412855
day_1,Cold cloudy day,0.45,8,2.0,-1.3978,0.0,20.0,year_area140_05,7.057077012179092
day_1,Cold cloudy day,0.45,9,2.25,-1.3408,0.0,20.0,year_area140_05,7.038034766274955
day_1,Cold cloudy day,0.45,10,2.5,-1.2716,0.0,20.0,year_area140_05,7.014916811598353
day_1,Cold cloudy day,0.45,11,2.75,-1.1906,0.0,20.0,year_area140_05,6.987856777945106
day_1,Cold cloudy day,0.45,12,3.0,-1.0981,0.0,20.0,year_area140_05,6.956954887662076
day_1,Cold cloudy day,0.45,13,3.25,-0.9944,0.0,20.0,year_area140_05,6.922311363096129
day_1,Cold cloudy day,0.45,14,3.5,-0.8801,0.0,20.0,year_area140_05,6.884126648940991
day_1,Cold cloudy day,0.45,15,3.75,-0.7555,0.0,20.0,year_area140_05,6.842500967543527
day_1,Cold cloudy day,0.45,16,4.0,-0.6213,0.0,20.0,year_area140_05,6.7976681710464195
day_1,Cold cloudy day,0.45,17,4.25,-0.478,0.0,20.0,year_area140_05,6.7497952966944395
day_1,Cold cloudy day,0.45,18,4.5,-0.3263,0.0,20.0,year_area140_05,6.699116196630271
day_1,Cold cloudy day,0.45,19,4.75,-0.1667,0.0,20.0,year_area140_05,6.645797908098687
day_1,Cold cloudy day,0.45,20,5.0,0.0,0.0,20.0,year_area140_05,6.590107690691325
day_1,Cold cloudy day,0.45,21,5.25,0.1731,0.0,20.0,year_area140_05,6.532279396550867
day_1,Cold cloudy day,0.45,22,5.5,0.3519,0.0,20.0,year_area140_05,6.472546877819996
day_1,Cold cloudy day,0.45,23,5.75,0.5357,0.0,20.0,year_area140_05,6.411143986641393
day_1,Cold cloudy day,0.45,24,6.0,0.7235,0.0,20.0,year_area140_05,6.348404797504604
day_1,Cold cloudy day,0.45,25,6.25,0.9147,0.0,20.0,year_area140_05,6.2845297551033585
day_1,Cold cloudy day,0.45,26,6.5,1.1084,0.0,20.0,year_area140_05,6.219819526478248
day_1,Cold cloudy day,0.45,27,6.75,1.3038,0.0,20.0,year_area140_05,6.154541371220908
day_1,Cold cloudy day,0.45,28,7.0,1.5,0.0,20.0,year_area140_05,6.088995956371932
day_1,Cold cloudy day,0.45,29,7.25,1.6962,4.5782,20.0,year_area140_05,6.022302767572263
day_1,Cold cloudy day,0.45,30,7.5,1.8916,9.1368,20.0,year_area140_05,5.955881752166476
day_1,Cold cloudy day,0.45,31,7.75,2.0853,13.6563,20.0,year_area140_05,5.890038465926987
day_1,Cold cloudy day,0.45,32,8.0,2.2765,18.1173,20.0,year_area140_05,5.8250450321068366
day_1,Cold cloudy day,0.45,33,8.25,2.4643,22.5008,20.0,year_area140_05,5.761206881126342
day_1,Cold cloudy day,0.45,34,8.5,2.6481,26.7878,20.0,year_area140_05,5.69872922105896
day_1,Cold cloudy day,0.45,35,8.75,2.8269,30.9602,20.0,year_area140_05,5.637950664140183
day_1,Cold cloudy day,0.45,36,9.0,3.0,35.0,20.0,year_area140_05,5.579109575188228
day_1,Cold cloudy day,0.45,37,9.25,3.1667,38.8899,20.0,year_area140_05,5.522444143528366
day_1,Cold cloudy day,0.45,38,9.5,3.3263,42.6133,20.0,year_area140_05,5.468192382992937
day_1,Cold cloudy day,0.45,39,9.75,3.478,46.1542,20.0,year_area140_05,5.416625564440716
day_1,Cold cloudy day,0.45,40,10.0,3.6213,49.4975,20.0,year_area140_05,5.367914510749839
day_1,Cold cloudy day,0.45,41,10.25,3.7555,52.6288,20.0,year_area140_05,5.322296684203409
day_1,Cold cloudy day,0.45,42,10.5,3.8801,55.5347,20.0,year_area140_05,5.279942481482432
day_1,Cold cloudy day,0.45,43,10.75,3.9944,58.2029,20.0,year_area140_05,5.241088838391198
day_1,Cold cloudy day,0.45,44,11.0,4.0981,60.6218,20.0,year_area140_05,5.205838885445249
day_1,Cold cloudy day,0.45,45,11.25,4.1906,62.7811,20.0,year_area140_05,5.17439564959153
day_1,Cold cloudy day,0.45,46,11.5,4.2716,64.6716,20.0,year_area140_05,5.146861659655512
day_1,Cold cloudy day,0.45,47,11.75,4.3408,66.2851,20.0,year_area140_05,5.123339193758466
day_1,Cold cloudy day,0.45,48,12.0,4.3978,67.6148,20.0,year_area140_05,5.103963586484744
day_1,Cold cloudy day,0.45,49,12.25,4.4424,68.655,20.0,year_area140_05,5.088803081746174
day_1,Cold cloudy day,0.45,50,12.5,4.4743,69.4011,20.0,year_area140_05,5.07795905512892
day_1,Cold cloudy day,0.45,51,12.75,4.4936,69.8501,20.0,year_area140_05,5.0713988512966175
day_1,Cold cloudy day,0.45,52,13.0,4.5,70.0,20.0,year_area140_05,5.069223194004523
day_1,Cold cloudy day,0.45,53,13.25,4.4936,69.8501,20.0,year_area140_05,5.0713988512966175
day_1,Cold cloudy day,0.45,54,13.5,4.4743,69.4011,20.0,year_area140_05,5.07795905512892
day_1,Cold cloudy day,0.45,55,13.75,4.4424,68.655,20.0,year_area140_05,5.088803081746174
day_1,Cold cloudy day,0.45,56,14.0,4.3978,67.6148,20.0,year_area140_05,5.103963586484744
day_1,Cold cloudy day,0.45,57,14.25,4.3408,66.2851,20.0,year_area140_05,5.123339193758466
day_1,Cold cloudy day,0.45,58,14.5,4.2716,64.6716,20.0,year_area140_05,5.146861659655512
day_1,Cold cloudy day,0.45,59,14.75,4.1906,62.7811,20.0,year_area140_05,5.17439564959153
day_1,Cold cloudy day,0.45,60,15.0,4.0981,60.6218,20.0,year_area140_05,5.205838885445249
day_1,Cold cloudy day,0.45,61,15.25,3.9944,58.2029,20.0,year_area140_05,5.241088838391198
day_1,Cold cloudy day,0.45,62,15.5,3.8801,55.5347,20.0,year_area140_05,5.279942481482432
day_1,Cold cloudy day,0.45,63,15.75,3.7555,52.6288,20.0,year_area140_05,5.322296684203409
day_1,Cold cloudy day,0.45,64,16.0,3.6213,49.4975,20.0,year_area140_05,5.367914510749839
day_1,Cold cloudy day,0.45,65,16.25,3.478,46.1542,20.0,year_area140_05,5.416625564440716
day_1,Cold cloudy day,0.45,66,16.5,3.3263,42.6133,20.0,year_area140_05,5.468192382992937
day_1,Cold cloudy day,0.45,67,16.75,3.1667,38.8899,20.0,year_area140_05,5.522444143528366
day_1,Cold cloudy day,0.45,68,17.0,3.0,35.0,20.0,year_area140_05,5.579109575188228
day_1,Cold cloudy day,0.45,69,17.25,2.8269,30.9602,20.0,year_area140_05,5.637950664140183
day_1,Cold cloudy day,0.45,70,17.5,2.6481,26.7878,20.0,year_area140_05,5.69872922105896
day_1,Cold cloudy day,0.45,71,17.75,2.4643,22.5008,20.0,year_area140_05,5.761206881126342
day_1,Cold cloudy day,0.45,72,18.0,2.2765,18.1173,20.0,year_area140_05,5.8250450321068366
day_1,Cold cloudy day,0.45,73,18.25,2.0853,13.6563,20.0,year_area140_05,5.890038465926987
day_1,Cold cloudy day,0.45,74,18.5,1.8916,9.1368,20.0,year_area140_05,5.955881752166476
day_1,Cold cloudy day,0.45,75,18.75,1.6962,4.5782,20.0,year_area140_05,6.022302767572263
day_1,Cold cloudy day,0.45,76,19.0,1.5,0.0,20.0,year_area140_05,6.088995956371932
day_1,Cold cloudy day,0.45,77,19.25,1.3038,0.0,20.0,year_area140_05,6.154541371220908
day_1,Cold cloudy day,0.45,78,19.5,1.1084,0.0,20.0,year_area140_05,6.219819526478248
day_1,Cold cloudy day,0.45,79,19.75,0.9147,0.0,20.0,year_area140_05,6.2845297551033585
day_1,Cold cloudy day,0.45,80,20.0,0.7235,0.0,20.0,year_area140_05,6.348404797504604
day_1,Cold cloudy day,0.45,81,20.25,0.5357,0.0,20.0,year_area140_05,6.411143986641393
day_1,Cold cloudy day,0.45,82,20.5,0.3519,0.0,20.0,year_area140_05,6.472546877819996
day_1,Cold cloudy day,0.45,83,20.75,0.1731,0.0,20.0,year_area140_05,6.532279396550867
day_1,Cold cloudy day,0.45,84,21.0,-0.0,0.0,20.0,year_area140_05,6.590107690691325
day_1,Cold cloudy day,0.45,85,21.25,-0.1667,0.0,20.0,year_area140_05,6.645797908098687
day_1,Cold cloudy day,0.45,86,21.5,-0.3263,0.0,20.0,year_area140_05,6.699116196630271
day_1,Cold cloudy day,0.45,87,21.75,-0.478,0.0,20.0,year_area140_05,6.7497952966944395
day_1,Cold cloudy day,0.45,88,22.0,-0.6213,0.0,20.0,year_area140_05,6.7976681710464195
day_1,Cold cloudy day,0.45,89,22.25,-0.7555,0.0,20.0,year_area140_05,6.842500967543527
day_1,Cold cloudy day,0.45,90,22.5,-0.8801,0.0,20.0,year_area140_05,6.884126648940991
day_1,Cold cloudy day,0.45,91,22.75,-0.9944,0.0,20.0,year_area140_05,6.922311363096129
day_1,Cold cloudy day,0.45,92,23.0,-1.0981,0.0,20.0,year_area140_05,6.956954887662076
day_1,Cold cloudy day,0.45,93,23.25,-1.1906,0.0,20.0,year_area140_05,6.987856777945106
day_1,Cold cloudy day,0.45,94,23.5,-1.2716,0.0,20.0,year_area140_05,7.014916811598353
day_1,Cold cloudy day,0.45,95,23.75,-1.3408,0.0,20.0,year_area140_05,7.038034766274955
day_1,Cold cloudy day,0.45,0,0.0,-1.3978,0.0,20.0,year_area140_06,8.197732632589897
day_1,Cold cloudy day,0.45,1,0.25,-1.4424,0.0,20.0,year_area140_06,8.216336444575775
day_1,Cold cloudy day,0.45,2,0.5,-1.4743,0.0,20.0,year_area140_06,8.2296427585298
day_1,Cold cloudy day,0.45,3,0.75,-1.4936,0.0,20.0,year_area140_06,8.237693287034903
day_1,Cold cloudy day,0.45,4,1.0,-1.5,0.0,20.0,year_area140_06,8.240362892342294
day_1,Cold cloudy day,0.45,5,1.25,-1.4936,0.0,20.0,year_area140_06,8.237693287034903
day_1,Cold cloudy day,0.45,6,1.5,-1.4743,0.0,20.0,year_area140_06,8.2296427585298
day_1,Cold cloudy day,0.45,7,1.75,-1.4424,0.0,20.0,year_area140_06,8.216336444575775
day_1,Cold cloudy day,0.45,8,2.0,-1.3978,0.0,20.0,year_area140_06,8.197732632589897
day_1,Cold cloudy day,0.45,9,2.25,-1.3408,0.0,20.0,year_area140_06,8.173956460320948
day_1,Cold cloudy day,0.45,10,2.5,-1.2716,0.0,20.0,year_area140_06,8.145091352934784
day_1,Cold cloudy day,0.45,11,2.75,-1.1906,0.0,20.0,year_area140_06,8.11130416076312
day_1,Cold cloudy day,0.45,12,3.0,-1.0981,0.0,20.0,year_area140_06,8.072720021554739
day_1,Cold cloudy day,0.45,13,3.25,-0.9944,0.0,20.0,year_area140_06,8.029464073058422
day_1,Cold cloudy day,0.45,14,3.5,-0.8801,0.0,20.0,year_area140_06,7.98178659077174
day_1,Cold cloudy day,0.45,15,3.75,-0.7555,0.0,20.0,year_area140_06,7.929812712443478
day_1,Cold cloudy day,0.45,16,4.0,-0.6213,0.0,20.0,year_area140_06,7.873834426154128
day_1,Cold cloudy day,0.45,17,4.25,-0.478,0.0,20.0,year_area140_06,7.814060294818332
day_1,Cold cloudy day,0.45,18,4.5,-0.3263,0.0,20.0,year_area140_06,7.750782306516585
day_1,Cold cloudy day,0.45,19,4.75,-0.1667,0.0,20.0,year_area140_06,7.684209024163528
day_1,Cold cloudy day,0.45,20,5.0,0.0,0.0,20.0,year_area140_06,7.614674148422584
day_1,Cold cloudy day,0.45,21,5.25,0.1731,0.0,20.0,year_area140_06,7.54246966737425
day_1,Cold cloudy day,0.45,22,5.5,0.3519,0.0,20.0,year_area140_06,7.4678875690990205
day_1,Cold cloudy day,0.45,23,5.75,0.5357,0.0,20.0,year_area140_06,7.391219841677393
day_1,Cold cloudy day,0.45,24,6.0,0.7235,0.0,20.0,year_area140_06,7.312883610938646
day_1,Cold cloudy day,0.45,25,6.25,0.9147,0.0,20.0,year_area140_06,7.233129152380347
day_1,Cold cloudy day,0.45,26,6.5,1.1084,0.0,20.0,year_area140_06,7.152331879248849
day_1,Cold cloudy day,0.45,27,6.75,1.3038,0.0,20.0,year_area140_06,7.070825492207575
day_1,Cold cloudy day,0.45,28,7.0,1.5,0.0,20.0,year_area140_06,6.988985404502877
day_1,Cold cloudy day,0.45,29,7.25,1.6962,4.5782,20.0,year_area140_06,6.8937450271283405
day_1,Cold cloudy day,0.45,30,7.5,1.8916,9.1368,20.0,year_area140_06,6.798895719181705
day_1,Cold cloudy day,0.45,31,7.75,2.0853,13.6563,20.0,year_area140_06,6.7048699699760235
day_1,Cold cloudy day,0.45,32,8.0,2.2765,18.1173,20.0,year_area140_06,6.612058263543637
day_1,Cold cloudy day,0.45,33,8.25,2.4643,22.5008,20.0,year_area140_06,6.520891625708708
day_1,Cold cloudy day,0.45,34,8.5,2.6481,26.7878,20.0,year_area140_06,6.431675944546615
day_1,Cold cloudy day,0.45,35,8.75,2.8269,30.9602,20.0,year_area140_06,6.344881324184445
day_1,Cold cloudy day,0.45,36,9.0,3.0,35.0,20.0,year_area140_06,6.260852438302724
day_1,Cold cloudy day,0.45,37,9.25,3.1667,38.8899,20.0,year_area140_06,6.179931911697532
day_1,Cold cloudy day,0.45,38,9.5,3.3263,42.6133,20.0,year_area140_06,6.102460320280503
day_1,Cold cloudy day,0.45,39,9.75,3.478,46.1542,20.0,year_area140_06,6.028818196359532
day_1,Cold cloudy day,0.45,40,10.0,3.6213,49.4975,20.0,year_area140_06,5.9592583002137305
day_1,Cold cloudy day,0.45,41,10.25,3.7555,52.6288,20.0,year_area140_06,5.894114768403616
day_1,Cold cloudy day,0.45,42,10.5,3.8801,55.5347,20.0,year_area140_06,5.833635385346075
day_1,Cold cloudy day,0.45,43,10.75,3.9944,58.2029,20.0,year_area140_06,5.7781481409482875
day_1,Cold cloudy day,0.45,44,11.0,4.0981,60.6218,20.0,year_area140_06,5.7278121259012815
day_1,Cold cloudy day,0.45,45,11.25,4.1906,62.7811,20.0,year_area140_06,5.682907763573752
day_1,Cold cloudy day,0.45,46,11.5,4.2716,64.6716,20.0,year_area140_06,5.643587119910054
day_1,Cold cloudy day,0.45,47,11.75,4.3408,66.2851,20.0,year_area140_06,5.609999333876762
day_1,Cold cloudy day,0.45,48,12.0,4.3978,67.6148,20.0,year_area140_06,5.58233115925449
day_1,Cold cloudy day,0.45,49,12.25,4.4424,68.655,20.0,year_area140_06,5.560682704982437
day_1,Cold cloudy day,0.45,50,12.5,4.4743,69.4011,20.0,year_area140_06,5.54519257290717
day_1,Cold cloudy day,0.45,51,12.75,4.4936,69.8501,20.0,year_area140_06,5.535827831379099
day_1,Cold cloudy day,0.45,52,13.0,4.5,70.0,20.0,year_area140_06,5.532719472102571
day_1,Cold cloudy day,0.45,53,13.25,4.4936,69.8501,20.0,year_area140_06,5.535827831379099
day_1,Cold cloudy day,0.45,54,13.5,4.4743,69.4011,20.0,year_area140_06,5.54519257290717
day_1,Cold cloudy day,0.45,55,13.75,4.4424,68.655,20.0,year_area140_06,5.560682704982437
day_1,Cold cloudy day,0.45,56,14.0,4.3978,67.6148,20.0,year_area140_06,5.58233115925449
day_1,Cold cloudy day,0.45,57,14.25,4.3408,66.2851,20.0,year_area140_06,5.609999333876762
day_1,Cold cloudy day,0.45,58,14.5,4.2716,64.6716,20.0,year_area140_06,5.643587119910054
day_1,Cold cloudy day,0.45,59,14.75,4.1906,62.7811,20.0,year_area140_06,5.682907763573752
day_1,Cold cloudy day,0.45,60,15.0,4.0981,60.6218,20.0,year_area140_06,5.7278121259012815
day_1,Cold cloudy day,0.45,61,15.25,3.9944,58.2029,20.0,year_area140_06,5.7781481409482875
day_1,Cold cloudy day,0.45,62,15.5,3.8801,55.5347,20.0,year_area140_06,5.833635385346075
day_1,Cold cloudy day,0.45,63,15.75,3.7555,52.6288,20.0,year_area140_06,5.894114768403616
day_1,Cold cloudy day,0.45,64,16.0,3.6213,49.4975,20.0,year_area140_06,5.9592583002137305
day_1,Cold cloudy day,0.45,65,16.25,3.478,46.1542,20.0,year_area140_06,6.028818196359532
day_1,Cold cloudy day,0.45,66,16.5,3.3263,42.6133,20.0,year_area140_06,6.102460320280503
day_1,Cold cloudy day,0.45,67,16.75,3.1667,38.8899,20.0,year_area140_06,6.179931911697532
day_1,Cold cloudy day,0.45,68,17.0,3.0,35.0,20.0,year_area140_06,6.260852438302724
day_1,Cold cloudy day,0.45,69,17.25,2.8269,30.9602,20.0,year_area140_06,6.344881324184445
day_1,Cold cloudy day,0.45,70,17.5,2.6481,26.7878,20.0,year_area140_06,6.431675944546615
day_1,Cold cloudy day,0.45,71,17.75,2.4643,22.5008,20.0,year_area140_06,6.520891625708708
day_1,Cold cloudy day,0.45,72,18.0,2.2765,18.1173,20.0,year_area140_06,6.612058263543637
day_1,Cold cloudy day,0.45,73,18.25,2.0853,13.6563,20.0,year_area140_06,6.7048699699760235
day_1,Cold cloudy day,0.45,74,18.5,1.8916,9.1368,20.0,year_area140_06,6.798895719181705
day_1,Cold cloudy day,0.45,75,18.75,1.6962,4.5782,20.0,year_area140_06,6.8937450271283405
day_1,Cold cloudy day,0.45,76,19.0,1.5,0.0,20.0,year_area140_06,6.988985404502877
day_1,Cold cloudy day,0.45,77,19.25,1.3038,0.0,20.0,year_area140_06,7.070825492207575
day_1,Cold cloudy day,0.45,78,19.5,1.1084,0.0,20.0,year_area140_06,7.152331879248849
day_1,Cold cloudy day,0.45,79,19.75,0.9147,0.0,20.0,year_area140_06,7.233129152380347
day_1,Cold cloudy day,0.45,80,20.0,0.7235,0.0,20.0,year_area140_06,7.312883610938646
day_1,Cold cloudy day,0.45,81,20.25,0.5357,0.0,20.0,year_area140_06,7.391219841677393
day_1,Cold cloudy day,0.45,82,20.5,0.3519,0.0,20.0,year_area140_06,7.4678875690990205
day_1,Cold cloudy day,0.45,83,20.75,0.1731,0.0,20.0,year_area140_06,7.54246966737425
day_1,Cold cloudy day,0.45,84,21.0,-0.0,0.0,20.0,year_area140_06,7.614674148422584
day_1,Cold cloudy day,0.45,85,21.25,-0.1667,0.0,20.0,year_area140_06,7.684209024163528
day_1,Cold cloudy day,0.45,86,21.5,-0.3263,0.0,20.0,year_area140_06,7.750782306516585
day_1,Cold cloudy day,0.45,87,21.75,-0.478,0.0,20.0,year_area140_06,7.814060294818332
day_1,Cold cloudy day,0.45,88,22.0,-0.6213,0.0,20.0,year_area140_06,7.873834426154128
day_1,Cold cloudy day,0.45,89,22.25,-0.7555,0.0,20.0,year_area140_06,7.929812712443478
day_1,Cold cloudy day,0.45,90,22.5,-0.8801,0.0,20.0,year_area140_06,7.98178659077174
day_1,Cold cloudy day,0.45,91,22.75,-0.9944,0.0,20.0,year_area140_06,8.029464073058422
day_1,Cold cloudy day,0.45,92,23.0,-1.0981,0.0,20.0,year_area140_06,8.072720021554739
day_1,Cold cloudy day,0.45,93,23.25,-1.1906,0.0,20.0,year_area140_06,8.11130416076312
day_1,Cold cloudy day,0.45,94,23.5,-1.2716,0.0,20.0,year_area140_06,8.145091352934784
day_1,Cold cloudy day,0.45,95,23.75,-1.3408,0.0,20.0,year_area140_06,8.173956460320948
day_1,Cold cloudy day,0.45,0,0.0,-1.3978,0.0,20.0,year_area140_07,5.41487312879676
day_1,Cold cloudy day,0.45,1,0.25,-1.4424,0.0,20.0,year_area140_07,5.428241804801022
day_1,Cold cloudy day,0.45,2,0.5,-1.4743,0.0,20.0,year_area140_07,5.437803705351156
day_1,Cold cloudy day,0.45,3,0.75,-1.4936,0.0,20.0,year_area140_07,5.443588805057036
day_1,Cold cloudy day,0.45,4,1.0,-1.5,0.0,20.0,year_area140_07,5.445507180089038
day_1,Cold cloudy day,0.45,5,1.25,-1.4936,0.0,20.0,year_area140_07,5.443588805057036
day_1,Cold cloudy day,0.45,6,1.5,-1.4743,0.0,20.0,year_area140_07,5.437803705351156
day_1,Cold cloudy day,0.45,7,1.75,-1.4424,0.0,20.0,year_area140_07,5.428241804801022
day_1,Cold cloudy day,0.45,8,2.0,-1.3978,0.0,20.0,year_area140_07,5.41487312879676
day_1,Cold cloudy day,0.45,9,2.25,-1.3408,0.0,20.0,year_area140_07,5.397787601167995
day_1,Cold cloudy day,0.45,10,2.5,-1.2716,0.0,20.0,year_area140_07,5.377045171134475
day_1,Cold cloudy day,0.45,11,2.75,-1.1906,0.0,20.0,year_area140_07,5.3527657371357025
day_1,Cold cloudy day,0.45,12,3.0,-1.0981,0.0,20.0,year_area140_07,5.325039223001302
day_1,Cold cloudy day,0.45,13,3.25,-0.9944,0.0,20.0,year_area140_07,5.293955552560899
day_1,Cold cloudy day,0.45,14,3.5,-0.8801,0.0,20.0,year_area140_07,5.259694573473742
day_1,Cold cloudy day,0.45,15,3.75,-0.7555,0.0,20.0,year_area140_07,5.222346209569459
day_1,Cold cloudy day,0.45,16,4.0,-0.6213,0.0,20.0,year_area140_07,5.182120283117172
day_1,Cold cloudy day,0.45,17,4.25,-0.478,0.0,20.0,year_area140_07,5.139166667166258
day_1,Cold cloudy day,0.45,18,4.5,-0.3263,0.0,20.0,year_area140_07,5.09369518398584
day_1,Cold cloudy day,0.45,19,4.75,-0.1667,0.0,20.0,year_area140_07,5.045855706625296
day_1,Cold cloudy day,0.45,20,5.0,0.0,0.0,20.0,year_area140_07,4.995888031963625
day_1,Cold cloudy day,0.45,21,5.25,0.1731,0.0,20.0,year_area140_07,4.944001982269953
day_1,Cold cloudy day,0.45,22,5.5,0.3519,0.0,20.0,year_area140_07,4.890407379813404
day_1,Cold cloudy day,0.45,23,5.75,0.5357,0.0,20.0,year_area140_07,4.835314046863103
day_1,Cold cloudy day,0.45,24,6.0,0.7235,0.0,20.0,year_area140_07,4.779021729517801
day_1,Cold cloudy day,0.45,25,6.25,0.9147,0.0,20.0,year_area140_07,4.721710275436749
day_1,Cold cloudy day,0.45,26,6.5,1.1084,0.0,20.0,year_area140_07,4.66364945610882
day_1,Cold cloudy day,0.45,27,6.75,1.3038,0.0,20.0,year_area140_07,4.605079068413017
day_1,Cold cloudy day,0.45,28,7.0,1.5,0.0,20.0,year_area140_07,4.546268883838213
day_1,Cold cloudy day,0.45,29,7.25,1.6962,4.5782,20.0,year_area140_07,4.457290704321908
day_1,Cold cloudy day,0.45,30,7.5,1.8916,9.1368,20.0,year_area140_07,4.368681475653599
day_1,Cold cloudy day,0.45,31,7.75,2.0853,13.6563,20.0,year_area140_07,4.280839464342334
day_1,Cold cloudy day,0.45,32,8.0,2.2765,18.1173,20.0,year_area140_07,4.194132303338466
day_1,Cold cloudy day,0.45,33,8.25,2.4643,22.5008,20.0,year_area140_07,4.108954964406935
day_1,Cold cloudy day,0.45,34,8.5,2.6481,26.7878,20.0,year_area140_07,4.025612495483062
day_1,Cold cloudy day,0.45,35,8.75,2.8269,30.9602,20.0,year_area140_07,3.9445239124022677
day_1,Cold cloudy day,0.45,36,9.0,3.0,35.0,20.0,year_area140_07,3.866017648221532
day_1,Cold cloudy day,0.45,37,9.25,3.1667,38.8899,20.0,year_area140_07,3.7904175233560817
day_1,Cold cloudy day,0.45,38,9.5,3.3263,42.6133,20.0,year_area140_07,3.718042745579395
day_1,Cold cloudy day,0.45,39,9.75,3.478,46.1542,20.0,year_area140_07,3.6492385435818964
day_1,Cold cloudy day,0.45,40,10.0,3.6213,49.4975,20.0,year_area140_07,3.584254291684995
day_1,Cold cloudy day,0.45,41,10.25,3.7555,52.6288,20.0,year_area140_07,3.5233947007880966
day_1,Cold cloudy day,0.45,42,10.5,3.8801,55.5347,20.0,year_area140_07,3.466897943082645
day_1,Cold cloudy day,0.45,43,10.75,3.9944,58.2029,20.0,year_area140_07,3.4150548915427974
day_1,Cold cloudy day,0.45,44,11.0,4.0981,60.6218,20.0,year_area140_07,3.368031908061462
day_1,Cold cloudy day,0.45,45,11.25,4.1906,62.7811,20.0,year_area140_07,3.3260767120264916
day_1,Cold cloudy day,0.45,46,11.5,4.2716,64.6716,20.0,year_area140_07,3.2893398505590845
day_1,Cold cloudy day,0.45,47,11.75,4.3408,66.2851,20.0,year_area140_07,3.2579652812922175
day_1,Cold cloudy day,0.45,48,12.0,4.3978,67.6148,20.0,year_area140_07,3.232117711185248
day_1,Cold cloudy day,0.45,49,12.25,4.4424,68.655,20.0,year_area140_07,3.2118946495407457
day_1,Cold cloudy day,0.45,50,12.5,4.4743,69.4011,20.0,year_area140_07,3.1974163318341198
day_1,Cold cloudy day,0.45,51,12.75,4.4936,69.8501,20.0,year_area140_07,3.1886725519201367
day_1,Cold cloudy day,0.45,52,13.0,4.5,70.0,20.0,year_area140_07,3.185766412604851
day_1,Cold cloudy day,0.45,53,13.25,4.4936,69.8501,20.0,year_area140_07,3.1886725519201367
day_1,Cold cloudy day,0.45,54,13.5,4.4743,69.4011,20.0,year_area140_07,3.1974163318341198
day_1,Cold cloudy day,0.45,55,13.75,4.4424,68.655,20.0,year_area140_07,3.2118946495407457
day_1,Cold cloudy day,0.45,56,14.0,4.3978,67.6148,20.0,year_area140_07,3.232117711185248
day_1,Cold cloudy day,0.45,57,14.25,4.3408,66.2851,20.0,year_area140_07,3.2579652812922175
day_1,Cold cloudy day,0.45,58,14.5,4.2716,64.6716,20.0,year_area140_07,3.2893398505590845
day_1,Cold cloudy day,0.45,59,14.75,4.1906,62.7811,20.0,year_area140_07,3.3260767120264916
day_1,Cold cloudy day,0.45,60,15.0,4.0981,60.6218,20.0,year_area140_07,3.368031908061462
day_1,Cold cloudy day,0.45,61,15.25,3.9944,58.2029,20.0,year_area140_07,3.4150548915427974
day_1,Cold cloudy day,0.45,62,15.5,3.8801,55.5347,20.0,year_area140_07,3.466897943082645
day_1,Cold cloudy day,0.45,63,15.75,3.7555,52.6288,20.0,year_area140_07,3.5233947007880966
day_1,Cold cloudy day,0.45,64,16.0,3.6213,49.4975,20.0,year_area140_07,3.584254291684995
day_1,Cold cloudy day,0.45,65,16.25,3.478,46.1542,20.0,year_area140_07,3.6492385435818964
day_1,Cold cloudy day,0.45,66,16.5,3.3263,42.6133,20.0,year_area140_07,3.718042745579395
day_1,Cold cloudy day,0.45,67,16.75,3.1667,38.8899,20.0,year_area140_07,3.7904175233560817
day_1,Cold cloudy day,0.45,68,17.0,3.0,35.0,20.0,year_area140_07,3.866017648221532
day_1,Cold cloudy day,0.45,69,17.25,2.8269,30.9602,20.0,year_area140_07,3.9445239124022677
day_1,Cold cloudy day,0.45,70,17.5,2.6481,26.7878,20.0,year_area140_07,4.025612495483062
day_1,Cold cloudy day,0.45,71,17.75,2.4643,22.5008,20.0,year_area140_07,4.108954964406935
day_1,Cold cloudy day,0.45,72,18.0,2.2765,18.1173,20.0,year_area140_07,4.194132303338466
day_1,Cold cloudy day,0.45,73,18.25,2.0853,13.6563,20.0,year_area140_07,4.280839464342334
day_1,Cold cloudy day,0.45,74,18.5,1.8916,9.1368,20.0,year_area140_07,4.368681475653599
day_1,Cold cloudy day,0.45,75,18.75,1.6962,4.5782,20.0,year_area140_07,4.457290704321908
day_1,Cold cloudy day,0.45,76,19.0,1.5,0.0,20.0,year_area140_07,4.546268883838213
day_1,Cold cloudy day,0.45,77,19.25,1.3038,0.0,20.0,year_area140_07,4.605079068413017
day_1,Cold cloudy day,0.45,78,19.5,1.1084,0.0,20.0,year_area140_07,4.66364945610882
day_1,Cold cloudy day,0.45,79,19.75,0.9147,0.0,20.0,year_area140_07,4.721710275436749
day_1,Cold cloudy day,0.45,80,20.0,0.7235,0.0,20.0,year_area140_07,4.779021729517801
day_1,Cold cloudy day,0.45,81,20.25,0.5357,0.0,20.0,year_area140_07,4.835314046863103
day_1,Cold cloudy day,0.45,82,20.5,0.3519,0.0,20.0,year_area140_07,4.890407379813404
day_1,Cold cloudy day,0.45,83,20.75,0.1731,0.0,20.0,year_area140_07,4.944001982269953
day_1,Cold cloudy day,0.45,84,21.0,-0.0,0.0,20.0,year_area140_07,4.995888031963625
day_1,Cold cloudy day,0.45,85,21.25,-0.1667,0.0,20.0,year_area140_07,5.045855706625296
day_1,Cold cloudy day,0.45,86,21.5,-0.3263,0.0,20.0,year_area140_07,5.09369518398584
day_1,Cold cloudy day,0.45,87,21.75,-0.478,0.0,20.0,year_area140_07,5.139166667166258
day_1,Cold cloudy day,0.45,88,22.0,-0.6213,0.0,20.0,year_area140_07,5.182120283117172
day_1,Cold cloudy day,0.45,89,22.25,-0.7555,0.0,20.0,year_area140_07,5.222346209569459
day_1,Cold cloudy day,0.45,90,22.5,-0.8801,0.0,20.0,year_area140_07,5.259694573473742
day_1,Cold cloudy day,0.45,91,22.75,-0.9944,0.0,20.0,year_area140_07,5.293955552560899
day_1,Cold cloudy day,0.45,92,23.0,-1.0981,0.0,20.0,year_area140_07,5.325039223001302
day_1,Cold cloudy day,0.45,93,23.25,-1.1906,0.0,20.0,year_area140_07,5.3527657371357025
day_1,Cold cloudy day,0.45,94,23.5,-1.2716,0.0,20.0,year_area140_07,5.377045171134475
day_1,Cold cloudy day,0.45,95,23.75,-1.3408,0.0,20.0,year_area140_07,5.397787601167995
day_1,Cold cloudy day,0.45,0,0.0,-1.3978,0.0,20.0,year_area140_08,1.499155209315965
day_1,Cold cloudy day,0.45,1,0.25,-1.4424,0.0,20.0,year_area140_08,1.5045356699156218
day_1,Cold cloudy day,0.45,2,0.5,-1.4743,0.0,20.0,year_area140_08,1.508384026263807
day_1,Cold cloudy day,0.45,3,0.75,-1.4936,0.0,20.0,year_area140_08,1.5107123421735245
day_1,Cold cloudy day,0.45,4,1.0,-1.5,0.0,20.0,year_area140_08,1.511484426205762
day_1,Cold cloudy day,0.45,5,1.25,-1.4936,0.0,20.0,year_area140_08,1.5107123421735245
day_1,Cold cloudy day,0.45,6,1.5,-1.4743,0.0,20.0,year_area140_08,1.508384026263807
day_1,Cold cloudy day,0.45,7,1.75,-1.4424,0.0,20.0,year_area140_08,1.5045356699156218
day_1,Cold cloudy day,0.45,8,2.0,-1.3978,0.0,20.0,year_area140_08,1.499155209315965
day_1,Cold cloudy day,0.45,9,2.25,-1.3408,0.0,20.0,year_area140_08,1.4922788359038477
day_1,Cold cloudy day,0.45,10,2.5,-1.2716,0.0,20.0,year_area140_08,1.4839306773052763
day_1,Cold cloudy day,0.45,11,2.75,-1.1906,0.0,20.0,year_area140_08,1.4741589887722668
day_1,Cold cloudy day,0.45,12,3.0,-1.0981,0.0,20.0,year_area140_08,1.4629999617438303
day_1,Cold cloudy day,0.45,13,3.25,-0.9944,0.0,20.0,year_area140_08,1.4504897876589777
day_1,Cold cloudy day,0.45,14,3.5,-0.8801,0.0,20.0,year_area140_08,1.4367008493957312
day_1,Cold cloudy day,0.45,15,3.75,-0.7555,0.0,20.0,year_area140_08,1.421669338393102
day_1,Cold cloudy day,0.45,16,4.0,-0.6213,0.0,20.0,year_area140_08,1.405479701342116
day_1,Cold cloudy day,0.45,17,4.25,-0.478,0.0,20.0,year_area140_08,1.3881922573077925
day_1,Cold cloudy day,0.45,18,4.5,-0.3263,0.0,20.0,year_area140_08,1.369891452981156
day_1,Cold cloudy day,0.45,19,4.75,-0.1667,0.0,20.0,year_area140_08,1.3506376074272266
day_1,Cold cloudy day,0.45,20,5.0,0.0,0.0,20.0,year_area140_08,1.3305272311500334
day_1,Cold cloudy day,0.45,21,5.25,0.1731,0.0,20.0,year_area140_08,1.309644770840602
day_1,Cold cloudy day,0.45,22,5.5,0.3519,0.0,20.0,year_area140_08,1.2880746731899593
day_1,Cold cloudy day,0.45,23,5.75,0.5357,0.0,20.0,year_area140_08,1.2659013848891307
day_1,Cold cloudy day,0.45,24,6.0,0.7235,0.0,20.0,year_area140_08,1.2432455440681531
day_1,Cold cloudy day,0.45,25,6.25,0.9147,0.0,20.0,year_area140_08,1.2201795336050498
day_1,Cold cloudy day,0.45,26,6.5,1.1084,0.0,20.0,year_area140_08,1.1968119278168534
day_1,Cold cloudy day,0.45,27,6.75,1.3038,0.0,20.0,year_area140_08,1.1732392372075937
day_1,Cold cloudy day,0.45,28,7.0,1.5,0.0,20.0,year_area140_08,1.1495700360943046
day_1,Cold cloudy day,0.45,29,7.25,1.6962,4.5782,20.0,year_area140_08,1.1217234375994556
day_1,Cold cloudy day,0.45,30,7.5,1.8916,9.1368,20.0,year_area140_08,1.0939912337090858
day_1,Cold cloudy day,0.45,31,7.75,2.0853,13.6563,20.0,year_area140_08,1.0664997915952679
day_1,Cold cloudy day,0.45,32,8.0,2.2765,18.1173,20.0,year_area140_08,1.0393633233716613
day_1,Cold cloudy day,0.45,33,8.25,2.4643,22.5008,20.0,year_area140_08,1.0127077399832842
day_1,Cold cloudy day,0.45,34,8.5,2.6481,26.7878,20.0,year_area140_08,0.986622760936148
day_1,Cold cloudy day,0.45,35,8.75,2.8269,30.9602,20.0,year_area140_08,0.9612455397795814
day_1,Cold cloudy day,0.45,36,9.0,3.0,35.0,20.0,year_area140_08,0.9366769473784933
day_1,Cold cloudy day,0.45,37,9.25,3.1667,38.8899,20.0,year_area140_08,0.9130172158799188
day_1,Cold cloudy day,0.45,38,9.5,3.3263,42.6133,20.0,year_area140_08,0.8903659387130187
day_1,Cold cloudy day,0.45,39,9.75,3.478,46.1542,20.0,year_area140_08,0.8688342256474975
day_1,Cold cloudy day,0.45,40,10.0,3.6213,49.4975,20.0,year_area140_08,0.8484961738053518
day_1,Cold cloudy day,0.45,41,10.25,3.7555,52.6288,20.0,year_area140_08,0.8294493692167142
day_1,Cold cloudy day,0.45,42,10.5,3.8801,55.5347,20.0,year_area140_08,0.8117663578316043
day_1,Cold cloudy day,0.45,43,10.75,3.9944,58.2029,20.0,year_area140_08,0.795542809526534
day_1,Cold cloudy day,0.45,44,11.0,4.0981,60.6218,20.0,year_area140_08,0.7808255002081277
day_1,Cold cloudy day,0.45,45,11.25,4.1906,62.7811,20.0,year_area140_08,0.7676962110316847
day_1,Cold cloudy day,0.45,46,11.5,4.2716,64.6716,20.0,year_area140_08,0.7561995280139788
day_1,Cold cloudy day,0.45,47,11.75,4.3408,66.2851,20.0,year_area140_08,0.7463791247176781
day_1,Cold cloudy day,0.45,48,12.0,4.3978,67.6148,20.0,year_area140_08,0.7382894610827084
day_1,Cold cloudy day,0.45,49,12.25,4.4424,68.655,20.0,year_area140_08,0.731959865723474
day_1,Cold cloudy day,0.45,50,12.5,4.4743,69.4011,20.0,year_area140_08,0.7274307273678664
day_1,Cold cloudy day,0.45,51,12.75,4.4936,69.8501,20.0,year_area140_08,0.7246927195651955
day_1,Cold cloudy day,0.45,52,13.0,4.5,70.0,20.0,year_area140_08,0.7237838586626821
day_1,Cold cloudy day,0.45,53,13.25,4.4936,69.8501,20.0,year_area140_08,0.7246927195651955
day_1,Cold cloudy day,0.45,54,13.5,4.4743,69.4011,20.0,year_area140_08,0.7274307273678664
day_1,Cold cloudy day,0.45,55,13.75,4.4424,68.655,20.0,year_area140_08,0.731959865723474
day_1,Cold cloudy day,0.45,56,14.0,4.3978,67.6148,20.0,year_area140_08,0.7382894610827084
day_1,Cold cloudy day,0.45,57,14.25,4.3408,66.2851,20.0,year_area140_08,0.7463791247176781
day_1,Cold cloudy day,0.45,58,14.5,4.2716,64.6716,20.0,year_area140_08,0.7561995280139788
day_1,Cold cloudy day,0.45,59,14.75,4.1906,62.7811,20.0,year_area140_08,0.7676962110316847
day_1,Cold cloudy day,0.45,60,15.0,4.0981,60.6218,20.0,year_area140_08,0.7808255002081277
day_1,Cold cloudy day,0.45,61,15.25,3.9944,58.2029,20.0,year_area140_08,0.795542809526534
day_1,Cold cloudy day,0.45,62,15.5,3.8801,55.5347,20.0,year_area140_08,0.8117663578316043
day_1,Cold cloudy day,0.45,63,15.75,3.7555,52.6288,20.0,year_area140_08,0.8294493692167142
day_1,Cold cloudy day,0.45,64,16.0,3.6213,49.4975,20.0,year_area140_08,0.8484961738053518
day_1,Cold cloudy day,0.45,65,16.25,3.478,46.1542,20.0,year_area140_08,0.8688342256474975
day_1,Cold cloudy day,0.45,66,16.5,3.3263,42.6133,20.0,year_area140_08,0.8903659387130187
day_1,Cold cloudy day,0.45,67,16.75,3.1667,38.8899,20.0,year_area140_08,0.9130172158799188
day_1,Cold cloudy day,0.45,68,17.0,3.0,35.0,20.0,year_area140_08,0.9366769473784933
day_1,Cold cloudy day,0.45,69,17.25,2.8269,30.9602,20.0,year_area140_08,0.9612455397795814
day_1,Cold cloudy day,0.45,70,17.5,2.6481,26.7878,20.0,year_area140_08,0.986622760936148
day_1,Cold cloudy day,0.45,71,17.75,2.4643,22.5008,20.0,year_area140_08,1.0127077399832842
day_1,Cold cloudy day,0.45,72,18.0,2.2765,18.1173,20.0,year_area140_08,1.0393633233716613
day_1,Cold cloudy day,0.45,73,18.25,2.0853,13.6563,20.0,year_area140_08,1.0664997915952679
day_1,Cold cloudy day,0.45,74,18.5,1.8916,9.1368,20.0,year_area140_08,1.0939912337090858
day_1,Cold cloudy day,0.45,75,18.75,1.6962,4.5782,20.0,year_area140_08,1.1217234375994556
day_1,Cold cloudy day,0.45,76,19.0,1.5,0.0,20.0,year_area140_08,1.1495700360943046
day_1,Cold cloudy day,0.45,77,19.25,1.3038,0.0,20.0,year_area140_08,1.1732392372075937
day_1,Cold cloudy day,0.45,78,19.5,1.1084,0.0,20.0,year_area140_08,1.1968119278168534
day_1,Cold cloudy day,0.45,79,19.75,0.9147,0.0,20.0,year_area140_08,1.2201795336050498
day_1,Cold cloudy day,0.45,80,20.0,0.7235,0.0,20.0,year_area140_08,1.2432455440681531
day_1,Cold cloudy day,0.45,81,20.25,0.5357,0.0,20.0,year_area140_08,1.2659013848891307
day_1,Cold cloudy day,0.45,82,20.5,0.3519,0.0,20.0,year_area140_08,1.2880746731899593
day_1,Cold cloudy day,0.45,83,20.75,0.1731,0.0,20.0,year_area140_08,1.309644770840602
day_1,Cold cloudy day,0.45,84,21.0,-0.0,0.0,20.0,year_area140_08,1.3305272311500334
day_1,Cold cloudy day,0.45,85,21.25,-0.1667,0.0,20.0,year_area140_08,1.3506376074272266
day_1,Cold cloudy day,0.45,86,21.5,-0.3263,0.0,20.0,year_area140_08,1.369891452981156
day_1,Cold cloudy day,0.45,87,21.75,-0.478,0.0,20.0,year_area140_08,1.3881922573077925
day_1,Cold cloudy day,0.45,88,22.0,-0.6213,0.0,20.0,year_area140_08,1.405479701342116
day_1,Cold cloudy day,0.45,89,22.25,-0.7555,0.0,20.0,year_area140_08,1.421669338393102
day_1,Cold cloudy day,0.45,90,22.5,-0.8801,0.0,20.0,year_area140_08,1.4367008493957312
day_1,Cold cloudy day,0.45,91,22.75,-0.9944,0.0,20.0,year_area140_08,1.4504897876589777
day_1,Cold cloudy day,0.45,92,23.0,-1.0981,0.0,20.0,year_area140_08,1.4629999617438303
day_1,Cold cloudy day,0.45,93,23.25,-1.1906,0.0,20.0,year_area140_08,1.4741589887722668
day_1,Cold cloudy day,0.45,94,23.5,-1.2716,0.0,20.0,year_area140_08,1.4839306773052763
day_1,Cold cloudy day,0.45,95,23.75,-1.3408,0.0,20.0,year_area140_08,1.4922788359038477
day_2,Mild cloudy day,0.35,0,0.0,5.6022,0.0,20.0,area_core_01,3.213086551031502
day_2,Mild cloudy day,0.35,1,0.25,5.5576,0.0,20.0,area_core_01,3.224184463708099
day_2,Mild cloudy day,0.35,2,0.5,5.5257,0.0,20.0,area_core_01,3.232122208425217
day_2,Mild cloudy day,0.35,3,0.75,5.5064,0.0,20.0,area_core_01,3.2369246683951354
day_2,Mild cloudy day,0.35,4,1.0,5.5,0.0,20.0,area_core_01,3.2385171939810147
day_2,Mild cloudy day,0.35,5,1.25,5.5064,0.0,20.0,area_core_01,3.2369246683951354
day_2,Mild cloudy day,0.35,6,1.5,5.5257,0.0,20.0,area_core_01,3.232122208425217
day_2,Mild cloudy day,0.35,7,1.75,5.5576,0.0,20.0,area_core_01,3.224184463708099
day_2,Mild cloudy day,0.35,8,2.0,5.6022,0.0,20.0,area_core_01,3.213086551031502
day_2,Mild cloudy day,0.35,9,2.25,5.6592,0.0,20.0,area_core_01,3.1989031200322624
day_2,Mild cloudy day,0.35,10,2.5,5.7284,0.0,20.0,area_core_01,3.1816839371349404
day_2,Mild cloudy day,0.35,11,2.75,5.8094,0.0,20.0,area_core_01,3.1615285351886535
day_2,Mild cloudy day,0.35,12,3.0,5.9019,0.0,20.0,area_core_01,3.1385115638302388
day_2,Mild cloudy day,0.35,13,3.25,6.0056,0.0,20.0,area_core_01,3.1127076726965353
day_2,Mild cloudy day,0.35,14,3.5,6.1199,0.0,20.0,area_core_01,3.084266161061219
day_2,Mild cloudy day,0.35,15,3.75,6.2445,0.0,20.0,area_core_01,3.0532616785611277
day_2,Mild cloudy day,0.35,16,4.0,6.3787,0.0,20.0,area_core_01,3.0198684076822175
day_2,Mild cloudy day,0.35,17,4.25,6.522,0.0,20.0,area_core_01,2.984210764485885
day_2,Mild cloudy day,0.35,18,4.5,6.6737,0.0,20.0,area_core_01,2.9464629314580852
day_2,Mild cloudy day,0.35,19,4.75,6.8333,0.0,20.0,area_core_01,2.906749324660215
day_2,Mild cloudy day,0.35,20,5.0,7.0,0.0,20.0,area_core_01,2.865269009790511
day_2,Mild cloudy day,0.35,21,5.25,7.1731,0.0,20.0,area_core_01,2.822196169334927
day_2,Mild cloudy day,0.35,22,5.5,7.3519,0.0,20.0,area_core_01,2.777704985779419
day_2,Mild cloudy day,0.35,23,5.75,7.5357,0.0,20.0,area_core_01,2.7319696416099424
day_2,Mild cloudy day,0.35,24,6.0,7.7235,0.0,20.0,area_core_01,2.6852389689492915
day_2,Mild cloudy day,0.35,25,6.25,7.9147,0.0,20.0,area_core_01,2.637662267071142
day_2,Mild cloudy day,0.35,26,6.5,8.1084,0.0,20.0,area_core_01,2.5894634848860085
day_2,Mild cloudy day,0.35,27,6.75,8.3038,0.0,20.0,area_core_01,2.540841688092125
day_2,Mild cloudy day,0.35,28,7.0,8.5,0.0,20.0,area_core_01,2.4920208256000076
day_2,Mild cloudy day,0.35,29,7.25,8.6962,4.5782,20.0,area_core_01,2.43610796524485
day_2,Mild cloudy day,0.35,30,7.5,8.8916,9.1368,20.0,area_core_01,2.3804245325551006
day_2,Mild cloudy day,0.35,31,7.75,9.0853,13.6563,20.0,area_core_01,2.325224683500453
day_2,Mild cloudy day,0.35,32,8.0,9.2765,18.1173,20.0,area_core_01,2.2707375359303237
day_2,Mild cloudy day,0.35,33,8.25,9.4643,22.5008,20.0,area_core_01,2.2172164712744267
day_2,Mild cloudy day,0.35,34,8.5,9.6481,26.7878,20.0,area_core_01,2.1648402213256372
day_2,Mild cloudy day,0.35,35,8.75,9.8269,30.9602,20.0,area_core_01,2.1138856565539856
day_2,Mild cloudy day,0.35,36,9.0,10.0,35.0,20.0,area_core_01,2.0645548428846694
day_2,Mild cloudy day,0.35,37,9.25,10.1667,38.8899,20.0,area_core_01,2.0170487618869144
day_2,Mild cloudy day,0.35,38,9.5,10.3263,42.6133,20.0,area_core_01,1.971567310773977
day_2,Mild cloudy day,0.35,39,9.75,10.478,46.1542,20.0,area_core_01,1.928334340523418
day_2,Mild cloudy day,0.35,40,10.0,10.6213,49.4975,20.0,area_core_01,1.8874976583039973
day_2,Mild cloudy day,0.35,41,10.25,10.7555,52.6288,20.0,area_core_01,1.849253753353064
day_2,Mild cloudy day,0.35,42,10.5,10.8801,55.5347,20.0,area_core_01,1.8137477994034494
day_2,Mild cloudy day,0.35,43,10.75,10.9944,58.2029,20.0,area_core_01,1.781173032624591
day_2,Mild cloudy day,0.35,44,11.0,11.0981,60.6218,20.0,area_core_01,1.751622071980838
day_2,Mild cloudy day,0.35,45,11.25,11.1906,62.7811,20.0,area_core_01,1.7252601722694334
day_2,Mild cloudy day,0.35,46,11.5,11.2716,64.6716,20.0,area_core_01,1.7021762346628262
day_2,Mild cloudy day,0.35,47,11.75,11.3408,66.2851,20.0,area_core_01,1.682457611253509
day_2,Mild cloudy day,0.35,48,12.0,11.3978,67.6148,20.0,area_core_01,1.6662143686343138
day_2,Mild cloudy day,0.35,49,12.25,11.4424,68.655,20.0,area_core_01,1.6535051029855579
day_2,Mild cloudy day,0.35,50,12.5,11.4743,69.4011,20.0,area_core_01,1.6444115897118863
day_2,Mild cloudy day,0.35,51,12.75,11.4936,69.8501,20.0,area_core_01,1.6389135928408924
day_2,Mild cloudy day,0.35,52,13.0,11.5,70.0,20.0,area_core_01,1.6370888601693312
day_2,Mild cloudy day,0.35,53,13.25,11.4936,69.8501,20.0,area_core_01,1.6389135928408924
day_2,Mild cloudy day,0.35,54,13.5,11.4743,69.4011,20.0,area_core_01,1.6444115897118863
day_2,Mild cloudy day,0.35,55,13.75,11.4424,68.655,20.0,area_core_01,1.6535051029855579
day_2,Mild cloudy day,0.35,56,14.0,11.3978,67.6148,20.0,area_core_01,1.6662143686343138
day_2,Mild cloudy day,0.35,57,14.25,11.3408,66.2851,20.0,area_core_01,1.682457611253509
day_2,Mild cloudy day,0.35,58,14.5,11.2716,64.6716,20.0,area_core_01,1.7021762346628262
day_2,Mild cloudy day,0.35,59,14.75,11.1906,62.7811,20.0,area_core_01,1.7252601722694334
day_2,Mild cloudy day,0.35,60,15.0,11.0981,60.6218,20.0,area_core_01,1.751622071980838
day_2,Mild cloudy day,0.35,61,15.25,10.9944,58.2029,20.0,area_core_01,1.781173032624591
day_2,Mild cloudy day,0.35,62,15.5,10.8801,55.5347,20.0,area_core_01,1.8137477994034494
day_2,Mild cloudy day,0.35,63,15.75,10.7555,52.6288,20.0,area_core_01,1.849253753353064
day_2,Mild cloudy day,0.35,64,16.0,10.6213,49.4975,20.0,area_core_01,1.8874976583039973
day_2,Mild cloudy day,0.35,65,16.25,10.478,46.1542,20.0,area_core_01,1.928334340523418
day_2,Mild cloudy day,0.35,66,16.5,10.3263,42.6133,20.0,area_core_01,1.971567310773977
day_2,Mild cloudy day,0.35,67,16.75,10.1667,38.8899,20.0,area_core_01,2.0170487618869144
day_2,Mild cloudy day,0.35,68,17.0,10.0,35.0,20.0,area_core_01,2.0645548428846694
day_2,Mild cloudy day,0.35,69,17.25,9.8269,30.9602,20.0,area_core_01,2.1138856565539856
day_2,Mild cloudy day,0.35,70,17.5,9.6481,26.7878,20.0,area_core_01,2.1648402213256372
day_2,Mild cloudy day,0.35,71,17.75,9.4643,22.5008,20.0,area_core_01,2.2172164712744267
day_2,Mild cloudy day,0.35,72,18.0,9.2765,18.1173,20.0,area_core_01,2.2707375359303237
day_2,Mild cloudy day,0.35,73,18.25,9.0853,13.6563,20.0,area_core_01,2.325224683500453
day_2,Mild cloudy day,0.35,74,18.5,8.8916,9.1368,20.0,area_core_01,2.3804245325551006
day_2,Mild cloudy day,0.35,75,18.75,8.6962,4.5782,20.0,area_core_01,2.43610796524485
day_2,Mild cloudy day,0.35,76,19.0,8.5,0.0,20.0,area_core_01,2.4920208256000076
day_2,Mild cloudy day,0.35,77,19.25,8.3038,0.0,20.0,area_core_01,2.540841688092125
day_2,Mild cloudy day,0.35,78,19.5,8.1084,0.0,20.0,area_core_01,2.5894634848860085
day_2,Mild cloudy day,0.35,79,19.75,7.9147,0.0,20.0,area_core_01,2.637662267071142
day_2,Mild cloudy day,0.35,80,20.0,7.7235,0.0,20.0,area_core_01,2.6852389689492915
day_2,Mild cloudy day,0.35,81,20.25,7.5357,0.0,20.0,area_core_01,2.7319696416099424
day_2,Mild cloudy day,0.35,82,20.5,7.3519,0.0,20.0,area_core_01,2.777704985779419
day_2,Mild cloudy day,0.35,83,20.75,7.1731,0.0,20.0,area_core_01,2.822196169334927
day_2,Mild cloudy day,0.35,84,21.0,7.0,0.0,20.0,area_core_01,2.865269009790511
day_2,Mild cloudy day,0.35,85,21.25,6.8333,0.0,20.0,area_core_01,2.906749324660215
day_2,Mild cloudy day,0.35,86,21.5,6.6737,0.0,20.0,area_core_01,2.9464629314580852
day_2,Mild cloudy day,0.35,87,21.75,6.522,0.0,20.0,area_core_01,2.984210764485885
day_2,Mild cloudy day,0.35,88,22.0,6.3787,0.0,20.0,area_core_01,3.0198684076822175
day_2,Mild cloudy day,0.35,89,22.25,6.2445,0.0,20.0,area_core_01,3.0532616785611277
day_2,Mild cloudy day,0.35,90,22.5,6.1199,0.0,20.0,area_core_01,3.084266161061219
day_2,Mild cloudy day,0.35,91,22.75,6.0056,0.0,20.0,area_core_01,3.1127076726965353
day_2,Mild cloudy day,0.35,92,23.0,5.9019,0.0,20.0,area_core_01,3.1385115638302388
day_2,Mild cloudy day,0.35,93,23.25,5.8094,0.0,20.0,area_core_01,3.1615285351886535
day_2,Mild cloudy day,0.35,94,23.5,5.7284,0.0,20.0,area_core_01,3.1816839371349404
day_2,Mild cloudy day,0.35,95,23.75,5.6592,0.0,20.0,area_core_01,3.1989031200322624
day_2,Mild cloudy day,0.35,0,0.0,5.6022,0.0,20.0,area_core_02,3.0360415342912326
day_2,Mild cloudy day,0.35,1,0.25,5.5576,0.0,20.0,area_core_02,3.048706083048697
day_2,Mild cloudy day,0.35,2,0.5,5.5257,0.0,20.0,area_core_02,3.0577643589537002
day_2,Mild cloudy day,0.35,3,0.75,5.5064,0.0,20.0,area_core_02,3.0632447578554745
day_2,Mild cloudy day,0.35,4,1.0,5.5,0.0,20.0,area_core_02,3.065062092206321
day_2,Mild cloudy day,0.35,5,1.25,5.5064,0.0,20.0,area_core_02,3.0632447578554745
day_2,Mild cloudy day,0.35,6,1.5,5.5257,0.0,20.0,area_core_02,3.0577643589537002
day_2,Mild cloudy day,0.35,7,1.75,5.5576,0.0,20.0,area_core_02,3.048706083048697
day_2,Mild cloudy day,0.35,8,2.0,5.6022,0.0,20.0,area_core_02,3.0360415342912326
day_2,Mild cloudy day,0.35,9,2.25,5.6592,0.0,20.0,area_core_02,3.0198559002290004
day_2,Mild cloudy day,0.35,10,2.5,5.7284,0.0,20.0,area_core_02,3.000205972560467
day_2,Mild cloudy day,0.35,11,2.75,5.8094,0.0,20.0,area_core_02,2.9772053346825587
day_2,Mild cloudy day,0.35,12,3.0,5.9019,0.0,20.0,area_core_02,2.950939174142972
day_2,Mild cloudy day,0.35,13,3.25,6.0056,0.0,20.0,area_core_02,2.921492678489404
day_2,Mild cloudy day,0.35,14,3.5,6.1199,0.0,20.0,area_core_02,2.8890362228172446
day_2,Mild cloudy day,0.35,15,3.75,6.2445,0.0,20.0,area_core_02,2.8536549946741916
day_2,Mild cloudy day,0.35,16,4.0,6.3787,0.0,20.0,area_core_02,2.815547765004868
day_2,Mild cloudy day,0.35,17,4.25,6.522,0.0,20.0,area_core_02,2.7748565130554326
day_2,Mild cloudy day,0.35,18,4.5,6.6737,0.0,20.0,area_core_02,2.731780009770511
day_2,Mild cloudy day,0.35,19,4.75,6.8333,0.0,20.0,area_core_02,2.6864602343962627
day_2,Mild cloudy day,0.35,20,5.0,7.0,0.0,20.0,area_core_02,2.639124353726544
day_2,Mild cloudy day,0.35,21,5.25,7.1731,0.0,20.0,area_core_02,2.5899711387059776
day_2,Mild cloudy day,0.35,22,5.5,7.3519,0.0,20.0,area_core_02,2.539199360279188
day_2,Mild cloudy day,0.35,23,5.75,7.5357,0.0,20.0,area_core_02,2.487007789390799
day_2,Mild cloudy day,0.35,24,6.0,7.7235,0.0,20.0,area_core_02,2.4336803845331314
day_2,Mild cloudy day,0.35,25,6.25,7.9147,0.0,20.0,area_core_02,2.3793875208015756
day_2,Mild cloudy day,0.35,26,6.5,8.1084,0.0,20.0,area_core_02,2.324384760839221
day_2,Mild cloudy day,0.35,27,6.75,8.3038,0.0,20.0,area_core_02,2.2688992714399214
day_2,Mild cloudy day,0.35,28,7.0,8.5,0.0,20.0,area_core_02,2.2131866152467667
day_2,Mild cloudy day,0.35,29,7.25,8.6962,4.5782,20.0,area_core_02,2.146997437910027
day_2,Mild cloudy day,0.35,30,7.5,8.8916,9.1368,20.0,area_core_02,2.0810802790150422
day_2,Mild cloudy day,0.35,31,7.75,9.0853,13.6563,20.0,area_core_02,2.0157353240178617
day_2,Mild cloudy day,0.35,32,8.0,9.2765,18.1173,20.0,area_core_02,1.951234133690366
day_2,Mild cloudy day,0.35,33,8.25,9.4643,22.5008,20.0,area_core_02,1.8878757493139118
day_2,Mild cloudy day,0.35,34,8.5,9.6481,26.7878,20.0,area_core_02,1.8258740246221616
day_2,Mild cloudy day,0.35,35,8.75,9.8269,30.9602,20.0,area_core_02,1.7655543372312603
day_2,Mild cloudy day,0.35,36,9.0,10.0,35.0,20.0,area_core_02,1.7071566483747203
day_2,Mild cloudy day,0.35,37,9.25,10.1667,38.8899,20.0,area_core_02,1.650919317441484
day_2,Mild cloudy day,0.35,38,9.5,10.3263,42.6133,20.0,area_core_02,1.5970791019759278
day_2,Mild cloudy day,0.35,39,9.75,10.478,46.1542,20.0,area_core_02,1.5458997823620295
day_2,Mild cloudy day,0.35,40,10.0,10.6213,49.4975,20.0,area_core_02,1.497557891921627
day_2,Mild cloudy day,0.35,41,10.25,10.7555,52.6288,20.0,area_core_02,1.4522851538304542
day_2,Mild cloudy day,0.35,42,10.5,10.8801,55.5347,20.0,area_core_02,1.4102542112163976
day_2,Mild cloudy day,0.35,43,10.75,10.9944,58.2029,20.0,area_core_02,1.3716919817214885
day_2,Mild cloudy day,0.35,44,11.0,11.0981,60.6218,20.0,area_core_02,1.336710197746261
day_2,Mild cloudy day,0.35,45,11.25,11.1906,62.7811,20.0,area_core_02,1.3055028043847485
day_2,Mild cloudy day,0.35,46,11.5,11.2716,64.6716,20.0,area_core_02,1.2781760419989665
day_2,Mild cloudy day,0.35,47,11.75,11.3408,66.2851,20.0,area_core_02,1.2548338626015492
day_2,Mild cloudy day,0.35,48,12.0,11.3978,67.6148,20.0,area_core_02,1.2356054103652265
day_2,Mild cloudy day,0.35,49,12.25,11.4424,68.655,20.0,area_core_02,1.2205605205799428
day_2,Mild cloudy day,0.35,50,12.5,11.4743,69.4011,20.0,area_core_02,1.2097949072005545
day_2,Mild cloudy day,0.35,51,12.75,11.4936,69.8501,20.0,area_core_02,1.2032870394259774
day_2,Mild cloudy day,0.35,52,13.0,11.5,70.0,20.0,area_core_02,1.2011266815026735
day_2,Mild cloudy day,0.35,53,13.25,11.4936,69.8501,20.0,area_core_02,1.2032870394259774
day_2,Mild cloudy day,0.35,54,13.5,11.4743,69.4011,20.0,area_core_02,1.2097949072005545
day_2,Mild cloudy day,0.35,55,13.75,11.4424,68.655,20.0,area_core_02,1.2205605205799428
day_2,Mild cloudy day,0.35,56,14.0,11.3978,67.6148,20.0,area_core_02,1.2356054103652265
day_2,Mild cloudy day,0.35,57,14.25,11.3408,66.2851,20.0,area_core_02,1.2548338626015492
day_2,Mild cloudy day,0.35,58,14.5,11.2716,64.6716,20.0,area_core_02,1.2781760419989665
day_2,Mild cloudy day,0.35,59,14.75,11.1906,62.7811,20.0,area_core_02,1.3055028043847485
day_2,Mild cloudy day,0.35,60,15.0,11.0981,60.6218,20.0,area_core_02,1.336710197746261
day_2,Mild cloudy day,0.35,61,15.25,10.9944,58.2029,20.0,area_core_02,1.3716919817214885
day_2,Mild cloudy day,0.35,62,15.5,10.8801,55.5347,20.0,area_core_02,1.4102542112163976
day_2,Mild cloudy day,0.35,63,15.75,10.7555,52.6288,20.0,area_core_02,1.4522851538304542
day_2,Mild cloudy day,0.35,64,16.0,10.6213,49.4975,20.0,area_core_02,1.497557891921627
day_2,Mild cloudy day,0.35,65,16.25,10.478,46.1542,20.0,area_core_02,1.5458997823620295
day_2,Mild cloudy day,0.35,66,16.5,10.3263,42.6133,20.0,area_core_02,1.5970791019759278
day_2,Mild cloudy day,0.35,67,16.75,10.1667,38.8899,20.0,area_core_02,1.650919317441484
day_2,Mild cloudy day,0.35,68,17.0,10.0,35.0,20.0,area_core_02,1.7071566483747203
day_2,Mild cloudy day,0.35,69,17.25,9.8269,30.9602,20.0,area_core_02,1.7655543372312603
day_2,Mild cloudy day,0.35,70,17.5,9.6481,26.7878,20.0,area_core_02,1.8258740246221616
day_2,Mild cloudy day,0.35,71,17.75,9.4643,22.5008,20.0,area_core_02,1.8878757493139118
day_2,Mild cloudy day,0.35,72,18.0,9.2765,18.1173,20.0,area_core_02,1.951234133690366
day_2,Mild cloudy day,0.35,73,18.25,9.0853,13.6563,20.0,area_core_02,2.0157353240178617
day_2,Mild cloudy day,0.35,74,18.5,8.8916,9.1368,20.0,area_core_02,2.0810802790150422
day_2,Mild cloudy day,0.35,75,18.75,8.6962,4.5782,20.0,area_core_02,2.146997437910027
day_2,Mild cloudy day,0.35,76,19.0,8.5,0.0,20.0,area_core_02,2.2131866152467667
day_2,Mild cloudy day,0.35,77,19.25,8.3038,0.0,20.0,area_core_02,2.2688992714399214
day_2,Mild cloudy day,0.35,78,19.5,8.1084,0.0,20.0,area_core_02,2.324384760839221
day_2,Mild cloudy day,0.35,79,19.75,7.9147,0.0,20.0,area_core_02,2.3793875208015756
day_2,Mild cloudy day,0.35,80,20.0,7.7235,0.0,20.0,area_core_02,2.4336803845331314
day_2,Mild cloudy day,0.35,81,20.25,7.5357,0.0,20.0,area_core_02,2.487007789390799
day_2,Mild cloudy day,0.35,82,20.5,7.3519,0.0,20.0,area_core_02,2.539199360279188
day_2,Mild cloudy day,0.35,83,20.75,7.1731,0.0,20.0,area_core_02,2.5899711387059776
day_2,Mild cloudy day,0.35,84,21.0,7.0,0.0,20.0,area_core_02,2.639124353726544
day_2,Mild cloudy day,0.35,85,21.25,6.8333,0.0,20.0,area_core_02,2.6864602343962627
day_2,Mild cloudy day,0.35,86,21.5,6.6737,0.0,20.0,area_core_02,2.731780009770511
day_2,Mild cloudy day,0.35,87,21.75,6.522,0.0,20.0,area_core_02,2.7748565130554326
day_2,Mild cloudy day,0.35,88,22.0,6.3787,0.0,20.0,area_core_02,2.815547765004868
day_2,Mild cloudy day,0.35,89,22.25,6.2445,0.0,20.0,area_core_02,2.8536549946741916
day_2,Mild cloudy day,0.35,90,22.5,6.1199,0.0,20.0,area_core_02,2.8890362228172446
day_2,Mild cloudy day,0.35,91,22.75,6.0056,0.0,20.0,area_core_02,2.921492678489404
day_2,Mild cloudy day,0.35,92,23.0,5.9019,0.0,20.0,area_core_02,2.950939174142972
day_2,Mild cloudy day,0.35,93,23.25,5.8094,0.0,20.0,area_core_02,2.9772053346825587
day_2,Mild cloudy day,0.35,94,23.5,5.7284,0.0,20.0,area_core_02,3.000205972560467
day_2,Mild cloudy day,0.35,95,23.75,5.6592,0.0,20.0,area_core_02,3.0198559002290004
day_2,Mild cloudy day,0.35,0,0.0,5.6022,0.0,20.0,area_core_03,3.0196797369932713
day_2,Mild cloudy day,0.35,1,0.25,5.5576,0.0,20.0,area_core_03,3.0301068610342
day_2,Mild cloudy day,0.35,2,0.5,5.5257,0.0,20.0,area_core_03,3.037564826435672
day_2,Mild cloudy day,0.35,3,0.75,5.5064,0.0,20.0,area_core_03,3.042077012399572
day_2,Mild cloudy day,0.35,4,1.0,5.5,0.0,20.0,area_core_03,3.0435732813202434
day_2,Mild cloudy day,0.35,5,1.25,5.5064,0.0,20.0,area_core_03,3.042077012399572
day_2,Mild cloudy day,0.35,6,1.5,5.5257,0.0,20.0,area_core_03,3.037564826435672
day_2,Mild cloudy day,0.35,7,1.75,5.5576,0.0,20.0,area_core_03,3.0301068610342
day_2,Mild cloudy day,0.35,8,2.0,5.6022,0.0,20.0,area_core_03,3.0196797369932713
day_2,Mild cloudy day,0.35,9,2.25,5.6592,0.0,20.0,area_core_03,3.0063535919185407
day_2,Mild cloudy day,0.35,10,2.5,5.7284,0.0,20.0,area_core_03,2.9901751842137805
day_2,Mild cloudy day,0.35,11,2.75,5.8094,0.0,20.0,area_core_03,2.9712380306865325
day_2,Mild cloudy day,0.35,12,3.0,5.9019,0.0,20.0,area_core_03,2.949612268942453
day_2,Mild cloudy day,0.35,13,3.25,6.0056,0.0,20.0,area_core_03,2.925368036587198
day_2,Mild cloudy day,0.35,14,3.5,6.1199,0.0,20.0,area_core_03,2.8986456088320813
day_2,Mild cloudy day,0.35,15,3.75,6.2445,0.0,20.0,area_core_03,2.869515123282759
day_2,Mild cloudy day,0.35,16,4.0,6.3787,0.0,20.0,area_core_03,2.8381402343524296
day_2,Mild cloudy day,0.35,17,4.25,6.522,0.0,20.0,area_core_03,2.80463783805052
day_2,Mild cloudy day,0.35,18,4.5,6.6737,0.0,20.0,area_core_03,2.7691715887902295
day_2,Mild cloudy day,0.35,19,4.75,6.8333,0.0,20.0,area_core_03,2.7318583825809846
day_2,Mild cloudy day,0.35,20,5.0,7.0,0.0,20.0,area_core_03,2.6928852530378706
day_2,Mild cloudy day,0.35,21,5.25,7.1731,0.0,20.0,area_core_03,2.652415854574085
day_2,Mild cloudy day,0.35,22,5.5,7.3519,0.0,20.0,area_core_03,2.610613841602826
day_2,Mild cloudy day,0.35,23,5.75,7.5357,0.0,20.0,area_core_03,2.5676428685372925
day_2,Mild cloudy day,0.35,24,6.0,7.7235,0.0,20.0,area_core_03,2.5237367273963396
day_2,Mild cloudy day,0.35,25,6.25,7.9147,0.0,20.0,area_core_03,2.4790356933912796
day_2,Mild cloudy day,0.35,26,6.5,8.1084,0.0,20.0,area_core_03,2.4337501793390826
day_2,Mild cloudy day,0.35,27,6.75,8.3038,0.0,20.0,area_core_03,2.388067218854832
day_2,Mild cloudy day,0.35,28,7.0,8.5,0.0,20.0,area_core_03,2.342197224755498
day_2,Mild cloudy day,0.35,29,7.25,8.6962,4.5782,20.0,area_core_03,2.2876132496661334
day_2,Mild cloudy day,0.35,30,7.5,8.8916,9.1368,20.0,area_core_03,2.2332536141259327
day_2,Mild cloudy day,0.35,31,7.75,9.0853,13.6563,20.0,area_core_03,2.1793658465495467
day_2,Mild cloudy day,0.35,32,8.0,9.2765,18.1173,20.0,area_core_03,2.1261739058133426
day_2,Mild cloudy day,0.35,33,8.25,9.4643,22.5008,20.0,area_core_03,2.0739243686499798
day_2,Mild cloudy day,0.35,34,8.5,9.6481,26.7878,20.0,area_core_03,2.0227936741864605
day_2,Mild cloudy day,0.35,35,8.75,9.8269,30.9602,20.0,area_core_03,1.973050065329744
day_2,Mild cloudy day,0.35,36,9.0,10.0,35.0,20.0,area_core_03,1.924891457044735
day_2,Mild cloudy day,0.35,37,9.25,10.1667,38.8899,20.0,area_core_03,1.8785144319415492
day_2,Mild cloudy day,0.35,38,9.5,10.3263,42.6133,20.0,area_core_03,1.8341142402755142
day_2,Mild cloudy day,0.35,39,9.75,10.478,46.1542,20.0,area_core_03,1.7919083694854527
day_2,Mild cloudy day,0.35,40,10.0,10.6213,49.4975,20.0,area_core_03,1.752042456376945
day_2,Mild cloudy day,0.35,41,10.25,10.7555,52.6288,20.0,area_core_03,1.7147075638045552
day_2,Mild cloudy day,0.35,42,10.5,10.8801,55.5347,20.0,area_core_03,1.6800460928550907
day_2,Mild cloudy day,0.35,43,10.75,10.9944,58.2029,20.0,area_core_03,1.6482451093187505
day_2,Mild cloudy day,0.35,44,11.0,11.0981,60.6218,20.0,area_core_03,1.6193968298234003
day_2,Mild cloudy day,0.35,45,11.25,11.1906,62.7811,20.0,area_core_03,1.593661134229386
day_2,Mild cloudy day,0.35,46,11.5,11.2716,64.6716,20.0,area_core_03,1.5711256710910133
day_2,Mild cloudy day,0.35,47,11.75,11.3408,66.2851,20.0,area_core_03,1.5518761855986043
day_2,Mild cloudy day,0.35,48,12.0,11.3978,67.6148,20.0,area_core_03,1.5360191374347898
day_2,Mild cloudy day,0.35,49,12.25,11.4424,68.655,20.0,area_core_03,1.5236121341780495
day_2,Mild cloudy day,0.35,50,12.5,11.4743,69.4011,20.0,area_core_03,1.5147340689083624
day_2,Mild cloudy day,0.35,51,12.75,11.4936,69.8501,20.0,area_core_03,1.5093672725157954
day_2,Mild cloudy day,0.35,52,13.0,11.5,70.0,20.0,area_core_03,1.5075856893339723
day_2,Mild cloudy day,0.35,53,13.25,11.4936,69.8501,20.0,area_core_03,1.5093672725157954
day_2,Mild cloudy day,0.35,54,13.5,11.4743,69.4011,20.0,area_core_03,1.5147340689083624
day_2,Mild cloudy day,0.35,55,13.75,11.4424,68.655,20.0,area_core_03,1.5236121341780495
day_2,Mild cloudy day,0.35,56,14.0,11.3978,67.6148,20.0,area_core_03,1.5360191374347898
day_2,Mild cloudy day,0.35,57,14.25,11.3408,66.2851,20.0,area_core_03,1.5518761855986043
day_2,Mild cloudy day,0.35,58,14.5,11.2716,64.6716,20.0,area_core_03,1.5711256710910133
day_2,Mild cloudy day,0.35,59,14.75,11.1906,62.7811,20.0,area_core_03,1.593661134229386
day_2,Mild cloudy day,0.35,60,15.0,11.0981,60.6218,20.0,area_core_03,1.6193968298234003
day_2,Mild cloudy day,0.35,61,15.25,10.9944,58.2029,20.0,area_core_03,1.6482451093187505
day_2,Mild cloudy day,0.35,62,15.5,10.8801,55.5347,20.0,area_core_03,1.6800460928550907
day_2,Mild cloudy day,0.35,63,15.75,10.7555,52.6288,20.0,area_core_03,1.7147075638045552
day_2,Mild cloudy day,0.35,64,16.0,10.6213,49.4975,20.0,area_core_03,1.752042456376945
day_2,Mild cloudy day,0.35,65,16.25,10.478,46.1542,20.0,area_core_03,1.7919083694854527
day_2,Mild cloudy day,0.35,66,16.5,10.3263,42.6133,20.0,area_core_03,1.8341142402755142
day_2,Mild cloudy day,0.35,67,16.75,10.1667,38.8899,20.0,area_core_03,1.8785144319415492
day_2,Mild cloudy day,0.35,68,17.0,10.0,35.0,20.0,area_core_03,1.924891457044735
day_2,Mild cloudy day,0.35,69,17.25,9.8269,30.9602,20.0,area_core_03,1.973050065329744
day_2,Mild cloudy day,0.35,70,17.5,9.6481,26.7878,20.0,area_core_03,2.0227936741864605
day_2,Mild cloudy day,0.35,71,17.75,9.4643,22.5008,20.0,area_core_03,2.0739243686499798
day_2,Mild cloudy day,0.35,72,18.0,9.2765,18.1173,20.0,area_core_03,2.1261739058133426
day_2,Mild cloudy day,0.35,73,18.25,9.0853,13.6563,20.0,area_core_03,2.1793658465495467
day_2,Mild cloudy day,0.35,74,18.5,8.8916,9.1368,20.0,area_core_03,2.2332536141259327
day_2,Mild cloudy day,0.35,75,18.75,8.6962,4.5782,20.0,area_core_03,2.2876132496661334
day_2,Mild cloudy day,0.35,76,19.0,8.5,0.0,20.0,area_core_03,2.342197224755498
day_2,Mild cloudy day,0.35,77,19.25,8.3038,0.0,20.0,area_core_03,2.388067218854832
day_2,Mild cloudy day,0.35,78,19.5,8.1084,0.0,20.0,area_core_03,2.4337501793390826
day_2,Mild cloudy day,0.35,79,19.75,7.9147,0.0,20.0,area_core_03,2.4790356933912796
day_2,Mild cloudy day,0.35,80,20.0,7.7235,0.0,20.0,area_core_03,2.5237367273963396
day_2,Mild cloudy day,0.35,81,20.25,7.5357,0.0,20.0,area_core_03,2.5676428685372925
day_2,Mild cloudy day,0.35,82,20.5,7.3519,0.0,20.0,area_core_03,2.610613841602826
day_2,Mild cloudy day,0.35,83,20.75,7.1731,0.0,20.0,area_core_03,2.652415854574085
day_2,Mild cloudy day,0.35,84,21.0,7.0,0.0,20.0,area_core_03,2.6928852530378706
day_2,Mild cloudy day,0.35,85,21.25,6.8333,0.0,20.0,area_core_03,2.7318583825809846
day_2,Mild cloudy day,0.35,86,21.5,6.6737,0.0,20.0,area_core_03,2.7691715887902295
day_2,Mild cloudy day,0.35,87,21.75,6.522,0.0,20.0,area_core_03,2.80463783805052
day_2,Mild cloudy day,0.35,88,22.0,6.3787,0.0,20.0,area_core_03,2.8381402343524296
day_2,Mild cloudy day,0.35,89,22.25,6.2445,0.0,20.0,area_core_03,2.869515123282759
day_2,Mild cloudy day,0.35,90,22.5,6.1199,0.0,20.0,area_core_03,2.8986456088320813
day_2,Mild cloudy day,0.35,91,22.75,6.0056,0.0,20.0,area_core_03,2.925368036587198
day_2,Mild cloudy day,0.35,92,23.0,5.9019,0.0,20.0,area_core_03,2.949612268942453
day_2,Mild cloudy day,0.35,93,23.25,5.8094,0.0,20.0,area_core_03,2.9712380306865325
day_2,Mild cloudy day,0.35,94,23.5,5.7284,0.0,20.0,area_core_03,2.9901751842137805
day_2,Mild cloudy day,0.35,95,23.75,5.6592,0.0,20.0,area_core_03,3.0063535919185407
day_2,Mild cloudy day,0.35,0,0.0,5.6022,0.0,20.0,area_core_04,4.894283017830849
day_2,Mild cloudy day,0.35,1,0.25,5.5576,0.0,20.0,area_core_04,4.909757719002729
day_2,Mild cloudy day,0.35,2,0.5,5.5257,0.0,20.0,area_core_04,4.920825946970957
day_2,Mild cloudy day,0.35,3,0.75,5.5064,0.0,20.0,area_core_04,4.927522398374933
day_2,Mild cloudy day,0.35,4,1.0,5.5,0.0,20.0,area_core_04,4.929742983296458
day_2,Mild cloudy day,0.35,5,1.25,5.5064,0.0,20.0,area_core_04,4.927522398374933
day_2,Mild cloudy day,0.35,6,1.5,5.5257,0.0,20.0,area_core_04,4.920825946970957
day_2,Mild cloudy day,0.35,7,1.75,5.5576,0.0,20.0,area_core_04,4.909757719002729
day_2,Mild cloudy day,0.35,8,2.0,5.6022,0.0,20.0,area_core_04,4.894283017830849
day_2,Mild cloudy day,0.35,9,2.25,5.6592,0.0,20.0,area_core_04,4.874505933373515
day_2,Mild cloudy day,0.35,10,2.5,5.7284,0.0,20.0,area_core_04,4.850495858909522
day_2,Mild cloudy day,0.35,11,2.75,5.8094,0.0,20.0,area_core_04,4.822391580996467
day_2,Mild cloudy day,0.35,12,3.0,5.9019,0.0,20.0,area_core_04,4.790297189552545
day_2,Mild cloudy day,0.35,13,3.25,6.0056,0.0,20.0,area_core_04,4.754316774495955
day_2,Mild cloudy day,0.35,14,3.5,6.1199,0.0,20.0,area_core_04,4.714658515663087
day_2,Mild cloudy day,0.35,15,3.75,6.2445,0.0,20.0,area_core_04,4.671426502972141
day_2,Mild cloudy day,0.35,16,4.0,6.3787,0.0,20.0,area_core_04,4.624863612898906
day_2,Mild cloudy day,0.35,17,4.25,6.522,0.0,20.0,area_core_04,4.575143328640378
day_2,Mild cloudy day,0.35,18,4.5,6.6737,0.0,20.0,area_core_04,4.522508526672347
day_2,Mild cloudy day,0.35,19,4.75,6.8333,0.0,20.0,area_core_04,4.467132690191808
day_2,Mild cloudy day,0.35,20,5.0,7.0,0.0,20.0,area_core_04,4.409293392313953
day_2,Mild cloudy day,0.35,21,5.25,7.1731,0.0,20.0,area_core_04,4.349233509514572
day_2,Mild cloudy day,0.35,22,5.5,7.3519,0.0,20.0,area_core_04,4.2871959182694575
day_2,Mild cloudy day,0.35,23,5.75,7.5357,0.0,20.0,area_core_04,4.223423495054401
day_2,Mild cloudy day,0.35,24,6.0,7.7235,0.0,20.0,area_core_04,4.158263206263392
day_2,Mild cloudy day,0.35,25,6.25,7.9147,0.0,20.0,area_core_04,4.091923231732822
day_2,Mild cloudy day,0.35,26,6.5,8.1084,0.0,20.0,area_core_04,4.024715841217281
day_2,Mild cloudy day,0.35,27,6.75,8.3038,0.0,20.0,area_core_04,3.9569186078319594
day_2,Mild cloudy day,0.35,28,7.0,8.5,0.0,20.0,area_core_04,3.888843801331448
day_2,Mild cloudy day,0.35,29,7.25,8.6962,4.5782,20.0,area_core_04,3.8002524362502896
day_2,Mild cloudy day,0.35,30,7.5,8.8916,9.1368,20.0,area_core_04,3.7120264789241753
day_2,Mild cloudy day,0.35,31,7.75,9.0853,13.6563,20.0,area_core_04,3.6245655856116326
day_2,Mild cloudy day,0.35,32,8.0,9.2765,18.1173,20.0,area_core_04,3.53823426779587
day_2,Mild cloudy day,0.35,33,8.25,9.4643,22.5008,20.0,area_core_04,3.4534299410558265
day_2,Mild cloudy day,0.35,34,8.5,9.6481,26.7878,20.0,area_core_04,3.3704459310522434
day_2,Mild cloudy day,0.35,35,8.75,9.8269,30.9602,20.0,area_core_04,3.289710316780198
day_2,Mild cloudy day,0.35,36,9.0,10.0,35.0,20.0,area_core_04,3.2115466391806557
day_2,Mild cloudy day,0.35,37,9.25,10.1667,38.8899,20.0,area_core_04,3.1362753022431566
day_2,Mild cloudy day,0.35,38,9.5,10.3263,42.6133,20.0,area_core_04,3.064213573005818
day_2,Mild cloudy day,0.35,39,9.75,10.478,46.1542,20.0,area_core_04,2.9957107263306506
day_2,Mild cloudy day,0.35,40,10.0,10.6213,49.4975,20.0,area_core_04,2.9310079139382093
day_2,Mild cloudy day,0.35,41,10.25,10.7555,52.6288,20.0,area_core_04,2.8704125438764247
day_2,Mild cloudy day,0.35,42,10.5,10.8801,55.5347,20.0,area_core_04,2.814158149555251
day_2,Mild cloudy day,0.35,43,10.75,10.9944,58.2029,20.0,area_core_04,2.762542728168349
day_2,Mild cloudy day,0.35,44,11.0,11.0981,60.6218,20.0,area_core_04,2.7157223534003596
day_2,Mild cloudy day,0.35,45,11.25,11.1906,62.7811,20.0,area_core_04,2.6739513630871903
day_2,Mild cloudy day,0.35,46,11.5,11.2716,64.6716,20.0,area_core_04,2.6373750756514593
day_2,Mild cloudy day,0.35,47,11.75,11.3408,66.2851,20.0,area_core_04,2.6061343281566085
day_2,Mild cloudy day,0.35,48,12.0,11.3978,67.6148,20.0,area_core_04,2.5803983804026314
day_2,Mild cloudy day,0.35,49,12.25,11.4424,68.655,20.0,area_core_04,2.5602621694156302
day_2,Mild cloudy day,0.35,50,12.5,11.4743,69.4011,20.0,area_core_04,2.545850399366012
day_2,Mild cloudy day,0.35,51,12.75,11.4936,69.8501,20.0,area_core_04,2.5371418176919063
day_2,Mild cloudy day,0.35,52,13.0,11.5,70.0,20.0,area_core_04,2.5342494770298636
day_2,Mild cloudy day,0.35,53,13.25,11.4936,69.8501,20.0,area_core_04,2.5371418176919063
day_2,Mild cloudy day,0.35,54,13.5,11.4743,69.4011,20.0,area_core_04,2.545850399366012
day_2,Mild cloudy day,0.35,55,13.75,11.4424,68.655,20.0,area_core_04,2.5602621694156302
day_2,Mild cloudy day,0.35,56,14.0,11.3978,67.6148,20.0,area_core_04,2.5803983804026314
day_2,Mild cloudy day,0.35,57,14.25,11.3408,66.2851,20.0,area_core_04,2.6061343281566085
day_2,Mild cloudy day,0.35,58,14.5,11.2716,64.6716,20.0,area_core_04,2.6373750756514593
day_2,Mild cloudy day,0.35,59,14.75,11.1906,62.7811,20.0,area_core_04,2.6739513630871903
day_2,Mild cloudy day,0.35,60,15.0,11.0981,60.6218,20.0,area_core_04,2.7157223534003596
day_2,Mild cloudy day,0.35,61,15.25,10.9944,58.2029,20.0,area_core_04,2.762542728168349
day_2,Mild cloudy day,0.35,62,15.5,10.8801,55.5347,20.0,area_core_04,2.814158149555251
day_2,Mild cloudy day,0.35,63,15.75,10.7555,52.6288,20.0,area_core_04,2.8704125438764247
day_2,Mild cloudy day,0.35,64,16.0,10.6213,49.4975,20.0,area_core_04,2.9310079139382093
day_2,Mild cloudy day,0.35,65,16.25,10.478,46.1542,20.0,area_core_04,2.9957107263306506
day_2,Mild cloudy day,0.35,66,16.5,10.3263,42.6133,20.0,area_core_04,3.064213573005818
day_2,Mild cloudy day,0.35,67,16.75,10.1667,38.8899,20.0,area_core_04,3.1362753022431566
day_2,Mild cloudy day,0.35,68,17.0,10.0,35.0,20.0,area_core_04,3.2115466391806557
day_2,Mild cloudy day,0.35,69,17.25,9.8269,30.9602,20.0,area_core_04,3.289710316780198
day_2,Mild cloudy day,0.35,70,17.5,9.6481,26.7878,20.0,area_core_04,3.3704459310522434
day_2,Mild cloudy day,0.35,71,17.75,9.4643,22.5008,20.0,area_core_04,3.4534299410558265
day_2,Mild cloudy day,0.35,72,18.0,9.2765,18.1173,20.0,area_core_04,3.53823426779587
day_2,Mild cloudy day,0.35,73,18.25,9.0853,13.6563,20.0,area_core_04,3.6245655856116326
day_2,Mild cloudy day,0.35,74,18.5,8.8916,9.1368,20.0,area_core_04,3.7120264789241753
day_2,Mild cloudy day,0.35,75,18.75,8.6962,4.5782,20.0,area_core_04,3.8002524362502896
day_2,Mild cloudy day,0.35,76,19.0,8.5,0.0,20.0,area_core_04,3.888843801331448
day_2,Mild cloudy day,0.35,77,19.25,8.3038,0.0,20.0,area_core_04,3.9569186078319594
day_2,Mild cloudy day,0.35,78,19.5,8.1084,0.0,20.0,area_core_04,4.024715841217281
day_2,Mild cloudy day,0.35,79,19.75,7.9147,0.0,20.0,area_core_04,4.091923231732822
day_2,Mild cloudy day,0.35,80,20.0,7.7235,0.0,20.0,area_core_04,4.158263206263392
day_2,Mild cloudy day,0.35,81,20.25,7.5357,0.0,20.0,area_core_04,4.223423495054401
day_2,Mild cloudy day,0.35,82,20.5,7.3519,0.0,20.0,area_core_04,4.2871959182694575
day_2,Mild cloudy day,0.35,83,20.75,7.1731,0.0,20.0,area_core_04,4.349233509514572
day_2,Mild cloudy day,0.35,84,21.0,7.0,0.0,20.0,area_core_04,4.409293392313953
day_2,Mild cloudy day,0.35,85,21.25,6.8333,0.0,20.0,area_core_04,4.467132690191808
day_2,Mild cloudy day,0.35,86,21.5,6.6737,0.0,20.0,area_core_04,4.522508526672347
day_2,Mild cloudy day,0.35,87,21.75,6.522,0.0,20.0,area_core_04,4.575143328640378
day_2,Mild cloudy day,0.35,88,22.0,6.3787,0.0,20.0,area_core_04,4.624863612898906
day_2,Mild cloudy day,0.35,89,22.25,6.2445,0.0,20.0,area_core_04,4.671426502972141
day_2,Mild cloudy day,0.35,90,22.5,6.1199,0.0,20.0,area_core_04,4.714658515663087
day_2,Mild cloudy day,0.35,91,22.75,6.0056,0.0,20.0,area_core_04,4.754316774495955
day_2,Mild cloudy day,0.35,92,23.0,5.9019,0.0,20.0,area_core_04,4.790297189552545
day_2,Mild cloudy day,0.35,93,23.25,5.8094,0.0,20.0,area_core_04,4.822391580996467
day_2,Mild cloudy day,0.35,94,23.5,5.7284,0.0,20.0,area_core_04,4.850495858909522
day_2,Mild cloudy day,0.35,95,23.75,5.6592,0.0,20.0,area_core_04,4.874505933373515
day_2,Mild cloudy day,0.35,0,0.0,5.6022,0.0,20.0,area_core_05,3.9650793106065696
day_2,Mild cloudy day,0.35,1,0.25,5.5576,0.0,20.0,area_core_05,3.974691736255784
day_2,Mild cloudy day,0.35,2,0.5,5.5257,0.0,20.0,area_core_05,3.9815669913725986
day_2,Mild cloudy day,0.35,3,0.75,5.5064,0.0,20.0,area_core_05,3.9857266284808914
day_2,Mild cloudy day,0.35,4,1.0,5.5,0.0,20.0,area_core_05,3.9871059900090295
day_2,Mild cloudy day,0.35,5,1.25,5.5064,0.0,20.0,area_core_05,3.9857266284808914
day_2,Mild cloudy day,0.35,6,1.5,5.5257,0.0,20.0,area_core_05,3.9815669913725986
day_2,Mild cloudy day,0.35,7,1.75,5.5576,0.0,20.0,area_core_05,3.974691736255784
day_2,Mild cloudy day,0.35,8,2.0,5.6022,0.0,20.0,area_core_05,3.9650793106065696
day_2,Mild cloudy day,0.35,9,2.25,5.6592,0.0,20.0,area_core_05,3.952794371996587
day_2,Mild cloudy day,0.35,10,2.5,5.7284,0.0,20.0,area_core_05,3.9378800254735906
day_2,Mild cloudy day,0.35,11,2.75,5.8094,0.0,20.0,area_core_05,3.9204224811330888
day_2,Mild cloudy day,0.35,12,3.0,5.9019,0.0,20.0,area_core_05,3.9004863965467136
day_2,Mild cloudy day,0.35,13,3.25,6.0056,0.0,20.0,area_core_05,3.878136429286096
day_2,Mild cloudy day,0.35,14,3.5,6.1199,0.0,20.0,area_core_05,3.8535018944944994
day_2,Mild cloudy day,0.35,15,3.75,6.2445,0.0,20.0,area_core_05,3.826647449743555
day_2,Mild cloudy day,0.35,16,4.0,6.3787,0.0,20.0,area_core_05,3.7977239627004034
day_2,Mild cloudy day,0.35,17,4.25,6.522,0.0,20.0,area_core_05,3.7668391959844296
day_2,Mild cloudy day,0.35,18,4.5,6.6737,0.0,20.0,area_core_05,3.7341440172627745
day_2,Mild cloudy day,0.35,19,4.75,6.8333,0.0,20.0,area_core_05,3.699746189154823
day_2,Mild cloudy day,0.35,20,5.0,7.0,0.0,20.0,area_core_05,3.6638181318515937
day_2,Mild cloudy day,0.35,21,5.25,7.1731,0.0,20.0,area_core_05,3.6265107130202257
day_2,Mild cloudy day,0.35,22,5.5,7.3519,0.0,20.0,area_core_05,3.587974800327859
day_2,Mild cloudy day,0.35,23,5.75,7.5357,0.0,20.0,area_core_05,3.5483612614416344
day_2,Mild cloudy day,0.35,24,6.0,7.7235,0.0,20.0,area_core_05,3.5078856216003236
day_2,Mild cloudy day,0.35,25,6.25,7.9147,0.0,20.0,area_core_05,3.466677195947189
day_2,Mild cloudy day,0.35,26,6.5,8.1084,0.0,20.0,area_core_05,3.4249299571971257
day_2,Mild cloudy day,0.35,27,6.75,8.3038,0.0,20.0,area_core_05,3.38281632554115
day_2,Mild cloudy day,0.35,28,7.0,8.5,0.0,20.0,area_core_05,3.340530273694158
day_2,Mild cloudy day,0.35,29,7.25,8.6962,4.5782,20.0,area_core_05,3.2774729568764505
day_2,Mild cloudy day,0.35,30,7.5,8.8916,9.1368,20.0,area_core_05,3.2146769853280497
day_2,Mild cloudy day,0.35,31,7.75,9.0853,13.6563,20.0,area_core_05,3.1524248031427615
day_2,Mild cloudy day,0.35,32,8.0,9.2765,18.1173,20.0,area_core_05,3.0909768481911346
day_2,Mild cloudy day,0.35,33,8.25,9.4643,22.5008,20.0,area_core_05,3.030613296070079
day_2,Mild cloudy day,0.35,34,8.5,9.6481,26.7878,20.0,area_core_05,2.9715496648048725
day_2,Mild cloudy day,0.35,35,8.75,9.8269,30.9602,20.0,area_core_05,2.914083599221892
day_2,Mild cloudy day,0.35,36,9.0,10.0,35.0,20.0,area_core_05,2.858447632876502
day_2,Mild cloudy day,0.35,37,9.25,10.1667,38.8899,20.0,area_core_05,2.804871123428416
day_2,Mild cloudy day,0.35,38,9.5,10.3263,42.6133,20.0,area_core_05,2.7535802526416915
day_2,Mild cloudy day,0.35,39,9.75,10.478,46.1542,20.0,area_core_05,2.704820032607991
day_2,Mild cloudy day,0.35,40,10.0,10.6213,49.4975,20.0,area_core_05,2.6587667345529344
day_2,Mild cloudy day,0.35,41,10.25,10.7555,52.6288,20.0,area_core_05,2.615636558854241
day_2,Mild cloudy day,0.35,42,10.5,10.8801,55.5347,20.0,area_core_05,2.575598063848087
day_2,Mild cloudy day,0.35,43,10.75,10.9944,58.2029,20.0,area_core_05,2.538857922225233
day_2,Mild cloudy day,0.35,44,11.0,11.0981,60.6218,20.0,area_core_05,2.505533420685279
day_2,Mild cloudy day,0.35,45,11.25,11.1906,62.7811,20.0,area_core_05,2.475800605407526
day_2,Mild cloudy day,0.35,46,11.5,11.2716,64.6716,20.0,area_core_05,2.4497658743064776
day_2,Mild cloudy day,0.35,47,11.75,11.3408,66.2851,20.0,area_core_05,2.427531088302845
day_2,Mild cloudy day,0.35,48,12.0,11.3978,67.6148,20.0,area_core_05,2.409213309049911
day_2,Mild cloudy day,0.35,49,12.25,11.4424,68.655,20.0,area_core_05,2.394881502460035
day_2,Mild cloudy day,0.35,50,12.5,11.4743,69.4011,20.0,area_core_05,2.3846211962762833
day_2,Mild cloudy day,0.35,51,12.75,11.4936,69.8501,20.0,area_core_05,2.37842444895615
day_2,Mild cloudy day,0.35,52,13.0,11.5,70.0,20.0,area_core_05,2.3763649920588468
day_2,Mild cloudy day,0.35,53,13.25,11.4936,69.8501,20.0,area_core_05,2.37842444895615
day_2,Mild cloudy day,0.35,54,13.5,11.4743,69.4011,20.0,area_core_05,2.3846211962762833
day_2,Mild cloudy day,0.35,55,13.75,11.4424,68.655,20.0,area_core_05,2.394881502460035
day_2,Mild cloudy day,0.35,56,14.0,11.3978,67.6148,20.0,area_core_05,2.409213309049911
day_2,Mild cloudy day,0.35,57,14.25,11.3408,66.2851,20.0,area_core_05,2.427531088302845
day_2,Mild cloudy day,0.35,58,14.5,11.2716,64.6716,20.0,area_core_05,2.4497658743064776
day_2,Mild cloudy day,0.35,59,14.75,11.1906,62.7811,20.0,area_core_05,2.475800605407526
day_2,Mild cloudy day,0.35,60,15.0,11.0981,60.6218,20.0,area_core_05,2.505533420685279
day_2,Mild cloudy day,0.35,61,15.25,10.9944,58.2029,20.0,area_core_05,2.538857922225233
day_2,Mild cloudy day,0.35,62,15.5,10.8801,55.5347,20.0,area_core_05,2.575598063848087
day_2,Mild cloudy day,0.35,63,15.75,10.7555,52.6288,20.0,area_core_05,2.615636558854241
day_2,Mild cloudy day,0.35,64,16.0,10.6213,49.4975,20.0,area_core_05,2.6587667345529344
day_2,Mild cloudy day,0.35,65,16.25,10.478,46.1542,20.0,area_core_05,2.704820032607991
day_2,Mild cloudy day,0.35,66,16.5,10.3263,42.6133,20.0,area_core_05,2.7535802526416915
day_2,Mild cloudy day,0.35,67,16.75,10.1667,38.8899,20.0,area_core_05,2.804871123428416
day_2,Mild cloudy day,0.35,68,17.0,10.0,35.0,20.0,area_core_05,2.858447632876502
day_2,Mild cloudy day,0.35,69,17.25,9.8269,30.9602,20.0,area_core_05,2.914083599221892
day_2,Mild cloudy day,0.35,70,17.5,9.6481,26.7878,20.0,area_core_05,2.9715496648048725
day_2,Mild cloudy day,0.35,71,17.75,9.4643,22.5008,20.0,area_core_05,3.030613296070079
day_2,Mild cloudy day,0.35,72,18.0,9.2765,18.1173,20.0,area_core_05,3.0909768481911346
day_2,Mild cloudy day,0.35,73,18.25,9.0853,13.6563,20.0,area_core_05,3.1524248031427615
day_2,Mild cloudy day,0.35,74,18.5,8.8916,9.1368,20.0,area_core_05,3.2146769853280497
day_2,Mild cloudy day,0.35,75,18.75,8.6962,4.5782,20.0,area_core_05,3.2774729568764505
day_2,Mild cloudy day,0.35,76,19.0,8.5,0.0,20.0,area_core_05,3.340530273694158
day_2,Mild cloudy day,0.35,77,19.25,8.3038,0.0,20.0,area_core_05,3.38281632554115
day_2,Mild cloudy day,0.35,78,19.5,8.1084,0.0,20.0,area_core_05,3.4249299571971257
day_2,Mild cloudy day,0.35,79,19.75,7.9147,0.0,20.0,area_core_05,3.466677195947189
day_2,Mild cloudy day,0.35,80,20.0,7.7235,0.0,20.0,area_core_05,3.5078856216003236
day_2,Mild cloudy day,0.35,81,20.25,7.5357,0.0,20.0,area_core_05,3.5483612614416344
day_2,Mild cloudy day,0.35,82,20.5,7.3519,0.0,20.0,area_core_05,3.587974800327859
day_2,Mild cloudy day,0.35,83,20.75,7.1731,0.0,20.0,area_core_05,3.6265107130202257
day_2,Mild cloudy day,0.35,84,21.0,7.0,0.0,20.0,area_core_05,3.6638181318515937
day_2,Mild cloudy day,0.35,85,21.25,6.8333,0.0,20.0,area_core_05,3.699746189154823
day_2,Mild cloudy day,0.35,86,21.5,6.6737,0.0,20.0,area_core_05,3.7341440172627745
day_2,Mild cloudy day,0.35,87,21.75,6.522,0.0,20.0,area_core_05,3.7668391959844296
day_2,Mild cloudy day,0.35,88,22.0,6.3787,0.0,20.0,area_core_05,3.7977239627004034
day_2,Mild cloudy day,0.35,89,22.25,6.2445,0.0,20.0,area_core_05,3.826647449743555
day_2,Mild cloudy day,0.35,90,22.5,6.1199,0.0,20.0,area_core_05,3.8535018944944994
day_2,Mild cloudy day,0.35,91,22.75,6.0056,0.0,20.0,area_core_05,3.878136429286096
day_2,Mild cloudy day,0.35,92,23.0,5.9019,0.0,20.0,area_core_05,3.9004863965467136
day_2,Mild cloudy day,0.35,93,23.25,5.8094,0.0,20.0,area_core_05,3.9204224811330888
day_2,Mild cloudy day,0.35,94,23.5,5.7284,0.0,20.0,area_core_05,3.9378800254735906
day_2,Mild cloudy day,0.35,95,23.75,5.6592,0.0,20.0,area_core_05,3.952794371996587
day_2,Mild cloudy day,0.35,0,0.0,5.6022,0.0,20.0,area_core_06,1.4569839219002025
day_2,Mild cloudy day,0.35,1,0.25,5.5576,0.0,20.0,area_core_06,1.4633179542656252
day_2,Mild cloudy day,0.35,2,0.5,5.5257,0.0,20.0,area_core_06,1.4678483496121948
day_2,Mild cloudy day,0.35,3,0.75,5.5064,0.0,20.0,area_core_06,1.4705893098062006
day_2,Mild cloudy day,0.35,4,1.0,5.5,0.0,20.0,area_core_06,1.4714982292487724
day_2,Mild cloudy day,0.35,5,1.25,5.5064,0.0,20.0,area_core_06,1.4705893098062006
day_2,Mild cloudy day,0.35,6,1.5,5.5257,0.0,20.0,area_core_06,1.4678483496121948
day_2,Mild cloudy day,0.35,7,1.75,5.5576,0.0,20.0,area_core_06,1.4633179542656252
day_2,Mild cloudy day,0.35,8,2.0,5.6022,0.0,20.0,area_core_06,1.4569839219002025
day_2,Mild cloudy day,0.35,9,2.25,5.6592,0.0,20.0,area_core_06,1.4488888581147967
day_2,Mild cloudy day,0.35,10,2.5,5.7284,0.0,20.0,area_core_06,1.4390611666419884
day_2,Mild cloudy day,0.35,11,2.75,5.8094,0.0,20.0,area_core_06,1.4275576549469382
day_2,Mild cloudy day,0.35,12,3.0,5.9019,0.0,20.0,area_core_06,1.414420928628516
day_2,Mild cloudy day,0.35,13,3.25,6.0056,0.0,20.0,area_core_06,1.3996935932855936
day_2,Mild cloudy day,0.35,14,3.5,6.1199,0.0,20.0,area_core_06,1.3834608601159117
day_2,Mild cloudy day,0.35,15,3.75,6.2445,0.0,20.0,area_core_06,1.3657653347183403
day_2,Mild cloudy day,0.35,16,4.0,6.3787,0.0,20.0,area_core_06,1.3467064301569112
day_2,Mild cloudy day,0.35,17,4.25,6.522,0.0,20.0,area_core_06,1.3263551557630753
day_2,Mild cloudy day,0.35,18,4.5,6.6737,0.0,20.0,area_core_06,1.3048109246008637
day_2,Mild cloudy day,0.35,19,4.75,6.8333,0.0,20.0,area_core_06,1.2821447460017277
day_2,Mild cloudy day,0.35,20,5.0,7.0,0.0,20.0,area_core_06,1.2584702348959884
day_2,Mild cloudy day,0.35,21,5.25,7.1731,0.0,20.0,area_core_06,1.233886804347677
day_2,Mild cloudy day,0.35,22,5.5,7.3519,0.0,20.0,area_core_06,1.2084938674208252
day_2,Mild cloudy day,0.35,23,5.75,7.5357,0.0,20.0,area_core_06,1.1823908371794638
day_2,Mild cloudy day,0.35,24,6.0,7.7235,0.0,20.0,area_core_06,1.1557197322864954
day_2,Mild cloudy day,0.35,25,6.25,7.9147,0.0,20.0,area_core_06,1.1285657639396605
day_2,Mild cloudy day,0.35,26,6.5,8.1084,0.0,20.0,area_core_06,1.1010567489355712
day_2,Mild cloudy day,0.35,27,6.75,8.3038,0.0,20.0,area_core_06,1.0733063022045481
day_2,Mild cloudy day,0.35,28,7.0,8.5,0.0,20.0,area_core_06,1.045442240543204
day_2,Mild cloudy day,0.35,29,7.25,8.6962,4.5782,20.0,area_core_06,0.9972582254909509
day_2,Mild cloudy day,0.35,30,7.5,8.8916,9.1368,20.0,area_core_06,0.9492748183108871
day_2,Mild cloudy day,0.35,31,7.75,9.0853,13.6563,20.0,area_core_06,0.901706384899953
day_2,Mild cloudy day,0.35,32,8.0,9.2765,18.1173,20.0,area_core_06,0.8547526454472586
day_2,Mild cloudy day,0.35,33,8.25,9.4643,22.5008,20.0,area_core_06,0.8086257466420427
day_2,Mild cloudy day,0.35,34,8.5,9.6481,26.7878,20.0,area_core_06,0.7634952295746736
day_2,Mild cloudy day,0.35,35,8.75,9.8269,30.9602,20.0,area_core_06,0.7195834482268201
day_2,Mild cloudy day,0.35,36,9.0,10.0,35.0,20.0,area_core_06,0.677069707139739
day_2,Mild cloudy day,0.35,37,9.25,10.1667,38.8899,20.0,area_core_06,0.6361302039639068
day_2,Mild cloudy day,0.35,38,9.5,10.3263,42.6133,20.0,area_core_06,0.5969380294590193
day_2,Mild cloudy day,0.35,39,9.75,10.478,46.1542,20.0,area_core_06,0.5596778132018202
day_2,Mild cloudy day,0.35,40,10.0,10.6213,49.4975,20.0,area_core_06,0.5244875845963229
day_2,Mild cloudy day,0.35,41,10.25,10.7555,52.6288,20.0,area_core_06,0.4915306698883398
day_2,Mild cloudy day,0.35,42,10.5,10.8801,55.5347,20.0,area_core_06,0.4609375531757006
day_2,Mild cloudy day,0.35,43,10.75,10.9944,58.2029,20.0,area_core_06,0.4328622400318748
day_2,Mild cloudy day,0.35,44,11.0,11.0981,60.6218,20.0,area_core_06,0.4073988216743897
day_2,Mild cloudy day,0.35,45,11.25,11.1906,62.7811,20.0,area_core_06,0.38467822497962123
day_2,Mild cloudy day,0.35,46,11.5,11.2716,64.6716,20.0,area_core_06,0.3647838889681335
day_2,Mild cloudy day,0.35,47,11.75,11.3408,66.2851,20.0,area_core_06,0.3477948142450886
day_2,Mild cloudy day,0.35,48,12.0,11.3978,67.6148,20.0,area_core_06,0.3337979895003773
day_2,Mild cloudy day,0.35,49,12.25,11.4424,68.655,20.0,area_core_06,0.32284711743436845
day_2,Mild cloudy day,0.35,50,12.5,11.4743,69.4011,20.0,area_core_06,0.3150052203567787
day_2,Mild cloudy day,0.35,51,12.75,11.4936,69.8501,20.0,area_core_06,0.3102714116475227
day_2,Mild cloudy day,0.35,52,13.0,11.5,70.0,20.0,area_core_06,0.3086971737362739
day_2,Mild cloudy day,0.35,53,13.25,11.4936,69.8501,20.0,area_core_06,0.3102714116475227
day_2,Mild cloudy day,0.35,54,13.5,11.4743,69.4011,20.0,area_core_06,0.3150052203567787
day_2,Mild cloudy day,0.35,55,13.75,11.4424,68.655,20.0,area_core_06,0.32284711743436845
day_2,Mild cloudy day,0.35,56,14.0,11.3978,67.6148,20.0,area_core_06,0.3337979895003773
day_2,Mild cloudy day,0.35,57,14.25,11.3408,66.2851,20.0,area_core_06,0.3477948142450886
day_2,Mild cloudy day,0.35,58,14.5,11.2716,64.6716,20.0,area_core_06,0.3647838889681335
day_2,Mild cloudy day,0.35,59,14.75,11.1906,62.7811,20.0,area_core_06,0.38467822497962123
day_2,Mild cloudy day,0.35,60,15.0,11.0981,60.6218,20.0,area_core_06,0.4073988216743897
day_2,Mild cloudy day,0.35,61,15.25,10.9944,58.2029,20.0,area_core_06,0.4328622400318748
day_2,Mild cloudy day,0.35,62,15.5,10.8801,55.5347,20.0,area_core_06,0.4609375531757006
day_2,Mild cloudy day,0.35,63,15.75,10.7555,52.6288,20.0,area_core_06,0.4915306698883398
day_2,Mild cloudy day,0.35,64,16.0,10.6213,49.4975,20.0,area_core_06,0.5244875845963229
day_2,Mild cloudy day,0.35,65,16.25,10.478,46.1542,20.0,area_core_06,0.5596778132018202
day_2,Mild cloudy day,0.35,66,16.5,10.3263,42.6133,20.0,area_core_06,0.5969380294590193
day_2,Mild cloudy day,0.35,67,16.75,10.1667,38.8899,20.0,area_core_06,0.6361302039639068
day_2,Mild cloudy day,0.35,68,17.0,10.0,35.0,20.0,area_core_06,0.677069707139739
day_2,Mild cloudy day,0.35,69,17.25,9.8269,30.9602,20.0,area_core_06,0.7195834482268201
day_2,Mild cloudy day,0.35,70,17.5,9.6481,26.7878,20.0,area_core_06,0.7634952295746736
day_2,Mild cloudy day,0.35,71,17.75,9.4643,22.5008,20.0,area_core_06,0.8086257466420427
day_2,Mild cloudy day,0.35,72,18.0,9.2765,18.1173,20.0,area_core_06,0.8547526454472586
day_2,Mild cloudy day,0.35,73,18.25,9.0853,13.6563,20.0,area_core_06,0.901706384899953
day_2,Mild cloudy day,0.35,74,18.5,8.8916,9.1368,20.0,area_core_06,0.9492748183108871
day_2,Mild cloudy day,0.35,75,18.75,8.6962,4.5782,20.0,area_core_06,0.9972582254909509
day_2,Mild cloudy day,0.35,76,19.0,8.5,0.0,20.0,area_core_06,1.045442240543204
day_2,Mild cloudy day,0.35,77,19.25,8.3038,0.0,20.0,area_core_06,1.0733063022045481
day_2,Mild cloudy day,0.35,78,19.5,8.1084,0.0,20.0,area_core_06,1.1010567489355712
day_2,Mild cloudy day,0.35,79,19.75,7.9147,0.0,20.0,area_core_06,1.1285657639396605
day_2,Mild cloudy day,0.35,80,20.0,7.7235,0.0,20.0,area_core_06,1.1557197322864954
day_2,Mild cloudy day,0.35,81,20.25,7.5357,0.0,20.0,area_core_06,1.1823908371794638
day_2,Mild cloudy day,0.35,82,20.5,7.3519,0.0,20.0,area_core_06,1.2084938674208252
day_2,Mild cloudy day,0.35,83,20.75,7.1731,0.0,20.0,area_core_06,1.233886804347677
day_2,Mild cloudy day,0.35,84,21.0,7.0,0.0,20.0,area_core_06,1.2584702348959884
day_2,Mild cloudy day,0.35,85,21.25,6.8333,0.0,20.0,area_core_06,1.2821447460017277
day_2,Mild cloudy day,0.35,86,21.5,6.6737,0.0,20.0,area_core_06,1.3048109246008637
day_2,Mild cloudy day,0.35,87,21.75,6.522,0.0,20.0,area_core_06,1.3263551557630753
day_2,Mild cloudy day,0.35,88,22.0,6.3787,0.0,20.0,area_core_06,1.3467064301569112
day_2,Mild cloudy day,0.35,89,22.25,6.2445,0.0,20.0,area_core_06,1.3657653347183403
day_2,Mild cloudy day,0.35,90,22.5,6.1199,0.0,20.0,area_core_06,1.3834608601159117
day_2,Mild cloudy day,0.35,91,22.75,6.0056,0.0,20.0,area_core_06,1.3996935932855936
day_2,Mild cloudy day,0.35,92,23.0,5.9019,0.0,20.0,area_core_06,1.414420928628516
day_2,Mild cloudy day,0.35,93,23.25,5.8094,0.0,20.0,area_core_06,1.4275576549469382
day_2,Mild cloudy day,0.35,94,23.5,5.7284,0.0,20.0,area_core_06,1.4390611666419884
day_2,Mild cloudy day,0.35,95,23.75,5.6592,0.0,20.0,area_core_06,1.4488888581147967
day_2,Mild cloudy day,0.35,0,0.0,5.6022,0.0,20.0,area_core_07,3.627675608409307
day_2,Mild cloudy day,0.35,1,0.25,5.5576,0.0,20.0,area_core_07,3.637254428679962
day_2,Mild cloudy day,0.35,2,0.5,5.5257,0.0,20.0,area_core_07,3.6441056476627853
day_2,Mild cloudy day,0.35,3,0.75,5.5064,0.0,20.0,area_core_07,3.6482507425332713
day_2,Mild cloudy day,0.35,4,1.0,5.5,0.0,20.0,area_core_07,3.6496252817649344
day_2,Mild cloudy day,0.35,5,1.25,5.5064,0.0,20.0,area_core_07,3.6482507425332713
day_2,Mild cloudy day,0.35,6,1.5,5.5257,0.0,20.0,area_core_07,3.6441056476627853
day_2,Mild cloudy day,0.35,7,1.75,5.5576,0.0,20.0,area_core_07,3.637254428679962
day_2,Mild cloudy day,0.35,8,2.0,5.6022,0.0,20.0,area_core_07,3.627675608409307
day_2,Mild cloudy day,0.35,9,2.25,5.6592,0.0,20.0,area_core_07,3.6154336183773035
day_2,Mild cloudy day,0.35,10,2.5,5.7284,0.0,20.0,area_core_07,3.6005714129349418
day_2,Mild cloudy day,0.35,11,2.75,5.8094,0.0,20.0,area_core_07,3.5831749007841998
day_2,Mild cloudy day,0.35,12,3.0,5.9019,0.0,20.0,area_core_07,3.563308513451563
day_2,Mild cloudy day,0.35,13,3.25,6.0056,0.0,20.0,area_core_07,3.541036682463514
day_2,Mild cloudy day,0.35,14,3.5,6.1199,0.0,20.0,area_core_07,3.5164882708730234
day_2,Mild cloudy day,0.35,15,3.75,6.2445,0.0,20.0,area_core_07,3.489727710206574
day_2,Mild cloudy day,0.35,16,4.0,6.3787,0.0,20.0,area_core_07,3.460905340692629
day_2,Mild cloudy day,0.35,17,4.25,6.522,0.0,20.0,area_core_07,3.430128548208663
day_2,Mild cloudy day,0.35,18,4.5,6.6737,0.0,20.0,area_core_07,3.397547672983138
day_2,Mild cloudy day,0.35,19,4.75,6.8333,0.0,20.0,area_core_07,3.363270100893528
day_2,Mild cloudy day,0.35,20,5.0,7.0,0.0,20.0,area_core_07,3.3274676493437925
day_2,Mild cloudy day,0.35,21,5.25,7.1731,0.0,20.0,area_core_07,3.290290658562393
day_2,Mild cloudy day,0.35,22,5.5,7.3519,0.0,20.0,area_core_07,3.251889468777792
day_2,Mild cloudy day,0.35,23,5.75,7.5357,0.0,20.0,area_core_07,3.2124144202184555
day_2,Mild cloudy day,0.35,24,6.0,7.7235,0.0,20.0,area_core_07,3.1720802846393283
day_2,Mild cloudy day,0.35,25,6.25,7.9147,0.0,20.0,area_core_07,3.1310159250933802
day_2,Mild cloudy day,0.35,26,6.5,8.1084,0.0,20.0,area_core_07,3.089414636160063
day_2,Mild cloudy day,0.35,27,6.75,8.3038,0.0,20.0,area_core_07,3.047448235243335
day_2,Mild cloudy day,0.35,28,7.0,8.5,0.0,20.0,area_core_07,3.0053100169226505
day_2,Mild cloudy day,0.35,29,7.25,8.6962,4.5782,20.0,area_core_07,2.9370166081009472
day_2,Mild cloudy day,0.35,30,7.5,8.8916,9.1368,20.0,area_core_07,2.869006991200221
day_2,Mild cloudy day,0.35,31,7.75,9.0853,13.6563,20.0,area_core_07,2.8015858640183904
day_2,Mild cloudy day,0.35,32,8.0,9.2765,18.1173,20.0,area_core_07,2.7350358758793183
day_2,Mild cloudy day,0.35,33,8.25,9.4643,22.5008,20.0,area_core_07,2.66965886808814
day_2,Mild cloudy day,0.35,34,8.5,9.6481,26.7878,20.0,area_core_07,2.605692250423507
day_2,Mild cloudy day,0.35,35,8.75,9.8269,30.9602,20.0,area_core_07,2.5434541996790436
day_2,Mild cloudy day,0.35,36,9.0,10.0,35.0,20.0,area_core_07,2.483197889823333
day_2,Mild cloudy day,0.35,37,9.25,10.1667,38.8899,20.0,area_core_07,2.4251724957350635
day_2,Mild cloudy day,0.35,38,9.5,10.3263,42.6133,20.0,area_core_07,2.369623193203034
day_2,Mild cloudy day,0.35,39,9.75,10.478,46.1542,20.0,area_core_07,2.3168132074001964
day_2,Mild cloudy day,0.35,40,10.0,10.6213,49.4975,20.0,area_core_07,2.266936190286014
day_2,Mild cloudy day,0.35,41,10.25,10.7555,52.6288,20.0,area_core_07,2.2202247490810474
day_2,Mild cloudy day,0.35,42,10.5,10.8801,55.5347,20.0,area_core_07,2.1768628236693033
day_2,Mild cloudy day,0.35,43,10.75,10.9944,58.2029,20.0,area_core_07,2.1370710240016604
day_2,Mild cloudy day,0.35,44,11.0,11.0981,60.6218,20.0,area_core_07,2.1009800522371256
day_2,Mild cloudy day,0.35,45,11.25,11.1906,62.7811,20.0,area_core_07,2.0687776151799575
day_2,Mild cloudy day,0.35,46,11.5,11.2716,64.6716,20.0,area_core_07,2.040580703823813
day_2,Mild cloudy day,0.35,47,11.75,11.3408,66.2851,20.0,area_core_07,2.016500596176787
day_2,Mild cloudy day,0.35,48,12.0,11.3978,67.6148,20.0,area_core_07,1.9966620492426816
day_2,Mild cloudy day,0.35,49,12.25,11.4424,68.655,20.0,area_core_07,1.9811405813901912
day_2,Mild cloudy day,0.35,50,12.5,11.4743,69.4011,20.0,area_core_07,1.9700269038793858
day_2,Mild cloudy day,0.35,51,12.75,11.4936,69.8501,20.0,area_core_07,1.9633166784914573
day_2,Mild cloudy day,0.35,52,13.0,11.5,70.0,20.0,area_core_07,1.961085762724015
day_2,Mild cloudy day,0.35,53,13.25,11.4936,69.8501,20.0,area_core_07,1.9633166784914573
day_2,Mild cloudy day,0.35,54,13.5,11.4743,69.4011,20.0,area_core_07,1.9700269038793858
day_2,Mild cloudy day,0.35,55,13.75,11.4424,68.655,20.0,area_core_07,1.9811405813901912
day_2,Mild cloudy day,0.35,56,14.0,11.3978,67.6148,20.0,area_core_07,1.9966620492426816
day_2,Mild cloudy day,0.35,57,14.25,11.3408,66.2851,20.0,area_core_07,2.016500596176787
day_2,Mild cloudy day,0.35,58,14.5,11.2716,64.6716,20.0,area_core_07,2.040580703823813
day_2,Mild cloudy day,0.35,59,14.75,11.1906,62.7811,20.0,area_core_07,2.0687776151799575
day_2,Mild cloudy day,0.35,60,15.0,11.0981,60.6218,20.0,area_core_07,2.1009800522371256
day_2,Mild cloudy day,0.35,61,15.25,10.9944,58.2029,20.0,area_core_07,2.1370710240016604
day_2,Mild cloudy day,0.35,62,15.5,10.8801,55.5347,20.0,area_core_07,2.1768628236693033
day_2,Mild cloudy day,0.35,63,15.75,10.7555,52.6288,20.0,area_core_07,2.2202247490810474
day_2,Mild cloudy day,0.35,64,16.0,10.6213,49.4975,20.0,area_core_07,2.266936190286014
day_2,Mild cloudy day,0.35,65,16.25,10.478,46.1542,20.0,area_core_07,2.3168132074001964
day_2,Mild cloudy day,0.35,66,16.5,10.3263,42.6133,20.0,area_core_07,2.369623193203034
day_2,Mild cloudy day,0.35,67,16.75,10.1667,38.8899,20.0,area_core_07,2.4251724957350635
day_2,Mild cloudy day,0.35,68,17.0,10.0,35.0,20.0,area_core_07,2.483197889823333
day_2,Mild cloudy day,0.35,69,17.25,9.8269,30.9602,20.0,area_core_07,2.5434541996790436
day_2,Mild cloudy day,0.35,70,17.5,9.6481,26.7878,20.0,area_core_07,2.605692250423507
day_2,Mild cloudy day,0.35,71,17.75,9.4643,22.5008,20.0,area_core_07,2.66965886808814
day_2,Mild cloudy day,0.35,72,18.0,9.2765,18.1173,20.0,area_core_07,2.7350358758793183
day_2,Mild cloudy day,0.35,73,18.25,9.0853,13.6563,20.0,area_core_07,2.8015858640183904
day_2,Mild cloudy day,0.35,74,18.5,8.8916,9.1368,20.0,area_core_07,2.869006991200221
day_2,Mild cloudy day,0.35,75,18.75,8.6962,4.5782,20.0,area_core_07,2.9370166081009472
day_2,Mild cloudy day,0.35,76,19.0,8.5,0.0,20.0,area_core_07,3.0053100169226505
day_2,Mild cloudy day,0.35,77,19.25,8.3038,0.0,20.0,area_core_07,3.047448235243335
day_2,Mild cloudy day,0.35,78,19.5,8.1084,0.0,20.0,area_core_07,3.089414636160063
day_2,Mild cloudy day,0.35,79,19.75,7.9147,0.0,20.0,area_core_07,3.1310159250933802
day_2,Mild cloudy day,0.35,80,20.0,7.7235,0.0,20.0,area_core_07,3.1720802846393283
day_2,Mild cloudy day,0.35,81,20.25,7.5357,0.0,20.0,area_core_07,3.2124144202184555
day_2,Mild cloudy day,0.35,82,20.5,7.3519,0.0,20.0,area_core_07,3.251889468777792
day_2,Mild cloudy day,0.35,83,20.75,7.1731,0.0,20.0,area_core_07,3.290290658562393
day_2,Mild cloudy day,0.35,84,21.0,7.0,0.0,20.0,area_core_07,3.3274676493437925
day_2,Mild cloudy day,0.35,85,21.25,6.8333,0.0,20.0,area_core_07,3.363270100893528
day_2,Mild cloudy day,0.35,86,21.5,6.6737,0.0,20.0,area_core_07,3.397547672983138
day_2,Mild cloudy day,0.35,87,21.75,6.522,0.0,20.0,area_core_07,3.430128548208663
day_2,Mild cloudy day,0.35,88,22.0,6.3787,0.0,20.0,area_core_07,3.460905340692629
day_2,Mild cloudy day,0.35,89,22.25,6.2445,0.0,20.0,area_core_07,3.489727710206574
day_2,Mild cloudy day,0.35,90,22.5,6.1199,0.0,20.0,area_core_07,3.5164882708730234
day_2,Mild cloudy day,0.35,91,22.75,6.0056,0.0,20.0,area_core_07,3.541036682463514
day_2,Mild cloudy day,0.35,92,23.0,5.9019,0.0,20.0,area_core_07,3.563308513451563
day_2,Mild cloudy day,0.35,93,23.25,5.8094,0.0,20.0,area_core_07,3.5831749007841998
day_2,Mild cloudy day,0.35,94,23.5,5.7284,0.0,20.0,area_core_07,3.6005714129349418
day_2,Mild cloudy day,0.35,95,23.75,5.6592,0.0,20.0,area_core_07,3.6154336183773035
day_2,Mild cloudy day,0.35,0,0.0,5.6022,0.0,20.0,area_core_08,5.077119381873505
day_2,Mild cloudy day,0.35,1,0.25,5.5576,0.0,20.0,area_core_08,5.097692731221053
day_2,Mild cloudy day,0.35,2,0.5,5.5257,0.0,20.0,area_core_08,5.112407750149008
day_2,Mild cloudy day,0.35,3,0.75,5.5064,0.0,20.0,area_core_08,5.121310567243351
day_2,Mild cloudy day,0.35,4,1.0,5.5,0.0,20.0,area_core_08,5.124262796746138
day_2,Mild cloudy day,0.35,5,1.25,5.5064,0.0,20.0,area_core_08,5.121310567243351
day_2,Mild cloudy day,0.35,6,1.5,5.5257,0.0,20.0,area_core_08,5.112407750149008
day_2,Mild cloudy day,0.35,7,1.75,5.5576,0.0,20.0,area_core_08,5.097692731221053
day_2,Mild cloudy day,0.35,8,2.0,5.6022,0.0,20.0,area_core_08,5.077119381873505
day_2,Mild cloudy day,0.35,9,2.25,5.6592,0.0,20.0,area_core_08,5.050826087864307
day_2,Mild cloudy day,0.35,10,2.5,5.7284,0.0,20.0,area_core_08,5.018905106365421
day_2,Mild cloudy day,0.35,11,2.75,5.8094,0.0,20.0,area_core_08,4.9815409517207705
day_2,Mild cloudy day,0.35,12,3.0,5.9019,0.0,20.0,area_core_08,4.9388720096883
day_2,Mild cloudy day,0.35,13,3.25,6.0056,0.0,20.0,area_core_08,4.891036666025951
day_2,Mild cloudy day,0.35,14,3.5,6.1199,0.0,20.0,area_core_08,4.838311692249611
day_2,Mild cloudy day,0.35,15,3.75,6.2445,0.0,20.0,area_core_08,4.780835474117224
day_2,Mild cloudy day,0.35,16,4.0,6.3787,0.0,20.0,area_core_08,4.718930911730657
day_2,Mild cloudy day,0.35,17,4.25,6.522,0.0,20.0,area_core_08,4.652828648019812
day_2,Mild cloudy day,0.35,18,4.5,6.6737,0.0,20.0,area_core_08,4.58285158308656
day_2,Mild cloudy day,0.35,19,4.75,6.8333,0.0,20.0,area_core_08,4.509230359860805
day_2,Mild cloudy day,0.35,20,5.0,7.0,0.0,20.0,area_core_08,4.432334007030396
day_2,Mild cloudy day,0.35,21,5.25,7.1731,0.0,20.0,area_core_08,4.3524854246972
day_2,Mild cloudy day,0.35,22,5.5,7.3519,0.0,20.0,area_core_08,4.270007512963083
day_2,Mild cloudy day,0.35,23,5.75,7.5357,0.0,20.0,area_core_08,4.185223171929914
day_2,Mild cloudy day,0.35,24,6.0,7.7235,0.0,20.0,area_core_08,4.0985936874575035
day_2,Mild cloudy day,0.35,25,6.25,7.9147,0.0,20.0,area_core_08,4.010395831061737
day_2,Mild cloudy day,0.35,26,6.5,8.1084,0.0,20.0,area_core_08,3.9210447600164446
day_2,Mild cloudy day,0.35,27,6.75,8.3038,0.0,20.0,area_core_08,3.8309095030094733
day_2,Mild cloudy day,0.35,28,7.0,8.5,0.0,20.0,area_core_08,3.7404052173146543
day_2,Mild cloudy day,0.35,29,7.25,8.6962,4.5782,20.0,area_core_08,3.6386159518888155
day_2,Mild cloudy day,0.35,30,7.5,8.8916,9.1368,20.0,area_core_08,3.5372440279381037
day_2,Mild cloudy day,0.35,31,7.75,9.0853,13.6563,20.0,area_core_08,3.4367526690298185
day_2,Mild cloudy day,0.35,32,8.0,9.2765,18.1173,20.0,area_core_08,3.3375587236514646
day_2,Mild cloudy day,0.35,33,8.25,9.4643,22.5008,20.0,area_core_08,3.2401241829012744
day_2,Mild cloudy day,0.35,34,8.5,9.6481,26.7878,20.0,area_core_08,3.1447726521195394
day_2,Mild cloudy day,0.35,35,8.75,9.8269,30.9602,20.0,area_core_08,3.0520100325461605
day_2,Mild cloudy day,0.35,36,9.0,10.0,35.0,20.0,area_core_08,2.962203593169283
day_2,Mild cloudy day,0.35,37,9.25,10.1667,38.8899,20.0,area_core_08,2.875718877520365
day_2,Mild cloudy day,0.35,38,9.5,10.3263,42.6133,20.0,area_core_08,2.7929197036741735
day_2,Mild cloudy day,0.35,39,9.75,10.478,46.1542,20.0,area_core_08,2.714214539328582
day_2,Mild cloudy day,0.35,40,10.0,10.6213,49.4975,20.0,area_core_08,2.6398712479792072
day_2,Mild cloudy day,0.35,41,10.25,10.7555,52.6288,20.0,area_core_08,2.5702482248369396
day_2,Mild cloudy day,0.35,42,10.5,10.8801,55.5347,20.0,area_core_08,2.5056091430025784
day_2,Mild cloudy day,0.35,43,10.75,10.9944,58.2029,20.0,area_core_08,2.4463072213169488
day_2,Mild cloudy day,0.35,44,11.0,11.0981,60.6218,20.0,area_core_08,2.392509438820262
day_2,Mild cloudy day,0.35,45,11.25,11.1906,62.7811,20.0,area_core_08,2.344517955891109
day_2,Mild cloudy day,0.35,46,11.5,11.2716,64.6716,20.0,area_core_08,2.302493835718196
day_2,Mild cloudy day,0.35,47,11.75,11.3408,66.2851,20.0,area_core_08,2.2665956765521034
day_2,Mild cloudy day,0.35,48,12.0,11.3978,67.6148,20.0,area_core_08,2.237024754316017
day_2,Mild cloudy day,0.35,49,12.25,11.4424,68.655,20.0,area_core_08,2.2138873763292213
day_2,Mild cloudy day,0.35,50,12.5,11.4743,69.4011,20.0,area_core_08,2.197333267065039
day_2,Mild cloudy day,0.35,51,12.75,11.4936,69.8501,20.0,area_core_08,2.1873236927518698
day_2,Mild cloudy day,0.35,52,13.0,11.5,70.0,20.0,area_core_08,2.184001969023912
day_2,Mild cloudy day,0.35,53,13.25,11.4936,69.8501,20.0,area_core_08,2.1873236927518698
day_2,Mild cloudy day,0.35,54,13.5,11.4743,69.4011,20.0,area_core_08,2.197333267065039
day_2,Mild cloudy day,0.35,55,13.75,11.4424,68.655,20.0,area_core_08,2.2138873763292213
day_2,Mild cloudy day,0.35,56,14.0,11.3978,67.6148,20.0,area_core_08,2.237024754316017
day_2,Mild cloudy day,0.35,57,14.25,11.3408,66.2851,20.0,area_core_08,2.2665956765521034
day_2,Mild cloudy day,0.35,58,14.5,11.2716,64.6716,20.0,area_core_08,2.302493835718196
day_2,Mild cloudy day,0.35,59,14.75,11.1906,62.7811,20.0,area_core_08,2.344517955891109
day_2,Mild cloudy day,0.35,60,15.0,11.0981,60.6218,20.0,area_core_08,2.392509438820262
day_2,Mild cloudy day,0.35,61,15.25,10.9944,58.2029,20.0,area_core_08,2.4463072213169488
day_2,Mild cloudy day,0.35,62,15.5,10.8801,55.5347,20.0,area_core_08,2.5056091430025784
day_2,Mild cloudy day,0.35,63,15.75,10.7555,52.6288,20.0,area_core_08,2.5702482248369396
day_2,Mild cloudy day,0.35,64,16.0,10.6213,49.4975,20.0,area_core_08,2.6398712479792072
day_2,Mild cloudy day,0.35,65,16.25,10.478,46.1542,20.0,area_core_08,2.714214539328582
day_2,Mild cloudy day,0.35,66,16.5,10.3263,42.6133,20.0,area_core_08,2.7929197036741735
day_2,Mild cloudy day,0.35,67,16.75,10.1667,38.8899,20.0,area_core_08,2.875718877520365
day_2,Mild cloudy day,0.35,68,17.0,10.0,35.0,20.0,area_core_08,2.962203593169283
day_2,Mild cloudy day,0.35,69,17.25,9.8269,30.9602,20.0,area_core_08,3.0520100325461605
day_2,Mild cloudy day,0.35,70,17.5,9.6481,26.7878,20.0,area_core_08,3.1447726521195394
day_2,Mild cloudy day,0.35,71,17.75,9.4643,22.5008,20.0,area_core_08,3.2401241829012744
day_2,Mild cloudy day,0.35,72,18.0,9.2765,18.1173,20.0,area_core_08,3.3375587236514646
day_2,Mild cloudy day,0.35,73,18.25,9.0853,13.6563,20.0,area_core_08,3.4367526690298185
day_2,Mild cloudy day,0.35,74,18.5,8.8916,9.1368,20.0,area_core_08,3.5372440279381037
day_2,Mild cloudy day,0.35,75,18.75,8.6962,4.5782,20.0,area_core_08,3.6386159518888155
day_2,Mild cloudy day,0.35,76,19.0,8.5,0.0,20.0,area_core_08,3.7404052173146543
day_2,Mild cloudy day,0.35,77,19.25,8.3038,0.0,20.0,area_core_08,3.8309095030094733
day_2,Mild cloudy day,0.35,78,19.5,8.1084,0.0,20.0,area_core_08,3.9210447600164446
day_2,Mild cloudy day,0.35,79,19.75,7.9147,0.0,20.0,area_core_08,4.010395831061737
day_2,Mild cloudy day,0.35,80,20.0,7.7235,0.0,20.0,area_core_08,4.0985936874575035
day_2,Mild cloudy day,0.35,81,20.25,7.5357,0.0,20.0,area_core_08,4.185223171929914
day_2,Mild cloudy day,0.35,82,20.5,7.3519,0.0,20.0,area_core_08,4.270007512963083
day_2,Mild cloudy day,0.35,83,20.75,7.1731,0.0,20.0,area_core_08,4.3524854246972
day_2,Mild cloudy day,0.35,84,21.0,7.0,0.0,20.0,area_core_08,4.432334007030396
day_2,Mild cloudy day,0.35,85,21.25,6.8333,0.0,20.0,area_core_08,4.509230359860805
day_2,Mild cloudy day,0.35,86,21.5,6.6737,0.0,20.0,area_core_08,4.58285158308656
day_2,Mild cloudy day,0.35,87,21.75,6.522,0.0,20.0,area_core_08,4.652828648019812
day_2,Mild cloudy day,0.35,88,22.0,6.3787,0.0,20.0,area_core_08,4.718930911730657
day_2,Mild cloudy day,0.35,89,22.25,6.2445,0.0,20.0,area_core_08,4.780835474117224
day_2,Mild cloudy day,0.35,90,22.5,6.1199,0.0,20.0,area_core_08,4.838311692249611
day_2,Mild cloudy day,0.35,91,22.75,6.0056,0.0,20.0,area_core_08,4.891036666025951
day_2,Mild cloudy day,0.35,92,23.0,5.9019,0.0,20.0,area_core_08,4.9388720096883
day_2,Mild cloudy day,0.35,93,23.25,5.8094,0.0,20.0,area_core_08,4.9815409517207705
day_2,Mild cloudy day,0.35,94,23.5,5.7284,0.0,20.0,area_core_08,5.018905106365421
day_2,Mild cloudy day,0.35,95,23.75,5.6592,0.0,20.0,area_core_08,5.050826087864307
day_2,Mild cloudy day,0.35,0,0.0,5.6022,0.0,20.0,area_old_01,0.961909282378536
day_2,Mild cloudy day,0.35,1,0.25,5.5576,0.0,20.0,area_old_01,0.9686447258619193
day_2,Mild cloudy day,0.35,2,0.5,5.5257,0.0,20.0,area_old_01,0.9734622291605723
day_2,Mild cloudy day,0.35,3,0.75,5.5064,0.0,20.0,area_old_01,0.9763768941657136
day_2,Mild cloudy day,0.35,4,1.0,5.5,0.0,20.0,area_old_01,0.9773434152036882
day_2,Mild cloudy day,0.35,5,1.25,5.5064,0.0,20.0,area_old_01,0.9763768941657136
day_2,Mild cloudy day,0.35,6,1.5,5.5257,0.0,20.0,area_old_01,0.9734622291605723
day_2,Mild cloudy day,0.35,7,1.75,5.5576,0.0,20.0,area_old_01,0.9686447258619193
day_2,Mild cloudy day,0.35,8,2.0,5.6022,0.0,20.0,area_old_01,0.961909282378536
day_2,Mild cloudy day,0.35,9,2.25,5.6592,0.0,20.0,area_old_01,0.953301204384077
day_2,Mild cloudy day,0.35,10,2.5,5.7284,0.0,20.0,area_old_01,0.9428506956609799
day_2,Mild cloudy day,0.35,11,2.75,5.8094,0.0,20.0,area_old_01,0.9306181637741178
day_2,Mild cloudy day,0.35,12,3.0,5.9019,0.0,20.0,area_old_01,0.916648914397145
day_2,Mild cloudy day,0.35,13,3.25,6.0056,0.0,20.0,area_old_01,0.9009882532037179
day_2,Mild cloudy day,0.35,14,3.5,6.1199,0.0,20.0,area_old_01,0.8837267915411458
day_2,Mild cloudy day,0.35,15,3.75,6.2445,0.0,20.0,area_old_01,0.8649098350830835
day_2,Mild cloudy day,0.35,16,4.0,6.3787,0.0,20.0,area_old_01,0.8446430970680598
day_2,Mild cloudy day,0.35,17,4.25,6.522,0.0,20.0,area_old_01,0.8230020869521666
day_2,Mild cloudy day,0.35,18,4.5,6.6737,0.0,20.0,area_old_01,0.800092517973932
day_2,Mild cloudy day,0.35,19,4.75,6.8333,0.0,20.0,area_old_01,0.7759898995894474
day_2,Mild cloudy day,0.35,20,5.0,7.0,0.0,20.0,area_old_01,0.7508150469284607
day_2,Mild cloudy day,0.35,21,5.25,7.1731,0.0,20.0,area_old_01,0.7246736732294996
day_2,Mild cloudy day,0.35,22,5.5,7.3519,0.0,20.0,area_old_01,0.6976714917310924
day_2,Mild cloudy day,0.35,23,5.75,7.5357,0.0,20.0,area_old_01,0.6699142156717679
day_2,Mild cloudy day,0.35,24,6.0,7.7235,0.0,20.0,area_old_01,0.6415528639637096
day_2,Mild cloudy day,0.35,25,6.25,7.9147,0.0,20.0,area_old_01,0.6126780479542273
day_2,Mild cloudy day,0.35,26,6.5,8.1084,0.0,20.0,area_old_01,0.5834256846642862
day_2,Mild cloudy day,0.35,27,6.75,8.3038,0.0,20.0,area_old_01,0.5539165892236331
day_2,Mild cloudy day,0.35,28,7.0,8.5,0.0,20.0,area_old_01,0.5242866786532336
day_2,Mild cloudy day,0.35,29,7.25,8.6962,4.5782,20.0,area_old_01,0.4913268069156975
day_2,Mild cloudy day,0.35,30,7.5,8.8916,9.1368,20.0,area_old_01,0.4585020063995764
day_2,Mild cloudy day,0.35,31,7.75,9.0853,13.6563,20.0,area_old_01,0.42596237748234245
day_2,Mild cloudy day,0.35,32,8.0,9.2765,18.1173,20.0,area_old_01,0.3938428459150871
day_2,Mild cloudy day,0.35,33,8.25,9.4643,22.5008,20.0,area_old_01,0.36229314839947513
day_2,Mild cloudy day,0.35,34,8.5,9.6481,26.7878,20.0,area_old_01,0.3314177159635152
day_2,Mild cloudy day,0.35,35,8.75,9.8269,30.9602,20.0,area_old_01,0.3013807325836346
day_2,Mild cloudy day,0.35,36,9.0,10.0,35.0,20.0,area_old_01,0.2723010038274465
day_2,Mild cloudy day,0.35,37,9.25,10.1667,38.8899,20.0,area_old_01,0.24429682611643022
day_2,Mild cloudy day,0.35,38,9.5,10.3263,42.6133,20.0,area_old_01,0.217485986725936
day_2,Mild cloudy day,0.35,39,9.75,10.478,46.1542,20.0,area_old_01,0.19200093841156196
day_2,Mild cloudy day,0.35,40,10.0,10.6213,49.4975,20.0,area_old_01,0.16792817363879742
day_2,Mild cloudy day,0.35,41,10.25,10.7555,52.6288,20.0,area_old_01,0.14538387950943754
day_2,Mild cloudy day,0.35,42,10.5,10.8801,55.5347,20.0,area_old_01,0.12445331199122478
day_2,Mild cloudy day,0.35,43,10.75,10.9944,58.2029,20.0,area_old_01,0.10525113074756076
day_2,Mild cloudy day,0.35,44,11.0,11.0981,60.6218,20.0,area_old_01,0.08783107873084339
day_2,Mild cloudy day,0.35,45,11.25,11.1906,62.7811,20.0,area_old_01,0.07229125901002464
day_2,Mild cloudy day,0.35,46,11.5,11.2716,64.6716,20.0,area_old_01,0.05868366889362453
day_2,Mild cloudy day,0.35,47,11.75,11.3408,66.2851,20.0,area_old_01,0.04705957833854635
day_2,Mild cloudy day,0.35,48,12.0,11.3978,67.6148,20.0,area_old_01,0.037484340900651336
day_2,Mild cloudy day,0.35,49,12.25,11.4424,68.655,20.0,area_old_01,0.029992306266585445
day_2,Mild cloudy day,0.35,50,12.5,11.4743,69.4011,20.0,area_old_01,0.0246321259274358
day_2,Mild cloudy day,0.35,51,12.75,11.4936,69.8501,20.0,area_old_01,0.02139088004683165
day_2,Mild cloudy day,0.35,52,13.0,11.5,70.0,20.0,area_old_01,0.020315329001659332
day_2,Mild cloudy day,0.35,53,13.25,11.4936,69.8501,20.0,area_old_01,0.02139088004683165
day_2,Mild cloudy day,0.35,54,13.5,11.4743,69.4011,20.0,area_old_01,0.0246321259274358
day_2,Mild cloudy day,0.35,55,13.75,11.4424,68.655,20.0,area_old_01,0.029992306266585445
day_2,Mild cloudy day,0.35,56,14.0,11.3978,67.6148,20.0,area_old_01,0.037484340900651336
day_2,Mild cloudy day,0.35,57,14.25,11.3408,66.2851,20.0,area_old_01,0.04705957833854635
day_2,Mild cloudy day,0.35,58,14.5,11.2716,64.6716,20.0,area_old_01,0.05868366889362453
day_2,Mild cloudy day,0.35,59,14.75,11.1906,62.7811,20.0,area_old_01,0.07229125901002464
day_2,Mild cloudy day,0.35,60,15.0,11.0981,60.6218,20.0,area_old_01,0.08783107873084339
day_2,Mild cloudy day,0.35,61,15.25,10.9944,58.2029,20.0,area_old_01,0.10525113074756076
day_2,Mild cloudy day,0.35,62,15.5,10.8801,55.5347,20.0,area_old_01,0.12445331199122478
day_2,Mild cloudy day,0.35,63,15.75,10.7555,52.6288,20.0,area_old_01,0.14538387950943754
day_2,Mild cloudy day,0.35,64,16.0,10.6213,49.4975,20.0,area_old_01,0.16792817363879742
day_2,Mild cloudy day,0.35,65,16.25,10.478,46.1542,20.0,area_old_01,0.19200093841156196
day_2,Mild cloudy day,0.35,66,16.5,10.3263,42.6133,20.0,area_old_01,0.217485986725936
day_2,Mild cloudy day,0.35,67,16.75,10.1667,38.8899,20.0,area_old_01,0.24429682611643022
day_2,Mild cloudy day,0.35,68,17.0,10.0,35.0,20.0,area_old_01,0.2723010038274465
day_2,Mild cloudy day,0.35,69,17.25,9.8269,30.9602,20.0,area_old_01,0.3013807325836346
day_2,Mild cloudy day,0.35,70,17.5,9.6481,26.7878,20.0,area_old_01,0.3314177159635152
day_2,Mild cloudy day,0.35,71,17.75,9.4643,22.5008,20.0,area_old_01,0.36229314839947513
day_2,Mild cloudy day,0.35,72,18.0,9.2765,18.1173,20.0,area_old_01,0.3938428459150871
day_2,Mild cloudy day,0.35,73,18.25,9.0853,13.6563,20.0,area_old_01,0.42596237748234245
day_2,Mild cloudy day,0.35,74,18.5,8.8916,9.1368,20.0,area_old_01,0.4585020063995764
day_2,Mild cloudy day,0.35,75,18.75,8.6962,4.5782,20.0,area_old_01,0.4913268069156975
day_2,Mild cloudy day,0.35,76,19.0,8.5,0.0,20.0,area_old_01,0.5242866786532336
day_2,Mild cloudy day,0.35,77,19.25,8.3038,0.0,20.0,area_old_01,0.5539165892236331
day_2,Mild cloudy day,0.35,78,19.5,8.1084,0.0,20.0,area_old_01,0.5834256846642862
day_2,Mild cloudy day,0.35,79,19.75,7.9147,0.0,20.0,area_old_01,0.6126780479542273
day_2,Mild cloudy day,0.35,80,20.0,7.7235,0.0,20.0,area_old_01,0.6415528639637096
day_2,Mild cloudy day,0.35,81,20.25,7.5357,0.0,20.0,area_old_01,0.6699142156717679
day_2,Mild cloudy day,0.35,82,20.5,7.3519,0.0,20.0,area_old_01,0.6976714917310924
day_2,Mild cloudy day,0.35,83,20.75,7.1731,0.0,20.0,area_old_01,0.7246736732294996
day_2,Mild cloudy day,0.35,84,21.0,7.0,0.0,20.0,area_old_01,0.7508150469284607
day_2,Mild cloudy day,0.35,85,21.25,6.8333,0.0,20.0,area_old_01,0.7759898995894474
day_2,Mild cloudy day,0.35,86,21.5,6.6737,0.0,20.0,area_old_01,0.800092517973932
day_2,Mild cloudy day,0.35,87,21.75,6.522,0.0,20.0,area_old_01,0.8230020869521666
day_2,Mild cloudy day,0.35,88,22.0,6.3787,0.0,20.0,area_old_01,0.8446430970680598
day_2,Mild cloudy day,0.35,89,22.25,6.2445,0.0,20.0,area_old_01,0.8649098350830835
day_2,Mild cloudy day,0.35,90,22.5,6.1199,0.0,20.0,area_old_01,0.8837267915411458
day_2,Mild cloudy day,0.35,91,22.75,6.0056,0.0,20.0,area_old_01,0.9009882532037179
day_2,Mild cloudy day,0.35,92,23.0,5.9019,0.0,20.0,area_old_01,0.916648914397145
day_2,Mild cloudy day,0.35,93,23.25,5.8094,0.0,20.0,area_old_01,0.9306181637741178
day_2,Mild cloudy day,0.35,94,23.5,5.7284,0.0,20.0,area_old_01,0.9428506956609799
day_2,Mild cloudy day,0.35,95,23.75,5.6592,0.0,20.0,area_old_01,0.953301204384077
day_2,Mild cloudy day,0.35,0,0.0,5.6022,0.0,20.0,area_old_02,2.4669635683640516
day_2,Mild cloudy day,0.35,1,0.25,5.5576,0.0,20.0,area_old_02,2.4753745628771995
day_2,Mild cloudy day,0.35,2,0.5,5.5257,0.0,20.0,area_old_02,2.4813904984146307
day_2,Mild cloudy day,0.35,3,0.75,5.5064,0.0,20.0,area_old_02,2.485030233708437
day_2,Mild cloudy day,0.35,4,1.0,5.5,0.0,20.0,area_old_02,2.4862371925623417
day_2,Mild cloudy day,0.35,5,1.25,5.5064,0.0,20.0,area_old_02,2.485030233708437
day_2,Mild cloudy day,0.35,6,1.5,5.5257,0.0,20.0,area_old_02,2.4813904984146307
day_2,Mild cloudy day,0.35,7,1.75,5.5576,0.0,20.0,area_old_02,2.4753745628771995
day_2,Mild cloudy day,0.35,8,2.0,5.6022,0.0,20.0,area_old_02,2.4669635683640516
day_2,Mild cloudy day,0.35,9,2.25,5.6592,0.0,20.0,area_old_02,2.4562140910714634
day_2,Mild cloudy day,0.35,10,2.5,5.7284,0.0,20.0,area_old_02,2.4431638484636196
day_2,Mild cloudy day,0.35,11,2.75,5.8094,0.0,20.0,area_old_02,2.427888275468889
day_2,Mild cloudy day,0.35,12,3.0,5.9019,0.0,20.0,area_old_02,2.410443948283548
day_2,Mild cloudy day,0.35,13,3.25,6.0056,0.0,20.0,area_old_02,2.3908874431038742
day_2,Mild cloudy day,0.35,14,3.5,6.1199,0.0,20.0,area_old_02,2.369331912322421
day_2,Mild cloudy day,0.35,15,3.75,6.2445,0.0,20.0,area_old_02,2.345833932135465
day_2,Mild cloudy day,0.35,16,4.0,6.3787,0.0,20.0,area_old_02,2.320525513667652
day_2,Mild cloudy day,0.35,17,4.25,6.522,0.0,20.0,area_old_02,2.2935009505794435
day_2,Mild cloudy day,0.35,18,4.5,6.6737,0.0,20.0,area_old_02,2.2648922539954848
day_2,Mild cloudy day,0.35,19,4.75,6.8333,0.0,20.0,area_old_02,2.2347937175762373
day_2,Mild cloudy day,0.35,20,5.0,7.0,0.0,20.0,area_old_02,2.2033562111784404
day_2,Mild cloudy day,0.35,21,5.25,7.1731,0.0,20.0,area_old_02,2.170711745926738
day_2,Mild cloudy day,0.35,22,5.5,7.3519,0.0,20.0,area_old_02,2.136992332945777
day_2,Mild cloudy day,0.35,23,5.75,7.5357,0.0,20.0,area_old_02,2.1023299833602027
day_2,Mild cloudy day,0.35,24,6.0,7.7235,0.0,20.0,area_old_02,2.0669132844909384
day_2,Mild cloudy day,0.35,25,6.25,7.9147,0.0,20.0,area_old_02,2.0308553887305374
day_2,Mild cloudy day,0.35,26,6.5,8.1084,0.0,20.0,area_old_02,1.9943260246678296
day_2,Mild cloudy day,0.35,27,6.75,8.3038,0.0,20.0,area_old_02,1.9574760621595528
day_2,Mild cloudy day,0.35,28,7.0,8.5,0.0,20.0,area_old_02,1.9204752297945387
day_2,Mild cloudy day,0.35,29,7.25,8.6962,4.5782,20.0,area_old_02,1.8579417093563921
day_2,Mild cloudy day,0.35,30,7.5,8.8916,9.1368,20.0,area_old_02,1.7956683682604218
day_2,Mild cloudy day,0.35,31,7.75,9.0853,13.6563,20.0,area_old_02,1.73393368687944
day_2,Mild cloudy day,0.35,32,8.0,9.2765,18.1173,20.0,area_old_02,1.6729967291527104
day_2,Mild cloudy day,0.35,33,8.25,9.4643,22.5008,20.0,area_old_02,1.6131331869457641
day_2,Mild cloudy day,0.35,34,8.5,9.6481,26.7878,20.0,area_old_02,1.5545621759278545
day_2,Mild cloudy day,0.35,35,8.75,9.8269,30.9602,20.0,area_old_02,1.4975732273834976
day_2,Mild cloudy day,0.35,36,9.0,10.0,35.0,20.0,area_old_02,1.442398738699477
day_2,Mild cloudy day,0.35,37,9.25,10.1667,38.8899,20.0,area_old_02,1.3892672033523812
day_2,Mild cloudy day,0.35,38,9.5,10.3263,42.6133,20.0,area_old_02,1.3384032109086046
day_2,Mild cloudy day,0.35,39,9.75,10.478,46.1542,20.0,area_old_02,1.290046863457896
day_2,Mild cloudy day,0.35,40,10.0,10.6213,49.4975,20.0,area_old_02,1.2443766675806212
day_2,Mild cloudy day,0.35,41,10.25,10.7555,52.6288,20.0,area_old_02,1.201604943411135
day_2,Mild cloudy day,0.35,42,10.5,10.8801,55.5347,20.0,area_old_02,1.1619007166050457
day_2,Mild cloudy day,0.35,43,10.75,10.9944,58.2029,20.0,area_old_02,1.1254645955661262
day_2,Mild cloudy day,0.35,44,11.0,11.0981,60.6218,20.0,area_old_02,1.092417849859586
day_2,Mild cloudy day,0.35,45,11.25,11.1906,62.7811,20.0,area_old_02,1.0629310751279797
day_2,Mild cloudy day,0.35,46,11.5,11.2716,64.6716,20.0,area_old_02,1.0371121561015646
day_2,Mild cloudy day,0.35,47,11.75,11.3408,66.2851,20.0,area_old_02,1.0150634004960362
day_2,Mild cloudy day,0.35,48,12.0,11.3978,67.6148,20.0,area_old_02,0.9968981669387929
day_2,Mild cloudy day,0.35,49,12.25,11.4424,68.655,20.0,area_old_02,0.9826859618770292
day_2,Mild cloudy day,0.35,50,12.5,11.4743,69.4011,20.0,area_old_02,0.9725090157740126
day_2,Mild cloudy day,0.35,51,12.75,11.4936,69.8501,20.0,area_old_02,0.9663652009413402
day_2,Mild cloudy day,0.35,52,13.0,11.5,70.0,20.0,area_old_02,0.9643222476044155
day_2,Mild cloudy day,0.35,53,13.25,11.4936,69.8501,20.0,area_old_02,0.9663652009413402
day_2,Mild cloudy day,0.35,54,13.5,11.4743,69.4011,20.0,area_old_02,0.9725090157740126
day_2,Mild cloudy day,0.35,55,13.75,11.4424,68.655,20.0,area_old_02,0.9826859618770292
day_2,Mild cloudy day,0.35,56,14.0,11.3978,67.6148,20.0,area_old_02,0.9968981669387929
day_2,Mild cloudy day,0.35,57,14.25,11.3408,66.2851,20.0,area_old_02,1.0150634004960362
day_2,Mild cloudy day,0.35,58,14.5,11.2716,64.6716,20.0,area_old_02,1.0371121561015646
day_2,Mild cloudy day,0.35,59,14.75,11.1906,62.7811,20.0,area_old_02,1.0629310751279797
day_2,Mild cloudy day,0.35,60,15.0,11.0981,60.6218,20.0,area_old_02,1.092417849859586
day_2,Mild cloudy day,0.35,61,15.25,10.9944,58.2029,20.0,area_old_02,1.1254645955661262
day_2,Mild cloudy day,0.35,62,15.5,10.8801,55.5347,20.0,area_old_02,1.1619007166050457
day_2,Mild cloudy day,0.35,63,15.75,10.7555,52.6288,20.0,area_old_02,1.201604943411135
day_2,Mild cloudy day,0.35,64,16.0,10.6213,49.4975,20.0,area_old_02,1.2443766675806212
day_2,Mild cloudy day,0.35,65,16.25,10.478,46.1542,20.0,area_old_02,1.290046863457896
day_2,Mild cloudy day,0.35,66,16.5,10.3263,42.6133,20.0,area_old_02,1.3384032109086046
day_2,Mild cloudy day,0.35,67,16.75,10.1667,38.8899,20.0,area_old_02,1.3892672033523812
day_2,Mild cloudy day,0.35,68,17.0,10.0,35.0,20.0,area_old_02,1.442398738699477
day_2,Mild cloudy day,0.35,69,17.25,9.8269,30.9602,20.0,area_old_02,1.4975732273834976
day_2,Mild cloudy day,0.35,70,17.5,9.6481,26.7878,20.0,area_old_02,1.5545621759278545
day_2,Mild cloudy day,0.35,71,17.75,9.4643,22.5008,20.0,area_old_02,1.6131331869457641
day_2,Mild cloudy day,0.35,72,18.0,9.2765,18.1173,20.0,area_old_02,1.6729967291527104
day_2,Mild cloudy day,0.35,73,18.25,9.0853,13.6563,20.0,area_old_02,1.73393368687944
day_2,Mild cloudy day,0.35,74,18.5,8.8916,9.1368,20.0,area_old_02,1.7956683682604218
day_2,Mild cloudy day,0.35,75,18.75,8.6962,4.5782,20.0,area_old_02,1.8579417093563921
day_2,Mild cloudy day,0.35,76,19.0,8.5,0.0,20.0,area_old_02,1.9204752297945387
day_2,Mild cloudy day,0.35,77,19.25,8.3038,0.0,20.0,area_old_02,1.9574760621595528
day_2,Mild cloudy day,0.35,78,19.5,8.1084,0.0,20.0,area_old_02,1.9943260246678296
day_2,Mild cloudy day,0.35,79,19.75,7.9147,0.0,20.0,area_old_02,2.0308553887305374
day_2,Mild cloudy day,0.35,80,20.0,7.7235,0.0,20.0,area_old_02,2.0669132844909384
day_2,Mild cloudy day,0.35,81,20.25,7.5357,0.0,20.0,area_old_02,2.1023299833602027
day_2,Mild cloudy day,0.35,82,20.5,7.3519,0.0,20.0,area_old_02,2.136992332945777
day_2,Mild cloudy day,0.35,83,20.75,7.1731,0.0,20.0,area_old_02,2.170711745926738
day_2,Mild cloudy day,0.35,84,21.0,7.0,0.0,20.0,area_old_02,2.2033562111784404
day_2,Mild cloudy day,0.35,85,21.25,6.8333,0.0,20.0,area_old_02,2.2347937175762373
day_2,Mild cloudy day,0.35,86,21.5,6.6737,0.0,20.0,area_old_02,2.2648922539954848
day_2,Mild cloudy day,0.35,87,21.75,6.522,0.0,20.0,area_old_02,2.2935009505794435
day_2,Mild cloudy day,0.35,88,22.0,6.3787,0.0,20.0,area_old_02,2.320525513667652
day_2,Mild cloudy day,0.35,89,22.25,6.2445,0.0,20.0,area_old_02,2.345833932135465
day_2,Mild cloudy day,0.35,90,22.5,6.1199,0.0,20.0,area_old_02,2.369331912322421
day_2,Mild cloudy day,0.35,91,22.75,6.0056,0.0,20.0,area_old_02,2.3908874431038742
day_2,Mild cloudy day,0.35,92,23.0,5.9019,0.0,20.0,area_old_02,2.410443948283548
day_2,Mild cloudy day,0.35,93,23.25,5.8094,0.0,20.0,area_old_02,2.427888275468889
day_2,Mild cloudy day,0.35,94,23.5,5.7284,0.0,20.0,area_old_02,2.4431638484636196
day_2,Mild cloudy day,0.35,95,23.75,5.6592,0.0,20.0,area_old_02,2.4562140910714634
day_2,Mild cloudy day,0.35,0,0.0,5.6022,0.0,20.0,area_old_03,1.7386480962028243
day_2,Mild cloudy day,0.35,1,0.25,5.5576,0.0,20.0,area_old_03,1.7489518909470139
day_2,Mild cloudy day,0.35,2,0.5,5.5257,0.0,20.0,area_old_03,1.7563216454837778
day_2,Mild cloudy day,0.35,3,0.75,5.5064,0.0,20.0,area_old_03,1.7607804624919141
day_2,Mild cloudy day,0.35,4,1.0,5.5,0.0,20.0,area_old_03,1.7622590339350261
day_2,Mild cloudy day,0.35,5,1.25,5.5064,0.0,20.0,area_old_03,1.7607804624919141
day_2,Mild cloudy day,0.35,6,1.5,5.5257,0.0,20.0,area_old_03,1.7563216454837778
day_2,Mild cloudy day,0.35,7,1.75,5.5576,0.0,20.0,area_old_03,1.7489518909470139
day_2,Mild cloudy day,0.35,8,2.0,5.6022,0.0,20.0,area_old_03,1.7386480962028243
day_2,Mild cloudy day,0.35,9,2.25,5.6592,0.0,20.0,area_old_03,1.7254795692876037
day_2,Mild cloudy day,0.35,10,2.5,5.7284,0.0,20.0,area_old_03,1.7094925155589502
day_2,Mild cloudy day,0.35,11,2.75,5.8094,0.0,20.0,area_old_03,1.6907793457320586
day_2,Mild cloudy day,0.35,12,3.0,5.9019,0.0,20.0,area_old_03,1.6694093678433233
day_2,Mild cloudy day,0.35,13,3.25,6.0056,0.0,20.0,area_old_03,1.645451889929142
day_2,Mild cloudy day,0.35,14,3.5,6.1199,0.0,20.0,area_old_03,1.6190455280623053
day_2,Mild cloudy day,0.35,15,3.75,6.2445,0.0,20.0,area_old_03,1.59025959027921
day_2,Mild cloudy day,0.35,16,4.0,6.3787,0.0,20.0,area_old_03,1.5592557953314459
day_2,Mild cloudy day,0.35,17,4.25,6.522,0.0,20.0,area_old_03,1.526149656613006
day_2,Mild cloudy day,0.35,18,4.5,6.6737,0.0,20.0,area_old_03,1.4911028928754808
day_2,Mild cloudy day,0.35,19,4.75,6.8333,0.0,20.0,area_old_03,1.4542310175128637
day_2,Mild cloudy day,0.35,20,5.0,7.0,0.0,20.0,area_old_03,1.4157188519555444
day_2,Mild cloudy day,0.35,21,5.25,7.1731,0.0,20.0,area_old_03,1.3757281149551122
day_2,Mild cloudy day,0.35,22,5.5,7.3519,0.0,20.0,area_old_03,1.3344205252631576
day_2,Mild cloudy day,0.35,23,5.75,7.5357,0.0,20.0,area_old_03,1.291957801631272
day_2,Mild cloudy day,0.35,24,6.0,7.7235,0.0,20.0,area_old_03,1.248570970847441
day_2,Mild cloudy day,0.35,25,6.25,7.9147,0.0,20.0,area_old_03,1.2043986489844563
day_2,Mild cloudy day,0.35,26,6.5,8.1084,0.0,20.0,area_old_03,1.159648760151506
day_2,Mild cloudy day,0.35,27,6.75,8.3038,0.0,20.0,area_old_03,1.1145061257789783
day_2,Mild cloudy day,0.35,28,7.0,8.5,0.0,20.0,area_old_03,1.0691786699760626
day_2,Mild cloudy day,0.35,29,7.25,8.6962,4.5782,20.0,area_old_03,1.0056368837746184
day_2,Mild cloudy day,0.35,30,7.5,8.8916,9.1368,20.0,area_old_03,0.9423578974395888
day_2,Mild cloudy day,0.35,31,7.75,9.0853,13.6563,20.0,area_old_03,0.8796272156670226
day_2,Mild cloudy day,0.35,32,8.0,9.2765,18.1173,20.0,area_old_03,0.8177068426250087
day_2,Mild cloudy day,0.35,33,8.25,9.4643,22.5008,20.0,area_old_03,0.7568802937637789
day_2,Mild cloudy day,0.35,34,8.5,9.6481,26.7878,20.0,area_old_03,0.6973617764971696
day_2,Mild cloudy day,0.35,35,8.75,9.8269,30.9602,20.0,area_old_03,0.639454328311742
day_2,Mild cloudy day,0.35,36,9.0,10.0,35.0,20.0,area_old_03,0.5833912808084984
day_2,Mild cloudy day,0.35,37,9.25,10.1667,38.8899,20.0,area_old_03,0.5294031806442949
day_2,Mild cloudy day,0.35,38,9.5,10.3263,42.6133,20.0,area_old_03,0.4777177895318463
day_2,Mild cloudy day,0.35,39,9.75,10.478,46.1542,20.0,area_old_03,0.4285835847676851
day_2,Mild cloudy day,0.35,40,10.0,10.6213,49.4975,20.0,area_old_03,0.3821761549694762
day_2,Mild cloudy day,0.35,41,10.25,10.7555,52.6288,20.0,area_old_03,0.33871450916833945
day_2,Mild cloudy day,0.35,42,10.5,10.8801,55.5347,20.0,area_old_03,0.2983674725461618
day_2,Mild cloudy day,0.35,43,10.75,10.9944,58.2029,20.0,area_old_03,0.261345699301633
day_2,Mild cloudy day,0.35,44,11.0,11.0981,60.6218,20.0,area_old_03,0.22776464797410112
day_2,Mild cloudy day,0.35,45,11.25,11.1906,62.7811,20.0,area_old_03,0.19780391310018874
day_2,Mild cloudy day,0.35,46,11.5,11.2716,64.6716,20.0,area_old_03,0.17156940483932326
day_2,Mild cloudy day,0.35,47,11.75,11.3408,66.2851,20.0,area_old_03,0.14916305485929926
day_2,Mild cloudy day,0.35,48,12.0,11.3978,67.6148,20.0,area_old_03,0.1307043276184221
day_2,Mild cloudy day,0.35,49,12.25,11.4424,68.655,20.0,area_old_03,0.11626210587660246
day_2,Mild cloudy day,0.35,50,12.5,11.4743,69.4011,20.0,area_old_03,0.1059239987317524
day_2,Mild cloudy day,0.35,51,12.75,11.4936,69.8501,20.0,area_old_03,0.09967883897997476
day_2,Mild cloudy day,0.35,52,13.0,11.5,70.0,20.0,area_old_03,0.09760389164093386
day_2,Mild cloudy day,0.35,53,13.25,11.4936,69.8501,20.0,area_old_03,0.09967883897997476
day_2,Mild cloudy day,0.35,54,13.5,11.4743,69.4011,20.0,area_old_03,0.1059239987317524
day_2,Mild cloudy day,0.35,55,13.75,11.4424,68.655,20.0,area_old_03,0.11626210587660246
day_2,Mild cloudy day,0.35,56,14.0,11.3978,67.6148,20.0,area_old_03,0.1307043276184221
day_2,Mild cloudy day,0.35,57,14.25,11.3408,66.2851,20.0,area_old_03,0.14916305485929926
day_2,Mild cloudy day,0.35,58,14.5,11.2716,64.6716,20.0,area_old_03,0.17156940483932326
day_2,Mild cloudy day,0.35,59,14.75,11.1906,62.7811,20.0,area_old_03,0.19780391310018874
day_2,Mild cloudy day,0.35,60,15.0,11.0981,60.6218,20.0,area_old_03,0.22776464797410112
day_2,Mild cloudy day,0.35,61,15.25,10.9944,58.2029,20.0,area_old_03,0.261345699301633
day_2,Mild cloudy day,0.35,62,15.5,10.8801,55.5347,20.0,area_old_03,0.2983674725461618
day_2,Mild cloudy day,0.35,63,15.75,10.7555,52.6288,20.0,area_old_03,0.33871450916833945
day_2,Mild cloudy day,0.35,64,16.0,10.6213,49.4975,20.0,area_old_03,0.3821761549694762
day_2,Mild cloudy day,0.35,65,16.25,10.478,46.1542,20.0,area_old_03,0.4285835847676851
day_2,Mild cloudy day,0.35,66,16.5,10.3263,42.6133,20.0,area_old_03,0.4777177895318463
day_2,Mild cloudy day,0.35,67,16.75,10.1667,38.8899,20.0,area_old_03,0.5294031806442949
day_2,Mild cloudy day,0.35,68,17.0,10.0,35.0,20.0,area_old_03,0.5833912808084984
day_2,Mild cloudy day,0.35,69,17.25,9.8269,30.9602,20.0,area_old_03,0.639454328311742
day_2,Mild cloudy day,0.35,70,17.5,9.6481,26.7878,20.0,area_old_03,0.6973617764971696
day_2,Mild cloudy day,0.35,71,17.75,9.4643,22.5008,20.0,area_old_03,0.7568802937637789
day_2,Mild cloudy day,0.35,72,18.0,9.2765,18.1173,20.0,area_old_03,0.8177068426250087
day_2,Mild cloudy day,0.35,73,18.25,9.0853,13.6563,20.0,area_old_03,0.8796272156670226
day_2,Mild cloudy day,0.35,74,18.5,8.8916,9.1368,20.0,area_old_03,0.9423578974395888
day_2,Mild cloudy day,0.35,75,18.75,8.6962,4.5782,20.0,area_old_03,1.0056368837746184
day_2,Mild cloudy day,0.35,76,19.0,8.5,0.0,20.0,area_old_03,1.0691786699760626
day_2,Mild cloudy day,0.35,77,19.25,8.3038,0.0,20.0,area_old_03,1.1145061257789783
day_2,Mild cloudy day,0.35,78,19.5,8.1084,0.0,20.0,area_old_03,1.159648760151506
day_2,Mild cloudy day,0.35,79,19.75,7.9147,0.0,20.0,area_old_03,1.2043986489844563
day_2,Mild cloudy day,0.35,80,20.0,7.7235,0.0,20.0,area_old_03,1.248570970847441
day_2,Mild cloudy day,0.35,81,20.25,7.5357,0.0,20.0,area_old_03,1.291957801631272
day_2,Mild cloudy day,0.35,82,20.5,7.3519,0.0,20.0,area_old_03,1.3344205252631576
day_2,Mild cloudy day,0.35,83,20.75,7.1731,0.0,20.0,area_old_03,1.3757281149551122
day_2,Mild cloudy day,0.35,84,21.0,7.0,0.0,20.0,area_old_03,1.4157188519555444
day_2,Mild cloudy day,0.35,85,21.25,6.8333,0.0,20.0,area_old_03,1.4542310175128637
day_2,Mild cloudy day,0.35,86,21.5,6.6737,0.0,20.0,area_old_03,1.4911028928754808
day_2,Mild cloudy day,0.35,87,21.75,6.522,0.0,20.0,area_old_03,1.526149656613006
day_2,Mild cloudy day,0.35,88,22.0,6.3787,0.0,20.0,area_old_03,1.5592557953314459
day_2,Mild cloudy day,0.35,89,22.25,6.2445,0.0,20.0,area_old_03,1.59025959027921
day_2,Mild cloudy day,0.35,90,22.5,6.1199,0.0,20.0,area_old_03,1.6190455280623053
day_2,Mild cloudy day,0.35,91,22.75,6.0056,0.0,20.0,area_old_03,1.645451889929142
day_2,Mild cloudy day,0.35,92,23.0,5.9019,0.0,20.0,area_old_03,1.6694093678433233
day_2,Mild cloudy day,0.35,93,23.25,5.8094,0.0,20.0,area_old_03,1.6907793457320586
day_2,Mild cloudy day,0.35,94,23.5,5.7284,0.0,20.0,area_old_03,1.7094925155589502
day_2,Mild cloudy day,0.35,95,23.75,5.6592,0.0,20.0,area_old_03,1.7254795692876037
day_2,Mild cloudy day,0.35,0,0.0,5.6022,0.0,20.0,area_old_04,1.795782343058597
day_2,Mild cloudy day,0.35,1,0.25,5.5576,0.0,20.0,area_old_04,1.798091821709058
day_2,Mild cloudy day,0.35,2,0.5,5.5257,0.0,20.0,area_old_04,1.7997436685464954
day_2,Mild cloudy day,0.35,3,0.75,5.5064,0.0,20.0,area_old_04,1.8007430617741613
day_2,Mild cloudy day,0.35,4,1.0,5.5,0.0,20.0,area_old_04,1.8010744667822993
day_2,Mild cloudy day,0.35,5,1.25,5.5064,0.0,20.0,area_old_04,1.8007430617741613
day_2,Mild cloudy day,0.35,6,1.5,5.5257,0.0,20.0,area_old_04,1.7997436685464954
day_2,Mild cloudy day,0.35,7,1.75,5.5576,0.0,20.0,area_old_04,1.798091821709058
day_2,Mild cloudy day,0.35,8,2.0,5.6022,0.0,20.0,area_old_04,1.795782343058597
day_2,Mild cloudy day,0.35,9,2.25,5.6592,0.0,20.0,area_old_04,1.792830767204869
day_2,Mild cloudy day,0.35,10,2.5,5.7284,0.0,20.0,area_old_04,1.7892474505543778
day_2,Mild cloudy day,0.35,11,2.75,5.8094,0.0,20.0,area_old_04,1.7850531059201324
day_2,Mild cloudy day,0.35,12,3.0,5.9019,0.0,20.0,area_old_04,1.7802632679118893
day_2,Mild cloudy day,0.35,13,3.25,6.0056,0.0,20.0,area_old_04,1.7748934711394047
day_2,Mild cloudy day,0.35,14,3.5,6.1199,0.0,20.0,area_old_04,1.7689747848221917
day_2,Mild cloudy day,0.35,15,3.75,6.2445,0.0,20.0,area_old_04,1.762522743570007
day_2,Mild cloudy day,0.35,16,4.0,6.3787,0.0,20.0,area_old_04,1.7555735948056155
day_2,Mild cloudy day,0.35,17,4.25,6.522,0.0,20.0,area_old_04,1.7481532295452777
day_2,Mild cloudy day,0.35,18,4.5,6.6737,0.0,20.0,area_old_04,1.740297895211759
day_2,Mild cloudy day,0.35,19,4.75,6.8333,0.0,20.0,area_old_04,1.7320334828213197
day_2,Mild cloudy day,0.35,20,5.0,7.0,0.0,20.0,area_old_04,1.7234014179999777
day_2,Mild cloudy day,0.35,21,5.25,7.1731,0.0,20.0,area_old_04,1.7144379481704979
day_2,Mild cloudy day,0.35,22,5.5,7.3519,0.0,20.0,area_old_04,1.7051793207556454
day_2,Mild cloudy day,0.35,23,5.75,7.5357,0.0,20.0,area_old_04,1.6956617831781848
day_2,Mild cloudy day,0.35,24,6.0,7.7235,0.0,20.0,area_old_04,1.6859371174706381
day_2,Mild cloudy day,0.35,25,6.25,7.9147,0.0,20.0,area_old_04,1.6760363928525184
day_2,Mild cloudy day,0.35,26,6.5,8.1084,0.0,20.0,area_old_04,1.6660062131530946
day_2,Mild cloudy day,0.35,27,6.75,8.3038,0.0,20.0,area_old_04,1.655888003998384
day_2,Mild cloudy day,0.35,28,7.0,8.5,0.0,20.0,area_old_04,1.6457283692176565
day_2,Mild cloudy day,0.35,29,7.25,8.6962,4.5782,20.0,area_old_04,1.6271587760243738
day_2,Mild cloudy day,0.35,30,7.5,8.8916,9.1368,20.0,area_old_04,1.6086666128223355
day_2,Mild cloudy day,0.35,31,7.75,9.0853,13.6563,20.0,area_old_04,1.590334304110299
day_2,Mild cloudy day,0.35,32,8.0,9.2765,18.1173,20.0,area_old_04,1.572238912488027
day_2,Mild cloudy day,0.35,33,8.25,9.4643,22.5008,20.0,area_old_04,1.554461943975571
day_2,Mild cloudy day,0.35,34,8.5,9.6481,26.7878,20.0,area_old_04,1.5370693699832259
day_2,Mild cloudy day,0.35,35,8.75,9.8269,30.9602,20.0,area_old_04,1.5201462214726267
day_2,Mild cloudy day,0.35,36,9.0,10.0,35.0,20.0,area_old_04,1.5037618110999111
day_2,Mild cloudy day,0.35,37,9.25,10.1667,38.8899,20.0,area_old_04,1.4879841656510302
day_2,Mild cloudy day,0.35,38,9.5,10.3263,42.6133,20.0,area_old_04,1.4728800260417478
day_2,Mild cloudy day,0.35,39,9.75,10.478,46.1542,20.0,area_old_04,1.4585202092166347
day_2,Mild cloudy day,0.35,40,10.0,10.6213,49.4975,20.0,area_old_04,1.4449583442488363
day_2,Mild cloudy day,0.35,41,10.25,10.7555,52.6288,20.0,area_old_04,1.4322571307478158
day_2,Mild cloudy day,0.35,42,10.5,10.8801,55.5347,20.0,area_old_04,1.420467074959122
day_2,Mild cloudy day,0.35,43,10.75,10.9944,58.2029,20.0,area_old_04,1.4096470188816586
day_2,Mild cloudy day,0.35,44,11.0,11.0981,60.6218,20.0,area_old_04,1.3998338058311324
day_2,Mild cloudy day,0.35,45,11.25,11.1906,62.7811,20.0,area_old_04,1.3910774256883753
day_2,Mild cloudy day,0.35,46,11.5,11.2716,64.6716,20.0,area_old_04,1.3834103130713125
day_2,Mild cloudy day,0.35,47,11.75,11.3408,66.2851,20.0,area_old_04,1.3768630656404584
day_2,Mild cloudy day,0.35,48,12.0,11.3978,67.6148,20.0,area_old_04,1.3714688875192067
day_2,Mild cloudy day,0.35,49,12.25,11.4424,68.655,20.0,area_old_04,1.3672486057712971
day_2,Mild cloudy day,0.35,50,12.5,11.4743,69.4011,20.0,area_old_04,1.3642262050105693
day_2,Mild cloudy day,0.35,51,12.75,11.4936,69.8501,20.0,area_old_04,1.3624020179060006
day_2,Mild cloudy day,0.35,52,13.0,11.5,70.0,20.0,area_old_04,1.361795252982166
day_2,Mild cloudy day,0.35,53,13.25,11.4936,69.8501,20.0,area_old_04,1.3624020179060006
day_2,Mild cloudy day,0.35,54,13.5,11.4743,69.4011,20.0,area_old_04,1.3642262050105693
day_2,Mild cloudy day,0.35,55,13.75,11.4424,68.655,20.0,area_old_04,1.3672486057712971
day_2,Mild cloudy day,0.35,56,14.0,11.3978,67.6148,20.0,area_old_04,1.3714688875192067
day_2,Mild cloudy day,0.35,57,14.25,11.3408,66.2851,20.0,area_old_04,1.3768630656404584
day_2,Mild cloudy day,0.35,58,14.5,11.2716,64.6716,20.0,area_old_04,1.3834103130713125
day_2,Mild cloudy day,0.35,59,14.75,11.1906,62.7811,20.0,area_old_04,1.3910774256883753
day_2,Mild cloudy day,0.35,60,15.0,11.0981,60.6218,20.0,area_old_04,1.3998338058311324
day_2,Mild cloudy day,0.35,61,15.25,10.9944,58.2029,20.0,area_old_04,1.4096470188816586
day_2,Mild cloudy day,0.35,62,15.5,10.8801,55.5347,20.0,area_old_04,1.420467074959122
day_2,Mild cloudy day,0.35,63,15.75,10.7555,52.6288,20.0,area_old_04,1.4322571307478158
day_2,Mild cloudy day,0.35,64,16.0,10.6213,49.4975,20.0,area_old_04,1.4449583442488363
day_2,Mild cloudy day,0.35,65,16.25,10.478,46.1542,20.0,area_old_04,1.4585202092166347
day_2,Mild cloudy day,0.35,66,16.5,10.3263,42.6133,20.0,area_old_04,1.4728800260417478
day_2,Mild cloudy day,0.35,67,16.75,10.1667,38.8899,20.0,area_old_04,1.4879841656510302
day_2,Mild cloudy day,0.35,68,17.0,10.0,35.0,20.0,area_old_04,1.5037618110999111
day_2,Mild cloudy day,0.35,69,17.25,9.8269,30.9602,20.0,area_old_04,1.5201462214726267
day_2,Mild cloudy day,0.35,70,17.5,9.6481,26.7878,20.0,area_old_04,1.5370693699832259
day_2,Mild cloudy day,0.35,71,17.75,9.4643,22.5008,20.0,area_old_04,1.554461943975571
day_2,Mild cloudy day,0.35,72,18.0,9.2765,18.1173,20.0,area_old_04,1.572238912488027
day_2,Mild cloudy day,0.35,73,18.25,9.0853,13.6563,20.0,area_old_04,1.590334304110299
day_2,Mild cloudy day,0.35,74,18.5,8.8916,9.1368,20.0,area_old_04,1.6086666128223355
day_2,Mild cloudy day,0.35,75,18.75,8.6962,4.5782,20.0,area_old_04,1.6271587760243738
day_2,Mild cloudy day,0.35,76,19.0,8.5,0.0,20.0,area_old_04,1.6457283692176565
day_2,Mild cloudy day,0.35,77,19.25,8.3038,0.0,20.0,area_old_04,1.655888003998384
day_2,Mild cloudy day,0.35,78,19.5,8.1084,0.0,20.0,area_old_04,1.6660062131530946
day_2,Mild cloudy day,0.35,79,19.75,7.9147,0.0,20.0,area_old_04,1.6760363928525184
day_2,Mild cloudy day,0.35,80,20.0,7.7235,0.0,20.0,area_old_04,1.6859371174706381
day_2,Mild cloudy day,0.35,81,20.25,7.5357,0.0,20.0,area_old_04,1.6956617831781848
day_2,Mild cloudy day,0.35,82,20.5,7.3519,0.0,20.0,area_old_04,1.7051793207556454
day_2,Mild cloudy day,0.35,83,20.75,7.1731,0.0,20.0,area_old_04,1.7144379481704979
day_2,Mild cloudy day,0.35,84,21.0,7.0,0.0,20.0,area_old_04,1.7234014179999777
day_2,Mild cloudy day,0.35,85,21.25,6.8333,0.0,20.0,area_old_04,1.7320334828213197
day_2,Mild cloudy day,0.35,86,21.5,6.6737,0.0,20.0,area_old_04,1.740297895211759
day_2,Mild cloudy day,0.35,87,21.75,6.522,0.0,20.0,area_old_04,1.7481532295452777
day_2,Mild cloudy day,0.35,88,22.0,6.3787,0.0,20.0,area_old_04,1.7555735948056155
day_2,Mild cloudy day,0.35,89,22.25,6.2445,0.0,20.0,area_old_04,1.762522743570007
day_2,Mild cloudy day,0.35,90,22.5,6.1199,0.0,20.0,area_old_04,1.7689747848221917
day_2,Mild cloudy day,0.35,91,22.75,6.0056,0.0,20.0,area_old_04,1.7748934711394047
day_2,Mild cloudy day,0.35,92,23.0,5.9019,0.0,20.0,area_old_04,1.7802632679118893
day_2,Mild cloudy day,0.35,93,23.25,5.8094,0.0,20.0,area_old_04,1.7850531059201324
day_2,Mild cloudy day,0.35,94,23.5,5.7284,0.0,20.0,area_old_04,1.7892474505543778
day_2,Mild cloudy day,0.35,95,23.75,5.6592,0.0,20.0,area_old_04,1.792830767204869
day_2,Mild cloudy day,0.35,0,0.0,5.6022,0.0,20.0,area_old_05,1.2643008066048025
day_2,Mild cloudy day,0.35,1,0.25,5.5576,0.0,20.0,area_old_05,1.268594020868211
day_2,Mild cloudy day,0.35,2,0.5,5.5257,0.0,20.0,area_old_05,1.2716647279310522
day_2,Mild cloudy day,0.35,3,0.75,5.5064,0.0,20.0,area_old_05,1.273522553834276
day_2,Mild cloudy day,0.35,4,1.0,5.5,0.0,20.0,area_old_05,1.2741386204550338
day_2,Mild cloudy day,0.35,5,1.25,5.5064,0.0,20.0,area_old_05,1.273522553834276
day_2,Mild cloudy day,0.35,6,1.5,5.5257,0.0,20.0,area_old_05,1.2716647279310522
day_2,Mild cloudy day,0.35,7,1.75,5.5576,0.0,20.0,area_old_05,1.268594020868211
day_2,Mild cloudy day,0.35,8,2.0,5.6022,0.0,20.0,area_old_05,1.2643008066048025
day_2,Mild cloudy day,0.35,9,2.25,5.6592,0.0,20.0,area_old_05,1.2588139632636755
day_2,Mild cloudy day,0.35,10,2.5,5.7284,0.0,20.0,area_old_05,1.2521527429267278
day_2,Mild cloudy day,0.35,11,2.75,5.8094,0.0,20.0,area_old_05,1.244355649757758
day_2,Mild cloudy day,0.35,12,3.0,5.9019,0.0,20.0,area_old_05,1.235451561879613
day_2,Mild cloudy day,0.35,13,3.25,6.0056,0.0,20.0,area_old_05,1.2254693574151414
day_2,Mild cloudy day,0.35,14,3.5,6.1199,0.0,20.0,area_old_05,1.2144667926100392
day_2,Mild cloudy day,0.35,15,3.75,6.2445,0.0,20.0,area_old_05,1.202472745587154
day_2,Mild cloudy day,0.35,16,4.0,6.3787,0.0,20.0,area_old_05,1.1895545986331322
day_2,Mild cloudy day,0.35,17,4.25,6.522,0.0,20.0,area_old_05,1.1757604819527194
day_2,Mild cloudy day,0.35,18,4.5,6.6737,0.0,20.0,area_old_05,1.1611577778325617
day_2,Mild cloudy day,0.35,19,4.75,6.8333,0.0,20.0,area_old_05,1.145794616477406
day_2,Mild cloudy day,0.35,20,5.0,7.0,0.0,20.0,area_old_05,1.1297480062148466
day_2,Mild cloudy day,0.35,21,5.25,7.1731,0.0,20.0,area_old_05,1.1130853293315286
day_2,Mild cloudy day,0.35,22,5.5,7.3519,0.0,20.0,area_old_05,1.0958739681140983
day_2,Mild cloudy day,0.35,23,5.75,7.5357,0.0,20.0,area_old_05,1.0781813048492008
day_2,Mild cloudy day,0.35,24,6.0,7.7235,0.0,20.0,area_old_05,1.0601035999463293
day_2,Mild cloudy day,0.35,25,6.25,7.9147,0.0,20.0,area_old_05,1.04169860965118
day_2,Mild cloudy day,0.35,26,6.5,8.1084,0.0,20.0,area_old_05,1.0230529683322973
day_2,Mild cloudy day,0.35,27,6.75,8.3038,0.0,20.0,area_old_05,1.0042436843172755
day_2,Mild cloudy day,0.35,28,7.0,8.5,0.0,20.0,area_old_05,0.9853573919746589
day_2,Mild cloudy day,0.35,29,7.25,8.6962,4.5782,20.0,area_old_05,0.9571189262962206
day_2,Mild cloudy day,0.35,30,7.5,8.8916,9.1368,20.0,area_old_05,0.9289975070820645
day_2,Mild cloudy day,0.35,31,7.75,9.0853,13.6563,20.0,area_old_05,0.9011196025612144
day_2,Mild cloudy day,0.35,32,8.0,9.2765,18.1173,20.0,area_old_05,0.8736018506455373
day_2,Mild cloudy day,0.35,33,8.25,9.4643,22.5008,20.0,area_old_05,0.8465696981830193
day_2,Mild cloudy day,0.35,34,8.5,9.6481,26.7878,20.0,area_old_05,0.820119713898798
day_2,Mild cloudy day,0.35,35,8.75,9.8269,30.9602,20.0,area_old_05,0.7943851321959404
day_2,Mild cloudy day,0.35,36,9.0,10.0,35.0,20.0,area_old_05,0.7694701050784581
day_2,Mild cloudy day,0.35,37,9.25,10.1667,38.8899,20.0,area_old_05,0.7454773546169094
day_2,Mild cloudy day,0.35,38,9.5,10.3263,42.6133,20.0,area_old_05,0.7225081729483992
day_2,Mild cloudy day,0.35,39,9.75,10.478,46.1542,20.0,area_old_05,0.7006722525937366
day_2,Mild cloudy day,0.35,40,10.0,10.6213,49.4975,20.0,area_old_05,0.6800485694650139
day_2,Mild cloudy day,0.35,41,10.25,10.7555,52.6288,20.0,area_old_05,0.6607339216227698
day_2,Mild cloudy day,0.35,42,10.5,10.8801,55.5347,20.0,area_old_05,0.6428038122835674
day_2,Mild cloudy day,0.35,43,10.75,10.9944,58.2029,20.0,area_old_05,0.6263507497075859
day_2,Mild cloudy day,0.35,44,11.0,11.0981,60.6218,20.0,area_old_05,0.6114273080577534
day_2,Mild cloudy day,0.35,45,11.25,11.1906,62.7811,20.0,area_old_05,0.5981122840291476
day_2,Mild cloudy day,0.35,46,11.5,11.2716,64.6716,20.0,area_old_05,0.586453349155715
day_2,Mild cloudy day,0.35,47,11.75,11.3408,66.2851,20.0,area_old_05,0.5764961322093254
day_2,Mild cloudy day,0.35,48,12.0,11.3978,67.6148,20.0,area_old_05,0.5682930281358926
day_2,Mild cloudy day,0.35,49,12.25,11.4424,68.655,20.0,area_old_05,0.5618749327611476
day_2,Mild cloudy day,0.35,50,12.5,11.4743,69.4011,20.0,area_old_05,0.5572801209134877
day_2,Mild cloudy day,0.35,51,12.75,11.4936,69.8501,20.0,area_old_05,0.554505094838191
day_2,Mild cloudy day,0.35,52,13.0,11.5,70.0,20.0,area_old_05,0.5535828181822576
day_2,Mild cloudy day,0.35,53,13.25,11.4936,69.8501,20.0,area_old_05,0.554505094838191
day_2,Mild cloudy day,0.35,54,13.5,11.4743,69.4011,20.0,area_old_05,0.5572801209134877
day_2,Mild cloudy day,0.35,55,13.75,11.4424,68.655,20.0,area_old_05,0.5618749327611476
day_2,Mild cloudy day,0.35,56,14.0,11.3978,67.6148,20.0,area_old_05,0.5682930281358926
day_2,Mild cloudy day,0.35,57,14.25,11.3408,66.2851,20.0,area_old_05,0.5764961322093254
day_2,Mild cloudy day,0.35,58,14.5,11.2716,64.6716,20.0,area_old_05,0.586453349155715
day_2,Mild cloudy day,0.35,59,14.75,11.1906,62.7811,20.0,area_old_05,0.5981122840291476
day_2,Mild cloudy day,0.35,60,15.0,11.0981,60.6218,20.0,area_old_05,0.6114273080577534
day_2,Mild cloudy day,0.35,61,15.25,10.9944,58.2029,20.0,area_old_05,0.6263507497075859
day_2,Mild cloudy day,0.35,62,15.5,10.8801,55.5347,20.0,area_old_05,0.6428038122835674
day_2,Mild cloudy day,0.35,63,15.75,10.7555,52.6288,20.0,area_old_05,0.6607339216227698
day_2,Mild cloudy day,0.35,64,16.0,10.6213,49.4975,20.0,area_old_05,0.6800485694650139
day_2,Mild cloudy day,0.35,65,16.25,10.478,46.1542,20.0,area_old_05,0.7006722525937366
day_2,Mild cloudy day,0.35,66,16.5,10.3263,42.6133,20.0,area_old_05,0.7225081729483992
day_2,Mild cloudy day,0.35,67,16.75,10.1667,38.8899,20.0,area_old_05,0.7454773546169094
day_2,Mild cloudy day,0.35,68,17.0,10.0,35.0,20.0,area_old_05,0.7694701050784581
day_2,Mild cloudy day,0.35,69,17.25,9.8269,30.9602,20.0,area_old_05,0.7943851321959404
day_2,Mild cloudy day,0.35,70,17.5,9.6481,26.7878,20.0,area_old_05,0.820119713898798
day_2,Mild cloudy day,0.35,71,17.75,9.4643,22.5008,20.0,area_old_05,0.8465696981830193
day_2,Mild cloudy day,0.35,72,18.0,9.2765,18.1173,20.0,area_old_05,0.8736018506455373
day_2,Mild cloudy day,0.35,73,18.25,9.0853,13.6563,20.0,area_old_05,0.9011196025612144
day_2,Mild cloudy day,0.35,74,18.5,8.8916,9.1368,20.0,area_old_05,0.9289975070820645
day_2,Mild cloudy day,0.35,75,18.75,8.6962,4.5782,20.0,area_old_05,0.9571189262962206
day_2,Mild cloudy day,0.35,76,19.0,8.5,0.0,20.0,area_old_05,0.9853573919746589
day_2,Mild cloudy day,0.35,77,19.25,8.3038,0.0,20.0,area_old_05,1.0042436843172755
day_2,Mild cloudy day,0.35,78,19.5,8.1084,0.0,20.0,area_old_05,1.0230529683322973
day_2,Mild cloudy day,0.35,79,19.75,7.9147,0.0,20.0,area_old_05,1.04169860965118
day_2,Mild cloudy day,0.35,80,20.0,7.7235,0.0,20.0,area_old_05,1.0601035999463293
day_2,Mild cloudy day,0.35,81,20.25,7.5357,0.0,20.0,area_old_05,1.0781813048492008
day_2,Mild cloudy day,0.35,82,20.5,7.3519,0.0,20.0,area_old_05,1.0958739681140983
day_2,Mild cloudy day,0.35,83,20.75,7.1731,0.0,20.0,area_old_05,1.1130853293315286
day_2,Mild cloudy day,0.35,84,21.0,7.0,0.0,20.0,area_old_05,1.1297480062148466
day_2,Mild cloudy day,0.35,85,21.25,6.8333,0.0,20.0,area_old_05,1.145794616477406
day_2,Mild cloudy day,0.35,86,21.5,6.6737,0.0,20.0,area_old_05,1.1611577778325617
day_2,Mild cloudy day,0.35,87,21.75,6.522,0.0,20.0,area_old_05,1.1757604819527194
day_2,Mild cloudy day,0.35,88,22.0,6.3787,0.0,20.0,area_old_05,1.1895545986331322
day_2,Mild cloudy day,0.35,89,22.25,6.2445,0.0,20.0,area_old_05,1.202472745587154
day_2,Mild cloudy day,0.35,90,22.5,6.1199,0.0,20.0,area_old_05,1.2144667926100392
day_2,Mild cloudy day,0.35,91,22.75,6.0056,0.0,20.0,area_old_05,1.2254693574151414
day_2,Mild cloudy day,0.35,92,23.0,5.9019,0.0,20.0,area_old_05,1.235451561879613
day_2,Mild cloudy day,0.35,93,23.25,5.8094,0.0,20.0,area_old_05,1.244355649757758
day_2,Mild cloudy day,0.35,94,23.5,5.7284,0.0,20.0,area_old_05,1.2521527429267278
day_2,Mild cloudy day,0.35,95,23.75,5.6592,0.0,20.0,area_old_05,1.2588139632636755
day_2,Mild cloudy day,0.35,0,0.0,5.6022,0.0,20.0,area_old_06,2.8444432513498086
day_2,Mild cloudy day,0.35,1,0.25,5.5576,0.0,20.0,area_old_06,2.855031286053474
day_2,Mild cloudy day,0.35,2,0.5,5.5257,0.0,20.0,area_old_06,2.8626043422652887
day_2,Mild cloudy day,0.35,3,0.75,5.5064,0.0,20.0,area_old_06,2.8671861599733774
day_2,Mild cloudy day,0.35,4,1.0,5.5,0.0,20.0,area_old_06,2.868705519213365
day_2,Mild cloudy day,0.35,5,1.25,5.5064,0.0,20.0,area_old_06,2.8671861599733774
day_2,Mild cloudy day,0.35,6,1.5,5.5257,0.0,20.0,area_old_06,2.8626043422652887
day_2,Mild cloudy day,0.35,7,1.75,5.5576,0.0,20.0,area_old_06,2.855031286053474
day_2,Mild cloudy day,0.35,8,2.0,5.6022,0.0,20.0,area_old_06,2.8444432513498086
day_2,Mild cloudy day,0.35,9,2.25,5.6592,0.0,20.0,area_old_06,2.8309114581186665
day_2,Mild cloudy day,0.35,10,2.5,5.7284,0.0,20.0,area_old_06,2.8144833863362977
day_2,Mild cloudy day,0.35,11,2.75,5.8094,0.0,20.0,area_old_06,2.795253995955201
day_2,Mild cloudy day,0.35,12,3.0,5.9019,0.0,20.0,area_old_06,2.7732945069397514
day_2,Mild cloudy day,0.35,13,3.25,6.0056,0.0,20.0,area_old_06,2.748676139254323
day_2,Mild cloudy day,0.35,14,3.5,6.1199,0.0,20.0,area_old_06,2.7215413328276643
day_2,Mild cloudy day,0.35,15,3.75,6.2445,0.0,20.0,area_old_06,2.6919613076241506
day_2,Mild cloudy day,0.35,16,4.0,6.3787,0.0,20.0,area_old_06,2.660102243560655
day_2,Mild cloudy day,0.35,17,4.25,6.522,0.0,20.0,area_old_06,2.6260828405778014
day_2,Mild cloudy day,0.35,18,4.5,6.6737,0.0,20.0,area_old_06,2.590069278592464
day_2,Mild cloudy day,0.35,19,4.75,6.8333,0.0,20.0,area_old_06,2.552180257545266
day_2,Mild cloudy day,0.35,20,5.0,7.0,0.0,20.0,area_old_06,2.512605697341207
day_2,Mild cloudy day,0.35,21,5.25,7.1731,0.0,20.0,area_old_06,2.4715117778971605
day_2,Mild cloudy day,0.35,22,5.5,7.3519,0.0,20.0,area_old_06,2.429064679129999
day_2,Mild cloudy day,0.35,23,5.75,7.5357,0.0,20.0,area_old_06,2.385430580956597
day_2,Mild cloudy day,0.35,24,6.0,7.7235,0.0,20.0,area_old_06,2.340846883258203
day_2,Mild cloudy day,0.35,25,6.25,7.9147,0.0,20.0,area_old_06,2.2954560259635652
day_2,Mild cloudy day,0.35,26,6.5,8.1084,0.0,20.0,area_old_06,2.2494716689658074
day_2,Mild cloudy day,0.35,27,6.75,8.3038,0.0,20.0,area_old_06,2.2030837321699277
day_2,Mild cloudy day,0.35,28,7.0,8.5,0.0,20.0,area_old_06,2.1565058754690494
day_2,Mild cloudy day,0.35,29,7.25,8.6962,4.5782,20.0,area_old_06,2.100369821503472
day_2,Mild cloudy day,0.35,30,7.5,8.8916,9.1368,20.0,area_old_06,2.0444646076006814
day_2,Mild cloudy day,0.35,31,7.75,9.0853,13.6563,20.0,area_old_06,1.9890446050352755
day_2,Mild cloudy day,0.35,32,8.0,9.2765,18.1173,20.0,area_old_06,1.9343402363174094
day_2,Mild cloudy day,0.35,33,8.25,9.4643,22.5008,20.0,area_old_06,1.8806048288401045
day_2,Mild cloudy day,0.35,34,8.5,9.6481,26.7878,20.0,area_old_06,1.8280204900320065
day_2,Mild cloudy day,0.35,35,8.75,9.8269,30.9602,20.0,area_old_06,1.7768624082874238
day_2,Mild cloudy day,0.35,36,9.0,10.0,35.0,20.0,area_old_06,1.7273343432599746
day_2,Mild cloudy day,0.35,37,9.25,10.1667,38.8899,20.0,area_old_06,1.6796385931690705
day_2,Mild cloudy day,0.35,38,9.5,10.3263,42.6133,20.0,area_old_06,1.6339759947999166
day_2,Mild cloudy day,0.35,39,9.75,10.478,46.1542,20.0,area_old_06,1.5905698722679507
day_2,Mild cloudy day,0.35,40,10.0,10.6213,49.4975,20.0,area_old_06,1.5495704507373995
day_2,Mild cloudy day,0.35,41,10.25,10.7555,52.6288,20.0,area_old_06,1.511173973914533
day_2,Mild cloudy day,0.35,42,10.5,10.8801,55.5347,20.0,area_old_06,1.4755271177662173
day_2,Mild cloudy day,0.35,43,10.75,10.9944,58.2029,20.0,area_old_06,1.4428217416961027
day_2,Mild cloudy day,0.35,44,11.0,11.0981,60.6218,20.0,area_old_06,1.4131532837211327
day_2,Mild cloudy day,0.35,45,11.25,11.1906,62.7811,20.0,area_old_06,1.3866856877305258
day_2,Mild cloudy day,0.35,46,11.5,11.2716,64.6716,20.0,area_old_06,1.3635093811096595
day_2,Mild cloudy day,0.35,47,11.75,11.3408,66.2851,20.0,area_old_06,1.343712703480759
day_2,Mild cloudy day,0.35,48,12.0,11.3978,67.6148,20.0,area_old_06,1.3274048115857595
day_2,Mild cloudy day,0.35,49,12.25,11.4424,68.655,20.0,area_old_06,1.3146450856508811
day_2,Mild cloudy day,0.35,50,12.5,11.4743,69.4011,20.0,area_old_06,1.3055143493509984
day_2,Mild cloudy day,0.35,51,12.75,11.4936,69.8501,20.0,area_old_06,1.299995125987445
day_2,Mild cloudy day,0.35,52,13.0,11.5,70.0,20.0,area_old_06,1.2981628110508998
day_2,Mild cloudy day,0.35,53,13.25,11.4936,69.8501,20.0,area_old_06,1.299995125987445
day_2,Mild cloudy day,0.35,54,13.5,11.4743,69.4011,20.0,area_old_06,1.3055143493509984
day_2,Mild cloudy day,0.35,55,13.75,11.4424,68.655,20.0,area_old_06,1.3146450856508811
day_2,Mild cloudy day,0.35,56,14.0,11.3978,67.6148,20.0,area_old_06,1.3274048115857595
day_2,Mild cloudy day,0.35,57,14.25,11.3408,66.2851,20.0,area_old_06,1.343712703480759
day_2,Mild cloudy day,0.35,58,14.5,11.2716,64.6716,20.0,area_old_06,1.3635093811096595
day_2,Mild cloudy day,0.35,59,14.75,11.1906,62.7811,20.0,area_old_06,1.3866856877305258
day_2,Mild cloudy day,0.35,60,15.0,11.0981,60.6218,20.0,area_old_06,1.4131532837211327
day_2,Mild cloudy day,0.35,61,15.25,10.9944,58.2029,20.0,area_old_06,1.4428217416961027
day_2,Mild cloudy day,0.35,62,15.5,10.8801,55.5347,20.0,area_old_06,1.4755271177662173
day_2,Mild cloudy day,0.35,63,15.75,10.7555,52.6288,20.0,area_old_06,1.511173973914533
day_2,Mild cloudy day,0.35,64,16.0,10.6213,49.4975,20.0,area_old_06,1.5495704507373995
day_2,Mild cloudy day,0.35,65,16.25,10.478,46.1542,20.0,area_old_06,1.5905698722679507
day_2,Mild cloudy day,0.35,66,16.5,10.3263,42.6133,20.0,area_old_06,1.6339759947999166
day_2,Mild cloudy day,0.35,67,16.75,10.1667,38.8899,20.0,area_old_06,1.6796385931690705
day_2,Mild cloudy day,0.35,68,17.0,10.0,35.0,20.0,area_old_06,1.7273343432599746
day_2,Mild cloudy day,0.35,69,17.25,9.8269,30.9602,20.0,area_old_06,1.7768624082874238
day_2,Mild cloudy day,0.35,70,17.5,9.6481,26.7878,20.0,area_old_06,1.8280204900320065
day_2,Mild cloudy day,0.35,71,17.75,9.4643,22.5008,20.0,area_old_06,1.8806048288401045
day_2,Mild cloudy day,0.35,72,18.0,9.2765,18.1173,20.0,area_old_06,1.9343402363174094
day_2,Mild cloudy day,0.35,73,18.25,9.0853,13.6563,20.0,area_old_06,1.9890446050352755
day_2,Mild cloudy day,0.35,74,18.5,8.8916,9.1368,20.0,area_old_06,2.0444646076006814
day_2,Mild cloudy day,0.35,75,18.75,8.6962,4.5782,20.0,area_old_06,2.100369821503472
day_2,Mild cloudy day,0.35,76,19.0,8.5,0.0,20.0,area_old_06,2.1565058754690494
day_2,Mild cloudy day,0.35,77,19.25,8.3038,0.0,20.0,area_old_06,2.2030837321699277
day_2,Mild cloudy day,0.35,78,19.5,8.1084,0.0,20.0,area_old_06,2.2494716689658074
day_2,Mild cloudy day,0.35,79,19.75,7.9147,0.0,20.0,area_old_06,2.2954560259635652
day_2,Mild cloudy day,0.35,80,20.0,7.7235,0.0,20.0,area_old_06,2.340846883258203
day_2,Mild cloudy day,0.35,81,20.25,7.5357,0.0,20.0,area_old_06,2.385430580956597
day_2,Mild cloudy day,0.35,82,20.5,7.3519,0.0,20.0,area_old_06,2.429064679129999
day_2,Mild cloudy day,0.35,83,20.75,7.1731,0.0,20.0,area_old_06,2.4715117778971605
day_2,Mild cloudy day,0.35,84,21.0,7.0,0.0,20.0,area_old_06,2.512605697341207
day_2,Mild cloudy day,0.35,85,21.25,6.8333,0.0,20.0,area_old_06,2.552180257545266
day_2,Mild cloudy day,0.35,86,21.5,6.6737,0.0,20.0,area_old_06,2.590069278592464
day_2,Mild cloudy day,0.35,87,21.75,6.522,0.0,20.0,area_old_06,2.6260828405778014
day_2,Mild cloudy day,0.35,88,22.0,6.3787,0.0,20.0,area_old_06,2.660102243560655
day_2,Mild cloudy day,0.35,89,22.25,6.2445,0.0,20.0,area_old_06,2.6919613076241506
day_2,Mild cloudy day,0.35,90,22.5,6.1199,0.0,20.0,area_old_06,2.7215413328276643
day_2,Mild cloudy day,0.35,91,22.75,6.0056,0.0,20.0,area_old_06,2.748676139254323
day_2,Mild cloudy day,0.35,92,23.0,5.9019,0.0,20.0,area_old_06,2.7732945069397514
day_2,Mild cloudy day,0.35,93,23.25,5.8094,0.0,20.0,area_old_06,2.795253995955201
day_2,Mild cloudy day,0.35,94,23.5,5.7284,0.0,20.0,area_old_06,2.8144833863362977
day_2,Mild cloudy day,0.35,95,23.75,5.6592,0.0,20.0,area_old_06,2.8309114581186665
day_2,Mild cloudy day,0.35,0,0.0,5.6022,0.0,20.0,area_old_07,2.3463048606357435
day_2,Mild cloudy day,0.35,1,0.25,5.5576,0.0,20.0,area_old_07,2.3577545881349256
day_2,Mild cloudy day,0.35,2,0.5,5.5257,0.0,20.0,area_old_07,2.3659439672206637
day_2,Mild cloudy day,0.35,3,0.75,5.5064,0.0,20.0,area_old_07,2.3708986699277093
day_2,Mild cloudy day,0.35,4,1.0,5.5,0.0,20.0,area_old_07,2.372541680151807
day_2,Mild cloudy day,0.35,5,1.25,5.5064,0.0,20.0,area_old_07,2.3708986699277093
day_2,Mild cloudy day,0.35,6,1.5,5.5257,0.0,20.0,area_old_07,2.3659439672206637
day_2,Mild cloudy day,0.35,7,1.75,5.5576,0.0,20.0,area_old_07,2.3577545881349256
day_2,Mild cloudy day,0.35,8,2.0,5.6022,0.0,20.0,area_old_07,2.3463048606357435
day_2,Mild cloudy day,0.35,9,2.25,5.6592,0.0,20.0,area_old_07,2.3316718008273716
day_2,Mild cloudy day,0.35,10,2.5,5.7284,0.0,20.0,area_old_07,2.313906752779313
day_2,Mild cloudy day,0.35,11,2.75,5.8094,0.0,20.0,area_old_07,2.2931124046305738
day_2,Mild cloudy day,0.35,12,3.0,5.9019,0.0,20.0,area_old_07,2.2693657724854086
day_2,Mild cloudy day,0.35,13,3.25,6.0056,0.0,20.0,area_old_07,2.2427438724480724
day_2,Mild cloudy day,0.35,14,3.5,6.1199,0.0,20.0,area_old_07,2.2134007367270736
day_2,Mild cloudy day,0.35,15,3.75,6.2445,0.0,20.0,area_old_07,2.181413381426668
day_2,Mild cloudy day,0.35,16,4.0,6.3787,0.0,20.0,area_old_07,2.146961510790115
day_2,Mild cloudy day,0.35,17,4.25,6.522,0.0,20.0,area_old_07,2.110173484991173
day_2,Mild cloudy day,0.35,18,4.5,6.6737,0.0,20.0,area_old_07,2.0712290082731024
day_2,Mild cloudy day,0.35,19,4.75,6.8333,0.0,20.0,area_old_07,2.030256440809661
day_2,Mild cloudy day,0.35,20,5.0,7.0,0.0,20.0,area_old_07,1.9874611588788609
day_2,Mild cloudy day,0.35,21,5.25,7.1731,0.0,20.0,area_old_07,1.9430228667239628
day_2,Mild cloudy day,0.35,22,5.5,7.3519,0.0,20.0,area_old_07,1.8971212685882275
day_2,Mild cloudy day,0.35,23,5.75,7.5357,0.0,20.0,area_old_07,1.849936068714916
day_2,Mild cloudy day,0.35,24,6.0,7.7235,0.0,20.0,area_old_07,1.8017239874515436
day_2,Mild cloudy day,0.35,25,6.25,7.9147,0.0,20.0,area_old_07,1.7526390570066184
day_2,Mild cloudy day,0.35,26,6.5,8.1084,0.0,20.0,area_old_07,1.7029123256929055
day_2,Mild cloudy day,0.35,27,6.75,8.3038,0.0,20.0,area_old_07,1.6527491697884162
day_2,Mild cloudy day,0.35,28,7.0,8.5,0.0,20.0,area_old_07,1.6023806376059149
day_2,Mild cloudy day,0.35,29,7.25,8.6962,4.5782,20.0,area_old_07,1.5360191298068853
day_2,Mild cloudy day,0.35,30,7.5,8.8916,9.1368,20.0,area_old_07,1.4699314667499102
day_2,Mild cloudy day,0.35,31,7.75,9.0853,13.6563,20.0,area_old_07,1.4044168158829007
day_2,Mild cloudy day,0.35,32,8.0,9.2765,18.1173,20.0,area_old_07,1.3397483232901153
day_2,Mild cloudy day,0.35,33,8.25,9.4643,22.5008,20.0,area_old_07,1.276223409774972
day_2,Mild cloudy day,0.35,34,8.5,9.6481,26.7878,20.0,area_old_07,1.214062480036635
day_2,Mild cloudy day,0.35,35,8.75,9.8269,30.9602,20.0,area_old_07,1.15358548295319
day_2,Mild cloudy day,0.35,36,9.0,10.0,35.0,20.0,area_old_07,1.0950350019695705
day_2,Mild cloudy day,0.35,37,9.25,10.1667,38.8899,20.0,area_old_07,1.0386511752284222
day_2,Mild cloudy day,0.35,38,9.5,10.3263,42.6133,20.0,area_old_07,0.9846716955701043
day_2,Mild cloudy day,0.35,39,9.75,10.478,46.1542,20.0,area_old_07,0.933357831896338
day_2,Mild cloudy day,0.35,40,10.0,10.6213,49.4975,20.0,area_old_07,0.8848906930445062
day_2,Mild cloudy day,0.35,41,10.25,10.7555,52.6288,20.0,area_old_07,0.8395002866192072
day_2,Mild cloudy day,0.35,42,10.5,10.8801,55.5347,20.0,area_old_07,0.7973617828665551
day_2,Mild cloudy day,0.35,43,10.75,10.9944,58.2029,20.0,area_old_07,0.7586978534842874
day_2,Mild cloudy day,0.35,44,11.0,11.0981,60.6218,20.0,area_old_07,0.7236260367288474
day_2,Mild cloudy day,0.35,45,11.25,11.1906,62.7811,20.0,area_old_07,0.6923363456852574
day_2,Mild cloudy day,0.35,46,11.5,11.2716,64.6716,20.0,area_old_07,0.6649379347164044
day_2,Mild cloudy day,0.35,47,11.75,11.3408,66.2851,20.0,area_old_07,0.641536464896193
day_2,Mild cloudy day,0.35,48,12.0,11.3978,67.6148,20.0,area_old_07,0.6222583787287059
day_2,Mild cloudy day,0.35,49,12.25,11.4424,68.655,20.0,area_old_07,0.6071749320306437
day_2,Mild cloudy day,0.35,50,12.5,11.4743,69.4011,20.0,area_old_07,0.596379210035576
day_2,Mild cloudy day,0.35,51,12.75,11.4936,69.8501,20.0,area_old_07,0.5898560205756977
day_2,Mild cloudy day,0.35,52,13.0,11.5,70.0,20.0,area_old_07,0.5876893663332261
day_2,Mild cloudy day,0.35,53,13.25,11.4936,69.8501,20.0,area_old_07,0.5898560205756977
day_2,Mild cloudy day,0.35,54,13.5,11.4743,69.4011,20.0,area_old_07,0.596379210035576
day_2,Mild cloudy day,0.35,55,13.75,11.4424,68.655,20.0,area_old_07,0.6071749320306437
day_2,Mild cloudy day,0.35,56,14.0,11.3978,67.6148,20.0,area_old_07,0.6222583787287059
day_2,Mild cloudy day,0.35,57,14.25,11.3408,66.2851,20.0,area_old_07,0.641536464896193
day_2,Mild cloudy day,0.35,58,14.5,11.2716,64.6716,20.0,area_old_07,0.6649379347164044
day_2,Mild cloudy day,0.35,59,14.75,11.1906,62.7811,20.0,area_old_07,0.6923363456852574
day_2,Mild cloudy day,0.35,60,15.0,11.0981,60.6218,20.0,area_old_07,0.7236260367288474
day_2,Mild cloudy day,0.35,61,15.25,10.9944,58.2029,20.0,area_old_07,0.7586978534842874
day_2,Mild cloudy day,0.35,62,15.5,10.8801,55.5347,20.0,area_old_07,0.7973617828665551
day_2,Mild cloudy day,0.35,63,15.75,10.7555,52.6288,20.0,area_old_07,0.8395002866192072
day_2,Mild cloudy day,0.35,64,16.0,10.6213,49.4975,20.0,area_old_07,0.8848906930445062
day_2,Mild cloudy day,0.35,65,16.25,10.478,46.1542,20.0,area_old_07,0.933357831896338
day_2,Mild cloudy day,0.35,66,16.5,10.3263,42.6133,20.0,area_old_07,0.9846716955701043
day_2,Mild cloudy day,0.35,67,16.75,10.1667,38.8899,20.0,area_old_07,1.0386511752284222
day_2,Mild cloudy day,0.35,68,17.0,10.0,35.0,20.0,area_old_07,1.0950350019695705
day_2,Mild cloudy day,0.35,69,17.25,9.8269,30.9602,20.0,area_old_07,1.15358548295319
day_2,Mild cloudy day,0.35,70,17.5,9.6481,26.7878,20.0,area_old_07,1.214062480036635
day_2,Mild cloudy day,0.35,71,17.75,9.4643,22.5008,20.0,area_old_07,1.276223409774972
day_2,Mild cloudy day,0.35,72,18.0,9.2765,18.1173,20.0,area_old_07,1.3397483232901153
day_2,Mild cloudy day,0.35,73,18.25,9.0853,13.6563,20.0,area_old_07,1.4044168158829007
day_2,Mild cloudy day,0.35,74,18.5,8.8916,9.1368,20.0,area_old_07,1.4699314667499102
day_2,Mild cloudy day,0.35,75,18.75,8.6962,4.5782,20.0,area_old_07,1.5360191298068853
day_2,Mild cloudy day,0.35,76,19.0,8.5,0.0,20.0,area_old_07,1.6023806376059149
day_2,Mild cloudy day,0.35,77,19.25,8.3038,0.0,20.0,area_old_07,1.6527491697884162
day_2,Mild cloudy day,0.35,78,19.5,8.1084,0.0,20.0,area_old_07,1.7029123256929055
day_2,Mild cloudy day,0.35,79,19.75,7.9147,0.0,20.0,area_old_07,1.7526390570066184
day_2,Mild cloudy day,0.35,80,20.0,7.7235,0.0,20.0,area_old_07,1.8017239874515436
day_2,Mild cloudy day,0.35,81,20.25,7.5357,0.0,20.0,area_old_07,1.849936068714916
day_2,Mild cloudy day,0.35,82,20.5,7.3519,0.0,20.0,area_old_07,1.8971212685882275
day_2,Mild cloudy day,0.35,83,20.75,7.1731,0.0,20.0,area_old_07,1.9430228667239628
day_2,Mild cloudy day,0.35,84,21.0,7.0,0.0,20.0,area_old_07,1.9874611588788609
day_2,Mild cloudy day,0.35,85,21.25,6.8333,0.0,20.0,area_old_07,2.030256440809661
day_2,Mild cloudy day,0.35,86,21.5,6.6737,0.0,20.0,area_old_07,2.0712290082731024
day_2,Mild cloudy day,0.35,87,21.75,6.522,0.0,20.0,area_old_07,2.110173484991173
day_2,Mild cloudy day,0.35,88,22.0,6.3787,0.0,20.0,area_old_07,2.146961510790115
day_2,Mild cloudy day,0.35,89,22.25,6.2445,0.0,20.0,area_old_07,2.181413381426668
day_2,Mild cloudy day,0.35,90,22.5,6.1199,0.0,20.0,area_old_07,2.2134007367270736
day_2,Mild cloudy day,0.35,91,22.75,6.0056,0.0,20.0,area_old_07,2.2427438724480724
day_2,Mild cloudy day,0.35,92,23.0,5.9019,0.0,20.0,area_old_07,2.2693657724854086
day_2,Mild cloudy day,0.35,93,23.25,5.8094,0.0,20.0,area_old_07,2.2931124046305738
day_2,Mild cloudy day,0.35,94,23.5,5.7284,0.0,20.0,area_old_07,2.313906752779313
day_2,Mild cloudy day,0.35,95,23.75,5.6592,0.0,20.0,area_old_07,2.3316718008273716
day_2,Mild cloudy day,0.35,0,0.0,5.6022,0.0,20.0,area_old_08,3.809968823351963
day_2,Mild cloudy day,0.35,1,0.25,5.5576,0.0,20.0,area_old_08,3.817960762616772
day_2,Mild cloudy day,0.35,2,0.5,5.5257,0.0,20.0,area_old_08,3.8236769702972073
day_2,Mild cloudy day,0.35,3,0.75,5.5064,0.0,20.0,area_old_08,3.8271353655396028
day_2,Mild cloudy day,0.35,4,1.0,5.5,0.0,20.0,area_old_08,3.8282821909049565
day_2,Mild cloudy day,0.35,5,1.25,5.5064,0.0,20.0,area_old_08,3.8271353655396028
day_2,Mild cloudy day,0.35,6,1.5,5.5257,0.0,20.0,area_old_08,3.8236769702972073
day_2,Mild cloudy day,0.35,7,1.75,5.5576,0.0,20.0,area_old_08,3.817960762616772
day_2,Mild cloudy day,0.35,8,2.0,5.6022,0.0,20.0,area_old_08,3.809968823351963
day_2,Mild cloudy day,0.35,9,2.25,5.6592,0.0,20.0,area_old_08,3.7997549099417807
day_2,Mild cloudy day,0.35,10,2.5,5.7284,0.0,20.0,area_old_08,3.7873548606788927
day_2,Mild cloudy day,0.35,11,2.75,5.8094,0.0,20.0,area_old_08,3.772840352148634
day_2,Mild cloudy day,0.35,12,3.0,5.9019,0.0,20.0,area_old_08,3.7562651417900046
day_2,Mild cloudy day,0.35,13,3.25,6.0056,0.0,20.0,area_old_08,3.7376829870420063
day_2,Mild cloudy day,0.35,14,3.5,6.1199,0.0,20.0,area_old_08,3.7172014027826408
day_2,Mild cloudy day,0.35,15,3.75,6.2445,0.0,20.0,area_old_08,3.694874146450909
day_2,Mild cloudy day,0.35,16,4.0,6.3787,0.0,20.0,area_old_08,3.670826652071147
day_2,Mild cloudy day,0.35,17,4.25,6.522,0.0,20.0,area_old_08,3.645148515375022
day_2,Mild cloudy day,0.35,18,4.5,6.6737,0.0,20.0,area_old_08,3.6179651703868703
day_2,Mild cloudy day,0.35,19,4.75,6.8333,0.0,20.0,area_old_08,3.58936621283836
day_2,Mild cloudy day,0.35,20,5.0,7.0,0.0,20.0,area_old_08,3.55949499590016
day_2,Mild cloudy day,0.35,21,5.25,7.1731,0.0,20.0,area_old_08,3.528476953596607
day_2,Mild cloudy day,0.35,22,5.5,7.3519,0.0,20.0,area_old_08,3.496437519952035
day_2,Mild cloudy day,0.35,23,5.75,7.5357,0.0,20.0,area_old_08,3.463502128990781
day_2,Mild cloudy day,0.35,24,6.0,7.7235,0.0,20.0,area_old_08,3.4298499721761804
day_2,Mild cloudy day,0.35,25,6.25,7.9147,0.0,20.0,area_old_08,3.3955885643862356
day_2,Mild cloudy day,0.35,26,6.5,8.1084,0.0,20.0,area_old_08,3.3608791779379494
day_2,Mild cloudy day,0.35,27,6.75,8.3038,0.0,20.0,area_old_08,3.325865166001991
day_2,Mild cloudy day,0.35,28,7.0,8.5,0.0,20.0,area_old_08,3.290707800895364
day_2,Mild cloudy day,0.35,29,7.25,8.6962,4.5782,20.0,area_old_08,3.1880752492047444
day_2,Mild cloudy day,0.35,30,7.5,8.8916,9.1368,20.0,area_old_08,3.085874922655665
day_2,Mild cloudy day,0.35,31,7.75,9.0853,13.6563,20.0,area_old_08,2.9845554916994166
day_2,Mild cloudy day,0.35,32,8.0,9.2765,18.1173,20.0,area_old_08,2.8845462338043664
day_2,Mild cloudy day,0.35,33,8.25,9.4643,22.5008,20.0,area_old_08,2.7862884502388745
day_2,Mild cloudy day,0.35,34,8.5,9.6481,26.7878,20.0,area_old_08,2.6901696848322976
day_2,Mild cloudy day,0.35,35,8.75,9.8269,30.9602,20.0,area_old_08,2.5966358934700526
day_2,Mild cloudy day,0.35,36,9.0,10.0,35.0,20.0,area_old_08,2.5060778007619704
day_2,Mild cloudy day,0.35,37,9.25,10.1667,38.8899,20.0,area_old_08,2.418875814461778
day_2,Mild cloudy day,0.35,38,9.5,10.3263,42.6133,20.0,area_old_08,2.3354000254671017
day_2,Mild cloudy day,0.35,39,9.75,10.478,46.1542,20.0,area_old_08,2.256029600802383
day_2,Mild cloudy day,0.35,40,10.0,10.6213,49.4975,20.0,area_old_08,2.181076685523788
day_2,Mild cloudy day,0.35,41,10.25,10.7555,52.6288,20.0,area_old_08,2.1108789461240494
day_2,Mild cloudy day,0.35,42,10.5,10.8801,55.5347,20.0,area_old_08,2.045723472437369
day_2,Mild cloudy day,0.35,43,10.75,10.9944,58.2029,20.0,area_old_08,1.9859169803881715
day_2,Mild cloudy day,0.35,44,11.0,11.0981,60.6218,20.0,area_old_08,1.9316841924594428
day_2,Mild cloudy day,0.35,45,11.25,11.1906,62.7811,20.0,area_old_08,1.8832844286975516
day_2,Mild cloudy day,0.35,46,11.5,11.2716,64.6716,20.0,area_old_08,1.840907039507418
day_2,Mild cloudy day,0.35,47,11.75,11.3408,66.2851,20.0,area_old_08,1.8047266369281019
day_2,Mild cloudy day,0.35,48,12.0,11.3978,67.6148,20.0,area_old_08,1.7749151184327907
day_2,Mild cloudy day,0.35,49,12.25,11.4424,68.655,20.0,area_old_08,1.7515923309995598
day_2,Mild cloudy day,0.35,50,12.5,11.4743,69.4011,20.0,area_old_08,1.7348798285503688
day_2,Mild cloudy day,0.35,51,12.75,11.4936,69.8501,20.0,area_old_08,1.724803907036467
day_2,Mild cloudy day,0.35,52,13.0,11.5,70.0,20.0,area_old_08,1.7214478006285765
day_2,Mild cloudy day,0.35,53,13.25,11.4936,69.8501,20.0,area_old_08,1.724803907036467
day_2,Mild cloudy day,0.35,54,13.5,11.4743,69.4011,20.0,area_old_08,1.7348798285503688
day_2,Mild cloudy day,0.35,55,13.75,11.4424,68.655,20.0,area_old_08,1.7515923309995598
day_2,Mild cloudy day,0.35,56,14.0,11.3978,67.6148,20.0,area_old_08,1.7749151184327907
day_2,Mild cloudy day,0.35,57,14.25,11.3408,66.2851,20.0,area_old_08,1.8047266369281019
day_2,Mild cloudy day,0.35,58,14.5,11.2716,64.6716,20.0,area_old_08,1.840907039507418
day_2,Mild cloudy day,0.35,59,14.75,11.1906,62.7811,20.0,area_old_08,1.8832844286975516
day_2,Mild cloudy day,0.35,60,15.0,11.0981,60.6218,20.0,area_old_08,1.9316841924594428
day_2,Mild cloudy day,0.35,61,15.25,10.9944,58.2029,20.0,area_old_08,1.9859169803881715
day_2,Mild cloudy day,0.35,62,15.5,10.8801,55.5347,20.0,area_old_08,2.045723472437369
day_2,Mild cloudy day,0.35,63,15.75,10.7555,52.6288,20.0,area_old_08,2.1108789461240494
day_2,Mild cloudy day,0.35,64,16.0,10.6213,49.4975,20.0,area_old_08,2.181076685523788
day_2,Mild cloudy day,0.35,65,16.25,10.478,46.1542,20.0,area_old_08,2.256029600802383
day_2,Mild cloudy day,0.35,66,16.5,10.3263,42.6133,20.0,area_old_08,2.3354000254671017
day_2,Mild cloudy day,0.35,67,16.75,10.1667,38.8899,20.0,area_old_08,2.418875814461778
day_2,Mild cloudy day,0.35,68,17.0,10.0,35.0,20.0,area_old_08,2.5060778007619704
day_2,Mild cloudy day,0.35,69,17.25,9.8269,30.9602,20.0,area_old_08,2.5966358934700526
day_2,Mild cloudy day,0.35,70,17.5,9.6481,26.7878,20.0,area_old_08,2.6901696848322976
day_2,Mild cloudy day,0.35,71,17.75,9.4643,22.5008,20.0,area_old_08,2.7862884502388745
day_2,Mild cloudy day,0.35,72,18.0,9.2765,18.1173,20.0,area_old_08,2.8845462338043664
day_2,Mild cloudy day,0.35,73,18.25,9.0853,13.6563,20.0,area_old_08,2.9845554916994166
day_2,Mild cloudy day,0.35,74,18.5,8.8916,9.1368,20.0,area_old_08,3.085874922655665
day_2,Mild cloudy day,0.35,75,18.75,8.6962,4.5782,20.0,area_old_08,3.1880752492047444
day_2,Mild cloudy day,0.35,76,19.0,8.5,0.0,20.0,area_old_08,3.290707800895364
day_2,Mild cloudy day,0.35,77,19.25,8.3038,0.0,20.0,area_old_08,3.325865166001991
day_2,Mild cloudy day,0.35,78,19.5,8.1084,0.0,20.0,area_old_08,3.3608791779379494
day_2,Mild cloudy day,0.35,79,19.75,7.9147,0.0,20.0,area_old_08,3.3955885643862356
day_2,Mild cloudy day,0.35,80,20.0,7.7235,0.0,20.0,area_old_08,3.4298499721761804
day_2,Mild cloudy day,0.35,81,20.25,7.5357,0.0,20.0,area_old_08,3.463502128990781
day_2,Mild cloudy day,0.35,82,20.5,7.3519,0.0,20.0,area_old_08,3.496437519952035
day_2,Mild cloudy day,0.35,83,20.75,7.1731,0.0,20.0,area_old_08,3.528476953596607
day_2,Mild cloudy day,0.35,84,21.0,7.0,0.0,20.0,area_old_08,3.55949499590016
day_2,Mild cloudy day,0.35,85,21.25,6.8333,0.0,20.0,area_old_08,3.58936621283836
day_2,Mild cloudy day,0.35,86,21.5,6.6737,0.0,20.0,area_old_08,3.6179651703868703
day_2,Mild cloudy day,0.35,87,21.75,6.522,0.0,20.0,area_old_08,3.645148515375022
day_2,Mild cloudy day,0.35,88,22.0,6.3787,0.0,20.0,area_old_08,3.670826652071147
day_2,Mild cloudy day,0.35,89,22.25,6.2445,0.0,20.0,area_old_08,3.694874146450909
day_2,Mild cloudy day,0.35,90,22.5,6.1199,0.0,20.0,area_old_08,3.7172014027826408
day_2,Mild cloudy day,0.35,91,22.75,6.0056,0.0,20.0,area_old_08,3.7376829870420063
day_2,Mild cloudy day,0.35,92,23.0,5.9019,0.0,20.0,area_old_08,3.7562651417900046
day_2,Mild cloudy day,0.35,93,23.25,5.8094,0.0,20.0,area_old_08,3.772840352148634
day_2,Mild cloudy day,0.35,94,23.5,5.7284,0.0,20.0,area_old_08,3.7873548606788927
day_2,Mild cloudy day,0.35,95,23.75,5.6592,0.0,20.0,area_old_08,3.7997549099417807
day_2,Mild cloudy day,0.35,0,0.0,5.6022,0.0,20.0,area_weak_01,1.8296804241391609
day_2,Mild cloudy day,0.35,1,0.25,5.5576,0.0,20.0,area_weak_01,1.8392307914943928
day_2,Mild cloudy day,0.35,2,0.5,5.5257,0.0,20.0,area_weak_01,1.846061659625153
day_2,Mild cloudy day,0.35,3,0.75,5.5064,0.0,20.0,area_weak_01,1.850194441911162
day_2,Mild cloudy day,0.35,4,1.0,5.5,0.0,20.0,area_weak_01,1.8515648982132578
day_2,Mild cloudy day,0.35,5,1.25,5.5064,0.0,20.0,area_weak_01,1.850194441911162
day_2,Mild cloudy day,0.35,6,1.5,5.5257,0.0,20.0,area_weak_01,1.846061659625153
day_2,Mild cloudy day,0.35,7,1.75,5.5576,0.0,20.0,area_weak_01,1.8392307914943928
day_2,Mild cloudy day,0.35,8,2.0,5.6022,0.0,20.0,area_weak_01,1.8296804241391609
day_2,Mild cloudy day,0.35,9,2.25,5.6592,0.0,20.0,area_weak_01,1.8174747976986176
day_2,Mild cloudy day,0.35,10,2.5,5.7284,0.0,20.0,area_weak_01,1.8026567389322041
day_2,Mild cloudy day,0.35,11,2.75,5.8094,0.0,20.0,area_weak_01,1.7853119013588006
day_2,Mild cloudy day,0.35,12,3.0,5.9019,0.0,20.0,area_weak_01,1.765504525117568
day_2,Mild cloudy day,0.35,13,3.25,6.0056,0.0,20.0,area_weak_01,1.7432988503476676
day_2,Mild cloudy day,0.35,14,3.5,6.1199,0.0,20.0,area_weak_01,1.7188233573274205
day_2,Mild cloudy day,0.35,15,3.75,6.2445,0.0,20.0,area_weak_01,1.6921422861959878
day_2,Mild cloudy day,0.35,16,4.0,6.3787,0.0,20.0,area_weak_01,1.6634055306114108
day_2,Mild cloudy day,0.35,17,4.25,6.522,0.0,20.0,area_weak_01,1.6327201574722907
day_2,Mild cloudy day,0.35,18,4.5,6.6737,0.0,20.0,area_weak_01,1.6002360604366697
day_2,Mild cloudy day,0.35,19,4.75,6.8333,0.0,20.0,area_weak_01,1.5660603064031489
day_2,Mild cloudy day,0.35,20,5.0,7.0,0.0,20.0,area_weak_01,1.5303642024094901
day_2,Mild cloudy day,0.35,21,5.25,7.1731,0.0,20.0,area_weak_01,1.4932976421137356
day_2,Mild cloudy day,0.35,22,5.5,7.3519,0.0,20.0,area_weak_01,1.4550105191739262
day_2,Mild cloudy day,0.35,23,5.75,7.5357,0.0,20.0,area_weak_01,1.415652727248105
day_2,Mild cloudy day,0.35,24,6.0,7.7235,0.0,20.0,area_weak_01,1.3754384001334734
day_2,Mild cloudy day,0.35,25,6.25,7.9147,0.0,20.0,area_weak_01,1.3344960181083532
day_2,Mild cloudy day,0.35,26,6.5,8.1084,0.0,20.0,area_weak_01,1.2930183015902266
day_2,Mild cloudy day,0.35,27,6.75,8.3038,0.0,20.0,area_weak_01,1.2511765576168554
day_2,Mild cloudy day,0.35,28,7.0,8.5,0.0,20.0,area_weak_01,1.209163506605723
day_2,Mild cloudy day,0.35,29,7.25,8.6962,4.5782,20.0,area_weak_01,1.1644547073518798
day_2,Mild cloudy day,0.35,30,7.5,8.8916,9.1368,20.0,area_weak_01,1.1199287560613924
day_2,Mild cloudy day,0.35,31,7.75,9.0853,13.6563,20.0,area_weak_01,1.0757898551950653
day_2,Mild cloudy day,0.35,32,8.0,9.2765,18.1173,20.0,area_weak_01,1.032220734951708
day_2,Mild cloudy day,0.35,33,8.25,9.4643,22.5008,20.0,area_weak_01,0.9894253033807567
day_2,Mild cloudy day,0.35,34,8.5,9.6481,26.7878,20.0,area_weak_01,0.9475432283924872
day_2,Mild cloudy day,0.35,35,8.75,9.8269,30.9602,20.0,area_weak_01,0.9067993014755937
day_2,Mild cloudy day,0.35,36,9.0,10.0,35.0,20.0,area_weak_01,0.8673540150973382
day_2,Mild cloudy day,0.35,37,9.25,10.1667,38.8899,20.0,area_weak_01,0.8293674495490686
day_2,Mild cloudy day,0.35,38,9.5,10.3263,42.6133,20.0,area_weak_01,0.7929992729462172
day_2,Mild cloudy day,0.35,39,9.75,10.478,46.1542,20.0,area_weak_01,0.7584302134902972
day_2,Mild cloudy day,0.35,40,10.0,10.6213,49.4975,20.0,area_weak_01,0.7257762293031986
day_2,Mild cloudy day,0.35,41,10.25,10.7555,52.6288,20.0,area_weak_01,0.6951956930903398
day_2,Mild cloudy day,0.35,42,10.5,10.8801,55.5347,20.0,area_weak_01,0.6668035619749624
day_2,Mild cloudy day,0.35,43,10.75,10.9944,58.2029,20.0,area_weak_01,0.6407569721347421
day_2,Mild cloudy day,0.35,44,11.0,11.0981,60.6218,20.0,area_weak_01,0.617126994052559
day_2,Mild cloudy day,0.35,45,11.25,11.1906,62.7811,20.0,area_weak_01,0.5960481728808988
day_2,Mild cloudy day,0.35,46,11.5,11.2716,64.6716,20.0,area_weak_01,0.5775901659280789
day_2,Mild cloudy day,0.35,47,11.75,11.3408,66.2851,20.0,area_weak_01,0.5618220416796822
day_2,Mild cloudy day,0.35,48,12.0,11.3978,67.6148,20.0,area_weak_01,0.548833457649184
day_2,Mild cloudy day,0.35,49,12.25,11.4424,68.655,20.0,area_weak_01,0.5386705968856107
day_2,Mild cloudy day,0.35,50,12.5,11.4743,69.4011,20.0,area_weak_01,0.5314004081127017
day_2,Mild cloudy day,0.35,51,12.75,11.4936,69.8501,20.0,area_weak_01,0.5270032444189394
day_2,Mild cloudy day,0.35,52,13.0,11.5,70.0,20.0,area_weak_01,0.5255445235889544
day_2,Mild cloudy day,0.35,53,13.25,11.4936,69.8501,20.0,area_weak_01,0.5270032444189394
day_2,Mild cloudy day,0.35,54,13.5,11.4743,69.4011,20.0,area_weak_01,0.5314004081127017
day_2,Mild cloudy day,0.35,55,13.75,11.4424,68.655,20.0,area_weak_01,0.5386705968856107
day_2,Mild cloudy day,0.35,56,14.0,11.3978,67.6148,20.0,area_weak_01,0.548833457649184
day_2,Mild cloudy day,0.35,57,14.25,11.3408,66.2851,20.0,area_weak_01,0.5618220416796822
day_2,Mild cloudy day,0.35,58,14.5,11.2716,64.6716,20.0,area_weak_01,0.5775901659280789
day_2,Mild cloudy day,0.35,59,14.75,11.1906,62.7811,20.0,area_weak_01,0.5960481728808988
day_2,Mild cloudy day,0.35,60,15.0,11.0981,60.6218,20.0,area_weak_01,0.617126994052559
day_2,Mild cloudy day,0.35,61,15.25,10.9944,58.2029,20.0,area_weak_01,0.6407569721347421
day_2,Mild cloudy day,0.35,62,15.5,10.8801,55.5347,20.0,area_weak_01,0.6668035619749624
day_2,Mild cloudy day,0.35,63,15.75,10.7555,52.6288,20.0,area_weak_01,0.6951956930903398
day_2,Mild cloudy day,0.35,64,16.0,10.6213,49.4975,20.0,area_weak_01,0.7257762293031986
day_2,Mild cloudy day,0.35,65,16.25,10.478,46.1542,20.0,area_weak_01,0.7584302134902972
day_2,Mild cloudy day,0.35,66,16.5,10.3263,42.6133,20.0,area_weak_01,0.7929992729462172
day_2,Mild cloudy day,0.35,67,16.75,10.1667,38.8899,20.0,area_weak_01,0.8293674495490686
day_2,Mild cloudy day,0.35,68,17.0,10.0,35.0,20.0,area_weak_01,0.8673540150973382
day_2,Mild cloudy day,0.35,69,17.25,9.8269,30.9602,20.0,area_weak_01,0.9067993014755937
day_2,Mild cloudy day,0.35,70,17.5,9.6481,26.7878,20.0,area_weak_01,0.9475432283924872
day_2,Mild cloudy day,0.35,71,17.75,9.4643,22.5008,20.0,area_weak_01,0.9894253033807567
day_2,Mild cloudy day,0.35,72,18.0,9.2765,18.1173,20.0,area_weak_01,1.032220734951708
day_2,Mild cloudy day,0.35,73,18.25,9.0853,13.6563,20.0,area_weak_01,1.0757898551950653
day_2,Mild cloudy day,0.35,74,18.5,8.8916,9.1368,20.0,area_weak_01,1.1199287560613924
day_2,Mild cloudy day,0.35,75,18.75,8.6962,4.5782,20.0,area_weak_01,1.1644547073518798
day_2,Mild cloudy day,0.35,76,19.0,8.5,0.0,20.0,area_weak_01,1.209163506605723
day_2,Mild cloudy day,0.35,77,19.25,8.3038,0.0,20.0,area_weak_01,1.2511765576168554
day_2,Mild cloudy day,0.35,78,19.5,8.1084,0.0,20.0,area_weak_01,1.2930183015902266
day_2,Mild cloudy day,0.35,79,19.75,7.9147,0.0,20.0,area_weak_01,1.3344960181083532
day_2,Mild cloudy day,0.35,80,20.0,7.7235,0.0,20.0,area_weak_01,1.3754384001334734
day_2,Mild cloudy day,0.35,81,20.25,7.5357,0.0,20.0,area_weak_01,1.415652727248105
day_2,Mild cloudy day,0.35,82,20.5,7.3519,0.0,20.0,area_weak_01,1.4550105191739262
day_2,Mild cloudy day,0.35,83,20.75,7.1731,0.0,20.0,area_weak_01,1.4932976421137356
day_2,Mild cloudy day,0.35,84,21.0,7.0,0.0,20.0,area_weak_01,1.5303642024094901
day_2,Mild cloudy day,0.35,85,21.25,6.8333,0.0,20.0,area_weak_01,1.5660603064031489
day_2,Mild cloudy day,0.35,86,21.5,6.6737,0.0,20.0,area_weak_01,1.6002360604366697
day_2,Mild cloudy day,0.35,87,21.75,6.522,0.0,20.0,area_weak_01,1.6327201574722907
day_2,Mild cloudy day,0.35,88,22.0,6.3787,0.0,20.0,area_weak_01,1.6634055306114108
day_2,Mild cloudy day,0.35,89,22.25,6.2445,0.0,20.0,area_weak_01,1.6921422861959878
day_2,Mild cloudy day,0.35,90,22.5,6.1199,0.0,20.0,area_weak_01,1.7188233573274205
day_2,Mild cloudy day,0.35,91,22.75,6.0056,0.0,20.0,area_weak_01,1.7432988503476676
day_2,Mild cloudy day,0.35,92,23.0,5.9019,0.0,20.0,area_weak_01,1.765504525117568
day_2,Mild cloudy day,0.35,93,23.25,5.8094,0.0,20.0,area_weak_01,1.7853119013588006
day_2,Mild cloudy day,0.35,94,23.5,5.7284,0.0,20.0,area_weak_01,1.8026567389322041
day_2,Mild cloudy day,0.35,95,23.75,5.6592,0.0,20.0,area_weak_01,1.8174747976986176
day_2,Mild cloudy day,0.35,0,0.0,5.6022,0.0,20.0,area_weak_02,3.105284808899009
day_2,Mild cloudy day,0.35,1,0.25,5.5576,0.0,20.0,area_weak_02,3.1175320184136384
day_2,Mild cloudy day,0.35,2,0.5,5.5257,0.0,20.0,area_weak_02,3.1262917938288113
day_2,Mild cloudy day,0.35,3,0.75,5.5064,0.0,20.0,area_weak_02,3.1315915952555464
day_2,Mild cloudy day,0.35,4,1.0,5.5,0.0,20.0,area_weak_02,3.1333490423607846
day_2,Mild cloudy day,0.35,5,1.25,5.5064,0.0,20.0,area_weak_02,3.1315915952555464
day_2,Mild cloudy day,0.35,6,1.5,5.5257,0.0,20.0,area_weak_02,3.1262917938288113
day_2,Mild cloudy day,0.35,7,1.75,5.5576,0.0,20.0,area_weak_02,3.1175320184136384
day_2,Mild cloudy day,0.35,8,2.0,5.6022,0.0,20.0,area_weak_02,3.105284808899009
day_2,Mild cloudy day,0.35,9,2.25,5.6592,0.0,20.0,area_weak_02,3.0896325456179787
day_2,Mild cloudy day,0.35,10,2.5,5.7284,0.0,20.0,area_weak_02,3.0706301487925884
day_2,Mild cloudy day,0.35,11,2.75,5.8094,0.0,20.0,area_weak_02,3.048387458866915
day_2,Mild cloudy day,0.35,12,3.0,5.9019,0.0,20.0,area_weak_02,3.0229868561740156
day_2,Mild cloudy day,0.35,13,3.25,6.0056,0.0,20.0,area_weak_02,2.9945107210469497
day_2,Mild cloudy day,0.35,14,3.5,6.1199,0.0,20.0,area_weak_02,2.963123814151832
day_2,Mild cloudy day,0.35,15,3.75,6.2445,0.0,20.0,area_weak_02,2.928908515821722
day_2,Mild cloudy day,0.35,16,4.0,6.3787,0.0,20.0,area_weak_02,2.8920570468337545
day_2,Mild cloudy day,0.35,17,4.25,6.522,0.0,20.0,area_weak_02,2.8527067077430255
day_2,Mild cloudy day,0.35,18,4.5,6.6737,0.0,20.0,area_weak_02,2.8110497193266712
day_2,Mild cloudy day,0.35,19,4.75,6.8333,0.0,20.0,area_weak_02,2.7672233821397882
day_2,Mild cloudy day,0.35,20,5.0,7.0,0.0,20.0,area_weak_02,2.7214473770705316
day_2,Mild cloudy day,0.35,21,5.25,7.1731,0.0,20.0,area_weak_02,2.6739139248960364
day_2,Mild cloudy day,0.35,22,5.5,7.3519,0.0,20.0,area_weak_02,2.624815246393438
day_2,Mild cloudy day,0.35,23,5.75,7.5357,0.0,20.0,area_weak_02,2.5743435623398727
day_2,Mild cloudy day,0.35,24,6.0,7.7235,0.0,20.0,area_weak_02,2.522773473845533
day_2,Mild cloudy day,0.35,25,6.25,7.9147,0.0,20.0,area_weak_02,2.4702697415765353
day_2,Mild cloudy day,0.35,26,6.5,8.1084,0.0,20.0,area_weak_02,2.4170795065320543
day_2,Mild cloudy day,0.35,27,6.75,8.3038,0.0,20.0,area_weak_02,2.3634224496002436
day_2,Mild cloudy day,0.35,28,7.0,8.5,0.0,20.0,area_weak_02,2.3095457117802787
day_2,Mild cloudy day,0.35,29,7.25,8.6962,4.5782,20.0,area_weak_02,2.2362775706761853
day_2,Mild cloudy day,0.35,30,7.5,8.8916,9.1368,20.0,area_weak_02,2.1633121281319005
day_2,Mild cloudy day,0.35,31,7.75,9.0853,13.6563,20.0,area_weak_02,2.0909791192587046
day_2,Mild cloudy day,0.35,32,8.0,9.2765,18.1173,20.0,area_weak_02,2.0195803954973086
day_2,Mild cloudy day,0.35,33,8.25,9.4643,22.5008,20.0,area_weak_02,1.9494435741612457
day_2,Mild cloudy day,0.35,34,8.5,9.6481,26.7878,20.0,area_weak_02,1.8808138922309907
day_2,Mild cloudy day,0.35,35,8.75,9.8269,30.9602,20.0,area_weak_02,1.8140426150951527
day_2,Mild cloudy day,0.35,36,9.0,10.0,35.0,20.0,area_weak_02,1.7493982042497338
day_2,Mild cloudy day,0.35,37,9.25,10.1667,38.8899,20.0,area_weak_02,1.6871461562738905
day_2,Mild cloudy day,0.35,38,9.5,10.3263,42.6133,20.0,area_weak_02,1.6275490028299364
day_2,Mild cloudy day,0.35,39,9.75,10.478,46.1542,20.0,area_weak_02,1.5708941943339063
day_2,Mild cloudy day,0.35,40,10.0,10.6213,49.4975,20.0,area_weak_02,1.5173829888328352
day_2,Mild cloudy day,0.35,41,10.25,10.7555,52.6288,20.0,area_weak_02,1.4672685996789525
day_2,Mild cloudy day,0.35,42,10.5,10.8801,55.5347,20.0,area_weak_02,1.420745084406954
day_2,Mild cloudy day,0.35,43,10.75,10.9944,58.2029,20.0,area_weak_02,1.3780567616185357
day_2,Mild cloudy day,0.35,44,11.0,11.0981,60.6218,20.0,area_weak_02,1.3393351445544686
day_2,Mild cloudy day,0.35,45,11.25,11.1906,62.7811,20.0,area_weak_02,1.3047886205144419
day_2,Mild cloudy day,0.35,46,11.5,11.2716,64.6716,20.0,area_weak_02,1.2745385373100464
day_2,Mild cloudy day,0.35,47,11.75,11.3408,66.2851,20.0,area_weak_02,1.2487020071573784
day_2,Mild cloudy day,0.35,48,12.0,11.3978,67.6148,20.0,area_weak_02,1.2274176725498656
day_2,Mild cloudy day,0.35,49,12.25,11.4424,68.655,20.0,area_weak_02,1.210764596603854
day_2,Mild cloudy day,0.35,50,12.5,11.4743,69.4011,20.0,area_weak_02,1.1988446433916677
day_2,Mild cloudy day,0.35,51,12.75,11.4936,69.8501,20.0,area_weak_02,1.1916430595887642
day_2,Mild cloudy day,0.35,52,13.0,11.5,70.0,20.0,area_weak_02,1.1892506967191885
day_2,Mild cloudy day,0.35,53,13.25,11.4936,69.8501,20.0,area_weak_02,1.1916430595887642
day_2,Mild cloudy day,0.35,54,13.5,11.4743,69.4011,20.0,area_weak_02,1.1988446433916677
day_2,Mild cloudy day,0.35,55,13.75,11.4424,68.655,20.0,area_weak_02,1.210764596603854
day_2,Mild cloudy day,0.35,56,14.0,11.3978,67.6148,20.0,area_weak_02,1.2274176725498656
day_2,Mild cloudy day,0.35,57,14.25,11.3408,66.2851,20.0,area_weak_02,1.2487020071573784
day_2,Mild cloudy day,0.35,58,14.5,11.2716,64.6716,20.0,area_weak_02,1.2745385373100464
day_2,Mild cloudy day,0.35,59,14.75,11.1906,62.7811,20.0,area_weak_02,1.3047886205144419
day_2,Mild cloudy day,0.35,60,15.0,11.0981,60.6218,20.0,area_weak_02,1.3393351445544686
day_2,Mild cloudy day,0.35,61,15.25,10.9944,58.2029,20.0,area_weak_02,1.3780567616185357
day_2,Mild cloudy day,0.35,62,15.5,10.8801,55.5347,20.0,area_weak_02,1.420745084406954
day_2,Mild cloudy day,0.35,63,15.75,10.7555,52.6288,20.0,area_weak_02,1.4672685996789525
day_2,Mild cloudy day,0.35,64,16.0,10.6213,49.4975,20.0,area_weak_02,1.5173829888328352
day_2,Mild cloudy day,0.35,65,16.25,10.478,46.1542,20.0,area_weak_02,1.5708941943339063
day_2,Mild cloudy day,0.35,66,16.5,10.3263,42.6133,20.0,area_weak_02,1.6275490028299364
day_2,Mild cloudy day,0.35,67,16.75,10.1667,38.8899,20.0,area_weak_02,1.6871461562738905
day_2,Mild cloudy day,0.35,68,17.0,10.0,35.0,20.0,area_weak_02,1.7493982042497338
day_2,Mild cloudy day,0.35,69,17.25,9.8269,30.9602,20.0,area_weak_02,1.8140426150951527
day_2,Mild cloudy day,0.35,70,17.5,9.6481,26.7878,20.0,area_weak_02,1.8808138922309907
day_2,Mild cloudy day,0.35,71,17.75,9.4643,22.5008,20.0,area_weak_02,1.9494435741612457
day_2,Mild cloudy day,0.35,72,18.0,9.2765,18.1173,20.0,area_weak_02,2.0195803954973086
day_2,Mild cloudy day,0.35,73,18.25,9.0853,13.6563,20.0,area_weak_02,2.0909791192587046
day_2,Mild cloudy day,0.35,74,18.5,8.8916,9.1368,20.0,area_weak_02,2.1633121281319005
day_2,Mild cloudy day,0.35,75,18.75,8.6962,4.5782,20.0,area_weak_02,2.2362775706761853
day_2,Mild cloudy day,0.35,76,19.0,8.5,0.0,20.0,area_weak_02,2.3095457117802787
day_2,Mild cloudy day,0.35,77,19.25,8.3038,0.0,20.0,area_weak_02,2.3634224496002436
day_2,Mild cloudy day,0.35,78,19.5,8.1084,0.0,20.0,area_weak_02,2.4170795065320543
day_2,Mild cloudy day,0.35,79,19.75,7.9147,0.0,20.0,area_weak_02,2.4702697415765353
day_2,Mild cloudy day,0.35,80,20.0,7.7235,0.0,20.0,area_weak_02,2.522773473845533
day_2,Mild cloudy day,0.35,81,20.25,7.5357,0.0,20.0,area_weak_02,2.5743435623398727
day_2,Mild cloudy day,0.35,82,20.5,7.3519,0.0,20.0,area_weak_02,2.624815246393438
day_2,Mild cloudy day,0.35,83,20.75,7.1731,0.0,20.0,area_weak_02,2.6739139248960364
day_2,Mild cloudy day,0.35,84,21.0,7.0,0.0,20.0,area_weak_02,2.7214473770705316
day_2,Mild cloudy day,0.35,85,21.25,6.8333,0.0,20.0,area_weak_02,2.7672233821397882
day_2,Mild cloudy day,0.35,86,21.5,6.6737,0.0,20.0,area_weak_02,2.8110497193266712
day_2,Mild cloudy day,0.35,87,21.75,6.522,0.0,20.0,area_weak_02,2.8527067077430255
day_2,Mild cloudy day,0.35,88,22.0,6.3787,0.0,20.0,area_weak_02,2.8920570468337545
day_2,Mild cloudy day,0.35,89,22.25,6.2445,0.0,20.0,area_weak_02,2.928908515821722
day_2,Mild cloudy day,0.35,90,22.5,6.1199,0.0,20.0,area_weak_02,2.963123814151832
day_2,Mild cloudy day,0.35,91,22.75,6.0056,0.0,20.0,area_weak_02,2.9945107210469497
day_2,Mild cloudy day,0.35,92,23.0,5.9019,0.0,20.0,area_weak_02,3.0229868561740156
day_2,Mild cloudy day,0.35,93,23.25,5.8094,0.0,20.0,area_weak_02,3.048387458866915
day_2,Mild cloudy day,0.35,94,23.5,5.7284,0.0,20.0,area_weak_02,3.0706301487925884
day_2,Mild cloudy day,0.35,95,23.75,5.6592,0.0,20.0,area_weak_02,3.0896325456179787
day_2,Mild cloudy day,0.35,0,0.0,5.6022,0.0,20.0,area_weak_03,2.466654009091577
day_2,Mild cloudy day,0.35,1,0.25,5.5576,0.0,20.0,area_weak_03,2.4696066978884126
day_2,Mild cloudy day,0.35,2,0.5,5.5257,0.0,20.0,area_weak_03,2.4717185986197823
day_2,Mild cloudy day,0.35,3,0.75,5.5064,0.0,20.0,area_weak_03,2.472996331664153
day_2,Mild cloudy day,0.35,4,1.0,5.5,0.0,20.0,area_weak_03,2.4734200358861202
day_2,Mild cloudy day,0.35,5,1.25,5.5064,0.0,20.0,area_weak_03,2.472996331664153
day_2,Mild cloudy day,0.35,6,1.5,5.5257,0.0,20.0,area_weak_03,2.4717185986197823
day_2,Mild cloudy day,0.35,7,1.75,5.5576,0.0,20.0,area_weak_03,2.4696066978884126
day_2,Mild cloudy day,0.35,8,2.0,5.6022,0.0,20.0,area_weak_03,2.466654009091577
day_2,Mild cloudy day,0.35,9,2.25,5.6592,0.0,20.0,area_weak_03,2.462880393364679
day_2,Mild cloudy day,0.35,10,2.5,5.7284,0.0,20.0,area_weak_03,2.4582990914646556
day_2,Mild cloudy day,0.35,11,2.75,5.8094,0.0,20.0,area_weak_03,2.4529365849053795
day_2,Mild cloudy day,0.35,12,3.0,5.9019,0.0,20.0,area_weak_03,2.4468127348222555
day_2,Mild cloudy day,0.35,13,3.25,6.0056,0.0,20.0,area_weak_03,2.4399474023506884
day_2,Mild cloudy day,0.35,14,3.5,6.1199,0.0,20.0,area_weak_03,2.432380309761488
day_2,Mild cloudy day,0.35,15,3.75,6.2445,0.0,20.0,area_weak_03,2.4241313181900583
day_2,Mild cloudy day,0.35,16,4.0,6.3787,0.0,20.0,area_weak_03,2.4152467702856777
day_2,Mild cloudy day,0.35,17,4.25,6.522,0.0,20.0,area_weak_03,2.405759767940687
day_2,Mild cloudy day,0.35,18,4.5,6.6737,0.0,20.0,area_weak_03,2.3957166538043637
day_2,Mild cloudy day,0.35,19,4.75,6.8333,0.0,20.0,area_weak_03,2.3851505297690494
day_2,Mild cloudy day,0.35,20,5.0,7.0,0.0,20.0,area_weak_03,2.3741143588624896
day_2,Mild cloudy day,0.35,21,5.25,7.1731,0.0,20.0,area_weak_03,2.362654483733963
day_2,Mild cloudy day,0.35,22,5.5,7.3519,0.0,20.0,area_weak_03,2.350817247032746
day_2,Mild cloudy day,0.35,23,5.75,7.5357,0.0,20.0,area_weak_03,2.3386489914081174
day_2,Mild cloudy day,0.35,24,6.0,7.7235,0.0,20.0,area_weak_03,2.326215920644759
day_2,Mild cloudy day,0.35,25,6.25,7.9147,0.0,20.0,area_weak_03,2.3135577570134798
day_2,Mild cloudy day,0.35,26,6.5,8.1084,0.0,20.0,area_weak_03,2.3007340839204953
day_2,Mild cloudy day,0.35,27,6.75,8.3038,0.0,20.0,area_weak_03,2.28779786439355
day_2,Mild cloudy day,0.35,28,7.0,8.5,0.0,20.0,area_weak_03,2.2748086818388593
day_2,Mild cloudy day,0.35,29,7.25,8.6962,4.5782,20.0,area_weak_03,2.2538571473575137
day_2,Mild cloudy day,0.35,30,7.5,8.8916,9.1368,20.0,area_weak_03,2.2329926639948146
day_2,Mild cloudy day,0.35,31,7.75,9.0853,13.6563,20.0,area_weak_03,2.212308729329046
day_2,Mild cloudy day,0.35,32,8.0,9.2765,18.1173,20.0,area_weak_03,2.1918920466411933
day_2,Mild cloudy day,0.35,33,8.25,9.4643,22.5008,20.0,area_weak_03,2.1718352439153845
day_2,Mild cloudy day,0.35,34,8.5,9.6481,26.7878,20.0,area_weak_03,2.1522110880003424
day_2,Mild cloudy day,0.35,35,8.75,9.8269,30.9602,20.0,area_weak_03,2.1331172619891836
day_2,Mild cloudy day,0.35,36,9.0,10.0,35.0,20.0,area_weak_03,2.1146314139207893
day_2,Mild cloudy day,0.35,37,9.25,10.1667,38.8899,20.0,area_weak_03,2.096829974402222
day_2,Mild cloudy day,0.35,38,9.5,10.3263,42.6133,20.0,area_weak_03,2.079788156608726
day_2,Mild cloudy day,0.35,39,9.75,10.478,46.1542,20.0,area_weak_03,2.0635867505810284
day_2,Mild cloudy day,0.35,40,10.0,10.6213,49.4975,20.0,area_weak_03,2.0482851199549694
day_2,Mild cloudy day,0.35,41,10.25,10.7555,52.6288,20.0,area_weak_03,2.0339546516915097
day_2,Mild cloudy day,0.35,42,10.5,10.8801,55.5347,20.0,area_weak_03,2.0206517528063617
day_2,Mild cloudy day,0.35,43,10.75,10.9944,58.2029,20.0,area_weak_03,2.008444157965031
day_2,Mild cloudy day,0.35,44,11.0,11.0981,60.6218,20.0,area_weak_03,1.9973719028873338
day_2,Mild cloudy day,0.35,45,11.25,11.1906,62.7811,20.0,area_weak_03,1.9874926234836854
day_2,Mild cloudy day,0.35,46,11.5,11.2716,64.6716,20.0,area_weak_03,1.978842181421954
day_2,Mild cloudy day,0.35,47,11.75,11.3408,66.2851,20.0,area_weak_03,1.9714546991816968
day_2,Mild cloudy day,0.35,48,12.0,11.3978,67.6148,20.0,area_weak_03,1.9653684847573034
day_2,Mild cloudy day,0.35,49,12.25,11.4424,68.655,20.0,area_weak_03,1.960606692279085
day_2,Mild cloudy day,0.35,50,12.5,11.4743,69.4011,20.0,area_weak_03,1.9571971831486774
day_2,Mild cloudy day,0.35,51,12.75,11.4936,69.8501,20.0,area_weak_03,1.9551385545525464
day_2,Mild cloudy day,0.35,52,13.0,11.5,70.0,20.0,area_weak_03,1.9544541460027198
day_2,Mild cloudy day,0.35,53,13.25,11.4936,69.8501,20.0,area_weak_03,1.9551385545525464
day_2,Mild cloudy day,0.35,54,13.5,11.4743,69.4011,20.0,area_weak_03,1.9571971831486774
day_2,Mild cloudy day,0.35,55,13.75,11.4424,68.655,20.0,area_weak_03,1.960606692279085
day_2,Mild cloudy day,0.35,56,14.0,11.3978,67.6148,20.0,area_weak_03,1.9653684847573034
day_2,Mild cloudy day,0.35,57,14.25,11.3408,66.2851,20.0,area_weak_03,1.9714546991816968
day_2,Mild cloudy day,0.35,58,14.5,11.2716,64.6716,20.0,area_weak_03,1.978842181421954
day_2,Mild cloudy day,0.35,59,14.75,11.1906,62.7811,20.0,area_weak_03,1.9874926234836854
day_2,Mild cloudy day,0.35,60,15.0,11.0981,60.6218,20.0,area_weak_03,1.9973719028873338
day_2,Mild cloudy day,0.35,61,15.25,10.9944,58.2029,20.0,area_weak_03,2.008444157965031
day_2,Mild cloudy day,0.35,62,15.5,10.8801,55.5347,20.0,area_weak_03,2.0206517528063617
day_2,Mild cloudy day,0.35,63,15.75,10.7555,52.6288,20.0,area_weak_03,2.0339546516915097
day_2,Mild cloudy day,0.35,64,16.0,10.6213,49.4975,20.0,area_weak_03,2.0482851199549694
day_2,Mild cloudy day,0.35,65,16.25,10.478,46.1542,20.0,area_weak_03,2.0635867505810284
day_2,Mild cloudy day,0.35,66,16.5,10.3263,42.6133,20.0,area_weak_03,2.079788156608726
day_2,Mild cloudy day,0.35,67,16.75,10.1667,38.8899,20.0,area_weak_03,2.096829974402222
day_2,Mild cloudy day,0.35,68,17.0,10.0,35.0,20.0,area_weak_03,2.1146314139207893
day_2,Mild cloudy day,0.35,69,17.25,9.8269,30.9602,20.0,area_weak_03,2.1331172619891836
day_2,Mild cloudy day,0.35,70,17.5,9.6481,26.7878,20.0,area_weak_03,2.1522110880003424
day_2,Mild cloudy day,0.35,71,17.75,9.4643,22.5008,20.0,area_weak_03,2.1718352439153845
day_2,Mild cloudy day,0.35,72,18.0,9.2765,18.1173,20.0,area_weak_03,2.1918920466411933
day_2,Mild cloudy day,0.35,73,18.25,9.0853,13.6563,20.0,area_weak_03,2.212308729329046
day_2,Mild cloudy day,0.35,74,18.5,8.8916,9.1368,20.0,area_weak_03,2.2329926639948146
day_2,Mild cloudy day,0.35,75,18.75,8.6962,4.5782,20.0,area_weak_03,2.2538571473575137
day_2,Mild cloudy day,0.35,76,19.0,8.5,0.0,20.0,area_weak_03,2.2748086818388593
day_2,Mild cloudy day,0.35,77,19.25,8.3038,0.0,20.0,area_weak_03,2.28779786439355
day_2,Mild cloudy day,0.35,78,19.5,8.1084,0.0,20.0,area_weak_03,2.3007340839204953
day_2,Mild cloudy day,0.35,79,19.75,7.9147,0.0,20.0,area_weak_03,2.3135577570134798
day_2,Mild cloudy day,0.35,80,20.0,7.7235,0.0,20.0,area_weak_03,2.326215920644759
day_2,Mild cloudy day,0.35,81,20.25,7.5357,0.0,20.0,area_weak_03,2.3386489914081174
day_2,Mild cloudy day,0.35,82,20.5,7.3519,0.0,20.0,area_weak_03,2.350817247032746
day_2,Mild cloudy day,0.35,83,20.75,7.1731,0.0,20.0,area_weak_03,2.362654483733963
day_2,Mild cloudy day,0.35,84,21.0,7.0,0.0,20.0,area_weak_03,2.3741143588624896
day_2,Mild cloudy day,0.35,85,21.25,6.8333,0.0,20.0,area_weak_03,2.3851505297690494
day_2,Mild cloudy day,0.35,86,21.5,6.6737,0.0,20.0,area_weak_03,2.3957166538043637
day_2,Mild cloudy day,0.35,87,21.75,6.522,0.0,20.0,area_weak_03,2.405759767940687
day_2,Mild cloudy day,0.35,88,22.0,6.3787,0.0,20.0,area_weak_03,2.4152467702856777
day_2,Mild cloudy day,0.35,89,22.25,6.2445,0.0,20.0,area_weak_03,2.4241313181900583
day_2,Mild cloudy day,0.35,90,22.5,6.1199,0.0,20.0,area_weak_03,2.432380309761488
day_2,Mild cloudy day,0.35,91,22.75,6.0056,0.0,20.0,area_weak_03,2.4399474023506884
day_2,Mild cloudy day,0.35,92,23.0,5.9019,0.0,20.0,area_weak_03,2.4468127348222555
day_2,Mild cloudy day,0.35,93,23.25,5.8094,0.0,20.0,area_weak_03,2.4529365849053795
day_2,Mild cloudy day,0.35,94,23.5,5.7284,0.0,20.0,area_weak_03,2.4582990914646556
day_2,Mild cloudy day,0.35,95,23.75,5.6592,0.0,20.0,area_weak_03,2.462880393364679
day_2,Mild cloudy day,0.35,0,0.0,5.6022,0.0,20.0,area_weak_04,2.016993980342364
day_2,Mild cloudy day,0.35,1,0.25,5.5576,0.0,20.0,area_weak_04,2.0206511843539054
day_2,Mild cloudy day,0.35,2,0.5,5.5257,0.0,20.0,area_weak_04,2.023266987223147
day_2,Mild cloudy day,0.35,3,0.75,5.5064,0.0,20.0,area_weak_04,2.024849588959083
day_2,Mild cloudy day,0.35,4,1.0,5.5,0.0,20.0,area_weak_04,2.02537438953473
day_2,Mild cloudy day,0.35,5,1.25,5.5064,0.0,20.0,area_weak_04,2.024849588959083
day_2,Mild cloudy day,0.35,6,1.5,5.5257,0.0,20.0,area_weak_04,2.023266987223147
day_2,Mild cloudy day,0.35,7,1.75,5.5576,0.0,20.0,area_weak_04,2.0206511843539054
day_2,Mild cloudy day,0.35,8,2.0,5.6022,0.0,20.0,area_weak_04,2.016993980342364
day_2,Mild cloudy day,0.35,9,2.25,5.6592,0.0,20.0,area_weak_04,2.0123199752155063
day_2,Mild cloudy day,0.35,10,2.5,5.7284,0.0,20.0,area_weak_04,2.0066455689913214
day_2,Mild cloudy day,0.35,11,2.75,5.8094,0.0,20.0,area_weak_04,2.0000035617057867
day_2,Mild cloudy day,0.35,12,3.0,5.9019,0.0,20.0,area_weak_04,1.992418553385886
day_2,Mild cloudy day,0.35,13,3.25,6.0056,0.0,20.0,area_weak_04,1.9839151440586027
day_2,Mild cloudy day,0.35,14,3.5,6.1199,0.0,20.0,area_weak_04,1.974542533777904
day_2,Mild cloudy day,0.35,15,3.75,6.2445,0.0,20.0,area_weak_04,1.9643253225707729
day_2,Mild cloudy day,0.35,16,4.0,6.3787,0.0,20.0,area_weak_04,1.9533209105001712
day_2,Mild cloudy day,0.35,17,4.25,6.522,0.0,20.0,area_weak_04,1.941570297611071
day_2,Mild cloudy day,0.35,18,4.5,6.6737,0.0,20.0,area_weak_04,1.9291308839664338
day_2,Mild cloudy day,0.35,19,4.75,6.8333,0.0,20.0,area_weak_04,1.9160436696112322
day_2,Mild cloudy day,0.35,20,5.0,7.0,0.0,20.0,area_weak_04,1.9023742546174223
day_2,Mild cloudy day,0.35,21,5.25,7.1731,0.0,20.0,area_weak_04,1.8881800390479648
day_2,Mild cloudy day,0.35,22,5.5,7.3519,0.0,20.0,area_weak_04,1.8735184229658217
day_2,Mild cloudy day,0.35,23,5.75,7.5357,0.0,20.0,area_weak_04,1.8584468064339543
day_2,Mild cloudy day,0.35,24,6.0,7.7235,0.0,20.0,area_weak_04,1.8430471895423075
day_2,Mild cloudy day,0.35,25,6.25,7.9147,0.0,20.0,area_weak_04,1.827368772344848
day_2,Mild cloudy day,0.35,26,6.5,8.1084,0.0,20.0,area_weak_04,1.8114853549225263
day_2,Mild cloudy day,0.35,27,6.75,8.3038,0.0,20.0,area_weak_04,1.795462537347298
day_2,Mild cloudy day,0.35,28,7.0,8.5,0.0,20.0,area_weak_04,1.7793741197001143
day_2,Mild cloudy day,0.35,29,7.25,8.6962,4.5782,20.0,area_weak_04,1.7072462733529001
day_2,Mild cloudy day,0.35,30,7.5,8.8916,9.1368,20.0,area_weak_04,1.6354239407560567
day_2,Mild cloudy day,0.35,31,7.75,9.0853,13.6563,20.0,area_weak_04,1.5642196116195706
day_2,Mild cloudy day,0.35,32,8.0,9.2765,18.1173,20.0,area_weak_04,1.4939363515950532
day_2,Mild cloudy day,0.35,33,8.25,9.4643,22.5008,20.0,area_weak_04,1.4248805301455925
day_2,Mild cloudy day,0.35,34,8.5,9.6481,26.7878,20.0,area_weak_04,1.3573339167072924
day_2,Mild cloudy day,0.35,35,8.75,9.8269,30.9602,20.0,area_weak_04,1.2916000643078176
day_2,Mild cloudy day,0.35,36,9.0,10.0,35.0,20.0,area_weak_04,1.2279567018984707
day_2,Mild cloudy day,0.35,37,9.25,10.1667,38.8899,20.0,area_weak_04,1.1666729900848956
day_2,Mild cloudy day,0.35,38,9.5,10.3263,42.6133,20.0,area_weak_04,1.1080095211270784
day_2,Mild cloudy day,0.35,39,9.75,10.478,46.1542,20.0,area_weak_04,1.0522277429977231
day_2,Mild cloudy day,0.35,40,10.0,10.6213,49.4975,20.0,area_weak_04,0.9995534871981315
day_2,Mild cloudy day,0.35,41,10.25,10.7555,52.6288,20.0,area_weak_04,0.9502204169019377
day_2,Mild cloudy day,0.35,42,10.5,10.8801,55.5347,20.0,area_weak_04,0.9044335547709897
day_2,Mild cloudy day,0.35,43,10.75,10.9944,58.2029,20.0,area_weak_04,0.8624008589419484
day_2,Mild cloudy day,0.35,44,11.0,11.0981,60.6218,20.0,area_weak_04,0.8242889191698389
day_2,Mild cloudy day,0.35,45,11.25,11.1906,62.7811,20.0,area_weak_04,0.7902730125947341
day_2,Mild cloudy day,0.35,46,11.5,11.2716,64.6716,20.0,area_weak_04,0.7604903517865471
day_2,Mild cloudy day,0.35,47,11.75,11.3408,66.2851,20.0,area_weak_04,0.735065908821394
day_2,Mild cloudy day,0.35,48,12.0,11.3978,67.6148,20.0,area_weak_04,0.7141157190930705
day_2,Mild cloudy day,0.35,49,12.25,11.4424,68.655,20.0,area_weak_04,0.6977259534342068
day_2,Mild cloudy day,0.35,50,12.5,11.4743,69.4011,20.0,area_weak_04,0.685977518143251
day_2,Mild cloudy day,0.35,51,12.75,11.4936,69.8501,20.0,area_weak_04,0.6788989346925988
day_2,Mild cloudy day,0.35,52,13.0,11.5,70.0,20.0,area_weak_04,0.6765392840968271
day_2,Mild cloudy day,0.35,53,13.25,11.4936,69.8501,20.0,area_weak_04,0.6788989346925988
day_2,Mild cloudy day,0.35,54,13.5,11.4743,69.4011,20.0,area_weak_04,0.685977518143251
day_2,Mild cloudy day,0.35,55,13.75,11.4424,68.655,20.0,area_weak_04,0.6977259534342068
day_2,Mild cloudy day,0.35,56,14.0,11.3978,67.6148,20.0,area_weak_04,0.7141157190930705
day_2,Mild cloudy day,0.35,57,14.25,11.3408,66.2851,20.0,area_weak_04,0.735065908821394
day_2,Mild cloudy day,0.35,58,14.5,11.2716,64.6716,20.0,area_weak_04,0.7604903517865471
day_2,Mild cloudy day,0.35,59,14.75,11.1906,62.7811,20.0,area_weak_04,0.7902730125947341
day_2,Mild cloudy day,0.35,60,15.0,11.0981,60.6218,20.0,area_weak_04,0.8242889191698389
day_2,Mild cloudy day,0.35,61,15.25,10.9944,58.2029,20.0,area_weak_04,0.8624008589419484
day_2,Mild cloudy day,0.35,62,15.5,10.8801,55.5347,20.0,area_weak_04,0.9044335547709897
day_2,Mild cloudy day,0.35,63,15.75,10.7555,52.6288,20.0,area_weak_04,0.9502204169019377
day_2,Mild cloudy day,0.35,64,16.0,10.6213,49.4975,20.0,area_weak_04,0.9995534871981315
day_2,Mild cloudy day,0.35,65,16.25,10.478,46.1542,20.0,area_weak_04,1.0522277429977231
day_2,Mild cloudy day,0.35,66,16.5,10.3263,42.6133,20.0,area_weak_04,1.1080095211270784
day_2,Mild cloudy day,0.35,67,16.75,10.1667,38.8899,20.0,area_weak_04,1.1666729900848956
day_2,Mild cloudy day,0.35,68,17.0,10.0,35.0,20.0,area_weak_04,1.2279567018984707
day_2,Mild cloudy day,0.35,69,17.25,9.8269,30.9602,20.0,area_weak_04,1.2916000643078176
day_2,Mild cloudy day,0.35,70,17.5,9.6481,26.7878,20.0,area_weak_04,1.3573339167072924
day_2,Mild cloudy day,0.35,71,17.75,9.4643,22.5008,20.0,area_weak_04,1.4248805301455925
day_2,Mild cloudy day,0.35,72,18.0,9.2765,18.1173,20.0,area_weak_04,1.4939363515950532
day_2,Mild cloudy day,0.35,73,18.25,9.0853,13.6563,20.0,area_weak_04,1.5642196116195706
day_2,Mild cloudy day,0.35,74,18.5,8.8916,9.1368,20.0,area_weak_04,1.6354239407560567
day_2,Mild cloudy day,0.35,75,18.75,8.6962,4.5782,20.0,area_weak_04,1.7072462733529001
day_2,Mild cloudy day,0.35,76,19.0,8.5,0.0,20.0,area_weak_04,1.7793741197001143
day_2,Mild cloudy day,0.35,77,19.25,8.3038,0.0,20.0,area_weak_04,1.795462537347298
day_2,Mild cloudy day,0.35,78,19.5,8.1084,0.0,20.0,area_weak_04,1.8114853549225263
day_2,Mild cloudy day,0.35,79,19.75,7.9147,0.0,20.0,area_weak_04,1.827368772344848
day_2,Mild cloudy day,0.35,80,20.0,7.7235,0.0,20.0,area_weak_04,1.8430471895423075
day_2,Mild cloudy day,0.35,81,20.25,7.5357,0.0,20.0,area_weak_04,1.8584468064339543
day_2,Mild cloudy day,0.35,82,20.5,7.3519,0.0,20.0,area_weak_04,1.8735184229658217
day_2,Mild cloudy day,0.35,83,20.75,7.1731,0.0,20.0,area_weak_04,1.8881800390479648
day_2,Mild cloudy day,0.35,84,21.0,7.0,0.0,20.0,area_weak_04,1.9023742546174223
day_2,Mild cloudy day,0.35,85,21.25,6.8333,0.0,20.0,area_weak_04,1.9160436696112322
day_2,Mild cloudy day,0.35,86,21.5,6.6737,0.0,20.0,area_weak_04,1.9291308839664338
day_2,Mild cloudy day,0.35,87,21.75,6.522,0.0,20.0,area_weak_04,1.941570297611071
day_2,Mild cloudy day,0.35,88,22.0,6.3787,0.0,20.0,area_weak_04,1.9533209105001712
day_2,Mild cloudy day,0.35,89,22.25,6.2445,0.0,20.0,area_weak_04,1.9643253225707729
day_2,Mild cloudy day,0.35,90,22.5,6.1199,0.0,20.0,area_weak_04,1.974542533777904
day_2,Mild cloudy day,0.35,91,22.75,6.0056,0.0,20.0,area_weak_04,1.9839151440586027
day_2,Mild cloudy day,0.35,92,23.0,5.9019,0.0,20.0,area_weak_04,1.992418553385886
day_2,Mild cloudy day,0.35,93,23.25,5.8094,0.0,20.0,area_weak_04,2.0000035617057867
day_2,Mild cloudy day,0.35,94,23.5,5.7284,0.0,20.0,area_weak_04,2.0066455689913214
day_2,Mild cloudy day,0.35,95,23.75,5.6592,0.0,20.0,area_weak_04,2.0123199752155063
day_2,Mild cloudy day,0.35,0,0.0,5.6022,0.0,20.0,area_weak_05,1.9012262036264393
day_2,Mild cloudy day,0.35,1,0.25,5.5576,0.0,20.0,area_weak_05,1.9043177523420542
day_2,Mild cloudy day,0.35,2,0.5,5.5257,0.0,20.0,area_weak_05,1.9065289721633127
day_2,Mild cloudy day,0.35,3,0.75,5.5064,0.0,20.0,area_weak_05,1.907866794813792
day_2,Mild cloudy day,0.35,4,1.0,5.5,0.0,20.0,area_weak_05,1.908310425122759
day_2,Mild cloudy day,0.35,5,1.25,5.5064,0.0,20.0,area_weak_05,1.907866794813792
day_2,Mild cloudy day,0.35,6,1.5,5.5257,0.0,20.0,area_weak_05,1.9065289721633127
day_2,Mild cloudy day,0.35,7,1.75,5.5576,0.0,20.0,area_weak_05,1.9043177523420542
day_2,Mild cloudy day,0.35,8,2.0,5.6022,0.0,20.0,area_weak_05,1.9012262036264393
day_2,Mild cloudy day,0.35,9,2.25,5.6592,0.0,20.0,area_weak_05,1.8972751211872003
day_2,Mild cloudy day,0.35,10,2.5,5.7284,0.0,20.0,area_weak_05,1.8924783684714925
day_2,Mild cloudy day,0.35,11,2.75,5.8094,0.0,20.0,area_weak_05,1.8868636723736267
day_2,Mild cloudy day,0.35,12,3.0,5.9019,0.0,20.0,area_weak_05,1.8804518280643352
day_2,Mild cloudy day,0.35,13,3.25,6.0056,0.0,20.0,area_weak_05,1.8732636307143515
day_2,Mild cloudy day,0.35,14,3.5,6.1199,0.0,20.0,area_weak_05,1.8653406706651405
day_2,Mild cloudy day,0.35,15,3.75,6.2445,0.0,20.0,area_weak_05,1.856703743087436
day_2,Mild cloudy day,0.35,16,4.0,6.3787,0.0,20.0,area_weak_05,1.8474013700462804
day_2,Mild cloudy day,0.35,17,4.25,6.522,0.0,20.0,area_weak_05,1.837468210159562
day_2,Mild cloudy day,0.35,18,4.5,6.6737,0.0,20.0,area_weak_05,1.8269527854923242
day_2,Mild cloudy day,0.35,19,4.75,6.8333,0.0,20.0,area_weak_05,1.815889754662455
day_2,Mild cloudy day,0.35,20,5.0,7.0,0.0,20.0,area_weak_05,1.8043345714585755
day_2,Mild cloudy day,0.35,21,5.25,7.1731,0.0,20.0,area_weak_05,1.7923357579457286
day_2,Mild cloudy day,0.35,22,5.5,7.3519,0.0,20.0,area_weak_05,1.779941836188958
day_2,Mild cloudy day,0.35,23,5.75,7.5357,0.0,20.0,area_weak_05,1.7672013282533068
day_2,Mild cloudy day,0.35,24,6.0,7.7235,0.0,20.0,area_weak_05,1.754183551374551
day_2,Mild cloudy day,0.35,25,6.25,7.9147,0.0,20.0,area_weak_05,1.7409300958941563
day_2,Mild cloudy day,0.35,26,6.5,8.1084,0.0,20.0,area_weak_05,1.7275033473243213
day_2,Mild cloudy day,0.35,27,6.75,8.3038,0.0,20.0,area_weak_05,1.713958759453667
day_2,Mild cloudy day,0.35,28,7.0,8.5,0.0,20.0,area_weak_05,1.700358717794392
day_2,Mild cloudy day,0.35,29,7.25,8.6962,4.5782,20.0,area_weak_05,1.6650983889120705
day_2,Mild cloudy day,0.35,30,7.5,8.8916,9.1368,20.0,area_weak_05,1.6299862449418625
day_2,Mild cloudy day,0.35,31,7.75,9.0853,13.6563,20.0,area_weak_05,1.595176929401481
day_2,Mild cloudy day,0.35,32,8.0,9.2765,18.1173,20.0,area_weak_05,1.560817680967085
day_2,Mild cloudy day,0.35,33,8.25,9.4643,22.5008,20.0,area_weak_05,1.5270607775665037
day_2,Mild cloudy day,0.35,34,8.5,9.6481,26.7878,20.0,area_weak_05,1.4940377019568323
day_2,Mild cloudy day,0.35,35,8.75,9.8269,30.9602,20.0,area_weak_05,1.4619034057276845
day_2,Mild cloudy day,0.35,36,9.0,10.0,35.0,20.0,area_weak_05,1.4307915721799633
day_2,Mild cloudy day,0.35,37,9.25,10.1667,38.8899,20.0,area_weak_05,1.4008325727887336
day_2,Mild cloudy day,0.35,38,9.5,10.3263,42.6133,20.0,area_weak_05,1.3721534672032203
day_2,Mild cloudy day,0.35,39,9.75,10.478,46.1542,20.0,area_weak_05,1.3448854080883648
day_2,Mild cloudy day,0.35,40,10.0,10.6213,49.4975,20.0,area_weak_05,1.3191344948765822
day_2,Mild cloudy day,0.35,41,10.25,10.7555,52.6288,20.0,area_weak_05,1.2950173786216035
day_2,Mild cloudy day,0.35,42,10.5,10.8801,55.5347,20.0,area_weak_05,1.2726321157502354
day_2,Mild cloudy day,0.35,43,10.75,10.9944,58.2029,20.0,area_weak_05,1.2520854218386919
day_2,Mild cloudy day,0.35,44,11.0,11.0981,60.6218,20.0,area_weak_05,1.233452973743038
day_2,Mild cloudy day,0.35,45,11.25,11.1906,62.7811,20.0,area_weak_05,1.2168250929563706
day_2,Mild cloudy day,0.35,46,11.5,11.2716,64.6716,20.0,area_weak_05,1.2022661015033065
day_2,Mild cloudy day,0.35,47,11.75,11.3408,66.2851,20.0,area_weak_05,1.1898355902286926
day_2,Mild cloudy day,0.35,48,12.0,11.3978,67.6148,20.0,area_weak_05,1.1795934580492753
day_2,Mild cloudy day,0.35,49,12.25,11.4424,68.655,20.0,area_weak_05,1.171580536136899
day_2,Mild cloudy day,0.35,50,12.5,11.4743,69.4011,20.0,area_weak_05,1.1658393830892384
day_2,Mild cloudy day,0.35,51,12.75,11.4936,69.8501,20.0,area_weak_05,1.1623772607220262
day_2,Mild cloudy day,0.35,52,13.0,11.5,70.0,20.0,area_weak_05,1.161224426565535
day_2,Mild cloudy day,0.35,53,13.25,11.4936,69.8501,20.0,area_weak_05,1.1623772607220262
day_2,Mild cloudy day,0.35,54,13.5,11.4743,69.4011,20.0,area_weak_05,1.1658393830892384
day_2,Mild cloudy day,0.35,55,13.75,11.4424,68.655,20.0,area_weak_05,1.171580536136899
day_2,Mild cloudy day,0.35,56,14.0,11.3978,67.6148,20.0,area_weak_05,1.1795934580492753
day_2,Mild cloudy day,0.35,57,14.25,11.3408,66.2851,20.0,area_weak_05,1.1898355902286926
day_2,Mild cloudy day,0.35,58,14.5,11.2716,64.6716,20.0,area_weak_05,1.2022661015033065
day_2,Mild cloudy day,0.35,59,14.75,11.1906,62.7811,20.0,area_weak_05,1.2168250929563706
day_2,Mild cloudy day,0.35,60,15.0,11.0981,60.6218,20.0,area_weak_05,1.233452973743038
day_2,Mild cloudy day,0.35,61,15.25,10.9944,58.2029,20.0,area_weak_05,1.2520854218386919
day_2,Mild cloudy day,0.35,62,15.5,10.8801,55.5347,20.0,area_weak_05,1.2726321157502354
day_2,Mild cloudy day,0.35,63,15.75,10.7555,52.6288,20.0,area_weak_05,1.2950173786216035
day_2,Mild cloudy day,0.35,64,16.0,10.6213,49.4975,20.0,area_weak_05,1.3191344948765822
day_2,Mild cloudy day,0.35,65,16.25,10.478,46.1542,20.0,area_weak_05,1.3448854080883648
day_2,Mild cloudy day,0.35,66,16.5,10.3263,42.6133,20.0,area_weak_05,1.3721534672032203
day_2,Mild cloudy day,0.35,67,16.75,10.1667,38.8899,20.0,area_weak_05,1.4008325727887336
day_2,Mild cloudy day,0.35,68,17.0,10.0,35.0,20.0,area_weak_05,1.4307915721799633
day_2,Mild cloudy day,0.35,69,17.25,9.8269,30.9602,20.0,area_weak_05,1.4619034057276845
day_2,Mild cloudy day,0.35,70,17.5,9.6481,26.7878,20.0,area_weak_05,1.4940377019568323
day_2,Mild cloudy day,0.35,71,17.75,9.4643,22.5008,20.0,area_weak_05,1.5270607775665037
day_2,Mild cloudy day,0.35,72,18.0,9.2765,18.1173,20.0,area_weak_05,1.560817680967085
day_2,Mild cloudy day,0.35,73,18.25,9.0853,13.6563,20.0,area_weak_05,1.595176929401481
day_2,Mild cloudy day,0.35,74,18.5,8.8916,9.1368,20.0,area_weak_05,1.6299862449418625
day_2,Mild cloudy day,0.35,75,18.75,8.6962,4.5782,20.0,area_weak_05,1.6650983889120705
day_2,Mild cloudy day,0.35,76,19.0,8.5,0.0,20.0,area_weak_05,1.700358717794392
day_2,Mild cloudy day,0.35,77,19.25,8.3038,0.0,20.0,area_weak_05,1.713958759453667
day_2,Mild cloudy day,0.35,78,19.5,8.1084,0.0,20.0,area_weak_05,1.7275033473243213
day_2,Mild cloudy day,0.35,79,19.75,7.9147,0.0,20.0,area_weak_05,1.7409300958941563
day_2,Mild cloudy day,0.35,80,20.0,7.7235,0.0,20.0,area_weak_05,1.754183551374551
day_2,Mild cloudy day,0.35,81,20.25,7.5357,0.0,20.0,area_weak_05,1.7672013282533068
day_2,Mild cloudy day,0.35,82,20.5,7.3519,0.0,20.0,area_weak_05,1.779941836188958
day_2,Mild cloudy day,0.35,83,20.75,7.1731,0.0,20.0,area_weak_05,1.7923357579457286
day_2,Mild cloudy day,0.35,84,21.0,7.0,0.0,20.0,area_weak_05,1.8043345714585755
day_2,Mild cloudy day,0.35,85,21.25,6.8333,0.0,20.0,area_weak_05,1.815889754662455
day_2,Mild cloudy day,0.35,86,21.5,6.6737,0.0,20.0,area_weak_05,1.8269527854923242
day_2,Mild cloudy day,0.35,87,21.75,6.522,0.0,20.0,area_weak_05,1.837468210159562
day_2,Mild cloudy day,0.35,88,22.0,6.3787,0.0,20.0,area_weak_05,1.8474013700462804
day_2,Mild cloudy day,0.35,89,22.25,6.2445,0.0,20.0,area_weak_05,1.856703743087436
day_2,Mild cloudy day,0.35,90,22.5,6.1199,0.0,20.0,area_weak_05,1.8653406706651405
day_2,Mild cloudy day,0.35,91,22.75,6.0056,0.0,20.0,area_weak_05,1.8732636307143515
day_2,Mild cloudy day,0.35,92,23.0,5.9019,0.0,20.0,area_weak_05,1.8804518280643352
day_2,Mild cloudy day,0.35,93,23.25,5.8094,0.0,20.0,area_weak_05,1.8868636723736267
day_2,Mild cloudy day,0.35,94,23.5,5.7284,0.0,20.0,area_weak_05,1.8924783684714925
day_2,Mild cloudy day,0.35,95,23.75,5.6592,0.0,20.0,area_weak_05,1.8972751211872003
day_2,Mild cloudy day,0.35,0,0.0,5.6022,0.0,20.0,area_weak_06,1.1283156368946168
day_2,Mild cloudy day,0.35,1,0.25,5.5576,0.0,20.0,area_weak_06,1.1405985938208665
day_2,Mild cloudy day,0.35,2,0.5,5.5257,0.0,20.0,area_weak_06,1.1493839374519732
day_2,Mild cloudy day,0.35,3,0.75,5.5064,0.0,20.0,area_weak_06,1.1546992080501042
day_2,Mild cloudy day,0.35,4,1.0,5.5,0.0,20.0,area_weak_06,1.1564617848287586
day_2,Mild cloudy day,0.35,5,1.25,5.5064,0.0,20.0,area_weak_06,1.1546992080501042
day_2,Mild cloudy day,0.35,6,1.5,5.5257,0.0,20.0,area_weak_06,1.1493839374519732
day_2,Mild cloudy day,0.35,7,1.75,5.5576,0.0,20.0,area_weak_06,1.1405985938208665
day_2,Mild cloudy day,0.35,8,2.0,5.6022,0.0,20.0,area_weak_06,1.1283156368946168
day_2,Mild cloudy day,0.35,9,2.25,5.6592,0.0,20.0,area_weak_06,1.1126176874597236
day_2,Mild cloudy day,0.35,10,2.5,5.7284,0.0,20.0,area_weak_06,1.0935598260405195
day_2,Mild cloudy day,0.35,11,2.75,5.8094,0.0,20.0,area_weak_06,1.0712522136856713
day_2,Mild cloudy day,0.35,12,3.0,5.9019,0.0,20.0,area_weak_06,1.0457774711816779
day_2,Mild cloudy day,0.35,13,3.25,6.0056,0.0,20.0,area_weak_06,1.0172182193150388
day_2,Mild cloudy day,0.35,14,3.5,6.1199,0.0,20.0,area_weak_06,0.9857396996587529
day_2,Mild cloudy day,0.35,15,3.75,6.2445,0.0,20.0,area_weak_06,0.9514245329993196
day_2,Mild cloudy day,0.35,16,4.0,6.3787,0.0,20.0,area_weak_06,0.9144655011719043
day_2,Mild cloudy day,0.35,17,4.25,6.522,0.0,20.0,area_weak_06,0.8750003054873394
day_2,Mild cloudy day,0.35,18,4.5,6.6737,0.0,20.0,area_weak_06,0.8332217277807903
day_2,Mild cloudy day,0.35,19,4.75,6.8333,0.0,20.0,area_weak_06,0.789267469363089
day_2,Mild cloudy day,0.35,20,5.0,7.0,0.0,20.0,area_weak_06,0.743357852331568
day_2,Mild cloudy day,0.35,21,5.25,7.1731,0.0,20.0,area_weak_06,0.6956856585213922
day_2,Mild cloudy day,0.35,22,5.5,7.3519,0.0,20.0,area_weak_06,0.6464436697677272
day_2,Mild cloudy day,0.35,23,5.75,7.5357,0.0,20.0,area_weak_06,0.5958246679057382
day_2,Mild cloudy day,0.35,24,6.0,7.7235,0.0,20.0,area_weak_06,0.54410405555709
day_2,Mild cloudy day,0.35,25,6.25,7.9147,0.0,20.0,area_weak_06,0.4914470742947814
day_2,Mild cloudy day,0.35,26,6.5,8.1084,0.0,20.0,area_weak_06,0.4381015864783109
day_2,Mild cloudy day,0.35,27,6.75,8.3038,0.0,20.0,area_weak_06,0.38428791420500996
day_2,Mild cloudy day,0.35,28,7.0,8.5,0.0,20.0,area_weak_06,0.33025391983437746
day_2,Mild cloudy day,0.35,29,7.25,8.6962,4.5782,20.0,area_weak_06,0.27549385313423747
day_2,Mild cloudy day,0.35,30,7.5,8.8916,9.1368,20.0,area_weak_06,0.2209572169621783
day_2,Mild cloudy day,0.35,31,7.75,9.0853,13.6563,20.0,area_weak_06,0.16689496624910838
day_2,Mild cloudy day,0.35,32,8.0,9.2765,18.1173,20.0,area_weak_06,0.11353049980442798
day_2,Mild cloudy day,0.35,33,8.25,9.4643,22.5008,20.0,area_weak_06,0.061114693262341646
day_2,Mild cloudy day,0.35,34,8.5,9.6481,26.7878,20.0,area_weak_06,0.009815801470554497
day_2,Mild cloudy day,0.35,35,8.75,9.8269,30.9602,20.0,area_weak_06,0.0
day_2,Mild cloudy day,0.35,36,9.0,10.0,35.0,20.0,area_weak_06,0.0
day_2,Mild cloudy day,0.35,37,9.25,10.1667,38.8899,20.0,area_weak_06,0.0
day_2,Mild cloudy day,0.35,38,9.5,10.3263,42.6133,20.0,area_weak_06,0.0
day_2,Mild cloudy day,0.35,39,9.75,10.478,46.1542,20.0,area_weak_06,0.0
day_2,Mild cloudy day,0.35,40,10.0,10.6213,49.4975,20.0,area_weak_06,0.0
day_2,Mild cloudy day,0.35,41,10.25,10.7555,52.6288,20.0,area_weak_06,0.0
day_2,Mild cloudy day,0.35,42,10.5,10.8801,55.5347,20.0,area_weak_06,0.0
day_2,Mild cloudy day,0.35,43,10.75,10.9944,58.2029,20.0,area_weak_06,0.0
day_2,Mild cloudy day,0.35,44,11.0,11.0981,60.6218,20.0,area_weak_06,0.0
day_2,Mild cloudy day,0.35,45,11.25,11.1906,62.7811,20.0,area_weak_06,0.0
day_2,Mild cloudy day,0.35,46,11.5,11.2716,64.6716,20.0,area_weak_06,0.0
day_2,Mild cloudy day,0.35,47,11.75,11.3408,66.2851,20.0,area_weak_06,0.0
day_2,Mild cloudy day,0.35,48,12.0,11.3978,67.6148,20.0,area_weak_06,0.0
day_2,Mild cloudy day,0.35,49,12.25,11.4424,68.655,20.0,area_weak_06,0.0
day_2,Mild cloudy day,0.35,50,12.5,11.4743,69.4011,20.0,area_weak_06,0.0
day_2,Mild cloudy day,0.35,51,12.75,11.4936,69.8501,20.0,area_weak_06,0.0
day_2,Mild cloudy day,0.35,52,13.0,11.5,70.0,20.0,area_weak_06,0.0
day_2,Mild cloudy day,0.35,53,13.25,11.4936,69.8501,20.0,area_weak_06,0.0
day_2,Mild cloudy day,0.35,54,13.5,11.4743,69.4011,20.0,area_weak_06,0.0
day_2,Mild cloudy day,0.35,55,13.75,11.4424,68.655,20.0,area_weak_06,0.0
day_2,Mild cloudy day,0.35,56,14.0,11.3978,67.6148,20.0,area_weak_06,0.0
day_2,Mild cloudy day,0.35,57,14.25,11.3408,66.2851,20.0,area_weak_06,0.0
day_2,Mild cloudy day,0.35,58,14.5,11.2716,64.6716,20.0,area_weak_06,0.0
day_2,Mild cloudy day,0.35,59,14.75,11.1906,62.7811,20.0,area_weak_06,0.0
day_2,Mild cloudy day,0.35,60,15.0,11.0981,60.6218,20.0,area_weak_06,0.0
day_2,Mild cloudy day,0.35,61,15.25,10.9944,58.2029,20.0,area_weak_06,0.0
day_2,Mild cloudy day,0.35,62,15.5,10.8801,55.5347,20.0,area_weak_06,0.0
day_2,Mild cloudy day,0.35,63,15.75,10.7555,52.6288,20.0,area_weak_06,0.0
day_2,Mild cloudy day,0.35,64,16.0,10.6213,49.4975,20.0,area_weak_06,0.0
day_2,Mild cloudy day,0.35,65,16.25,10.478,46.1542,20.0,area_weak_06,0.0
day_2,Mild cloudy day,0.35,66,16.5,10.3263,42.6133,20.0,area_weak_06,0.0
day_2,Mild cloudy day,0.35,67,16.75,10.1667,38.8899,20.0,area_weak_06,0.0
day_2,Mild cloudy day,0.35,68,17.0,10.0,35.0,20.0,area_weak_06,0.0
day_2,Mild cloudy day,0.35,69,17.25,9.8269,30.9602,20.0,area_weak_06,0.0
day_2,Mild cloudy day,0.35,70,17.5,9.6481,26.7878,20.0,area_weak_06,0.009815801470554497
day_2,Mild cloudy day,0.35,71,17.75,9.4643,22.5008,20.0,area_weak_06,0.061114693262341646
day_2,Mild cloudy day,0.35,72,18.0,9.2765,18.1173,20.0,area_weak_06,0.11353049980442798
day_2,Mild cloudy day,0.35,73,18.25,9.0853,13.6563,20.0,area_weak_06,0.16689496624910838
day_2,Mild cloudy day,0.35,74,18.5,8.8916,9.1368,20.0,area_weak_06,0.2209572169621783
day_2,Mild cloudy day,0.35,75,18.75,8.6962,4.5782,20.0,area_weak_06,0.27549385313423747
day_2,Mild cloudy day,0.35,76,19.0,8.5,0.0,20.0,area_weak_06,0.33025391983437746
day_2,Mild cloudy day,0.35,77,19.25,8.3038,0.0,20.0,area_weak_06,0.38428791420500996
day_2,Mild cloudy day,0.35,78,19.5,8.1084,0.0,20.0,area_weak_06,0.4381015864783109
day_2,Mild cloudy day,0.35,79,19.75,7.9147,0.0,20.0,area_weak_06,0.4914470742947814
day_2,Mild cloudy day,0.35,80,20.0,7.7235,0.0,20.0,area_weak_06,0.54410405555709
day_2,Mild cloudy day,0.35,81,20.25,7.5357,0.0,20.0,area_weak_06,0.5958246679057382
day_2,Mild cloudy day,0.35,82,20.5,7.3519,0.0,20.0,area_weak_06,0.6464436697677272
day_2,Mild cloudy day,0.35,83,20.75,7.1731,0.0,20.0,area_weak_06,0.6956856585213922
day_2,Mild cloudy day,0.35,84,21.0,7.0,0.0,20.0,area_weak_06,0.743357852331568
day_2,Mild cloudy day,0.35,85,21.25,6.8333,0.0,20.0,area_weak_06,0.789267469363089
day_2,Mild cloudy day,0.35,86,21.5,6.6737,0.0,20.0,area_weak_06,0.8332217277807903
day_2,Mild cloudy day,0.35,87,21.75,6.522,0.0,20.0,area_weak_06,0.8750003054873394
day_2,Mild cloudy day,0.35,88,22.0,6.3787,0.0,20.0,area_weak_06,0.9144655011719043
day_2,Mild cloudy day,0.35,89,22.25,6.2445,0.0,20.0,area_weak_06,0.9514245329993196
day_2,Mild cloudy day,0.35,90,22.5,6.1199,0.0,20.0,area_weak_06,0.9857396996587529
day_2,Mild cloudy day,0.35,91,22.75,6.0056,0.0,20.0,area_weak_06,1.0172182193150388
day_2,Mild cloudy day,0.35,92,23.0,5.9019,0.0,20.0,area_weak_06,1.0457774711816779
day_2,Mild cloudy day,0.35,93,23.25,5.8094,0.0,20.0,area_weak_06,1.0712522136856713
day_2,Mild cloudy day,0.35,94,23.5,5.7284,0.0,20.0,area_weak_06,1.0935598260405195
day_2,Mild cloudy day,0.35,95,23.75,5.6592,0.0,20.0,area_weak_06,1.1126176874597236
day_2,Mild cloudy day,0.35,0,0.0,5.6022,0.0,20.0,area_weak_07,1.938775349458785
day_2,Mild cloudy day,0.35,1,0.25,5.5576,0.0,20.0,area_weak_07,1.941462431407568
day_2,Mild cloudy day,0.35,2,0.5,5.5257,0.0,20.0,area_weak_07,1.943384357734164
day_2,Mild cloudy day,0.35,3,0.75,5.5064,0.0,20.0,area_weak_07,1.944547153285992
day_2,Mild cloudy day,0.35,4,1.0,5.5,0.0,20.0,area_weak_07,1.9449327435207948
day_2,Mild cloudy day,0.35,5,1.25,5.5064,0.0,20.0,area_weak_07,1.944547153285992
day_2,Mild cloudy day,0.35,6,1.5,5.5257,0.0,20.0,area_weak_07,1.943384357734164
day_2,Mild cloudy day,0.35,7,1.75,5.5576,0.0,20.0,area_weak_07,1.941462431407568
day_2,Mild cloudy day,0.35,8,2.0,5.6022,0.0,20.0,area_weak_07,1.938775349458785
day_2,Mild cloudy day,0.35,9,2.25,5.6592,0.0,20.0,area_weak_07,1.9353411864300711
day_2,Mild cloudy day,0.35,10,2.5,5.7284,0.0,20.0,area_weak_07,1.931171992016264
day_2,Mild cloudy day,0.35,11,2.75,5.8094,0.0,20.0,area_weak_07,1.926291865607039
day_2,Mild cloudy day,0.35,12,3.0,5.9019,0.0,20.0,area_weak_07,1.9207188817446523
day_2,Mild cloudy day,0.35,13,3.25,6.0056,0.0,20.0,area_weak_07,1.9144711149713607
day_2,Mild cloudy day,0.35,14,3.5,6.1199,0.0,20.0,area_weak_07,1.9075847143716764
day_2,Mild cloudy day,0.35,15,3.75,6.2445,0.0,20.0,area_weak_07,1.9000777544878562
day_2,Mild cloudy day,0.35,16,4.0,6.3787,0.0,20.0,area_weak_07,1.8919924092518317
day_2,Mild cloudy day,0.35,17,4.25,6.522,0.0,20.0,area_weak_07,1.8833588029006965
day_2,Mild cloudy day,0.35,18,4.5,6.6737,0.0,20.0,area_weak_07,1.8742191093663827
day_2,Mild cloudy day,0.35,19,4.75,6.8333,0.0,20.0,area_weak_07,1.8646034528859836
day_2,Mild cloudy day,0.35,20,5.0,7.0,0.0,20.0,area_weak_07,1.8545600322388505
day_2,Mild cloudy day,0.35,21,5.25,7.1731,0.0,20.0,area_weak_07,1.844131021356914
day_2,Mild cloudy day,0.35,22,5.5,7.3519,0.0,20.0,area_weak_07,1.8333585941721062
day_2,Mild cloudy day,0.35,23,5.75,7.5357,0.0,20.0,area_weak_07,1.8222849246163586
day_2,Mild cloudy day,0.35,24,6.0,7.7235,0.0,20.0,area_weak_07,1.8109702611638592
day_2,Mild cloudy day,0.35,25,6.25,7.9147,0.0,20.0,area_weak_07,1.7994507528991206
day_2,Mild cloudy day,0.35,26,6.5,8.1084,0.0,20.0,area_weak_07,1.7877806234489122
day_2,Mild cloudy day,0.35,27,6.75,8.3038,0.0,20.0,area_weak_07,1.7760080715925843
day_2,Mild cloudy day,0.35,28,7.0,8.5,0.0,20.0,area_weak_07,1.764187320956906
day_2,Mild cloudy day,0.35,29,7.25,8.6962,4.5782,20.0,area_weak_07,1.7312719340455667
day_2,Mild cloudy day,0.35,30,7.5,8.8916,9.1368,20.0,area_weak_07,1.698495055395689
day_2,Mild cloudy day,0.35,31,7.75,9.0853,13.6563,20.0,area_weak_07,1.6660007573534903
day_2,Mild cloudy day,0.35,32,8.0,9.2765,18.1173,20.0,area_weak_07,1.6339266266551047
day_2,Mild cloudy day,0.35,33,8.25,9.4643,22.5008,20.0,area_weak_07,1.6024144318334295
day_2,Mild cloudy day,0.35,34,8.5,9.6481,26.7878,20.0,area_weak_07,1.5715878668791063
day_2,Mild cloudy day,0.35,35,8.75,9.8269,30.9602,20.0,area_weak_07,1.541590578308477
day_2,Mild cloudy day,0.35,36,9.0,10.0,35.0,20.0,area_weak_07,1.5125476773329634
day_2,Mild cloudy day,0.35,37,9.25,10.1667,38.8899,20.0,area_weak_07,1.4845810498253402
day_2,Mild cloudy day,0.35,38,9.5,10.3263,42.6133,20.0,area_weak_07,1.4578093563197356
day_2,Mild cloudy day,0.35,39,9.75,10.478,46.1542,20.0,area_weak_07,1.4323545176217138
day_2,Mild cloudy day,0.35,40,10.0,10.6213,49.4975,20.0,area_weak_07,1.4083162331306074
day_2,Mild cloudy day,0.35,41,10.25,10.7555,52.6288,20.0,area_weak_07,1.3858030266019399
day_2,Mild cloudy day,0.35,42,10.5,10.8801,55.5347,20.0,area_weak_07,1.3649067644697592
day_2,Mild cloudy day,0.35,43,10.75,10.9944,58.2029,20.0,area_weak_07,1.3457262944736488
day_2,Mild cloudy day,0.35,44,11.0,11.0981,60.6218,20.0,area_weak_07,1.3283331396248697
day_2,Mild cloudy day,0.35,45,11.25,11.1906,62.7811,20.0,area_weak_07,1.3128109075623093
day_2,Mild cloudy day,0.35,46,11.5,11.2716,64.6716,20.0,area_weak_07,1.2992200629932975
day_2,Mild cloudy day,0.35,47,11.75,11.3408,66.2851,20.0,area_weak_07,1.2876164629985243
day_2,Mild cloudy day,0.35,48,12.0,11.3978,67.6148,20.0,area_weak_07,1.278055538828806
day_2,Mild cloudy day,0.35,49,12.25,11.4424,68.655,20.0,area_weak_07,1.2705756036508187
day_2,Mild cloudy day,0.35,50,12.5,11.4743,69.4011,20.0,area_weak_07,1.265215927089355
day_2,Mild cloudy day,0.35,51,12.75,11.4936,69.8501,20.0,area_weak_07,1.2619843071769115
day_2,Mild cloudy day,0.35,52,13.0,11.5,70.0,20.0,area_weak_07,1.2609080337090208
day_2,Mild cloudy day,0.35,53,13.25,11.4936,69.8501,20.0,area_weak_07,1.2619843071769115
day_2,Mild cloudy day,0.35,54,13.5,11.4743,69.4011,20.0,area_weak_07,1.265215927089355
day_2,Mild cloudy day,0.35,55,13.75,11.4424,68.655,20.0,area_weak_07,1.2705756036508187
day_2,Mild cloudy day,0.35,56,14.0,11.3978,67.6148,20.0,area_weak_07,1.278055538828806
day_2,Mild cloudy day,0.35,57,14.25,11.3408,66.2851,20.0,area_weak_07,1.2876164629985243
day_2,Mild cloudy day,0.35,58,14.5,11.2716,64.6716,20.0,area_weak_07,1.2992200629932975
day_2,Mild cloudy day,0.35,59,14.75,11.1906,62.7811,20.0,area_weak_07,1.3128109075623093
day_2,Mild cloudy day,0.35,60,15.0,11.0981,60.6218,20.0,area_weak_07,1.3283331396248697
day_2,Mild cloudy day,0.35,61,15.25,10.9944,58.2029,20.0,area_weak_07,1.3457262944736488
day_2,Mild cloudy day,0.35,62,15.5,10.8801,55.5347,20.0,area_weak_07,1.3649067644697592
day_2,Mild cloudy day,0.35,63,15.75,10.7555,52.6288,20.0,area_weak_07,1.3858030266019399
day_2,Mild cloudy day,0.35,64,16.0,10.6213,49.4975,20.0,area_weak_07,1.4083162331306074
day_2,Mild cloudy day,0.35,65,16.25,10.478,46.1542,20.0,area_weak_07,1.4323545176217138
day_2,Mild cloudy day,0.35,66,16.5,10.3263,42.6133,20.0,area_weak_07,1.4578093563197356
day_2,Mild cloudy day,0.35,67,16.75,10.1667,38.8899,20.0,area_weak_07,1.4845810498253402
day_2,Mild cloudy day,0.35,68,17.0,10.0,35.0,20.0,area_weak_07,1.5125476773329634
day_2,Mild cloudy day,0.35,69,17.25,9.8269,30.9602,20.0,area_weak_07,1.541590578308477
day_2,Mild cloudy day,0.35,70,17.5,9.6481,26.7878,20.0,area_weak_07,1.5715878668791063
day_2,Mild cloudy day,0.35,71,17.75,9.4643,22.5008,20.0,area_weak_07,1.6024144318334295
day_2,Mild cloudy day,0.35,72,18.0,9.2765,18.1173,20.0,area_weak_07,1.6339266266551047
day_2,Mild cloudy day,0.35,73,18.25,9.0853,13.6563,20.0,area_weak_07,1.6660007573534903
day_2,Mild cloudy day,0.35,74,18.5,8.8916,9.1368,20.0,area_weak_07,1.698495055395689
day_2,Mild cloudy day,0.35,75,18.75,8.6962,4.5782,20.0,area_weak_07,1.7312719340455667
day_2,Mild cloudy day,0.35,76,19.0,8.5,0.0,20.0,area_weak_07,1.764187320956906
day_2,Mild cloudy day,0.35,77,19.25,8.3038,0.0,20.0,area_weak_07,1.7760080715925843
day_2,Mild cloudy day,0.35,78,19.5,8.1084,0.0,20.0,area_weak_07,1.7877806234489122
day_2,Mild cloudy day,0.35,79,19.75,7.9147,0.0,20.0,area_weak_07,1.7994507528991206
day_2,Mild cloudy day,0.35,80,20.0,7.7235,0.0,20.0,area_weak_07,1.8109702611638592
day_2,Mild cloudy day,0.35,81,20.25,7.5357,0.0,20.0,area_weak_07,1.8222849246163586
day_2,Mild cloudy day,0.35,82,20.5,7.3519,0.0,20.0,area_weak_07,1.8333585941721062
day_2,Mild cloudy day,0.35,83,20.75,7.1731,0.0,20.0,area_weak_07,1.844131021356914
day_2,Mild cloudy day,0.35,84,21.0,7.0,0.0,20.0,area_weak_07,1.8545600322388505
day_2,Mild cloudy day,0.35,85,21.25,6.8333,0.0,20.0,area_weak_07,1.8646034528859836
day_2,Mild cloudy day,0.35,86,21.5,6.6737,0.0,20.0,area_weak_07,1.8742191093663827
day_2,Mild cloudy day,0.35,87,21.75,6.522,0.0,20.0,area_weak_07,1.8833588029006965
day_2,Mild cloudy day,0.35,88,22.0,6.3787,0.0,20.0,area_weak_07,1.8919924092518317
day_2,Mild cloudy day,0.35,89,22.25,6.2445,0.0,20.0,area_weak_07,1.9000777544878562
day_2,Mild cloudy day,0.35,90,22.5,6.1199,0.0,20.0,area_weak_07,1.9075847143716764
day_2,Mild cloudy day,0.35,91,22.75,6.0056,0.0,20.0,area_weak_07,1.9144711149713607
day_2,Mild cloudy day,0.35,92,23.0,5.9019,0.0,20.0,area_weak_07,1.9207188817446523
day_2,Mild cloudy day,0.35,93,23.25,5.8094,0.0,20.0,area_weak_07,1.926291865607039
day_2,Mild cloudy day,0.35,94,23.5,5.7284,0.0,20.0,area_weak_07,1.931171992016264
day_2,Mild cloudy day,0.35,95,23.75,5.6592,0.0,20.0,area_weak_07,1.9353411864300711
day_2,Mild cloudy day,0.35,0,0.0,5.6022,0.0,20.0,area_weak_08,2.3752428541311703
day_2,Mild cloudy day,0.35,1,0.25,5.5576,0.0,20.0,area_weak_08,2.3811451111021933
day_2,Mild cloudy day,0.35,2,0.5,5.5257,0.0,20.0,area_weak_08,2.385366680550078
day_2,Mild cloudy day,0.35,3,0.75,5.5064,0.0,20.0,area_weak_08,2.387920796234848
day_2,Mild cloudy day,0.35,4,1.0,5.5,0.0,20.0,area_weak_08,2.3887677568764296
day_2,Mild cloudy day,0.35,5,1.25,5.5064,0.0,20.0,area_weak_08,2.387920796234848
day_2,Mild cloudy day,0.35,6,1.5,5.5257,0.0,20.0,area_weak_08,2.385366680550078
day_2,Mild cloudy day,0.35,7,1.75,5.5576,0.0,20.0,area_weak_08,2.3811451111021933
day_2,Mild cloudy day,0.35,8,2.0,5.6022,0.0,20.0,area_weak_08,2.3752428541311703
day_2,Mild cloudy day,0.35,9,2.25,5.6592,0.0,20.0,area_weak_08,2.3676996109170823
day_2,Mild cloudy day,0.35,10,2.5,5.7284,0.0,20.0,area_weak_08,2.3585418489799794
day_2,Mild cloudy day,0.35,11,2.75,5.8094,0.0,20.0,area_weak_08,2.34782250335996
day_2,Mild cloudy day,0.35,12,3.0,5.9019,0.0,20.0,area_weak_08,2.3355812753370975
day_2,Mild cloudy day,0.35,13,3.25,6.0056,0.0,20.0,area_weak_08,2.3218578661914675
day_2,Mild cloudy day,0.35,14,3.5,6.1199,0.0,20.0,area_weak_08,2.3067316784832173
day_2,Mild cloudy day,0.35,15,3.75,6.2445,0.0,20.0,area_weak_08,2.2902424134924217
day_2,Mild cloudy day,0.35,16,4.0,6.3787,0.0,20.0,area_weak_08,2.272482707539253
day_2,Mild cloudy day,0.35,17,4.25,6.522,0.0,20.0,area_weak_08,2.2535187294238357
day_2,Mild cloudy day,0.35,18,4.5,6.6737,0.0,20.0,area_weak_08,2.233443115466342
day_2,Mild cloudy day,0.35,19,4.75,6.8333,0.0,20.0,area_weak_08,2.2123220344668955
day_2,Mild cloudy day,0.35,20,5.0,7.0,0.0,20.0,area_weak_08,2.1902613565056948
day_2,Mild cloudy day,0.35,21,5.25,7.1731,0.0,20.0,area_weak_08,2.167353717902912
day_2,Mild cloudy day,0.35,22,5.5,7.3519,0.0,20.0,area_weak_08,2.1436917549787204
day_2,Mild cloudy day,0.35,23,5.75,7.5357,0.0,20.0,area_weak_08,2.119368104053293
day_2,Mild cloudy day,0.35,24,6.0,7.7235,0.0,20.0,area_weak_08,2.094515102726877
day_2,Mild cloudy day,0.35,25,6.25,7.9147,0.0,20.0,area_weak_08,2.069212153559621
day_2,Mild cloudy day,0.35,26,6.5,8.1084,0.0,20.0,area_weak_08,2.043578360391747
day_2,Mild cloudy day,0.35,27,6.75,8.3038,0.0,20.0,area_weak_08,2.017719593303452
day_2,Mild cloudy day,0.35,28,7.0,8.5,0.0,20.0,area_weak_08,1.9917549561349601
day_2,Mild cloudy day,0.35,29,7.25,8.6962,4.5782,20.0,area_weak_08,1.9491832801953581
day_2,Mild cloudy day,0.35,30,7.5,8.8916,9.1368,20.0,area_weak_08,1.9067885717017117
day_2,Mild cloudy day,0.35,31,7.75,9.0853,13.6563,20.0,area_weak_08,1.86476066911834
day_2,Mild cloudy day,0.35,32,8.0,9.2765,18.1173,20.0,area_weak_08,1.823275814407874
day_2,Mild cloudy day,0.35,33,8.25,9.4643,22.5008,20.0,area_weak_08,1.782522032326323
day_2,Mild cloudy day,0.35,34,8.5,9.6481,26.7878,20.0,area_weak_08,1.7426476463496203
day_2,Mild cloudy day,0.35,35,8.75,9.8269,30.9602,20.0,area_weak_08,1.703850650318841
day_2,Mild cloudy day,0.35,36,9.0,10.0,35.0,20.0,area_weak_08,1.6662889740533242
day_2,Mild cloudy day,0.35,37,9.25,10.1667,38.8899,20.0,area_weak_08,1.6301180081807736
day_2,Mild cloudy day,0.35,38,9.5,10.3263,42.6133,20.0,area_weak_08,1.5954906041372598
day_2,Mild cloudy day,0.35,39,9.75,10.478,46.1542,20.0,area_weak_08,1.5625706706689053
day_2,Mild cloudy day,0.35,40,10.0,10.6213,49.4975,20.0,area_weak_08,1.5314791505668006
day_2,Mild cloudy day,0.35,41,10.25,10.7555,52.6288,20.0,area_weak_08,1.5023609149504509
day_2,Mild cloudy day,0.35,42,10.5,10.8801,55.5347,20.0,area_weak_08,1.4753307400026918
day_2,Mild cloudy day,0.35,43,10.75,10.9944,58.2029,20.0,area_weak_08,1.4505258792681268
day_2,Mild cloudy day,0.35,44,11.0,11.0981,60.6218,20.0,area_weak_08,1.4280281120596254
day_2,Mild cloudy day,0.35,45,11.25,11.1906,62.7811,20.0,area_weak_08,1.407954203328525
day_2,Mild cloudy day,0.35,46,11.5,11.2716,64.6716,20.0,area_weak_08,1.3903772265878067
day_2,Mild cloudy day,0.35,47,11.75,11.3408,66.2851,20.0,area_weak_08,1.3753666279338308
day_2,Mild cloudy day,0.35,48,12.0,11.3978,67.6148,20.0,area_weak_08,1.3630000088397145
day_2,Mild cloudy day,0.35,49,12.25,11.4424,68.655,20.0,area_weak_08,1.3533245131002436
day_2,Mild cloudy day,0.35,50,12.5,11.4743,69.4011,20.0,area_weak_08,1.3463965281119448
day_2,Mild cloudy day,0.35,51,12.75,11.4936,69.8501,20.0,area_weak_08,1.3422137023646548
day_2,Mild cloudy day,0.35,52,13.0,11.5,70.0,20.0,area_weak_08,1.3408229919716885
day_2,Mild cloudy day,0.35,53,13.25,11.4936,69.8501,20.0,area_weak_08,1.3422137023646548
day_2,Mild cloudy day,0.35,54,13.5,11.4743,69.4011,20.0,area_weak_08,1.3463965281119448
day_2,Mild cloudy day,0.35,55,13.75,11.4424,68.655,20.0,area_weak_08,1.3533245131002436
day_2,Mild cloudy day,0.35,56,14.0,11.3978,67.6148,20.0,area_weak_08,1.3630000088397145
day_2,Mild cloudy day,0.35,57,14.25,11.3408,66.2851,20.0,area_weak_08,1.3753666279338308
day_2,Mild cloudy day,0.35,58,14.5,11.2716,64.6716,20.0,area_weak_08,1.3903772265878067
day_2,Mild cloudy day,0.35,59,14.75,11.1906,62.7811,20.0,area_weak_08,1.407954203328525
day_2,Mild cloudy day,0.35,60,15.0,11.0981,60.6218,20.0,area_weak_08,1.4280281120596254
day_2,Mild cloudy day,0.35,61,15.25,10.9944,58.2029,20.0,area_weak_08,1.4505258792681268
day_2,Mild cloudy day,0.35,62,15.5,10.8801,55.5347,20.0,area_weak_08,1.4753307400026918
day_2,Mild cloudy day,0.35,63,15.75,10.7555,52.6288,20.0,area_weak_08,1.5023609149504509
day_2,Mild cloudy day,0.35,64,16.0,10.6213,49.4975,20.0,area_weak_08,1.5314791505668006
day_2,Mild cloudy day,0.35,65,16.25,10.478,46.1542,20.0,area_weak_08,1.5625706706689053
day_2,Mild cloudy day,0.35,66,16.5,10.3263,42.6133,20.0,area_weak_08,1.5954906041372598
day_2,Mild cloudy day,0.35,67,16.75,10.1667,38.8899,20.0,area_weak_08,1.6301180081807736
day_2,Mild cloudy day,0.35,68,17.0,10.0,35.0,20.0,area_weak_08,1.6662889740533242
day_2,Mild cloudy day,0.35,69,17.25,9.8269,30.9602,20.0,area_weak_08,1.703850650318841
day_2,Mild cloudy day,0.35,70,17.5,9.6481,26.7878,20.0,area_weak_08,1.7426476463496203
day_2,Mild cloudy day,0.35,71,17.75,9.4643,22.5008,20.0,area_weak_08,1.782522032326323
day_2,Mild cloudy day,0.35,72,18.0,9.2765,18.1173,20.0,area_weak_08,1.823275814407874
day_2,Mild cloudy day,0.35,73,18.25,9.0853,13.6563,20.0,area_weak_08,1.86476066911834
day_2,Mild cloudy day,0.35,74,18.5,8.8916,9.1368,20.0,area_weak_08,1.9067885717017117
day_2,Mild cloudy day,0.35,75,18.75,8.6962,4.5782,20.0,area_weak_08,1.9491832801953581
day_2,Mild cloudy day,0.35,76,19.0,8.5,0.0,20.0,area_weak_08,1.9917549561349601
day_2,Mild cloudy day,0.35,77,19.25,8.3038,0.0,20.0,area_weak_08,2.017719593303452
day_2,Mild cloudy day,0.35,78,19.5,8.1084,0.0,20.0,area_weak_08,2.043578360391747
day_2,Mild cloudy day,0.35,79,19.75,7.9147,0.0,20.0,area_weak_08,2.069212153559621
day_2,Mild cloudy day,0.35,80,20.0,7.7235,0.0,20.0,area_weak_08,2.094515102726877
day_2,Mild cloudy day,0.35,81,20.25,7.5357,0.0,20.0,area_weak_08,2.119368104053293
day_2,Mild cloudy day,0.35,82,20.5,7.3519,0.0,20.0,area_weak_08,2.1436917549787204
day_2,Mild cloudy day,0.35,83,20.75,7.1731,0.0,20.0,area_weak_08,2.167353717902912
day_2,Mild cloudy day,0.35,84,21.0,7.0,0.0,20.0,area_weak_08,2.1902613565056948
day_2,Mild cloudy day,0.35,85,21.25,6.8333,0.0,20.0,area_weak_08,2.2123220344668955
day_2,Mild cloudy day,0.35,86,21.5,6.6737,0.0,20.0,area_weak_08,2.233443115466342
day_2,Mild cloudy day,0.35,87,21.75,6.522,0.0,20.0,area_weak_08,2.2535187294238357
day_2,Mild cloudy day,0.35,88,22.0,6.3787,0.0,20.0,area_weak_08,2.272482707539253
day_2,Mild cloudy day,0.35,89,22.25,6.2445,0.0,20.0,area_weak_08,2.2902424134924217
day_2,Mild cloudy day,0.35,90,22.5,6.1199,0.0,20.0,area_weak_08,2.3067316784832173
day_2,Mild cloudy day,0.35,91,22.75,6.0056,0.0,20.0,area_weak_08,2.3218578661914675
day_2,Mild cloudy day,0.35,92,23.0,5.9019,0.0,20.0,area_weak_08,2.3355812753370975
day_2,Mild cloudy day,0.35,93,23.25,5.8094,0.0,20.0,area_weak_08,2.34782250335996
day_2,Mild cloudy day,0.35,94,23.5,5.7284,0.0,20.0,area_weak_08,2.3585418489799794
day_2,Mild cloudy day,0.35,95,23.75,5.6592,0.0,20.0,area_weak_08,2.3676996109170823
day_2,Mild cloudy day,0.35,0,0.0,5.6022,0.0,20.0,year_area100_01,3.4759180684472613
day_2,Mild cloudy day,0.35,1,0.25,5.5576,0.0,20.0,year_area100_01,3.479124458430133
day_2,Mild cloudy day,0.35,2,0.5,5.5257,0.0,20.0,year_area100_01,3.4814178180815594
day_2,Mild cloudy day,0.35,3,0.75,5.5064,0.0,20.0,year_area100_01,3.4828053366167486
day_2,Mild cloudy day,0.35,4,1.0,5.5,0.0,20.0,year_area100_01,3.4832654463900754
day_2,Mild cloudy day,0.35,5,1.25,5.5064,0.0,20.0,year_area100_01,3.4828053366167486
day_2,Mild cloudy day,0.35,6,1.5,5.5257,0.0,20.0,year_area100_01,3.4814178180815594
day_2,Mild cloudy day,0.35,7,1.75,5.5576,0.0,20.0,year_area100_01,3.479124458430133
day_2,Mild cloudy day,0.35,8,2.0,5.6022,0.0,20.0,year_area100_01,3.4759180684472613
day_2,Mild cloudy day,0.35,9,2.25,5.6592,0.0,20.0,year_area100_01,3.4718202157785685
day_2,Mild cloudy day,0.35,10,2.5,5.7284,0.0,20.0,year_area100_01,3.4668452788544712
day_2,Mild cloudy day,0.35,11,2.75,5.8094,0.0,20.0,year_area100_01,3.461022014535802
day_2,Mild cloudy day,0.35,12,3.0,5.9019,0.0,20.0,year_area100_01,3.4543719904681867
day_2,Mild cloudy day,0.35,13,3.25,6.0056,0.0,20.0,year_area100_01,3.4469167742972484
day_2,Mild cloudy day,0.35,14,3.5,6.1199,0.0,20.0,year_area100_01,3.4386995013142383
day_2,Mild cloudy day,0.35,15,3.75,6.2445,0.0,20.0,year_area100_01,3.42974173916478
day_2,Mild cloudy day,0.35,16,4.0,6.3787,0.0,20.0,year_area100_01,3.420093812355331
day_2,Mild cloudy day,0.35,17,4.25,6.522,0.0,20.0,year_area100_01,3.409791666961933
day_2,Mild cloudy day,0.35,18,4.5,6.6737,0.0,20.0,year_area100_01,3.3988856274910435
day_2,Mild cloudy day,0.35,19,4.75,6.8333,0.0,20.0,year_area100_01,3.387411640018703
day_2,Mild cloudy day,0.35,20,5.0,7.0,0.0,20.0,year_area100_01,3.3754272182665788
day_2,Mild cloudy day,0.35,21,5.25,7.1731,0.0,20.0,year_area100_01,3.362982686741127
day_2,Mild cloudy day,0.35,22,5.5,7.3519,0.0,20.0,year_area100_01,3.3501283699488065
day_2,Mild cloudy day,0.35,23,5.75,7.5357,0.0,20.0,year_area100_01,3.3369145923960737
day_2,Mild cloudy day,0.35,24,6.0,7.7235,0.0,20.0,year_area100_01,3.3234132462350123
day_2,Mild cloudy day,0.35,25,6.25,7.9147,0.0,20.0,year_area100_01,3.3096674667568706
day_2,Mild cloudy day,0.35,26,6.5,8.1084,0.0,20.0,year_area100_01,3.2957419568985227
day_2,Mild cloudy day,0.35,27,6.75,8.3038,0.0,20.0,year_area100_01,3.2816942303816354
day_2,Mild cloudy day,0.35,28,7.0,8.5,0.0,20.0,year_area100_01,3.267588990143082
day_2,Mild cloudy day,0.35,29,7.25,8.6962,4.5782,20.0,year_area100_01,3.233586034067973
day_2,Mild cloudy day,0.35,30,7.5,8.8916,9.1368,20.0,year_area100_01,3.199725776990489
day_2,Mild cloudy day,0.35,31,7.75,9.0853,13.6563,20.0,year_area100_01,3.166157672504709
day_2,Mild cloudy day,0.35,32,8.0,9.2765,18.1173,20.0,year_area100_01,3.1330235503707478
day_2,Mild cloudy day,0.35,33,8.25,9.4643,22.5008,20.0,year_area100_01,3.100470691088909
day_2,Mild cloudy day,0.35,34,8.5,9.6481,26.7878,20.0,year_area100_01,3.068624807513872
day_2,Mild cloudy day,0.35,35,8.75,9.8269,30.9602,20.0,year_area100_01,3.037636457792355
day_2,Mild cloudy day,0.35,36,9.0,10.0,35.0,20.0,year_area100_01,3.0076341978066976
day_2,Mild cloudy day,0.35,37,9.25,10.1667,38.8899,20.0,year_area100_01,2.9787435411079524
day_2,Mild cloudy day,0.35,38,9.5,10.3263,42.6133,20.0,year_area100_01,2.951086958915891
day_2,Mild cloudy day,0.35,39,9.75,10.478,46.1542,20.0,year_area100_01,2.9247915039529606
day_2,Mild cloudy day,0.35,40,10.0,10.6213,49.4975,20.0,year_area100_01,2.8999587497271926
day_2,Mild cloudy day,0.35,41,10.25,10.7555,52.6288,20.0,year_area100_01,2.876701605845749
day_2,Mild cloudy day,0.35,42,10.5,10.8801,55.5347,20.0,year_area100_01,2.8551142572978265
day_2,Mild cloudy day,0.35,43,10.75,10.9944,58.2029,20.0,year_area100_01,2.8353004866967355
day_2,Mild cloudy day,0.35,44,11.0,11.0981,60.6218,20.0,year_area100_01,2.8173322774636675
day_2,Mild cloudy day,0.35,45,11.25,11.1906,62.7811,20.0,year_area100_01,2.8012975306216266
day_2,Mild cloudy day,0.35,46,11.5,11.2716,64.6716,20.0,year_area100_01,2.7872577987416873
day_2,Mild cloudy day,0.35,47,11.75,11.3408,66.2851,20.0,year_area100_01,2.775270288207376
day_2,Mild cloudy day,0.35,48,12.0,11.3978,67.6148,20.0,year_area100_01,2.7653933099548578
day_2,Mild cloudy day,0.35,49,12.25,11.4424,68.655,20.0,year_area100_01,2.7576660156835793
day_2,Mild cloudy day,0.35,50,12.5,11.4743,69.4011,20.0,year_area100_01,2.7521299655018887
day_2,Mild cloudy day,0.35,51,12.75,11.4936,69.8501,20.0,year_area100_01,2.748791008757226
day_2,Mild cloudy day,0.35,52,13.0,11.5,70.0,20.0,year_area100_01,2.747679405470313
day_2,Mild cloudy day,0.35,53,13.25,11.4936,69.8501,20.0,year_area100_01,2.748791008757226
day_2,Mild cloudy day,0.35,54,13.5,11.4743,69.4011,20.0,year_area100_01,2.7521299655018887
day_2,Mild cloudy day,0.35,55,13.75,11.4424,68.655,20.0,year_area100_01,2.7576660156835793
day_2,Mild cloudy day,0.35,56,14.0,11.3978,67.6148,20.0,year_area100_01,2.7653933099548578
day_2,Mild cloudy day,0.35,57,14.25,11.3408,66.2851,20.0,year_area100_01,2.775270288207376
day_2,Mild cloudy day,0.35,58,14.5,11.2716,64.6716,20.0,year_area100_01,2.7872577987416873
day_2,Mild cloudy day,0.35,59,14.75,11.1906,62.7811,20.0,year_area100_01,2.8012975306216266
day_2,Mild cloudy day,0.35,60,15.0,11.0981,60.6218,20.0,year_area100_01,2.8173322774636675
day_2,Mild cloudy day,0.35,61,15.25,10.9944,58.2029,20.0,year_area100_01,2.8353004866967355
day_2,Mild cloudy day,0.35,62,15.5,10.8801,55.5347,20.0,year_area100_01,2.8551142572978265
day_2,Mild cloudy day,0.35,63,15.75,10.7555,52.6288,20.0,year_area100_01,2.876701605845749
day_2,Mild cloudy day,0.35,64,16.0,10.6213,49.4975,20.0,year_area100_01,2.8999587497271926
day_2,Mild cloudy day,0.35,65,16.25,10.478,46.1542,20.0,year_area100_01,2.9247915039529606
day_2,Mild cloudy day,0.35,66,16.5,10.3263,42.6133,20.0,year_area100_01,2.951086958915891
day_2,Mild cloudy day,0.35,67,16.75,10.1667,38.8899,20.0,year_area100_01,2.9787435411079524
day_2,Mild cloudy day,0.35,68,17.0,10.0,35.0,20.0,year_area100_01,3.0076341978066976
day_2,Mild cloudy day,0.35,69,17.25,9.8269,30.9602,20.0,year_area100_01,3.037636457792355
day_2,Mild cloudy day,0.35,70,17.5,9.6481,26.7878,20.0,year_area100_01,3.068624807513872
day_2,Mild cloudy day,0.35,71,17.75,9.4643,22.5008,20.0,year_area100_01,3.100470691088909
day_2,Mild cloudy day,0.35,72,18.0,9.2765,18.1173,20.0,year_area100_01,3.1330235503707478
day_2,Mild cloudy day,0.35,73,18.25,9.0853,13.6563,20.0,year_area100_01,3.166157672504709
day_2,Mild cloudy day,0.35,74,18.5,8.8916,9.1368,20.0,year_area100_01,3.199725776990489
day_2,Mild cloudy day,0.35,75,18.75,8.6962,4.5782,20.0,year_area100_01,3.233586034067973
day_2,Mild cloudy day,0.35,76,19.0,8.5,0.0,20.0,year_area100_01,3.267588990143082
day_2,Mild cloudy day,0.35,77,19.25,8.3038,0.0,20.0,year_area100_01,3.2816942303816354
day_2,Mild cloudy day,0.35,78,19.5,8.1084,0.0,20.0,year_area100_01,3.2957419568985227
day_2,Mild cloudy day,0.35,79,19.75,7.9147,0.0,20.0,year_area100_01,3.3096674667568706
day_2,Mild cloudy day,0.35,80,20.0,7.7235,0.0,20.0,year_area100_01,3.3234132462350123
day_2,Mild cloudy day,0.35,81,20.25,7.5357,0.0,20.0,year_area100_01,3.3369145923960737
day_2,Mild cloudy day,0.35,82,20.5,7.3519,0.0,20.0,year_area100_01,3.3501283699488065
day_2,Mild cloudy day,0.35,83,20.75,7.1731,0.0,20.0,year_area100_01,3.362982686741127
day_2,Mild cloudy day,0.35,84,21.0,7.0,0.0,20.0,year_area100_01,3.3754272182665788
day_2,Mild cloudy day,0.35,85,21.25,6.8333,0.0,20.0,year_area100_01,3.387411640018703
day_2,Mild cloudy day,0.35,86,21.5,6.6737,0.0,20.0,year_area100_01,3.3988856274910435
day_2,Mild cloudy day,0.35,87,21.75,6.522,0.0,20.0,year_area100_01,3.409791666961933
day_2,Mild cloudy day,0.35,88,22.0,6.3787,0.0,20.0,year_area100_01,3.420093812355331
day_2,Mild cloudy day,0.35,89,22.25,6.2445,0.0,20.0,year_area100_01,3.42974173916478
day_2,Mild cloudy day,0.35,90,22.5,6.1199,0.0,20.0,year_area100_01,3.4386995013142383
day_2,Mild cloudy day,0.35,91,22.75,6.0056,0.0,20.0,year_area100_01,3.4469167742972484
day_2,Mild cloudy day,0.35,92,23.0,5.9019,0.0,20.0,year_area100_01,3.4543719904681867
day_2,Mild cloudy day,0.35,93,23.25,5.8094,0.0,20.0,year_area100_01,3.461022014535802
day_2,Mild cloudy day,0.35,94,23.5,5.7284,0.0,20.0,year_area100_01,3.4668452788544712
day_2,Mild cloudy day,0.35,95,23.75,5.6592,0.0,20.0,year_area100_01,3.4718202157785685
day_2,Mild cloudy day,0.35,0,0.0,5.6022,0.0,20.0,year_area100_02,2.929656960843131
day_2,Mild cloudy day,0.35,1,0.25,5.5576,0.0,20.0,year_area100_02,2.9332731345557495
day_2,Mild cloudy day,0.35,2,0.5,5.5257,0.0,20.0,year_area100_02,2.935859590641681
day_2,Mild cloudy day,0.35,3,0.75,5.5064,0.0,20.0,year_area100_02,2.9374244371137337
day_2,Mild cloudy day,0.35,4,1.0,5.5,0.0,20.0,year_area100_02,2.9379433499334815
day_2,Mild cloudy day,0.35,5,1.25,5.5064,0.0,20.0,year_area100_02,2.9374244371137337
day_2,Mild cloudy day,0.35,6,1.5,5.5257,0.0,20.0,year_area100_02,2.935859590641681
day_2,Mild cloudy day,0.35,7,1.75,5.5576,0.0,20.0,year_area100_02,2.9332731345557495
day_2,Mild cloudy day,0.35,8,2.0,5.6022,0.0,20.0,year_area100_02,2.929656960843131
day_2,Mild cloudy day,0.35,9,2.25,5.6592,0.0,20.0,year_area100_02,2.9250353935422506
day_2,Mild cloudy day,0.35,10,2.5,5.7284,0.0,20.0,year_area100_02,2.919424648678725
day_2,Mild cloudy day,0.35,11,2.75,5.8094,0.0,20.0,year_area100_02,2.9128571583037903
day_2,Mild cloudy day,0.35,12,3.0,5.9019,0.0,20.0,year_area100_02,2.90535724645587
day_2,Mild cloudy day,0.35,13,3.25,6.0056,0.0,20.0,year_area100_02,2.896949237173391
day_2,Mild cloudy day,0.35,14,3.5,6.1199,0.0,20.0,year_area100_02,2.8876817785332043
day_2,Mild cloudy day,0.35,15,3.75,6.2445,0.0,20.0,year_area100_02,2.8775791945737357
day_2,Mild cloudy day,0.35,16,4.0,6.3787,0.0,20.0,year_area100_02,2.866698241384645
day_2,Mild cloudy day,0.35,17,4.25,6.522,0.0,20.0,year_area100_02,2.8550794590299757
day_2,Mild cloudy day,0.35,18,4.5,6.6737,0.0,20.0,year_area100_02,2.8427796035993866
day_2,Mild cloudy day,0.35,19,4.75,6.8333,0.0,20.0,year_area100_02,2.8298392151569214
day_2,Mild cloudy day,0.35,20,5.0,7.0,0.0,20.0,year_area100_02,2.8163231578050483
day_2,Mild cloudy day,0.35,21,5.25,7.1731,0.0,20.0,year_area100_02,2.802288187633427
day_2,Mild cloudy day,0.35,22,5.5,7.3519,0.0,20.0,year_area100_02,2.787791060731718
day_2,Mild cloudy day,0.35,23,5.75,7.5357,0.0,20.0,year_area100_02,2.7728885331895805
day_2,Mild cloudy day,0.35,24,6.0,7.7235,0.0,20.0,year_area100_02,2.7576616851351003
day_2,Mild cloudy day,0.35,25,6.25,7.9147,0.0,20.0,year_area100_02,2.7421591646451295
day_2,Mild cloudy day,0.35,26,6.5,8.1084,0.0,20.0,year_area100_02,2.7264539438349447
day_2,Mild cloudy day,0.35,27,6.75,8.3038,0.0,20.0,year_area100_02,2.710610886807014
day_2,Mild cloudy day,0.35,28,7.0,8.5,0.0,20.0,year_area100_02,2.694702965676615
day_2,Mild cloudy day,0.35,29,7.25,8.6962,4.5782,20.0,year_area100_02,2.668822168376195
day_2,Mild cloudy day,0.35,30,7.5,8.8916,9.1368,20.0,year_area100_02,2.6430489306421663
day_2,Mild cloudy day,0.35,31,7.75,9.0853,13.6563,20.0,year_area100_02,2.61749870221973
day_2,Mild cloudy day,0.35,32,8.0,9.2765,18.1173,20.0,year_area100_02,2.5922786070072776
day_2,Mild cloudy day,0.35,33,8.25,9.4643,22.5008,20.0,year_area100_02,2.5675030055800123
day_2,Mild cloudy day,0.35,34,8.5,9.6481,26.7878,20.0,year_area100_02,2.5432619344747103
day_2,Mild cloudy day,0.35,35,8.75,9.8269,30.9602,20.0,year_area100_02,2.5196759017733865
day_2,Mild cloudy day,0.35,36,9.0,10.0,35.0,20.0,year_area100_02,2.49684087368563
day_2,Mild cloudy day,0.35,37,9.25,10.1667,38.8899,20.0,year_area100_02,2.4748512915830325
day_2,Mild cloudy day,0.35,38,9.5,10.3263,42.6133,20.0,year_area100_02,2.4538000719991895
day_2,Mild cloudy day,0.35,39,9.75,10.478,46.1542,20.0,year_area100_02,2.4337869324765062
day_2,Mild cloudy day,0.35,40,10.0,10.6213,49.4975,20.0,year_area100_02,2.414885306012966
day_2,Mild cloudy day,0.35,41,10.25,10.7555,52.6288,20.0,year_area100_02,2.3971833167941723
day_2,Mild cloudy day,0.35,42,10.5,10.8801,55.5347,20.0,year_area100_02,2.3807506946401156
day_2,Mild cloudy day,0.35,43,10.75,10.9944,58.2029,20.0,year_area100_02,2.3656709892224073
day_2,Mild cloudy day,0.35,44,11.0,11.0981,60.6218,20.0,year_area100_02,2.3519937933234276
day_2,Mild cloudy day,0.35,45,11.25,11.1906,62.7811,20.0,year_area100_02,2.339790191921987
day_2,Mild cloudy day,0.35,46,11.5,11.2716,64.6716,20.0,year_area100_02,2.329104549784476
day_2,Mild cloudy day,0.35,47,11.75,11.3408,66.2851,20.0,year_area100_02,2.319979053337287
day_2,Mild cloudy day,0.35,48,12.0,11.3978,67.6148,20.0,year_area100_02,2.3124609473436286
day_2,Mild cloudy day,0.35,49,12.25,11.4424,68.655,20.0,year_area100_02,2.306578864367095
day_2,Mild cloudy day,0.35,50,12.5,11.4743,69.4011,20.0,year_area100_02,2.3023671488100934
day_2,Mild cloudy day,0.35,51,12.75,11.4936,69.8501,20.0,year_area100_02,2.299824227679804
day_2,Mild cloudy day,0.35,52,13.0,11.5,70.0,20.0,year_area100_02,2.298978781694645
day_2,Mild cloudy day,0.35,53,13.25,11.4936,69.8501,20.0,year_area100_02,2.299824227679804
day_2,Mild cloudy day,0.35,54,13.5,11.4743,69.4011,20.0,year_area100_02,2.3023671488100934
day_2,Mild cloudy day,0.35,55,13.75,11.4424,68.655,20.0,year_area100_02,2.306578864367095
day_2,Mild cloudy day,0.35,56,14.0,11.3978,67.6148,20.0,year_area100_02,2.3124609473436286
day_2,Mild cloudy day,0.35,57,14.25,11.3408,66.2851,20.0,year_area100_02,2.319979053337287
day_2,Mild cloudy day,0.35,58,14.5,11.2716,64.6716,20.0,year_area100_02,2.329104549784476
day_2,Mild cloudy day,0.35,59,14.75,11.1906,62.7811,20.0,year_area100_02,2.339790191921987
day_2,Mild cloudy day,0.35,60,15.0,11.0981,60.6218,20.0,year_area100_02,2.3519937933234276
day_2,Mild cloudy day,0.35,61,15.25,10.9944,58.2029,20.0,year_area100_02,2.3656709892224073
day_2,Mild cloudy day,0.35,62,15.5,10.8801,55.5347,20.0,year_area100_02,2.3807506946401156
day_2,Mild cloudy day,0.35,63,15.75,10.7555,52.6288,20.0,year_area100_02,2.3971833167941723
day_2,Mild cloudy day,0.35,64,16.0,10.6213,49.4975,20.0,year_area100_02,2.414885306012966
day_2,Mild cloudy day,0.35,65,16.25,10.478,46.1542,20.0,year_area100_02,2.4337869324765062
day_2,Mild cloudy day,0.35,66,16.5,10.3263,42.6133,20.0,year_area100_02,2.4538000719991895
day_2,Mild cloudy day,0.35,67,16.75,10.1667,38.8899,20.0,year_area100_02,2.4748512915830325
day_2,Mild cloudy day,0.35,68,17.0,10.0,35.0,20.0,year_area100_02,2.49684087368563
day_2,Mild cloudy day,0.35,69,17.25,9.8269,30.9602,20.0,year_area100_02,2.5196759017733865
day_2,Mild cloudy day,0.35,70,17.5,9.6481,26.7878,20.0,year_area100_02,2.5432619344747103
day_2,Mild cloudy day,0.35,71,17.75,9.4643,22.5008,20.0,year_area100_02,2.5675030055800123
day_2,Mild cloudy day,0.35,72,18.0,9.2765,18.1173,20.0,year_area100_02,2.5922786070072776
day_2,Mild cloudy day,0.35,73,18.25,9.0853,13.6563,20.0,year_area100_02,2.61749870221973
day_2,Mild cloudy day,0.35,74,18.5,8.8916,9.1368,20.0,year_area100_02,2.6430489306421663
day_2,Mild cloudy day,0.35,75,18.75,8.6962,4.5782,20.0,year_area100_02,2.668822168376195
day_2,Mild cloudy day,0.35,76,19.0,8.5,0.0,20.0,year_area100_02,2.694702965676615
day_2,Mild cloudy day,0.35,77,19.25,8.3038,0.0,20.0,year_area100_02,2.710610886807014
day_2,Mild cloudy day,0.35,78,19.5,8.1084,0.0,20.0,year_area100_02,2.7264539438349447
day_2,Mild cloudy day,0.35,79,19.75,7.9147,0.0,20.0,year_area100_02,2.7421591646451295
day_2,Mild cloudy day,0.35,80,20.0,7.7235,0.0,20.0,year_area100_02,2.7576616851351003
day_2,Mild cloudy day,0.35,81,20.25,7.5357,0.0,20.0,year_area100_02,2.7728885331895805
day_2,Mild cloudy day,0.35,82,20.5,7.3519,0.0,20.0,year_area100_02,2.787791060731718
day_2,Mild cloudy day,0.35,83,20.75,7.1731,0.0,20.0,year_area100_02,2.802288187633427
day_2,Mild cloudy day,0.35,84,21.0,7.0,0.0,20.0,year_area100_02,2.8163231578050483
day_2,Mild cloudy day,0.35,85,21.25,6.8333,0.0,20.0,year_area100_02,2.8298392151569214
day_2,Mild cloudy day,0.35,86,21.5,6.6737,0.0,20.0,year_area100_02,2.8427796035993866
day_2,Mild cloudy day,0.35,87,21.75,6.522,0.0,20.0,year_area100_02,2.8550794590299757
day_2,Mild cloudy day,0.35,88,22.0,6.3787,0.0,20.0,year_area100_02,2.866698241384645
day_2,Mild cloudy day,0.35,89,22.25,6.2445,0.0,20.0,year_area100_02,2.8775791945737357
day_2,Mild cloudy day,0.35,90,22.5,6.1199,0.0,20.0,year_area100_02,2.8876817785332043
day_2,Mild cloudy day,0.35,91,22.75,6.0056,0.0,20.0,year_area100_02,2.896949237173391
day_2,Mild cloudy day,0.35,92,23.0,5.9019,0.0,20.0,year_area100_02,2.90535724645587
day_2,Mild cloudy day,0.35,93,23.25,5.8094,0.0,20.0,year_area100_02,2.9128571583037903
day_2,Mild cloudy day,0.35,94,23.5,5.7284,0.0,20.0,year_area100_02,2.919424648678725
day_2,Mild cloudy day,0.35,95,23.75,5.6592,0.0,20.0,year_area100_02,2.9250353935422506
day_2,Mild cloudy day,0.35,0,0.0,5.6022,0.0,20.0,year_area100_03,4.388453543041914
day_2,Mild cloudy day,0.35,1,0.25,5.5576,0.0,20.0,year_area100_03,4.398672269882356
day_2,Mild cloudy day,0.35,2,0.5,5.5257,0.0,20.0,year_area100_03,4.405981179887068
day_2,Mild cloudy day,0.35,3,0.75,5.5064,0.0,20.0,year_area100_03,4.410403184999636
day_2,Mild cloudy day,0.35,4,1.0,5.5,0.0,20.0,year_area100_03,4.411869549389296
day_2,Mild cloudy day,0.35,5,1.25,5.5064,0.0,20.0,year_area100_03,4.410403184999636
day_2,Mild cloudy day,0.35,6,1.5,5.5257,0.0,20.0,year_area100_03,4.405981179887068
day_2,Mild cloudy day,0.35,7,1.75,5.5576,0.0,20.0,year_area100_03,4.398672269882356
day_2,Mild cloudy day,0.35,8,2.0,5.6022,0.0,20.0,year_area100_03,4.388453543041914
day_2,Mild cloudy day,0.35,9,2.25,5.6592,0.0,20.0,year_area100_03,4.375393735196504
day_2,Mild cloudy day,0.35,10,2.5,5.7284,0.0,20.0,year_area100_03,4.359538670233306
day_2,Mild cloudy day,0.35,11,2.75,5.8094,0.0,20.0,year_area100_03,4.340979995926672
day_2,Mild cloudy day,0.35,12,3.0,5.9019,0.0,20.0,year_area100_03,4.319786448107368
day_2,Mild cloudy day,0.35,13,3.25,6.0056,0.0,20.0,year_area100_03,4.296026762606159
day_2,Mild cloudy day,0.35,14,3.5,6.1199,0.0,20.0,year_area100_03,4.269838411084574
day_2,Mild cloudy day,0.35,15,3.75,6.2445,0.0,20.0,year_area100_03,4.2412901293733825
day_2,Mild cloudy day,0.35,16,4.0,6.3787,0.0,20.0,year_area100_03,4.2105423010777
day_2,Mild cloudy day,0.35,17,4.25,6.522,0.0,20.0,year_area100_03,4.17770948591547
day_2,Mild cloudy day,0.35,18,4.5,6.6737,0.0,20.0,year_area100_03,4.142952067491811
day_2,Mild cloudy day,0.35,19,4.75,6.8333,0.0,20.0,year_area100_03,4.106384605524665
day_2,Mild cloudy day,0.35,20,5.0,7.0,0.0,20.0,year_area100_03,4.068190395562741
day_2,Mild cloudy day,0.35,21,5.25,7.1731,0.0,20.0,year_area100_03,4.0285298212111575
day_2,Mild cloudy day,0.35,22,5.5,7.3519,0.0,20.0,year_area100_03,3.987563266075032
day_2,Mild cloudy day,0.35,23,5.75,7.5357,0.0,20.0,year_area100_03,3.9454511137594848
day_2,Mild cloudy day,0.35,24,6.0,7.7235,0.0,20.0,year_area100_03,3.9024224837004002
day_2,Mild cloudy day,0.35,25,6.25,7.9147,0.0,20.0,year_area100_03,3.8586148475593087
day_2,Mild cloudy day,0.35,26,6.5,8.1084,0.0,20.0,year_area100_03,3.814234412828507
day_2,Mild cloudy day,0.35,27,6.75,8.3038,0.0,20.0,year_area100_03,3.7694644750567003
day_2,Mild cloudy day,0.35,28,7.0,8.5,0.0,20.0,year_area100_03,3.7245112417361876
day_2,Mild cloudy day,0.35,29,7.25,8.6962,4.5782,20.0,year_area100_03,3.6765786879357
day_2,Mild cloudy day,0.35,30,7.5,8.8916,9.1368,20.0,year_area100_03,3.6288421846272176
day_2,Mild cloudy day,0.35,31,7.75,9.0853,13.6563,20.0,year_area100_03,3.581520629170094
day_2,Mild cloudy day,0.35,32,8.0,9.2765,18.1173,20.0,year_area100_03,3.5348099419038514
day_2,Mild cloudy day,0.35,33,8.25,9.4643,22.5008,20.0,year_area100_03,3.4889286948066367
day_2,Mild cloudy day,0.35,34,8.5,9.6481,26.7878,20.0,year_area100_03,3.4440267240258304
day_2,Mild cloudy day,0.35,35,8.75,9.8269,30.9602,20.0,year_area100_03,3.400344927796995
day_2,Mild cloudy day,0.35,36,9.0,10.0,35.0,20.0,year_area100_03,3.3580554034486867
day_2,Mild cloudy day,0.35,37,9.25,10.1667,38.8899,20.0,year_area100_03,3.3173297927757726
day_2,Mild cloudy day,0.35,38,9.5,10.3263,42.6133,20.0,year_area100_03,3.278339282039431
day_2,Mild cloudy day,0.35,39,9.75,10.478,46.1542,20.0,year_area100_03,3.2412775789869785
day_2,Mild cloudy day,0.35,40,10.0,10.6213,49.4975,20.0,year_area100_03,3.2062690698487977
day_2,Mild cloudy day,0.35,41,10.25,10.7555,52.6288,20.0,year_area100_03,3.173483509208756
day_2,Mild cloudy day,0.35,42,10.5,10.8801,55.5347,20.0,year_area100_03,3.1430441770011335
day_2,Mild cloudy day,0.35,43,10.75,10.9944,58.2029,20.0,year_area100_03,3.11511946120873
day_2,Mild cloudy day,0.35,44,11.0,11.0981,60.6218,20.0,year_area100_03,3.089785646506304
day_2,Mild cloudy day,0.35,45,11.25,11.1906,62.7811,20.0,year_area100_03,3.0671869074082423
day_2,Mild cloudy day,0.35,46,11.5,11.2716,64.6716,20.0,year_area100_03,3.047397966759511
day_2,Mild cloudy day,0.35,47,11.75,11.3408,66.2851,20.0,year_area100_03,3.030492896642663
day_2,Mild cloudy day,0.35,48,12.0,11.3978,67.6148,20.0,year_area100_03,3.0165677700164615
day_2,Mild cloudy day,0.35,49,12.25,11.4424,68.655,20.0,year_area100_03,3.0056721201138394
day_2,Mild cloudy day,0.35,50,12.5,11.4743,69.4011,20.0,year_area100_03,2.9978776762726618
day_2,Mild cloudy day,0.35,51,12.75,11.4936,69.8501,20.0,year_area100_03,2.99316347883658
day_2,Mild cloudy day,0.35,52,13.0,11.5,70.0,20.0,year_area100_03,2.991599565161186
day_2,Mild cloudy day,0.35,53,13.25,11.4936,69.8501,20.0,year_area100_03,2.99316347883658
day_2,Mild cloudy day,0.35,54,13.5,11.4743,69.4011,20.0,year_area100_03,2.9978776762726618
day_2,Mild cloudy day,0.35,55,13.75,11.4424,68.655,20.0,year_area100_03,3.0056721201138394
day_2,Mild cloudy day,0.35,56,14.0,11.3978,67.6148,20.0,year_area100_03,3.0165677700164615
day_2,Mild cloudy day,0.35,57,14.25,11.3408,66.2851,20.0,year_area100_03,3.030492896642663
day_2,Mild cloudy day,0.35,58,14.5,11.2716,64.6716,20.0,year_area100_03,3.047397966759511
day_2,Mild cloudy day,0.35,59,14.75,11.1906,62.7811,20.0,year_area100_03,3.0671869074082423
day_2,Mild cloudy day,0.35,60,15.0,11.0981,60.6218,20.0,year_area100_03,3.089785646506304
day_2,Mild cloudy day,0.35,61,15.25,10.9944,58.2029,20.0,year_area100_03,3.11511946120873
day_2,Mild cloudy day,0.35,62,15.5,10.8801,55.5347,20.0,year_area100_03,3.1430441770011335
day_2,Mild cloudy day,0.35,63,15.75,10.7555,52.6288,20.0,year_area100_03,3.173483509208756
day_2,Mild cloudy day,0.35,64,16.0,10.6213,49.4975,20.0,year_area100_03,3.2062690698487977
day_2,Mild cloudy day,0.35,65,16.25,10.478,46.1542,20.0,year_area100_03,3.2412775789869785
day_2,Mild cloudy day,0.35,66,16.5,10.3263,42.6133,20.0,year_area100_03,3.278339282039431
day_2,Mild cloudy day,0.35,67,16.75,10.1667,38.8899,20.0,year_area100_03,3.3173297927757726
day_2,Mild cloudy day,0.35,68,17.0,10.0,35.0,20.0,year_area100_03,3.3580554034486867
day_2,Mild cloudy day,0.35,69,17.25,9.8269,30.9602,20.0,year_area100_03,3.400344927796995
day_2,Mild cloudy day,0.35,70,17.5,9.6481,26.7878,20.0,year_area100_03,3.4440267240258304
day_2,Mild cloudy day,0.35,71,17.75,9.4643,22.5008,20.0,year_area100_03,3.4889286948066367
day_2,Mild cloudy day,0.35,72,18.0,9.2765,18.1173,20.0,year_area100_03,3.5348099419038514
day_2,Mild cloudy day,0.35,73,18.25,9.0853,13.6563,20.0,year_area100_03,3.581520629170094
day_2,Mild cloudy day,0.35,74,18.5,8.8916,9.1368,20.0,year_area100_03,3.6288421846272176
day_2,Mild cloudy day,0.35,75,18.75,8.6962,4.5782,20.0,year_area100_03,3.6765786879357
day_2,Mild cloudy day,0.35,76,19.0,8.5,0.0,20.0,year_area100_03,3.7245112417361876
day_2,Mild cloudy day,0.35,77,19.25,8.3038,0.0,20.0,year_area100_03,3.7694644750567003
day_2,Mild cloudy day,0.35,78,19.5,8.1084,0.0,20.0,year_area100_03,3.814234412828507
day_2,Mild cloudy day,0.35,79,19.75,7.9147,0.0,20.0,year_area100_03,3.8586148475593087
day_2,Mild cloudy day,0.35,80,20.0,7.7235,0.0,20.0,year_area100_03,3.9024224837004002
day_2,Mild cloudy day,0.35,81,20.25,7.5357,0.0,20.0,year_area100_03,3.9454511137594848
day_2,Mild cloudy day,0.35,82,20.5,7.3519,0.0,20.0,year_area100_03,3.987563266075032
day_2,Mild cloudy day,0.35,83,20.75,7.1731,0.0,20.0,year_area100_03,4.0285298212111575
day_2,Mild cloudy day,0.35,84,21.0,7.0,0.0,20.0,year_area100_03,4.068190395562741
day_2,Mild cloudy day,0.35,85,21.25,6.8333,0.0,20.0,year_area100_03,4.106384605524665
day_2,Mild cloudy day,0.35,86,21.5,6.6737,0.0,20.0,year_area100_03,4.142952067491811
day_2,Mild cloudy day,0.35,87,21.75,6.522,0.0,20.0,year_area100_03,4.17770948591547
day_2,Mild cloudy day,0.35,88,22.0,6.3787,0.0,20.0,year_area100_03,4.2105423010777
day_2,Mild cloudy day,0.35,89,22.25,6.2445,0.0,20.0,year_area100_03,4.2412901293733825
day_2,Mild cloudy day,0.35,90,22.5,6.1199,0.0,20.0,year_area100_03,4.269838411084574
day_2,Mild cloudy day,0.35,91,22.75,6.0056,0.0,20.0,year_area100_03,4.296026762606159
day_2,Mild cloudy day,0.35,92,23.0,5.9019,0.0,20.0,year_area100_03,4.319786448107368
day_2,Mild cloudy day,0.35,93,23.25,5.8094,0.0,20.0,year_area100_03,4.340979995926672
day_2,Mild cloudy day,0.35,94,23.5,5.7284,0.0,20.0,year_area100_03,4.359538670233306
day_2,Mild cloudy day,0.35,95,23.75,5.6592,0.0,20.0,year_area100_03,4.375393735196504
day_2,Mild cloudy day,0.35,0,0.0,5.6022,0.0,20.0,year_area100_04,2.3703599378074056
day_2,Mild cloudy day,0.35,1,0.25,5.5576,0.0,20.0,year_area100_04,2.375029429420246
day_2,Mild cloudy day,0.35,2,0.5,5.5257,0.0,20.0,year_area100_04,2.378369267591762
day_2,Mild cloudy day,0.35,3,0.75,5.5064,0.0,20.0,year_area100_04,2.3803899220340896
day_2,Mild cloudy day,0.35,4,1.0,5.5,0.0,20.0,year_area100_04,2.38105998361082
day_2,Mild cloudy day,0.35,5,1.25,5.5064,0.0,20.0,year_area100_04,2.3803899220340896
day_2,Mild cloudy day,0.35,6,1.5,5.5257,0.0,20.0,year_area100_04,2.378369267591762
day_2,Mild cloudy day,0.35,7,1.75,5.5576,0.0,20.0,year_area100_04,2.375029429420246
day_2,Mild cloudy day,0.35,8,2.0,5.6022,0.0,20.0,year_area100_04,2.3703599378074056
day_2,Mild cloudy day,0.35,9,2.25,5.6592,0.0,20.0,year_area100_04,2.3643922018896504
day_2,Mild cloudy day,0.35,10,2.5,5.7284,0.0,20.0,year_area100_04,2.3571471610912527
day_2,Mild cloudy day,0.35,11,2.75,5.8094,0.0,20.0,year_area100_04,2.348666694260758
day_2,Mild cloudy day,0.35,12,3.0,5.9019,0.0,20.0,year_area100_04,2.338982210534576
day_2,Mild cloudy day,0.35,13,3.25,6.0056,0.0,20.0,year_area100_04,2.3281251190491155
day_2,Mild cloudy day,0.35,14,3.5,6.1199,0.0,20.0,year_area100_04,2.316158238077196
day_2,Mild cloudy day,0.35,15,3.75,6.2445,0.0,20.0,year_area100_04,2.303112976755225
day_2,Mild cloudy day,0.35,16,4.0,6.3787,0.0,20.0,year_area100_04,2.2890626230681588
day_2,Mild cloudy day,0.35,17,4.25,6.522,0.0,20.0,year_area100_04,2.274059525576679
day_2,Mild cloudy day,0.35,18,4.5,6.6737,0.0,20.0,year_area100_04,2.2581769722657405
day_2,Mild cloudy day,0.35,19,4.75,6.8333,0.0,20.0,year_area100_04,2.241467311696025
day_2,Mild cloudy day,0.35,20,5.0,7.0,0.0,20.0,year_area100_04,2.2240143015646248
day_2,Mild cloudy day,0.35,21,5.25,7.1731,0.0,20.0,year_area100_04,2.205891229856494
day_2,Mild cloudy day,0.35,22,5.5,7.3519,0.0,20.0,year_area100_04,2.1871713845565877
day_2,Mild cloudy day,0.35,23,5.75,7.5357,0.0,20.0,year_area100_04,2.1679280536498604
day_2,Mild cloudy day,0.35,24,6.0,7.7235,0.0,20.0,year_area100_04,2.148265934257677
day_2,Mild cloudy day,0.35,25,6.25,7.9147,0.0,20.0,year_area100_04,2.128247844652855
day_2,Mild cloudy day,0.35,26,6.5,8.1084,0.0,20.0,year_area100_04,2.1079680122446227
day_2,Mild cloudy day,0.35,27,6.75,8.3038,0.0,20.0,year_area100_04,2.087510194730072
day_2,Mild cloudy day,0.35,28,7.0,8.5,0.0,20.0,year_area100_04,2.0669686195184296
day_2,Mild cloudy day,0.35,29,7.25,8.6962,4.5782,20.0,year_area100_04,2.0022000585564843
day_2,Mild cloudy day,0.35,30,7.5,8.8916,9.1368,20.0,year_area100_04,1.9377045980291052
day_2,Mild cloudy day,0.35,31,7.75,9.0853,13.6563,20.0,year_area100_04,1.8737648420486193
day_2,Mild cloudy day,0.35,32,8.0,9.2765,18.1173,20.0,year_area100_04,1.8106519589808425
day_2,Mild cloudy day,0.35,33,8.25,9.4643,22.5008,20.0,year_area100_04,1.7486437227662281
day_2,Mild cloudy day,0.35,34,8.5,9.6481,26.7878,20.0,year_area100_04,1.6879864982088202
day_2,Mild cloudy day,0.35,35,8.75,9.8269,30.9602,20.0,year_area100_04,1.6289598346518337
day_2,Mild cloudy day,0.35,36,9.0,10.0,35.0,20.0,year_area100_04,1.5718109062677006
day_2,Mild cloudy day,0.35,37,9.25,10.1667,38.8899,20.0,year_area100_04,1.5167801249882282
day_2,Mild cloudy day,0.35,38,9.5,10.3263,42.6133,20.0,year_area100_04,1.4641011405046
day_2,Mild cloudy day,0.35,39,9.75,10.478,46.1542,20.0,year_area100_04,1.414012276013886
day_2,Mild cloudy day,0.35,40,10.0,10.6213,49.4975,20.0,year_area100_04,1.3667117512673743
day_2,Mild cloudy day,0.35,41,10.25,10.7555,52.6288,20.0,year_area100_04,1.3224119632000009
day_2,Mild cloudy day,0.35,42,10.5,10.8801,55.5347,20.0,year_area100_04,1.2812947089786801
day_2,Mild cloudy day,0.35,43,10.75,10.9944,58.2029,20.0,year_area100_04,1.2435520988164759
day_2,Mild cloudy day,0.35,44,11.0,11.0981,60.6218,20.0,year_area100_04,1.2093276018372832
day_2,Mild cloudy day,0.35,45,11.25,11.1906,62.7811,20.0,year_area100_04,1.1787835378545308
day_2,Mild cloudy day,0.35,46,11.5,11.2716,64.6716,20.0,year_area100_04,1.1520401911671172
day_2,Mild cloudy day,0.35,47,11.75,11.3408,66.2851,20.0,year_area100_04,1.1292081857301906
day_2,Mild cloudy day,0.35,48,12.0,11.3978,67.6148,20.0,year_area100_04,1.1103950907297873
day_2,Mild cloudy day,0.35,49,12.25,11.4424,68.655,20.0,year_area100_04,1.0956769095495484
day_2,Mild cloudy day,0.35,50,12.5,11.4743,69.4011,20.0,year_area100_04,1.085129488907127
day_2,Mild cloudy day,0.35,51,12.75,11.4936,69.8501,20.0,year_area100_04,1.0787713401216323
day_2,Mild cloudy day,0.35,52,13.0,11.5,70.0,20.0,year_area100_04,1.0766531930169716
day_2,Mild cloudy day,0.35,53,13.25,11.4936,69.8501,20.0,year_area100_04,1.0787713401216323
day_2,Mild cloudy day,0.35,54,13.5,11.4743,69.4011,20.0,year_area100_04,1.085129488907127
day_2,Mild cloudy day,0.35,55,13.75,11.4424,68.655,20.0,year_area100_04,1.0956769095495484
day_2,Mild cloudy day,0.35,56,14.0,11.3978,67.6148,20.0,year_area100_04,1.1103950907297873
day_2,Mild cloudy day,0.35,57,14.25,11.3408,66.2851,20.0,year_area100_04,1.1292081857301906
day_2,Mild cloudy day,0.35,58,14.5,11.2716,64.6716,20.0,year_area100_04,1.1520401911671172
day_2,Mild cloudy day,0.35,59,14.75,11.1906,62.7811,20.0,year_area100_04,1.1787835378545308
day_2,Mild cloudy day,0.35,60,15.0,11.0981,60.6218,20.0,year_area100_04,1.2093276018372832
day_2,Mild cloudy day,0.35,61,15.25,10.9944,58.2029,20.0,year_area100_04,1.2435520988164759
day_2,Mild cloudy day,0.35,62,15.5,10.8801,55.5347,20.0,year_area100_04,1.2812947089786801
day_2,Mild cloudy day,0.35,63,15.75,10.7555,52.6288,20.0,year_area100_04,1.3224119632000009
day_2,Mild cloudy day,0.35,64,16.0,10.6213,49.4975,20.0,year_area100_04,1.3667117512673743
day_2,Mild cloudy day,0.35,65,16.25,10.478,46.1542,20.0,year_area100_04,1.414012276013886
day_2,Mild cloudy day,0.35,66,16.5,10.3263,42.6133,20.0,year_area100_04,1.4641011405046
day_2,Mild cloudy day,0.35,67,16.75,10.1667,38.8899,20.0,year_area100_04,1.5167801249882282
day_2,Mild cloudy day,0.35,68,17.0,10.0,35.0,20.0,year_area100_04,1.5718109062677006
day_2,Mild cloudy day,0.35,69,17.25,9.8269,30.9602,20.0,year_area100_04,1.6289598346518337
day_2,Mild cloudy day,0.35,70,17.5,9.6481,26.7878,20.0,year_area100_04,1.6879864982088202
day_2,Mild cloudy day,0.35,71,17.75,9.4643,22.5008,20.0,year_area100_04,1.7486437227662281
day_2,Mild cloudy day,0.35,72,18.0,9.2765,18.1173,20.0,year_area100_04,1.8106519589808425
day_2,Mild cloudy day,0.35,73,18.25,9.0853,13.6563,20.0,year_area100_04,1.8737648420486193
day_2,Mild cloudy day,0.35,74,18.5,8.8916,9.1368,20.0,year_area100_04,1.9377045980291052
day_2,Mild cloudy day,0.35,75,18.75,8.6962,4.5782,20.0,year_area100_04,2.0022000585564843
day_2,Mild cloudy day,0.35,76,19.0,8.5,0.0,20.0,year_area100_04,2.0669686195184296
day_2,Mild cloudy day,0.35,77,19.25,8.3038,0.0,20.0,year_area100_04,2.087510194730072
day_2,Mild cloudy day,0.35,78,19.5,8.1084,0.0,20.0,year_area100_04,2.1079680122446227
day_2,Mild cloudy day,0.35,79,19.75,7.9147,0.0,20.0,year_area100_04,2.128247844652855
day_2,Mild cloudy day,0.35,80,20.0,7.7235,0.0,20.0,year_area100_04,2.148265934257677
day_2,Mild cloudy day,0.35,81,20.25,7.5357,0.0,20.0,year_area100_04,2.1679280536498604
day_2,Mild cloudy day,0.35,82,20.5,7.3519,0.0,20.0,year_area100_04,2.1871713845565877
day_2,Mild cloudy day,0.35,83,20.75,7.1731,0.0,20.0,year_area100_04,2.205891229856494
day_2,Mild cloudy day,0.35,84,21.0,7.0,0.0,20.0,year_area100_04,2.2240143015646248
day_2,Mild cloudy day,0.35,85,21.25,6.8333,0.0,20.0,year_area100_04,2.241467311696025
day_2,Mild cloudy day,0.35,86,21.5,6.6737,0.0,20.0,year_area100_04,2.2581769722657405
day_2,Mild cloudy day,0.35,87,21.75,6.522,0.0,20.0,year_area100_04,2.274059525576679
day_2,Mild cloudy day,0.35,88,22.0,6.3787,0.0,20.0,year_area100_04,2.2890626230681588
day_2,Mild cloudy day,0.35,89,22.25,6.2445,0.0,20.0,year_area100_04,2.303112976755225
day_2,Mild cloudy day,0.35,90,22.5,6.1199,0.0,20.0,year_area100_04,2.316158238077196
day_2,Mild cloudy day,0.35,91,22.75,6.0056,0.0,20.0,year_area100_04,2.3281251190491155
day_2,Mild cloudy day,0.35,92,23.0,5.9019,0.0,20.0,year_area100_04,2.338982210534576
day_2,Mild cloudy day,0.35,93,23.25,5.8094,0.0,20.0,year_area100_04,2.348666694260758
day_2,Mild cloudy day,0.35,94,23.5,5.7284,0.0,20.0,year_area100_04,2.3571471610912527
day_2,Mild cloudy day,0.35,95,23.75,5.6592,0.0,20.0,year_area100_04,2.3643922018896504
day_2,Mild cloudy day,0.35,0,0.0,5.6022,0.0,20.0,year_area100_05,4.470592765804408
day_2,Mild cloudy day,0.35,1,0.25,5.5576,0.0,20.0,year_area100_05,4.482763142392408
day_2,Mild cloudy day,0.35,2,0.5,5.5257,0.0,20.0,year_area100_05,4.491467963315216
day_2,Mild cloudy day,0.35,3,0.75,5.5064,0.0,20.0,year_area100_05,4.496734516412714
day_2,Mild cloudy day,0.35,4,1.0,5.5,0.0,20.0,year_area100_05,4.498480938165252
day_2,Mild cloudy day,0.35,5,1.25,5.5064,0.0,20.0,year_area100_05,4.496734516412714
day_2,Mild cloudy day,0.35,6,1.5,5.5257,0.0,20.0,year_area100_05,4.491467963315216
day_2,Mild cloudy day,0.35,7,1.75,5.5576,0.0,20.0,year_area100_05,4.482763142392408
day_2,Mild cloudy day,0.35,8,2.0,5.6022,0.0,20.0,year_area100_05,4.470592765804408
day_2,Mild cloudy day,0.35,9,2.25,5.6592,0.0,20.0,year_area100_05,4.455038697070866
day_2,Mild cloudy day,0.35,10,2.5,5.7284,0.0,20.0,year_area100_05,4.436155511871547
day_2,Mild cloudy day,0.35,11,2.75,5.8094,0.0,20.0,year_area100_05,4.414052361565986
day_2,Mild cloudy day,0.35,12,3.0,5.9019,0.0,20.0,year_area100_05,4.388811109673833
day_2,Mild cloudy day,0.35,13,3.25,6.0056,0.0,20.0,year_area100_05,4.360513619714738
day_2,Mild cloudy day,0.35,14,3.5,6.1199,0.0,20.0,year_area100_05,4.329323618728003
day_2,Mild cloudy day,0.35,15,3.75,6.2445,0.0,20.0,year_area100_05,4.295322970233276
day_2,Mild cloudy day,0.35,16,4.0,6.3787,0.0,20.0,year_area100_05,4.258702689109741
day_2,Mild cloudy day,0.35,17,4.25,6.522,0.0,20.0,year_area100_05,4.219599214556817
day_2,Mild cloudy day,0.35,18,4.5,6.6737,0.0,20.0,year_area100_05,4.178203561453687
day_2,Mild cloudy day,0.35,19,4.75,6.8333,0.0,20.0,year_area100_05,4.134652168999766
day_2,Mild cloudy day,0.35,20,5.0,7.0,0.0,20.0,year_area100_05,4.0891633399141245
day_2,Mild cloudy day,0.35,21,5.25,7.1731,0.0,20.0,year_area100_05,4.041928089075945
day_2,Mild cloudy day,0.35,22,5.5,7.3519,0.0,20.0,year_area100_05,3.9931374313644104
day_2,Mild cloudy day,0.35,23,5.75,7.5357,0.0,20.0,year_area100_05,3.9429823816587053
day_2,Mild cloudy day,0.35,24,6.0,7.7235,0.0,20.0,year_area100_05,3.8917358183576645
day_2,Mild cloudy day,0.35,25,6.25,7.9147,0.0,20.0,year_area100_05,3.8395614685005874
day_2,Mild cloudy day,0.35,26,6.5,8.1084,0.0,20.0,year_area100_05,3.7867049226464253
day_2,Mild cloudy day,0.35,27,6.75,8.3038,0.0,20.0,year_area100_05,3.733384483514245
day_2,Mild cloudy day,0.35,28,7.0,8.5,0.0,20.0,year_area100_05,3.6798457416629975
day_2,Mild cloudy day,0.35,29,7.25,8.6962,4.5782,20.0,year_area100_05,3.6180548129341714
day_2,Mild cloudy day,0.35,30,7.5,8.8916,9.1368,20.0,year_area100_05,3.5565175158446865
day_2,Mild cloudy day,0.35,31,7.75,9.0853,13.6563,20.0,year_area100_05,3.4955145896241757
day_2,Mild cloudy day,0.35,32,8.0,9.2765,18.1173,20.0,year_area100_05,3.4352993054127934
day_2,Mild cloudy day,0.35,33,8.25,9.4643,22.5008,20.0,year_area100_05,3.3761515011922065
day_2,Mild cloudy day,0.35,34,8.5,9.6481,26.7878,20.0,year_area100_05,3.3182691514244285
day_2,Mild cloudy day,0.35,35,8.75,9.8269,30.9602,20.0,year_area100_05,3.2619577596846714
day_2,Mild cloudy day,0.35,36,9.0,10.0,35.0,20.0,year_area100_05,3.2074407857789007
day_2,Mild cloudy day,0.35,37,9.25,10.1667,38.8899,20.0,year_area100_05,3.1549404277659305
day_2,Mild cloudy day,0.35,38,9.5,10.3263,42.6133,20.0,year_area100_05,3.104677621957422
day_2,Mild cloudy day,0.35,39,9.75,10.478,46.1542,20.0,year_area100_05,3.0568995110073605
day_2,Mild cloudy day,0.35,40,10.0,10.6213,49.4975,20.0,year_area100_05,3.0117697518037416
day_2,Mild cloudy day,0.35,41,10.25,10.7555,52.6288,20.0,year_area100_05,2.9695053151671753
day_2,Mild cloudy day,0.35,42,10.5,10.8801,55.5347,20.0,year_area100_05,2.9302667937425726
day_2,Mild cloudy day,0.35,43,10.75,10.9944,58.2029,20.0,year_area100_05,2.8942673731090856
day_2,Mild cloudy day,0.35,44,11.0,11.0981,60.6218,20.0,year_area100_05,2.8616098257391798
day_2,Mild cloudy day,0.35,45,11.25,11.1906,62.7811,20.0,year_area100_05,2.8324764443802595
day_2,Mild cloudy day,0.35,46,11.5,11.2716,64.6716,20.0,year_area100_05,2.806965675514552
day_2,Mild cloudy day,0.35,47,11.75,11.3408,66.2851,20.0,year_area100_05,2.785174163128353
day_2,Mild cloudy day,0.35,48,12.0,11.3978,67.6148,20.0,year_area100_05,2.7672233155535375
day_2,Mild cloudy day,0.35,49,12.25,11.4424,68.655,20.0,year_area100_05,2.7531779826966853
day_2,Mild cloudy day,0.35,50,12.5,11.4743,69.4011,20.0,year_area100_05,2.7431283195587364
day_2,Mild cloudy day,0.35,51,12.75,11.4936,69.8501,20.0,year_area100_05,2.737052445787604
day_2,Mild cloudy day,0.35,52,13.0,11.5,70.0,20.0,year_area100_05,2.735035829894804
day_2,Mild cloudy day,0.35,53,13.25,11.4936,69.8501,20.0,year_area100_05,2.737052445787604
day_2,Mild cloudy day,0.35,54,13.5,11.4743,69.4011,20.0,year_area100_05,2.7431283195587364
day_2,Mild cloudy day,0.35,55,13.75,11.4424,68.655,20.0,year_area100_05,2.7531779826966853
day_2,Mild cloudy day,0.35,56,14.0,11.3978,67.6148,20.0,year_area100_05,2.7672233155535375
day_2,Mild cloudy day,0.35,57,14.25,11.3408,66.2851,20.0,year_area100_05,2.785174163128353
day_2,Mild cloudy day,0.35,58,14.5,11.2716,64.6716,20.0,year_area100_05,2.806965675514552
day_2,Mild cloudy day,0.35,59,14.75,11.1906,62.7811,20.0,year_area100_05,2.8324764443802595
day_2,Mild cloudy day,0.35,60,15.0,11.0981,60.6218,20.0,year_area100_05,2.8616098257391798
day_2,Mild cloudy day,0.35,61,15.25,10.9944,58.2029,20.0,year_area100_05,2.8942673731090856
day_2,Mild cloudy day,0.35,62,15.5,10.8801,55.5347,20.0,year_area100_05,2.9302667937425726
day_2,Mild cloudy day,0.35,63,15.75,10.7555,52.6288,20.0,year_area100_05,2.9695053151671753
day_2,Mild cloudy day,0.35,64,16.0,10.6213,49.4975,20.0,year_area100_05,3.0117697518037416
day_2,Mild cloudy day,0.35,65,16.25,10.478,46.1542,20.0,year_area100_05,3.0568995110073605
day_2,Mild cloudy day,0.35,66,16.5,10.3263,42.6133,20.0,year_area100_05,3.104677621957422
day_2,Mild cloudy day,0.35,67,16.75,10.1667,38.8899,20.0,year_area100_05,3.1549404277659305
day_2,Mild cloudy day,0.35,68,17.0,10.0,35.0,20.0,year_area100_05,3.2074407857789007
day_2,Mild cloudy day,0.35,69,17.25,9.8269,30.9602,20.0,year_area100_05,3.2619577596846714
day_2,Mild cloudy day,0.35,70,17.5,9.6481,26.7878,20.0,year_area100_05,3.3182691514244285
day_2,Mild cloudy day,0.35,71,17.75,9.4643,22.5008,20.0,year_area100_05,3.3761515011922065
day_2,Mild cloudy day,0.35,72,18.0,9.2765,18.1173,20.0,year_area100_05,3.4352993054127934
day_2,Mild cloudy day,0.35,73,18.25,9.0853,13.6563,20.0,year_area100_05,3.4955145896241757
day_2,Mild cloudy day,0.35,74,18.5,8.8916,9.1368,20.0,year_area100_05,3.5565175158446865
day_2,Mild cloudy day,0.35,75,18.75,8.6962,4.5782,20.0,year_area100_05,3.6180548129341714
day_2,Mild cloudy day,0.35,76,19.0,8.5,0.0,20.0,year_area100_05,3.6798457416629975
day_2,Mild cloudy day,0.35,77,19.25,8.3038,0.0,20.0,year_area100_05,3.733384483514245
day_2,Mild cloudy day,0.35,78,19.5,8.1084,0.0,20.0,year_area100_05,3.7867049226464253
day_2,Mild cloudy day,0.35,79,19.75,7.9147,0.0,20.0,year_area100_05,3.8395614685005874
day_2,Mild cloudy day,0.35,80,20.0,7.7235,0.0,20.0,year_area100_05,3.8917358183576645
day_2,Mild cloudy day,0.35,81,20.25,7.5357,0.0,20.0,year_area100_05,3.9429823816587053
day_2,Mild cloudy day,0.35,82,20.5,7.3519,0.0,20.0,year_area100_05,3.9931374313644104
day_2,Mild cloudy day,0.35,83,20.75,7.1731,0.0,20.0,year_area100_05,4.041928089075945
day_2,Mild cloudy day,0.35,84,21.0,7.0,0.0,20.0,year_area100_05,4.0891633399141245
day_2,Mild cloudy day,0.35,85,21.25,6.8333,0.0,20.0,year_area100_05,4.134652168999766
day_2,Mild cloudy day,0.35,86,21.5,6.6737,0.0,20.0,year_area100_05,4.178203561453687
day_2,Mild cloudy day,0.35,87,21.75,6.522,0.0,20.0,year_area100_05,4.219599214556817
day_2,Mild cloudy day,0.35,88,22.0,6.3787,0.0,20.0,year_area100_05,4.258702689109741
day_2,Mild cloudy day,0.35,89,22.25,6.2445,0.0,20.0,year_area100_05,4.295322970233276
day_2,Mild cloudy day,0.35,90,22.5,6.1199,0.0,20.0,year_area100_05,4.329323618728003
day_2,Mild cloudy day,0.35,91,22.75,6.0056,0.0,20.0,year_area100_05,4.360513619714738
day_2,Mild cloudy day,0.35,92,23.0,5.9019,0.0,20.0,year_area100_05,4.388811109673833
day_2,Mild cloudy day,0.35,93,23.25,5.8094,0.0,20.0,year_area100_05,4.414052361565986
day_2,Mild cloudy day,0.35,94,23.5,5.7284,0.0,20.0,year_area100_05,4.436155511871547
day_2,Mild cloudy day,0.35,95,23.75,5.6592,0.0,20.0,year_area100_05,4.455038697070866
day_2,Mild cloudy day,0.35,0,0.0,5.6022,0.0,20.0,year_area100_06,3.4036231994265433
day_2,Mild cloudy day,0.35,1,0.25,5.5576,0.0,20.0,year_area100_06,3.4190399862707332
day_2,Mild cloudy day,0.35,2,0.5,5.5257,0.0,20.0,year_area100_06,3.4300667912108613
day_2,Mild cloudy day,0.35,3,0.75,5.5064,0.0,20.0,year_area100_06,3.436738181033572
day_2,Mild cloudy day,0.35,4,1.0,5.5,0.0,20.0,year_area100_06,3.4389504553789267
day_2,Mild cloudy day,0.35,5,1.25,5.5064,0.0,20.0,year_area100_06,3.436738181033572
day_2,Mild cloudy day,0.35,6,1.5,5.5257,0.0,20.0,year_area100_06,3.4300667912108613
day_2,Mild cloudy day,0.35,7,1.75,5.5576,0.0,20.0,year_area100_06,3.4190399862707332
day_2,Mild cloudy day,0.35,8,2.0,5.6022,0.0,20.0,year_area100_06,3.4036231994265433
day_2,Mild cloudy day,0.35,9,2.25,5.6592,0.0,20.0,year_area100_06,3.383920131038227
day_2,Mild cloudy day,0.35,10,2.5,5.7284,0.0,20.0,year_area100_06,3.3599999146790793
day_2,Mild cloudy day,0.35,11,2.75,5.8094,0.0,20.0,year_area100_06,3.3320008174956834
day_2,Mild cloudy day,0.35,12,3.0,5.9019,0.0,20.0,year_area100_06,3.300026539847978
day_2,Mild cloudy day,0.35,13,3.25,6.0056,0.0,20.0,year_area100_06,3.2641807820959023
day_2,Mild cloudy day,0.35,14,3.5,6.1199,0.0,20.0,year_area100_06,3.2246709449593327
day_2,Mild cloudy day,0.35,15,3.75,6.2445,0.0,20.0,year_area100_06,3.181600728798208
day_2,Mild cloudy day,0.35,16,4.0,6.3787,0.0,20.0,year_area100_06,3.135212101119051
day_2,Mild cloudy day,0.35,17,4.25,6.522,0.0,20.0,year_area100_06,3.085677895855093
day_2,Mild cloudy day,0.35,18,4.5,6.6737,0.0,20.0,year_area100_06,3.033240080512856
day_2,Mild cloudy day,0.35,19,4.75,6.8333,0.0,20.0,year_area100_06,2.978071489025573
day_2,Mild cloudy day,0.35,20,5.0,7.0,0.0,20.0,year_area100_06,2.9204486556864113
day_2,Mild cloudy day,0.35,21,5.25,7.1731,0.0,20.0,year_area100_06,2.8606135480018953
day_2,Mild cloudy day,0.35,22,5.5,7.3519,0.0,20.0,year_area100_06,2.7988081334785475
day_2,Mild cloudy day,0.35,23,5.75,7.5357,0.0,20.0,year_area100_06,2.735274379622891
day_2,Mild cloudy day,0.35,24,6.0,7.7235,0.0,20.0,year_area100_06,2.6703579543013882
day_2,Mild cloudy day,0.35,25,6.25,7.9147,0.0,20.0,year_area100_06,2.604266258233916
day_2,Mild cloudy day,0.35,26,6.5,8.1084,0.0,20.0,year_area100_06,2.537310392500289
day_2,Mild cloudy day,0.35,27,6.75,8.3038,0.0,20.0,year_area100_06,2.469766891393677
day_2,Mild cloudy day,0.35,28,7.0,8.5,0.0,20.0,year_area100_06,2.4019468559938963
day_2,Mild cloudy day,0.35,29,7.25,8.6962,4.5782,20.0,year_area100_06,2.329974519960893
day_2,Mild cloudy day,0.35,30,7.5,8.8916,9.1368,20.0,year_area100_06,2.2582964948783495
day_2,Mild cloudy day,0.35,31,7.75,9.0853,13.6563,20.0,year_area100_06,2.187241567786143
day_2,Mild cloudy day,0.35,32,8.0,9.2765,18.1173,20.0,year_area100_06,2.1171038682402714
day_2,Mild cloudy day,0.35,33,8.25,9.4643,22.5008,20.0,year_area100_06,2.048211729794455
day_2,Mild cloudy day,0.35,34,8.5,9.6481,26.7878,20.0,year_area100_06,1.9807897856424757
day_2,Mild cloudy day,0.35,35,8.75,9.8269,30.9602,20.0,year_area100_06,1.915200119849621
day_2,Mild cloudy day,0.35,36,9.0,10.0,35.0,20.0,year_area100_06,1.8517010254240067
day_2,Mild cloudy day,0.35,37,9.25,10.1667,38.8899,20.0,year_area100_06,1.7905501604931335
day_2,Mild cloudy day,0.35,38,9.5,10.3263,42.6133,20.0,year_area100_06,1.732004548303884
day_2,Mild cloudy day,0.35,39,9.75,10.478,46.1542,20.0,year_area100_06,1.6763552347063992
day_2,Mild cloudy day,0.35,40,10.0,10.6213,49.4975,20.0,year_area100_06,1.6237887489158034
day_2,Mild cloudy day,0.35,41,10.25,10.7555,52.6288,20.0,year_area100_06,1.5745601188398943
day_2,Mild cloudy day,0.35,42,10.5,10.8801,55.5347,20.0,year_area100_06,1.5288543318408667
day_2,Mild cloudy day,0.35,43,10.75,10.9944,58.2029,20.0,year_area100_06,1.486924511184668
day_2,Mild cloudy day,0.35,44,11.0,11.0981,60.6218,20.0,year_area100_06,1.4488848781100416
day_2,Mild cloudy day,0.35,45,11.25,11.1906,62.7811,20.0,year_area100_06,1.4149521751516647
day_2,Mild cloudy day,0.35,46,11.5,11.2716,64.6716,20.0,year_area100_06,1.3852384468147356
day_2,Mild cloudy day,0.35,47,11.75,11.3408,66.2851,20.0,year_area100_06,1.3598548306321403
day_2,Mild cloudy day,0.35,48,12.0,11.3978,67.6148,20.0,year_area100_06,1.3389457611621776
day_2,Mild cloudy day,0.35,49,12.25,11.4424,68.655,20.0,year_area100_06,1.3225855417203118
day_2,Mild cloudy day,0.35,50,12.5,11.4743,69.4011,20.0,year_area100_06,1.3108820447391096
day_2,Mild cloudy day,0.35,51,12.75,11.4936,69.8501,20.0,year_area100_06,1.3038034243488577
day_2,Mild cloudy day,0.35,52,13.0,11.5,70.0,20.0,year_area100_06,1.3014551948541166
day_2,Mild cloudy day,0.35,53,13.25,11.4936,69.8501,20.0,year_area100_06,1.3038034243488577
day_2,Mild cloudy day,0.35,54,13.5,11.4743,69.4011,20.0,year_area100_06,1.3108820447391096
day_2,Mild cloudy day,0.35,55,13.75,11.4424,68.655,20.0,year_area100_06,1.3225855417203118
day_2,Mild cloudy day,0.35,56,14.0,11.3978,67.6148,20.0,year_area100_06,1.3389457611621776
day_2,Mild cloudy day,0.35,57,14.25,11.3408,66.2851,20.0,year_area100_06,1.3598548306321403
day_2,Mild cloudy day,0.35,58,14.5,11.2716,64.6716,20.0,year_area100_06,1.3852384468147356
day_2,Mild cloudy day,0.35,59,14.75,11.1906,62.7811,20.0,year_area100_06,1.4149521751516647
day_2,Mild cloudy day,0.35,60,15.0,11.0981,60.6218,20.0,year_area100_06,1.4488848781100416
day_2,Mild cloudy day,0.35,61,15.25,10.9944,58.2029,20.0,year_area100_06,1.486924511184668
day_2,Mild cloudy day,0.35,62,15.5,10.8801,55.5347,20.0,year_area100_06,1.5288543318408667
day_2,Mild cloudy day,0.35,63,15.75,10.7555,52.6288,20.0,year_area100_06,1.5745601188398943
day_2,Mild cloudy day,0.35,64,16.0,10.6213,49.4975,20.0,year_area100_06,1.6237887489158034
day_2,Mild cloudy day,0.35,65,16.25,10.478,46.1542,20.0,year_area100_06,1.6763552347063992
day_2,Mild cloudy day,0.35,66,16.5,10.3263,42.6133,20.0,year_area100_06,1.732004548303884
day_2,Mild cloudy day,0.35,67,16.75,10.1667,38.8899,20.0,year_area100_06,1.7905501604931335
day_2,Mild cloudy day,0.35,68,17.0,10.0,35.0,20.0,year_area100_06,1.8517010254240067
day_2,Mild cloudy day,0.35,69,17.25,9.8269,30.9602,20.0,year_area100_06,1.915200119849621
day_2,Mild cloudy day,0.35,70,17.5,9.6481,26.7878,20.0,year_area100_06,1.9807897856424757
day_2,Mild cloudy day,0.35,71,17.75,9.4643,22.5008,20.0,year_area100_06,2.048211729794455
day_2,Mild cloudy day,0.35,72,18.0,9.2765,18.1173,20.0,year_area100_06,2.1171038682402714
day_2,Mild cloudy day,0.35,73,18.25,9.0853,13.6563,20.0,year_area100_06,2.187241567786143
day_2,Mild cloudy day,0.35,74,18.5,8.8916,9.1368,20.0,year_area100_06,2.2582964948783495
day_2,Mild cloudy day,0.35,75,18.75,8.6962,4.5782,20.0,year_area100_06,2.329974519960893
day_2,Mild cloudy day,0.35,76,19.0,8.5,0.0,20.0,year_area100_06,2.4019468559938963
day_2,Mild cloudy day,0.35,77,19.25,8.3038,0.0,20.0,year_area100_06,2.469766891393677
day_2,Mild cloudy day,0.35,78,19.5,8.1084,0.0,20.0,year_area100_06,2.537310392500289
day_2,Mild cloudy day,0.35,79,19.75,7.9147,0.0,20.0,year_area100_06,2.604266258233916
day_2,Mild cloudy day,0.35,80,20.0,7.7235,0.0,20.0,year_area100_06,2.6703579543013882
day_2,Mild cloudy day,0.35,81,20.25,7.5357,0.0,20.0,year_area100_06,2.735274379622891
day_2,Mild cloudy day,0.35,82,20.5,7.3519,0.0,20.0,year_area100_06,2.7988081334785475
day_2,Mild cloudy day,0.35,83,20.75,7.1731,0.0,20.0,year_area100_06,2.8606135480018953
day_2,Mild cloudy day,0.35,84,21.0,7.0,0.0,20.0,year_area100_06,2.9204486556864113
day_2,Mild cloudy day,0.35,85,21.25,6.8333,0.0,20.0,year_area100_06,2.978071489025573
day_2,Mild cloudy day,0.35,86,21.5,6.6737,0.0,20.0,year_area100_06,3.033240080512856
day_2,Mild cloudy day,0.35,87,21.75,6.522,0.0,20.0,year_area100_06,3.085677895855093
day_2,Mild cloudy day,0.35,88,22.0,6.3787,0.0,20.0,year_area100_06,3.135212101119051
day_2,Mild cloudy day,0.35,89,22.25,6.2445,0.0,20.0,year_area100_06,3.181600728798208
day_2,Mild cloudy day,0.35,90,22.5,6.1199,0.0,20.0,year_area100_06,3.2246709449593327
day_2,Mild cloudy day,0.35,91,22.75,6.0056,0.0,20.0,year_area100_06,3.2641807820959023
day_2,Mild cloudy day,0.35,92,23.0,5.9019,0.0,20.0,year_area100_06,3.300026539847978
day_2,Mild cloudy day,0.35,93,23.25,5.8094,0.0,20.0,year_area100_06,3.3320008174956834
day_2,Mild cloudy day,0.35,94,23.5,5.7284,0.0,20.0,year_area100_06,3.3599999146790793
day_2,Mild cloudy day,0.35,95,23.75,5.6592,0.0,20.0,year_area100_06,3.383920131038227
day_2,Mild cloudy day,0.35,0,0.0,5.6022,0.0,20.0,year_area100_07,2.616720315418222
day_2,Mild cloudy day,0.35,1,0.25,5.5576,0.0,20.0,year_area100_07,2.6194574613100867
day_2,Mild cloudy day,0.35,2,0.5,5.5257,0.0,20.0,year_area100_07,2.621415195703595
day_2,Mild cloudy day,0.35,3,0.75,5.5064,0.0,20.0,year_area100_07,2.62259965569716
day_2,Mild cloudy day,0.35,4,1.0,5.5,0.0,20.0,year_area100_07,2.622992429995544
day_2,Mild cloudy day,0.35,5,1.25,5.5064,0.0,20.0,year_area100_07,2.62259965569716
day_2,Mild cloudy day,0.35,6,1.5,5.5257,0.0,20.0,year_area100_07,2.621415195703595
day_2,Mild cloudy day,0.35,7,1.75,5.5576,0.0,20.0,year_area100_07,2.6194574613100867
day_2,Mild cloudy day,0.35,8,2.0,5.6022,0.0,20.0,year_area100_07,2.616720315418222
day_2,Mild cloudy day,0.35,9,2.25,5.6592,0.0,20.0,year_area100_07,2.6132221693232385
day_2,Mild cloudy day,0.35,10,2.5,5.7284,0.0,20.0,year_area100_07,2.6089752972219595
day_2,Mild cloudy day,0.35,11,2.75,5.8094,0.0,20.0,year_area100_07,2.604004247508035
day_2,Mild cloudy day,0.35,12,3.0,5.9019,0.0,20.0,year_area100_07,2.5983274314767018
day_2,Mild cloudy day,0.35,13,3.25,6.0056,0.0,20.0,year_area100_07,2.591963260423196
day_2,Mild cloudy day,0.35,14,3.5,6.1199,0.0,20.0,year_area100_07,2.584948556937992
day_2,Mild cloudy day,0.35,15,3.75,6.2445,0.0,20.0,year_area100_07,2.5773017323163256
day_2,Mild cloudy day,0.35,16,4.0,6.3787,0.0,20.0,year_area100_07,2.569065746247083
day_2,Mild cloudy day,0.35,17,4.25,6.522,0.0,20.0,year_area100_07,2.5602712842223254
day_2,Mild cloudy day,0.35,18,4.5,6.6737,0.0,20.0,year_area100_07,2.550961305930939
day_2,Mild cloudy day,0.35,19,4.75,6.8333,0.0,20.0,year_area100_07,2.541166496864984
day_2,Mild cloudy day,0.35,20,5.0,7.0,0.0,20.0,year_area100_07,2.5309359538117593
day_2,Mild cloudy day,0.35,21,5.25,7.1731,0.0,20.0,year_area100_07,2.520312636460151
day_2,Mild cloudy day,0.35,22,5.5,7.3519,0.0,20.0,year_area100_07,2.5093395044990436
day_2,Mild cloudy day,0.35,23,5.75,7.5357,0.0,20.0,year_area100_07,2.4980595176173237
day_2,Mild cloudy day,0.35,24,6.0,7.7235,0.0,20.0,year_area100_07,2.486534046799114
day_2,Mild cloudy day,0.35,25,6.25,7.9147,0.0,20.0,year_area100_07,2.474799914634888
day_2,Mild cloudy day,0.35,26,6.5,8.1084,0.0,20.0,year_area100_07,2.462912355010355
day_2,Mild cloudy day,0.35,27,6.75,8.3038,0.0,20.0,year_area100_07,2.450920464712814
day_2,Mild cloudy day,0.35,28,7.0,8.5,0.0,20.0,year_area100_07,2.438879477627975
day_2,Mild cloudy day,0.35,29,7.25,8.6962,4.5782,20.0,year_area100_07,2.411150732699086
day_2,Mild cloudy day,0.35,30,7.5,8.8916,9.1368,20.0,year_area100_07,2.383538246335867
day_2,Mild cloudy day,0.35,31,7.75,9.0853,13.6563,20.0,year_area100_07,2.3561640715402663
day_2,Mild cloudy day,0.35,32,8.0,9.2765,18.1173,20.0,year_area100_07,2.3291437815536846
day_2,Mild cloudy day,0.35,33,8.25,9.4643,22.5008,20.0,year_area100_07,2.3025977160673974
day_2,Mild cloudy day,0.35,34,8.5,9.6481,26.7878,20.0,year_area100_07,2.2766278034774423
day_2,Mild cloudy day,0.35,35,8.75,9.8269,30.9602,20.0,year_area100_07,2.2513574366142963
day_2,Mild cloudy day,0.35,36,9.0,10.0,35.0,20.0,year_area100_07,2.2268912543510644
day_2,Mild cloudy day,0.35,37,9.25,10.1667,38.8899,20.0,year_area100_07,2.2033314969259097
day_2,Mild cloudy day,0.35,38,9.5,10.3263,42.6133,20.0,year_area100_07,2.1807780059420536
day_2,Mild cloudy day,0.35,39,9.75,10.478,46.1542,20.0,year_area100_07,2.159334704128323
day_2,Mild cloudy day,0.35,40,10.0,10.6213,49.4975,20.0,year_area100_07,2.139084018959095
day_2,Mild cloudy day,0.35,41,10.25,10.7555,52.6288,20.0,year_area100_07,2.1201182534706327
day_2,Mild cloudy day,0.35,42,10.5,10.8801,55.5347,20.0,year_area100_07,2.102514009881026
day_2,Mild cloudy day,0.35,43,10.75,10.9944,58.2029,20.0,year_area100_07,2.0863563953217104
day_2,Mild cloudy day,0.35,44,11.0,11.0981,60.6218,20.0,year_area100_07,2.0717035698955315
day_2,Mild cloudy day,0.35,45,11.25,11.1906,62.7811,20.0,year_area100_07,2.058627650392822
day_2,Mild cloudy day,0.35,46,11.5,11.2716,64.6716,20.0,year_area100_07,2.047178573025196
day_2,Mild cloudy day,0.35,47,11.75,11.3408,66.2851,20.0,year_area100_07,2.037402847382924
day_2,Mild cloudy day,0.35,48,12.0,11.3978,67.6148,20.0,year_area100_07,2.029348322884805
day_2,Mild cloudy day,0.35,49,12.25,11.4424,68.655,20.0,year_area100_07,2.023046805469333
day_2,Mild cloudy day,0.35,50,12.5,11.4743,69.4011,20.0,year_area100_07,2.0185324688899335
day_2,Mild cloudy day,0.35,51,12.75,11.4936,69.8501,20.0,year_area100_07,2.015809455912231
day_2,Mild cloudy day,0.35,52,13.0,11.5,70.0,20.0,year_area100_07,2.014903031074154
day_2,Mild cloudy day,0.35,53,13.25,11.4936,69.8501,20.0,year_area100_07,2.015809455912231
day_2,Mild cloudy day,0.35,54,13.5,11.4743,69.4011,20.0,year_area100_07,2.0185324688899335
day_2,Mild cloudy day,0.35,55,13.75,11.4424,68.655,20.0,year_area100_07,2.023046805469333
day_2,Mild cloudy day,0.35,56,14.0,11.3978,67.6148,20.0,year_area100_07,2.029348322884805
day_2,Mild cloudy day,0.35,57,14.25,11.3408,66.2851,20.0,year_area100_07,2.037402847382924
day_2,Mild cloudy day,0.35,58,14.5,11.2716,64.6716,20.0,year_area100_07,2.047178573025196
day_2,Mild cloudy day,0.35,59,14.75,11.1906,62.7811,20.0,year_area100_07,2.058627650392822
day_2,Mild cloudy day,0.35,60,15.0,11.0981,60.6218,20.0,year_area100_07,2.0717035698955315
day_2,Mild cloudy day,0.35,61,15.25,10.9944,58.2029,20.0,year_area100_07,2.0863563953217104
day_2,Mild cloudy day,0.35,62,15.5,10.8801,55.5347,20.0,year_area100_07,2.102514009881026
day_2,Mild cloudy day,0.35,63,15.75,10.7555,52.6288,20.0,year_area100_07,2.1201182534706327
day_2,Mild cloudy day,0.35,64,16.0,10.6213,49.4975,20.0,year_area100_07,2.139084018959095
day_2,Mild cloudy day,0.35,65,16.25,10.478,46.1542,20.0,year_area100_07,2.159334704128323
day_2,Mild cloudy day,0.35,66,16.5,10.3263,42.6133,20.0,year_area100_07,2.1807780059420536
day_2,Mild cloudy day,0.35,67,16.75,10.1667,38.8899,20.0,year_area100_07,2.2033314969259097
day_2,Mild cloudy day,0.35,68,17.0,10.0,35.0,20.0,year_area100_07,2.2268912543510644
day_2,Mild cloudy day,0.35,69,17.25,9.8269,30.9602,20.0,year_area100_07,2.2513574366142963
day_2,Mild cloudy day,0.35,70,17.5,9.6481,26.7878,20.0,year_area100_07,2.2766278034774423
day_2,Mild cloudy day,0.35,71,17.75,9.4643,22.5008,20.0,year_area100_07,2.3025977160673974
day_2,Mild cloudy day,0.35,72,18.0,9.2765,18.1173,20.0,year_area100_07,2.3291437815536846
day_2,Mild cloudy day,0.35,73,18.25,9.0853,13.6563,20.0,year_area100_07,2.3561640715402663
day_2,Mild cloudy day,0.35,74,18.5,8.8916,9.1368,20.0,year_area100_07,2.383538246335867
day_2,Mild cloudy day,0.35,75,18.75,8.6962,4.5782,20.0,year_area100_07,2.411150732699086
day_2,Mild cloudy day,0.35,76,19.0,8.5,0.0,20.0,year_area100_07,2.438879477627975
day_2,Mild cloudy day,0.35,77,19.25,8.3038,0.0,20.0,year_area100_07,2.450920464712814
day_2,Mild cloudy day,0.35,78,19.5,8.1084,0.0,20.0,year_area100_07,2.462912355010355
day_2,Mild cloudy day,0.35,79,19.75,7.9147,0.0,20.0,year_area100_07,2.474799914634888
day_2,Mild cloudy day,0.35,80,20.0,7.7235,0.0,20.0,year_area100_07,2.486534046799114
day_2,Mild cloudy day,0.35,81,20.25,7.5357,0.0,20.0,year_area100_07,2.4980595176173237
day_2,Mild cloudy day,0.35,82,20.5,7.3519,0.0,20.0,year_area100_07,2.5093395044990436
day_2,Mild cloudy day,0.35,83,20.75,7.1731,0.0,20.0,year_area100_07,2.520312636460151
day_2,Mild cloudy day,0.35,84,21.0,7.0,0.0,20.0,year_area100_07,2.5309359538117593
day_2,Mild cloudy day,0.35,85,21.25,6.8333,0.0,20.0,year_area100_07,2.541166496864984
day_2,Mild cloudy day,0.35,86,21.5,6.6737,0.0,20.0,year_area100_07,2.550961305930939
day_2,Mild cloudy day,0.35,87,21.75,6.522,0.0,20.0,year_area100_07,2.5602712842223254
day_2,Mild cloudy day,0.35,88,22.0,6.3787,0.0,20.0,year_area100_07,2.569065746247083
day_2,Mild cloudy day,0.35,89,22.25,6.2445,0.0,20.0,year_area100_07,2.5773017323163256
day_2,Mild cloudy day,0.35,90,22.5,6.1199,0.0,20.0,year_area100_07,2.584948556937992
day_2,Mild cloudy day,0.35,91,22.75,6.0056,0.0,20.0,year_area100_07,2.591963260423196
day_2,Mild cloudy day,0.35,92,23.0,5.9019,0.0,20.0,year_area100_07,2.5983274314767018
day_2,Mild cloudy day,0.35,93,23.25,5.8094,0.0,20.0,year_area100_07,2.604004247508035
day_2,Mild cloudy day,0.35,94,23.5,5.7284,0.0,20.0,year_area100_07,2.6089752972219595
day_2,Mild cloudy day,0.35,95,23.75,5.6592,0.0,20.0,year_area100_07,2.6132221693232385
day_2,Mild cloudy day,0.35,0,0.0,5.6022,0.0,20.0,year_area100_08,4.391366149496715
day_2,Mild cloudy day,0.35,1,0.25,5.5576,0.0,20.0,year_area100_08,4.400218534661293
day_2,Mild cloudy day,0.35,2,0.5,5.5257,0.0,20.0,year_area100_08,4.406550173377661
day_2,Mild cloudy day,0.35,3,0.75,5.5064,0.0,20.0,year_area100_08,4.41038091404305
day_2,Mild cloudy day,0.35,4,1.0,5.5,0.0,20.0,year_area100_08,4.41165121146577
day_2,Mild cloudy day,0.35,5,1.25,5.5064,0.0,20.0,year_area100_08,4.41038091404305
day_2,Mild cloudy day,0.35,6,1.5,5.5257,0.0,20.0,year_area100_08,4.406550173377661
day_2,Mild cloudy day,0.35,7,1.75,5.5576,0.0,20.0,year_area100_08,4.400218534661293
day_2,Mild cloudy day,0.35,8,2.0,5.6022,0.0,20.0,year_area100_08,4.391366149496715
day_2,Mild cloudy day,0.35,9,2.25,5.6592,0.0,20.0,year_area100_08,4.380052563075618
day_2,Mild cloudy day,0.35,10,2.5,5.7284,0.0,20.0,year_area100_08,4.366317472192462
day_2,Mild cloudy day,0.35,11,2.75,5.8094,0.0,20.0,year_area100_08,4.350240270436166
day_2,Mild cloudy day,0.35,12,3.0,5.9019,0.0,20.0,year_area100_08,4.331880502998421
day_2,Mild cloudy day,0.35,13,3.25,6.0056,0.0,20.0,year_area100_08,4.311297715070916
day_2,Mild cloudy day,0.35,14,3.5,6.1199,0.0,20.0,year_area100_08,4.288610997037033
day_2,Mild cloudy day,0.35,15,3.75,6.2445,0.0,20.0,year_area100_08,4.2638798940884595
day_2,Mild cloudy day,0.35,16,4.0,6.3787,0.0,20.0,year_area100_08,4.2372433450058065
day_2,Mild cloudy day,0.35,17,4.25,6.522,0.0,20.0,year_area100_08,4.208800591775224
day_2,Mild cloudy day,0.35,18,4.5,6.6737,0.0,20.0,year_area100_08,4.178690573177322
day_2,Mild cloudy day,0.35,19,4.75,6.8333,0.0,20.0,year_area100_08,4.14701253119825
day_2,Mild cloudy day,0.35,20,5.0,7.0,0.0,20.0,year_area100_08,4.113925253015849
day_2,Mild cloudy day,0.35,21,5.25,7.1731,0.0,20.0,year_area100_08,4.079567677410728
day_2,Mild cloudy day,0.35,22,5.5,7.3519,0.0,20.0,year_area100_08,4.044078743163498
day_2,Mild cloudy day,0.35,23,5.75,7.5357,0.0,20.0,year_area100_08,4.007597389054768
day_2,Mild cloudy day,0.35,24,6.0,7.7235,0.0,20.0,year_area100_08,3.9703220990568378
day_2,Mild cloudy day,0.35,25,6.25,7.9147,0.0,20.0,year_area100_08,3.932371963553088
day_2,Mild cloudy day,0.35,26,6.5,8.1084,0.0,20.0,year_area100_08,3.8939256181185877
day_2,Mild cloudy day,0.35,27,6.75,8.3038,0.0,20.0,year_area100_08,3.8551418499311785
day_2,Mild cloudy day,0.35,28,7.0,8.5,0.0,20.0,year_area100_08,3.816199294565929
day_2,Mild cloudy day,0.35,29,7.25,8.6962,4.5782,20.0,year_area100_08,3.751006368032873
day_2,Mild cloudy day,0.35,30,7.5,8.8916,9.1368,20.0,year_area100_08,3.6860846106782006
day_2,Mild cloudy day,0.35,31,7.75,9.0853,13.6563,20.0,year_area100_08,3.6217244666999715
day_2,Mild cloudy day,0.35,32,8.0,9.2765,18.1173,20.0,year_area100_08,3.5581959585214626
day_2,Mild cloudy day,0.35,33,8.25,9.4643,22.5008,20.0,year_area100_08,3.4957866634529635
day_2,Mild cloudy day,0.35,34,8.5,9.6481,26.7878,20.0,year_area100_08,3.434724613613076
day_2,Mild cloudy day,0.35,35,8.75,9.8269,30.9602,20.0,year_area100_08,3.375312074311336
day_2,Mild cloudy day,0.35,36,9.0,10.0,35.0,20.0,year_area100_08,3.3177911922880368
day_2,Mild cloudy day,0.35,37,9.25,10.1667,38.8899,20.0,year_area100_08,3.262400100640595
day_2,Mild cloudy day,0.35,38,9.5,10.3263,42.6133,20.0,year_area100_08,3.20937291882355
day_2,Mild cloudy day,0.35,39,9.75,10.478,46.1542,20.0,year_area100_08,3.158960174423349
day_2,Mild cloudy day,0.35,40,10.0,10.6213,49.4975,20.0,year_area100_08,3.111347689436765
day_2,Mild cloudy day,0.35,41,10.25,10.7555,52.6288,20.0,year_area100_08,3.0667569690121548
day_2,Mild cloudy day,0.35,42,10.5,10.8801,55.5347,20.0,year_area100_08,3.025364087727875
day_2,Mild cloudy day,0.35,43,10.75,10.9944,58.2029,20.0,year_area100_08,2.987378509803654
day_2,Mild cloudy day,0.35,44,11.0,11.0981,60.6218,20.0,year_area100_08,2.9529262922274215
day_2,Mild cloudy day,0.35,45,11.25,11.1906,62.7811,20.0,year_area100_08,2.9221855832705987
day_2,Mild cloudy day,0.35,46,11.5,11.2716,64.6716,20.0,year_area100_08,2.895268678859823
day_2,Mild cloudy day,0.35,47,11.75,11.3408,66.2851,20.0,year_area100_08,2.872282141146197
day_2,Mild cloudy day,0.35,48,12.0,11.3978,67.6148,20.0,year_area100_08,2.8533443533922993
day_2,Mild cloudy day,0.35,49,12.25,11.4424,68.655,20.0,year_area100_08,2.8385276949131546
day_2,Mild cloudy day,0.35,50,12.5,11.4743,69.4011,20.0,year_area100_08,2.8279180862679274
day_2,Mild cloudy day,0.35,51,12.75,11.4936,69.8501,20.0,year_area100_08,2.8215128803860017
day_2,Mild cloudy day,0.35,52,13.0,11.5,70.0,20.0,year_area100_08,2.8193830900101453
day_2,Mild cloudy day,0.35,53,13.25,11.4936,69.8501,20.0,year_area100_08,2.8215128803860017
day_2,Mild cloudy day,0.35,54,13.5,11.4743,69.4011,20.0,year_area100_08,2.8279180862679274
day_2,Mild cloudy day,0.35,55,13.75,11.4424,68.655,20.0,year_area100_08,2.8385276949131546
day_2,Mild cloudy day,0.35,56,14.0,11.3978,67.6148,20.0,year_area100_08,2.8533443533922993
day_2,Mild cloudy day,0.35,57,14.25,11.3408,66.2851,20.0,year_area100_08,2.872282141146197
day_2,Mild cloudy day,0.35,58,14.5,11.2716,64.6716,20.0,year_area100_08,2.895268678859823
day_2,Mild cloudy day,0.35,59,14.75,11.1906,62.7811,20.0,year_area100_08,2.9221855832705987
day_2,Mild cloudy day,0.35,60,15.0,11.0981,60.6218,20.0,year_area100_08,2.9529262922274215
day_2,Mild cloudy day,0.35,61,15.25,10.9944,58.2029,20.0,year_area100_08,2.987378509803654
day_2,Mild cloudy day,0.35,62,15.5,10.8801,55.5347,20.0,year_area100_08,3.025364087727875
day_2,Mild cloudy day,0.35,63,15.75,10.7555,52.6288,20.0,year_area100_08,3.0667569690121548
day_2,Mild cloudy day,0.35,64,16.0,10.6213,49.4975,20.0,year_area100_08,3.111347689436765
day_2,Mild cloudy day,0.35,65,16.25,10.478,46.1542,20.0,year_area100_08,3.158960174423349
day_2,Mild cloudy day,0.35,66,16.5,10.3263,42.6133,20.0,year_area100_08,3.20937291882355
day_2,Mild cloudy day,0.35,67,16.75,10.1667,38.8899,20.0,year_area100_08,3.262400100640595
day_2,Mild cloudy day,0.35,68,17.0,10.0,35.0,20.0,year_area100_08,3.3177911922880368
day_2,Mild cloudy day,0.35,69,17.25,9.8269,30.9602,20.0,year_area100_08,3.375312074311336
day_2,Mild cloudy day,0.35,70,17.5,9.6481,26.7878,20.0,year_area100_08,3.434724613613076
day_2,Mild cloudy day,0.35,71,17.75,9.4643,22.5008,20.0,year_area100_08,3.4957866634529635
day_2,Mild cloudy day,0.35,72,18.0,9.2765,18.1173,20.0,year_area100_08,3.5581959585214626
day_2,Mild cloudy day,0.35,73,18.25,9.0853,13.6563,20.0,year_area100_08,3.6217244666999715
day_2,Mild cloudy day,0.35,74,18.5,8.8916,9.1368,20.0,year_area100_08,3.6860846106782006
day_2,Mild cloudy day,0.35,75,18.75,8.6962,4.5782,20.0,year_area100_08,3.751006368032873
day_2,Mild cloudy day,0.35,76,19.0,8.5,0.0,20.0,year_area100_08,3.816199294565929
day_2,Mild cloudy day,0.35,77,19.25,8.3038,0.0,20.0,year_area100_08,3.8551418499311785
day_2,Mild cloudy day,0.35,78,19.5,8.1084,0.0,20.0,year_area100_08,3.8939256181185877
day_2,Mild cloudy day,0.35,79,19.75,7.9147,0.0,20.0,year_area100_08,3.932371963553088
day_2,Mild cloudy day,0.35,80,20.0,7.7235,0.0,20.0,year_area100_08,3.9703220990568378
day_2,Mild cloudy day,0.35,81,20.25,7.5357,0.0,20.0,year_area100_08,4.007597389054768
day_2,Mild cloudy day,0.35,82,20.5,7.3519,0.0,20.0,year_area100_08,4.044078743163498
day_2,Mild cloudy day,0.35,83,20.75,7.1731,0.0,20.0,year_area100_08,4.079567677410728
day_2,Mild cloudy day,0.35,84,21.0,7.0,0.0,20.0,year_area100_08,4.113925253015849
day_2,Mild cloudy day,0.35,85,21.25,6.8333,0.0,20.0,year_area100_08,4.14701253119825
day_2,Mild cloudy day,0.35,86,21.5,6.6737,0.0,20.0,year_area100_08,4.178690573177322
day_2,Mild cloudy day,0.35,87,21.75,6.522,0.0,20.0,year_area100_08,4.208800591775224
day_2,Mild cloudy day,0.35,88,22.0,6.3787,0.0,20.0,year_area100_08,4.2372433450058065
day_2,Mild cloudy day,0.35,89,22.25,6.2445,0.0,20.0,year_area100_08,4.2638798940884595
day_2,Mild cloudy day,0.35,90,22.5,6.1199,0.0,20.0,year_area100_08,4.288610997037033
day_2,Mild cloudy day,0.35,91,22.75,6.0056,0.0,20.0,year_area100_08,4.311297715070916
day_2,Mild cloudy day,0.35,92,23.0,5.9019,0.0,20.0,year_area100_08,4.331880502998421
day_2,Mild cloudy day,0.35,93,23.25,5.8094,0.0,20.0,year_area100_08,4.350240270436166
day_2,Mild cloudy day,0.35,94,23.5,5.7284,0.0,20.0,year_area100_08,4.366317472192462
day_2,Mild cloudy day,0.35,95,23.75,5.6592,0.0,20.0,year_area100_08,4.380052563075618
day_2,Mild cloudy day,0.35,0,0.0,5.6022,0.0,20.0,year_area140_01,3.3641641301323064
day_2,Mild cloudy day,0.35,1,0.25,5.5576,0.0,20.0,year_area140_01,3.3686855164349403
day_2,Mild cloudy day,0.35,2,0.5,5.5257,0.0,20.0,year_area140_01,3.371919422781443
day_2,Mild cloudy day,0.35,3,0.75,5.5064,0.0,20.0,year_area140_01,3.3738759868092645
day_2,Mild cloudy day,0.35,4,1.0,5.5,0.0,20.0,year_area140_01,3.374524795606055
day_2,Mild cloudy day,0.35,5,1.25,5.5064,0.0,20.0,year_area140_01,3.3738759868092645
day_2,Mild cloudy day,0.35,6,1.5,5.5257,0.0,20.0,year_area140_01,3.371919422781443
day_2,Mild cloudy day,0.35,7,1.75,5.5576,0.0,20.0,year_area140_01,3.3686855164349403
day_2,Mild cloudy day,0.35,8,2.0,5.6022,0.0,20.0,year_area140_01,3.3641641301323064
day_2,Mild cloudy day,0.35,9,2.25,5.6592,0.0,20.0,year_area140_01,3.3583856767858906
day_2,Mild cloudy day,0.35,10,2.5,5.7284,0.0,20.0,year_area140_01,3.3513704316705932
day_2,Mild cloudy day,0.35,11,2.75,5.8094,0.0,20.0,year_area140_01,3.3431589453362136
day_2,Mild cloudy day,0.35,12,3.0,5.9019,0.0,20.0,year_area140_01,3.3337816306951007
day_2,Mild cloudy day,0.35,13,3.25,6.0056,0.0,20.0,year_area140_01,3.3232689006596043
day_2,Mild cloudy day,0.35,14,3.5,6.1199,0.0,20.0,year_area140_01,3.3116815810544233
day_2,Mild cloudy day,0.35,15,3.75,6.2445,0.0,20.0,year_area140_01,3.299050084791908
day_2,Mild cloudy day,0.35,16,4.0,6.3787,0.0,20.0,year_area140_01,3.2854453753342074
day_2,Mild cloudy day,0.35,17,4.25,6.522,0.0,20.0,year_area140_01,3.2709181408685697
day_2,Mild cloudy day,0.35,18,4.5,6.6737,0.0,20.0,year_area140_01,3.2555393448571444
day_2,Mild cloudy day,0.35,19,4.75,6.8333,0.0,20.0,year_area140_01,3.239359675487181
day_2,Mild cloudy day,0.35,20,5.0,7.0,0.0,20.0,year_area140_01,3.2224602338582784
day_2,Mild cloudy day,0.35,21,5.25,7.1731,0.0,20.0,year_area140_01,3.2049119834325848
day_2,Mild cloudy day,0.35,22,5.5,7.3519,0.0,20.0,year_area140_01,3.18678588767225
day_2,Mild cloudy day,0.35,23,5.75,7.5357,0.0,20.0,year_area140_01,3.168152910039422
day_2,Mild cloudy day,0.35,24,6.0,7.7235,0.0,20.0,year_area140_01,3.1491144269086004
day_2,Mild cloudy day,0.35,25,6.25,7.9147,0.0,20.0,year_area140_01,3.1297312641044837
day_2,Mild cloudy day,0.35,26,6.5,8.1084,0.0,20.0,year_area140_01,3.110094660364121
day_2,Mild cloudy day,0.35,27,6.75,8.3038,0.0,20.0,year_area140_01,3.0902857167871103
day_2,Mild cloudy day,0.35,28,7.0,8.5,0.0,20.0,year_area140_01,3.070395672110501
day_2,Mild cloudy day,0.35,29,7.25,8.6962,4.5782,20.0,year_area140_01,3.049900554837306
day_2,Mild cloudy day,0.35,30,7.5,8.8916,9.1368,20.0,year_area140_01,3.0294891290754196
day_2,Mild cloudy day,0.35,31,7.75,9.0853,13.6563,20.0,year_area140_01,3.0092552107572157
day_2,Mild cloudy day,0.35,32,8.0,9.2765,18.1173,20.0,year_area140_01,2.9892824649612315
day_2,Mild cloudy day,0.35,33,8.25,9.4643,22.5008,20.0,year_area140_01,2.969664641537907
day_2,Mild cloudy day,0.35,34,8.5,9.6481,26.7878,20.0,year_area140_01,2.950465077425335
day_2,Mild cloudy day,0.35,35,8.75,9.8269,30.9602,20.0,year_area140_01,2.9317875411639305
day_2,Mild cloudy day,0.35,36,9.0,10.0,35.0,20.0,year_area140_01,2.9137053751653723
day_2,Mild cloudy day,0.35,37,9.25,10.1667,38.8899,20.0,year_area140_01,2.8962918293266355
day_2,Mild cloudy day,0.35,38,9.5,10.3263,42.6133,20.0,year_area140_01,2.879620061029992
day_2,Mild cloudy day,0.35,39,9.75,10.478,46.1542,20.0,year_area140_01,2.8637732859968437
day_2,Mild cloudy day,0.35,40,10.0,10.6213,49.4975,20.0,year_area140_01,2.848804188088769
day_2,Mild cloudy day,0.35,41,10.25,10.7555,52.6288,20.0,year_area140_01,2.83478563392754
day_2,Mild cloudy day,0.35,42,10.5,10.8801,55.5347,20.0,year_area140_01,2.821770082696168
day_2,Mild cloudy day,0.35,43,10.75,10.9944,58.2029,20.0,year_area140_01,2.8098301234723135
day_2,Mild cloudy day,0.35,44,11.0,11.0981,60.6218,20.0,year_area140_01,2.7989977022691352
day_2,Mild cloudy day,0.35,45,11.25,11.1906,62.7811,20.0,year_area140_01,2.7893350061991184
day_2,Mild cloudy day,0.35,46,11.5,11.2716,64.6716,20.0,year_area140_01,2.78087366408215
day_2,Mild cloudy day,0.35,47,11.75,11.3408,66.2851,20.0,year_area140_01,2.7736451725742546
day_2,Mild cloudy day,0.35,48,12.0,11.3978,67.6148,20.0,year_area140_01,2.7676909809394985
day_2,Mild cloudy day,0.35,49,12.25,11.4424,68.655,20.0,year_area140_01,2.7630321177867994
day_2,Mild cloudy day,0.35,50,12.5,11.4743,69.4011,20.0,year_area140_01,2.759699603982275
day_2,Mild cloudy day,0.35,51,12.75,11.4936,69.8501,20.0,year_area140_01,2.757683698380065
day_2,Mild cloudy day,0.35,52,13.0,11.5,70.0,20.0,year_area140_01,2.7570150782202436
day_2,Mild cloudy day,0.35,53,13.25,11.4936,69.8501,20.0,year_area140_01,2.757683698380065
day_2,Mild cloudy day,0.35,54,13.5,11.4743,69.4011,20.0,year_area140_01,2.759699603982275
day_2,Mild cloudy day,0.35,55,13.75,11.4424,68.655,20.0,year_area140_01,2.7630321177867994
day_2,Mild cloudy day,0.35,56,14.0,11.3978,67.6148,20.0,year_area140_01,2.7676909809394985
day_2,Mild cloudy day,0.35,57,14.25,11.3408,66.2851,20.0,year_area140_01,2.7736451725742546
day_2,Mild cloudy day,0.35,58,14.5,11.2716,64.6716,20.0,year_area140_01,2.78087366408215
day_2,Mild cloudy day,0.35,59,14.75,11.1906,62.7811,20.0,year_area140_01,2.7893350061991184
day_2,Mild cloudy day,0.35,60,15.0,11.0981,60.6218,20.0,year_area140_01,2.7989977022691352
day_2,Mild cloudy day,0.35,61,15.25,10.9944,58.2029,20.0,year_area140_01,2.8098301234723135
day_2,Mild cloudy day,0.35,62,15.5,10.8801,55.5347,20.0,year_area140_01,2.821770082696168
day_2,Mild cloudy day,0.35,63,15.75,10.7555,52.6288,20.0,year_area140_01,2.83478563392754
day_2,Mild cloudy day,0.35,64,16.0,10.6213,49.4975,20.0,year_area140_01,2.848804188088769
day_2,Mild cloudy day,0.35,65,16.25,10.478,46.1542,20.0,year_area140_01,2.8637732859968437
day_2,Mild cloudy day,0.35,66,16.5,10.3263,42.6133,20.0,year_area140_01,2.879620061029992
day_2,Mild cloudy day,0.35,67,16.75,10.1667,38.8899,20.0,year_area140_01,2.8962918293266355
day_2,Mild cloudy day,0.35,68,17.0,10.0,35.0,20.0,year_area140_01,2.9137053751653723
day_2,Mild cloudy day,0.35,69,17.25,9.8269,30.9602,20.0,year_area140_01,2.9317875411639305
day_2,Mild cloudy day,0.35,70,17.5,9.6481,26.7878,20.0,year_area140_01,2.950465077425335
day_2,Mild cloudy day,0.35,71,17.75,9.4643,22.5008,20.0,year_area140_01,2.969664641537907
day_2,Mild cloudy day,0.35,72,18.0,9.2765,18.1173,20.0,year_area140_01,2.9892824649612315
day_2,Mild cloudy day,0.35,73,18.25,9.0853,13.6563,20.0,year_area140_01,3.0092552107572157
day_2,Mild cloudy day,0.35,74,18.5,8.8916,9.1368,20.0,year_area140_01,3.0294891290754196
day_2,Mild cloudy day,0.35,75,18.75,8.6962,4.5782,20.0,year_area140_01,3.049900554837306
day_2,Mild cloudy day,0.35,76,19.0,8.5,0.0,20.0,year_area140_01,3.070395672110501
day_2,Mild cloudy day,0.35,77,19.25,8.3038,0.0,20.0,year_area140_01,3.0902857167871103
day_2,Mild cloudy day,0.35,78,19.5,8.1084,0.0,20.0,year_area140_01,3.110094660364121
day_2,Mild cloudy day,0.35,79,19.75,7.9147,0.0,20.0,year_area140_01,3.1297312641044837
day_2,Mild cloudy day,0.35,80,20.0,7.7235,0.0,20.0,year_area140_01,3.1491144269086004
day_2,Mild cloudy day,0.35,81,20.25,7.5357,0.0,20.0,year_area140_01,3.168152910039422
day_2,Mild cloudy day,0.35,82,20.5,7.3519,0.0,20.0,year_area140_01,3.18678588767225
day_2,Mild cloudy day,0.35,83,20.75,7.1731,0.0,20.0,year_area140_01,3.2049119834325848
day_2,Mild cloudy day,0.35,84,21.0,7.0,0.0,20.0,year_area140_01,3.2224602338582784
day_2,Mild cloudy day,0.35,85,21.25,6.8333,0.0,20.0,year_area140_01,3.239359675487181
day_2,Mild cloudy day,0.35,86,21.5,6.6737,0.0,20.0,year_area140_01,3.2555393448571444
day_2,Mild cloudy day,0.35,87,21.75,6.522,0.0,20.0,year_area140_01,3.2709181408685697
day_2,Mild cloudy day,0.35,88,22.0,6.3787,0.0,20.0,year_area140_01,3.2854453753342074
day_2,Mild cloudy day,0.35,89,22.25,6.2445,0.0,20.0,year_area140_01,3.299050084791908
day_2,Mild cloudy day,0.35,90,22.5,6.1199,0.0,20.0,year_area140_01,3.3116815810544233
day_2,Mild cloudy day,0.35,91,22.75,6.0056,0.0,20.0,year_area140_01,3.3232689006596043
day_2,Mild cloudy day,0.35,92,23.0,5.9019,0.0,20.0,year_area140_01,3.3337816306951007
day_2,Mild cloudy day,0.35,93,23.25,5.8094,0.0,20.0,year_area140_01,3.3431589453362136
day_2,Mild cloudy day,0.35,94,23.5,5.7284,0.0,20.0,year_area140_01,3.3513704316705932
day_2,Mild cloudy day,0.35,95,23.75,5.6592,0.0,20.0,year_area140_01,3.3583856767858906
day_2,Mild cloudy day,0.35,0,0.0,5.6022,0.0,20.0,year_area140_02,3.2620718389111962
day_2,Mild cloudy day,0.35,1,0.25,5.5576,0.0,20.0,year_area140_02,3.266667135839348
day_2,Mild cloudy day,0.35,2,0.5,5.5257,0.0,20.0,year_area140_02,3.2699539065121743
day_2,Mild cloudy day,0.35,3,0.75,5.5064,0.0,20.0,year_area140_02,3.271942454286016
day_2,Mild cloudy day,0.35,4,1.0,5.5,0.0,20.0,year_area140_02,3.27260186909185
day_2,Mild cloudy day,0.35,5,1.25,5.5064,0.0,20.0,year_area140_02,3.271942454286016
day_2,Mild cloudy day,0.35,6,1.5,5.5257,0.0,20.0,year_area140_02,3.2699539065121743
day_2,Mild cloudy day,0.35,7,1.75,5.5576,0.0,20.0,year_area140_02,3.266667135839348
day_2,Mild cloudy day,0.35,8,2.0,5.6022,0.0,20.0,year_area140_02,3.2620718389111962
day_2,Mild cloudy day,0.35,9,2.25,5.6592,0.0,20.0,year_area140_02,3.2561989257967414
day_2,Mild cloudy day,0.35,10,2.5,5.7284,0.0,20.0,year_area140_02,3.2490690032086667
day_2,Mild cloudy day,0.35,11,2.75,5.8094,0.0,20.0,year_area140_02,3.240723284572337
day_2,Mild cloudy day,0.35,12,3.0,5.9019,0.0,20.0,year_area140_02,3.2311926799567745
day_2,Mild cloudy day,0.35,13,3.25,6.0056,0.0,20.0,year_area140_02,3.2205080994310036
day_2,Mild cloudy day,0.35,14,3.5,6.1199,0.0,20.0,year_area140_02,3.2087313631330714
day_2,Mild cloudy day,0.35,15,3.75,6.2445,0.0,20.0,year_area140_02,3.1958933811320005
day_2,Mild cloudy day,0.35,16,4.0,6.3787,0.0,20.0,year_area140_02,3.1820662769221797
day_2,Mild cloudy day,0.35,17,4.25,6.522,0.0,20.0,year_area140_02,3.167301567285314
day_2,Mild cloudy day,0.35,18,4.5,6.6737,0.0,20.0,year_area140_02,3.151671375715792
day_2,Mild cloudy day,0.35,19,4.75,6.8333,0.0,20.0,year_area140_02,3.135227218995319
day_2,Mild cloudy day,0.35,20,5.0,7.0,0.0,20.0,year_area140_02,3.1180515239746254
day_2,Mild cloudy day,0.35,21,5.25,7.1731,0.0,20.0,year_area140_02,3.1002164141480977
day_2,Mild cloudy day,0.35,22,5.5,7.3519,0.0,20.0,year_area140_02,3.0817940130101245
day_2,Mild cloudy day,0.35,23,5.75,7.5357,0.0,20.0,year_area140_02,3.062856444055094
day_2,Mild cloudy day,0.35,24,6.0,7.7235,0.0,20.0,year_area140_02,3.043506740846418
day_2,Mild cloudy day,0.35,25,6.25,7.9147,0.0,20.0,year_area140_02,3.023806723522142
day_2,Mild cloudy day,0.35,26,6.5,8.1084,0.0,20.0,year_area140_02,3.0038491222893375
day_2,Mild cloudy day,0.35,27,6.75,8.3038,0.0,20.0,year_area140_02,2.9837163639987336
day_2,Mild cloudy day,0.35,28,7.0,8.5,0.0,20.0,year_area140_02,2.963501178857401
day_2,Mild cloudy day,0.35,29,7.25,8.6962,4.5782,20.0,year_area140_02,2.911508051313687
day_2,Mild cloudy day,0.35,30,7.5,8.8916,9.1368,20.0,year_area140_02,2.8597333970300087
day_2,Mild cloudy day,0.35,31,7.75,9.0853,13.6563,20.0,year_area140_02,2.8084052985084096
day_2,Mild cloudy day,0.35,32,8.0,9.2765,18.1173,20.0,year_area140_02,2.757740840780259
day_2,Mild cloudy day,0.35,33,8.25,9.4643,22.5008,20.0,year_area140_02,2.7079646357759346
day_2,Mild cloudy day,0.35,34,8.5,9.6481,26.7878,20.0,year_area140_02,2.6592703853567894
day_2,Mild cloudy day,0.35,35,8.75,9.8269,30.9602,20.0,year_area140_02,2.611886757780545
day_2,Mild cloudy day,0.35,36,9.0,10.0,35.0,20.0,year_area140_02,2.5660108171215636
day_2,Mild cloudy day,0.35,37,9.25,10.1667,38.8899,20.0,year_area140_02,2.521834768653877
day_2,Mild cloudy day,0.35,38,9.5,10.3263,42.6133,20.0,year_area140_02,2.4795459588511832
day_2,Mild cloudy day,0.35,39,9.75,10.478,46.1542,20.0,year_area140_02,2.439337872857523
day_2,Mild cloudy day,0.35,40,10.0,10.6213,49.4975,20.0,year_area140_02,2.401366838718914
day_2,Mild cloudy day,0.35,41,10.25,10.7555,52.6288,20.0,year_area140_02,2.3658049323937256
day_2,Mild cloudy day,0.35,42,10.5,10.8801,55.5347,20.0,year_area140_02,2.332796681984311
day_2,Mild cloudy day,0.35,43,10.75,10.9944,58.2029,20.0,year_area140_02,2.3024995870480423
day_2,Mild cloudy day,0.35,44,11.0,11.0981,60.6218,20.0,year_area140_02,2.2750250749165923
day_2,Mild cloudy day,0.35,45,11.25,11.1906,62.7811,20.0,year_area140_02,2.250506459504328
day_2,Mild cloudy day,0.35,46,11.5,11.2716,64.6716,20.0,year_area140_02,2.229038509398927
day_2,Mild cloudy day,0.35,47,11.75,11.3408,66.2851,20.0,year_area140_02,2.2107090520447343
day_2,Mild cloudy day,0.35,48,12.0,11.3978,67.6148,20.0,year_area140_02,2.1956065006417718
day_2,Mild cloudy day,0.35,49,12.25,11.4424,68.655,20.0,year_area140_02,2.1837910264197147
day_2,Mild cloudy day,0.35,50,12.5,11.4743,69.4011,20.0,year_area140_02,2.175325468706913
day_2,Mild cloudy day,0.35,51,12.75,11.4936,69.8501,20.0,year_area140_02,2.170220347577021
day_2,Mild cloudy day,0.35,52,13.0,11.5,70.0,20.0,year_area140_02,2.1685204553857265
day_2,Mild cloudy day,0.35,53,13.25,11.4936,69.8501,20.0,year_area140_02,2.170220347577021
day_2,Mild cloudy day,0.35,54,13.5,11.4743,69.4011,20.0,year_area140_02,2.175325468706913
day_2,Mild cloudy day,0.35,55,13.75,11.4424,68.655,20.0,year_area140_02,2.1837910264197147
day_2,Mild cloudy day,0.35,56,14.0,11.3978,67.6148,20.0,year_area140_02,2.1956065006417718
day_2,Mild cloudy day,0.35,57,14.25,11.3408,66.2851,20.0,year_area140_02,2.2107090520447343
day_2,Mild cloudy day,0.35,58,14.5,11.2716,64.6716,20.0,year_area140_02,2.229038509398927
day_2,Mild cloudy day,0.35,59,14.75,11.1906,62.7811,20.0,year_area140_02,2.250506459504328
day_2,Mild cloudy day,0.35,60,15.0,11.0981,60.6218,20.0,year_area140_02,2.2750250749165923
day_2,Mild cloudy day,0.35,61,15.25,10.9944,58.2029,20.0,year_area140_02,2.3024995870480423
day_2,Mild cloudy day,0.35,62,15.5,10.8801,55.5347,20.0,year_area140_02,2.332796681984311
day_2,Mild cloudy day,0.35,63,15.75,10.7555,52.6288,20.0,year_area140_02,2.3658049323937256
day_2,Mild cloudy day,0.35,64,16.0,10.6213,49.4975,20.0,year_area140_02,2.401366838718914
day_2,Mild cloudy day,0.35,65,16.25,10.478,46.1542,20.0,year_area140_02,2.439337872857523
day_2,Mild cloudy day,0.35,66,16.5,10.3263,42.6133,20.0,year_area140_02,2.4795459588511832
day_2,Mild cloudy day,0.35,67,16.75,10.1667,38.8899,20.0,year_area140_02,2.521834768653877
day_2,Mild cloudy day,0.35,68,17.0,10.0,35.0,20.0,year_area140_02,2.5660108171215636
day_2,Mild cloudy day,0.35,69,17.25,9.8269,30.9602,20.0,year_area140_02,2.611886757780545
day_2,Mild cloudy day,0.35,70,17.5,9.6481,26.7878,20.0,year_area140_02,2.6592703853567894
day_2,Mild cloudy day,0.35,71,17.75,9.4643,22.5008,20.0,year_area140_02,2.7079646357759346
day_2,Mild cloudy day,0.35,72,18.0,9.2765,18.1173,20.0,year_area140_02,2.757740840780259
day_2,Mild cloudy day,0.35,73,18.25,9.0853,13.6563,20.0,year_area140_02,2.8084052985084096
day_2,Mild cloudy day,0.35,74,18.5,8.8916,9.1368,20.0,year_area140_02,2.8597333970300087
day_2,Mild cloudy day,0.35,75,18.75,8.6962,4.5782,20.0,year_area140_02,2.911508051313687
day_2,Mild cloudy day,0.35,76,19.0,8.5,0.0,20.0,year_area140_02,2.963501178857401
day_2,Mild cloudy day,0.35,77,19.25,8.3038,0.0,20.0,year_area140_02,2.9837163639987336
day_2,Mild cloudy day,0.35,78,19.5,8.1084,0.0,20.0,year_area140_02,3.0038491222893375
day_2,Mild cloudy day,0.35,79,19.75,7.9147,0.0,20.0,year_area140_02,3.023806723522142
day_2,Mild cloudy day,0.35,80,20.0,7.7235,0.0,20.0,year_area140_02,3.043506740846418
day_2,Mild cloudy day,0.35,81,20.25,7.5357,0.0,20.0,year_area140_02,3.062856444055094
day_2,Mild cloudy day,0.35,82,20.5,7.3519,0.0,20.0,year_area140_02,3.0817940130101245
day_2,Mild cloudy day,0.35,83,20.75,7.1731,0.0,20.0,year_area140_02,3.1002164141480977
day_2,Mild cloudy day,0.35,84,21.0,7.0,0.0,20.0,year_area140_02,3.1180515239746254
day_2,Mild cloudy day,0.35,85,21.25,6.8333,0.0,20.0,year_area140_02,3.135227218995319
day_2,Mild cloudy day,0.35,86,21.5,6.6737,0.0,20.0,year_area140_02,3.151671375715792
day_2,Mild cloudy day,0.35,87,21.75,6.522,0.0,20.0,year_area140_02,3.167301567285314
day_2,Mild cloudy day,0.35,88,22.0,6.3787,0.0,20.0,year_area140_02,3.1820662769221797
day_2,Mild cloudy day,0.35,89,22.25,6.2445,0.0,20.0,year_area140_02,3.1958933811320005
day_2,Mild cloudy day,0.35,90,22.5,6.1199,0.0,20.0,year_area140_02,3.2087313631330714
day_2,Mild cloudy day,0.35,91,22.75,6.0056,0.0,20.0,year_area140_02,3.2205080994310036
day_2,Mild cloudy day,0.35,92,23.0,5.9019,0.0,20.0,year_area140_02,3.2311926799567745
day_2,Mild cloudy day,0.35,93,23.25,5.8094,0.0,20.0,year_area140_02,3.240723284572337
day_2,Mild cloudy day,0.35,94,23.5,5.7284,0.0,20.0,year_area140_02,3.2490690032086667
day_2,Mild cloudy day,0.35,95,23.75,5.6592,0.0,20.0,year_area140_02,3.2561989257967414
day_2,Mild cloudy day,0.35,0,0.0,5.6022,0.0,20.0,year_area140_03,2.9495881786339018
day_2,Mild cloudy day,0.35,1,0.25,5.5576,0.0,20.0,year_area140_03,2.9596186540480938
day_2,Mild cloudy day,0.35,2,0.5,5.5257,0.0,20.0,year_area140_03,2.9667929178533123
day_2,Mild cloudy day,0.35,3,0.75,5.5064,0.0,20.0,year_area140_03,2.9711334599047454
day_2,Mild cloudy day,0.35,4,1.0,5.5,0.0,20.0,year_area140_03,2.9725728106368265
day_2,Mild cloudy day,0.35,5,1.25,5.5064,0.0,20.0,year_area140_03,2.9711334599047454
day_2,Mild cloudy day,0.35,6,1.5,5.5257,0.0,20.0,year_area140_03,2.9667929178533123
day_2,Mild cloudy day,0.35,7,1.75,5.5576,0.0,20.0,year_area140_03,2.9596186540480938
day_2,Mild cloudy day,0.35,8,2.0,5.6022,0.0,20.0,year_area140_03,2.9495881786339018
day_2,Mild cloudy day,0.35,9,2.25,5.6592,0.0,20.0,year_area140_03,2.936768961176301
day_2,Mild cloudy day,0.35,10,2.5,5.7284,0.0,20.0,year_area140_03,2.921205981385671
day_2,Mild cloudy day,0.35,11,2.75,5.8094,0.0,20.0,year_area140_03,2.902989198682766
day_2,Mild cloudy day,0.35,12,3.0,5.9019,0.0,20.0,year_area140_03,2.882186082633151
day_2,Mild cloudy day,0.35,13,3.25,6.0056,0.0,20.0,year_area140_03,2.8588641028023947
day_2,Mild cloudy day,0.35,14,3.5,6.1199,0.0,20.0,year_area140_03,2.8331581983216285
day_2,Mild cloudy day,0.35,15,3.75,6.2445,0.0,20.0,year_area140_03,2.805135838756418
day_2,Mild cloudy day,0.35,16,4.0,6.3787,0.0,20.0,year_area140_03,2.7749544530930867
day_2,Mild cloudy day,0.35,17,4.25,6.522,0.0,20.0,year_area140_03,2.742726490607576
day_2,Mild cloudy day,0.35,18,4.5,6.6737,0.0,20.0,year_area140_03,2.708609380286209
day_2,Mild cloudy day,0.35,19,4.75,6.8333,0.0,20.0,year_area140_03,2.672715571404929
day_2,Mild cloudy day,0.35,20,5.0,7.0,0.0,20.0,year_area140_03,2.635224982805246
day_2,Mild cloudy day,0.35,21,5.25,7.1731,0.0,20.0,year_area140_03,2.5962950434734813
day_2,Mild cloudy day,0.35,22,5.5,7.3519,0.0,20.0,year_area140_03,2.556083182395957
day_2,Mild cloudy day,0.35,23,5.75,7.5357,0.0,20.0,year_area140_03,2.5147468285589936
day_2,Mild cloudy day,0.35,24,6.0,7.7235,0.0,20.0,year_area140_03,2.4725108805144798
day_2,Mild cloudy day,0.35,25,6.25,7.9147,0.0,20.0,year_area140_03,2.4295102773935477
day_2,Mild cloudy day,0.35,26,6.5,8.1084,0.0,20.0,year_area140_03,2.385947427892896
day_2,Mild cloudy day,0.35,27,6.75,8.3038,0.0,20.0,year_area140_03,2.3420022508540352
day_2,Mild cloudy day,0.35,28,7.0,8.5,0.0,20.0,year_area140_03,2.2978771549736647
day_2,Mild cloudy day,0.35,29,7.25,8.6962,4.5782,20.0,year_area140_03,2.230861924108348
day_2,Mild cloudy day,0.35,30,7.5,8.8916,9.1368,20.0,year_area140_03,2.1641246083812744
day_2,Mild cloudy day,0.35,31,7.75,9.0853,13.6563,20.0,year_area140_03,2.097965112804772
day_2,Mild cloudy day,0.35,32,8.0,9.2765,18.1173,20.0,year_area140_03,2.0326603525548705
day_2,Mild cloudy day,0.35,33,8.25,9.4643,22.5008,20.0,year_area140_03,1.9685077327383695
day_2,Mild cloudy day,0.35,34,8.5,9.6481,26.7878,20.0,year_area140_03,1.9057371888964993
day_2,Mild cloudy day,0.35,35,8.75,9.8269,30.9602,20.0,year_area140_03,1.8446641161612953
day_2,Mild cloudy day,0.35,36,9.0,10.0,35.0,20.0,year_area140_03,1.7855359401181194
day_2,Mild cloudy day,0.35,37,9.25,10.1667,38.8899,20.0,year_area140_03,1.7285965864845927
day_2,Mild cloudy day,0.35,38,9.5,10.3263,42.6133,20.0,year_area140_03,1.6740864811105973
day_2,Mild cloudy day,0.35,39,9.75,10.478,46.1542,20.0,year_area140_03,1.6222655398145684
day_2,Mild cloudy day,0.35,40,10.0,10.6213,49.4975,20.0,year_area140_03,1.5733217090194231
day_2,Mild cloudy day,0.35,41,10.25,10.7555,52.6288,20.0,year_area140_03,1.5274844149907156
day_2,Mild cloudy day,0.35,42,10.5,10.8801,55.5347,20.0,year_area140_03,1.484933104472564
day_2,Mild cloudy day,0.35,43,10.75,10.9944,58.2029,20.0,year_area140_03,1.4458867041273022
day_2,Mild cloudy day,0.35,44,11.0,11.0981,60.6218,20.0,year_area140_03,1.4104706813287664
day_2,Mild cloudy day,0.35,45,11.25,11.1906,62.7811,20.0,year_area140_03,1.3788714732619851
day_2,Mild cloudy day,0.35,46,11.5,11.2716,64.6716,20.0,year_area140_03,1.351202547754257
day_2,Mild cloudy day,0.35,47,11.75,11.3408,66.2851,20.0,year_area140_03,1.3275723728218218
day_2,Mild cloudy day,0.35,48,12.0,11.3978,67.6148,20.0,year_area140_03,1.3081049066006283
day_2,Mild cloudy day,0.35,49,12.25,11.4424,68.655,20.0,year_area140_03,1.292873627724084
day_2,Mild cloudy day,0.35,50,12.5,11.4743,69.4011,20.0,year_area140_03,1.2819690048886205
day_2,Mild cloudy day,0.35,51,12.75,11.4936,69.8501,20.0,year_area140_03,1.2753835476722226
day_2,Mild cloudy day,0.35,52,13.0,11.5,70.0,20.0,year_area140_03,1.273194725262573
day_2,Mild cloudy day,0.35,53,13.25,11.4936,69.8501,20.0,year_area140_03,1.2753835476722226
day_2,Mild cloudy day,0.35,54,13.5,11.4743,69.4011,20.0,year_area140_03,1.2819690048886205
day_2,Mild cloudy day,0.35,55,13.75,11.4424,68.655,20.0,year_area140_03,1.292873627724084
day_2,Mild cloudy day,0.35,56,14.0,11.3978,67.6148,20.0,year_area140_03,1.3081049066006283
day_2,Mild cloudy day,0.35,57,14.25,11.3408,66.2851,20.0,year_area140_03,1.3275723728218218
day_2,Mild cloudy day,0.35,58,14.5,11.2716,64.6716,20.0,year_area140_03,1.351202547754257
day_2,Mild cloudy day,0.35,59,14.75,11.1906,62.7811,20.0,year_area140_03,1.3788714732619851
day_2,Mild cloudy day,0.35,60,15.0,11.0981,60.6218,20.0,year_area140_03,1.4104706813287664
day_2,Mild cloudy day,0.35,61,15.25,10.9944,58.2029,20.0,year_area140_03,1.4458867041273022
day_2,Mild cloudy day,0.35,62,15.5,10.8801,55.5347,20.0,year_area140_03,1.484933104472564
day_2,Mild cloudy day,0.35,63,15.75,10.7555,52.6288,20.0,year_area140_03,1.5274844149907156
day_2,Mild cloudy day,0.35,64,16.0,10.6213,49.4975,20.0,year_area140_03,1.5733217090194231
day_2,Mild cloudy day,0.35,65,16.25,10.478,46.1542,20.0,year_area140_03,1.6222655398145684
day_2,Mild cloudy day,0.35,66,16.5,10.3263,42.6133,20.0,year_area140_03,1.6740864811105973
day_2,Mild cloudy day,0.35,67,16.75,10.1667,38.8899,20.0,year_area140_03,1.7285965864845927
day_2,Mild cloudy day,0.35,68,17.0,10.0,35.0,20.0,year_area140_03,1.7855359401181194
day_2,Mild cloudy day,0.35,69,17.25,9.8269,30.9602,20.0,year_area140_03,1.8446641161612953
day_2,Mild cloudy day,0.35,70,17.5,9.6481,26.7878,20.0,year_area140_03,1.9057371888964993
day_2,Mild cloudy day,0.35,71,17.75,9.4643,22.5008,20.0,year_area140_03,1.9685077327383695
day_2,Mild cloudy day,0.35,72,18.0,9.2765,18.1173,20.0,year_area140_03,2.0326603525548705
day_2,Mild cloudy day,0.35,73,18.25,9.0853,13.6563,20.0,year_area140_03,2.097965112804772
day_2,Mild cloudy day,0.35,74,18.5,8.8916,9.1368,20.0,year_area140_03,2.1641246083812744
day_2,Mild cloudy day,0.35,75,18.75,8.6962,4.5782,20.0,year_area140_03,2.230861924108348
day_2,Mild cloudy day,0.35,76,19.0,8.5,0.0,20.0,year_area140_03,2.2978771549736647
day_2,Mild cloudy day,0.35,77,19.25,8.3038,0.0,20.0,year_area140_03,2.3420022508540352
day_2,Mild cloudy day,0.35,78,19.5,8.1084,0.0,20.0,year_area140_03,2.385947427892896
day_2,Mild cloudy day,0.35,79,19.75,7.9147,0.0,20.0,year_area140_03,2.4295102773935477
day_2,Mild cloudy day,0.35,80,20.0,7.7235,0.0,20.0,year_area140_03,2.4725108805144798
day_2,Mild cloudy day,0.35,81,20.25,7.5357,0.0,20.0,year_area140_03,2.5147468285589936
day_2,Mild cloudy day,0.35,82,20.5,7.3519,0.0,20.0,year_area140_03,2.556083182395957
day_2,Mild cloudy day,0.35,83,20.75,7.1731,0.0,20.0,year_area140_03,2.5962950434734813
day_2,Mild cloudy day,0.35,84,21.0,7.0,0.0,20.0,year_area140_03,2.635224982805246
day_2,Mild cloudy day,0.35,85,21.25,6.8333,0.0,20.0,year_area140_03,2.672715571404929
day_2,Mild cloudy day,0.35,86,21.5,6.6737,0.0,20.0,year_area140_03,2.708609380286209
day_2,Mild cloudy day,0.35,87,21.75,6.522,0.0,20.0,year_area140_03,2.742726490607576
day_2,Mild cloudy day,0.35,88,22.0,6.3787,0.0,20.0,year_area140_03,2.7749544530930867
day_2,Mild cloudy day,0.35,89,22.25,6.2445,0.0,20.0,year_area140_03,2.805135838756418
day_2,Mild cloudy day,0.35,90,22.5,6.1199,0.0,20.0,year_area140_03,2.8331581983216285
day_2,Mild cloudy day,0.35,91,22.75,6.0056,0.0,20.0,year_area140_03,2.8588641028023947
day_2,Mild cloudy day,0.35,92,23.0,5.9019,0.0,20.0,year_area140_03,2.882186082633151
day_2,Mild cloudy day,0.35,93,23.25,5.8094,0.0,20.0,year_area140_03,2.902989198682766
day_2,Mild cloudy day,0.35,94,23.5,5.7284,0.0,20.0,year_area140_03,2.921205981385671
day_2,Mild cloudy day,0.35,95,23.75,5.6592,0.0,20.0,year_area140_03,2.936768961176301
day_2,Mild cloudy day,0.35,0,0.0,5.6022,0.0,20.0,year_area140_04,5.149457793107268
day_2,Mild cloudy day,0.35,1,0.25,5.5576,0.0,20.0,year_area140_04,5.164129737924416
day_2,Mild cloudy day,0.35,2,0.5,5.5257,0.0,20.0,year_area140_04,5.174623797109775
day_2,Mild cloudy day,0.35,3,0.75,5.5064,0.0,20.0,year_area140_04,5.180972867400604
day_2,Mild cloudy day,0.35,4,1.0,5.5,0.0,20.0,year_area140_04,5.183078258585128
day_2,Mild cloudy day,0.35,5,1.25,5.5064,0.0,20.0,year_area140_04,5.180972867400604
day_2,Mild cloudy day,0.35,6,1.5,5.5257,0.0,20.0,year_area140_04,5.174623797109775
day_2,Mild cloudy day,0.35,7,1.75,5.5576,0.0,20.0,year_area140_04,5.164129737924416
day_2,Mild cloudy day,0.35,8,2.0,5.6022,0.0,20.0,year_area140_04,5.149457793107268
day_2,Mild cloudy day,0.35,9,2.25,5.6592,0.0,20.0,year_area140_04,5.130706652870105
day_2,Mild cloudy day,0.35,10,2.5,5.7284,0.0,20.0,year_area140_04,5.107942110687444
day_2,Mild cloudy day,0.35,11,2.75,5.8094,0.0,20.0,year_area140_04,5.081295753508318
day_2,Mild cloudy day,0.35,12,3.0,5.9019,0.0,20.0,year_area140_04,5.050866271544502
day_2,Mild cloudy day,0.35,13,3.25,6.0056,0.0,20.0,year_area140_04,5.016752355007768
day_2,Mild cloudy day,0.35,14,3.5,6.1199,0.0,20.0,year_area140_04,4.979151384321669
day_2,Mild cloudy day,0.35,15,3.75,6.2445,0.0,20.0,year_area140_04,4.938162049697977
day_2,Mild cloudy day,0.35,16,4.0,6.3787,0.0,20.0,year_area140_04,4.894014628297499
day_2,Mild cloudy day,0.35,17,4.25,6.522,0.0,20.0,year_area140_04,4.846873603806527
day_2,Mild cloudy day,0.35,18,4.5,6.6737,0.0,20.0,year_area140_04,4.796969253385868
day_2,Mild cloudy day,0.35,19,4.75,6.8333,0.0,20.0,year_area140_04,4.744466060721812
day_2,Mild cloudy day,0.35,20,5.0,7.0,0.0,20.0,year_area140_04,4.689627199712426
day_2,Mild cloudy day,0.35,21,5.25,7.1731,0.0,20.0,year_area140_04,4.632682947518516
day_2,Mild cloudy day,0.35,22,5.5,7.3519,0.0,20.0,year_area140_04,4.57386358130089
day_2,Mild cloudy day,0.35,23,5.75,7.5357,0.0,20.0,year_area140_04,4.513399378220355
day_2,Mild cloudy day,0.35,24,6.0,7.7235,0.0,20.0,year_area140_04,4.451619305649493
day_2,Mild cloudy day,0.35,25,6.25,7.9147,0.0,20.0,year_area140_04,4.388720744011852
day_2,Mild cloudy day,0.35,26,6.5,8.1084,0.0,20.0,year_area140_04,4.324999763942758
day_2,Mild cloudy day,0.35,27,6.75,8.3038,0.0,20.0,year_area140_04,4.260719539340274
day_2,Mild cloudy day,0.35,28,7.0,8.5,0.0,20.0,year_area140_04,4.196176140839724
day_2,Mild cloudy day,0.35,29,7.25,8.6962,4.5782,20.0,year_area140_04,4.125409482853303
day_2,Mild cloudy day,0.35,30,7.5,8.8916,9.1368,20.0,year_area140_04,4.054932641525403
day_2,Mild cloudy day,0.35,31,7.75,9.0853,13.6563,20.0,year_area140_04,3.985068194319354
day_2,Mild cloudy day,0.35,32,8.0,9.2765,18.1173,20.0,year_area140_04,3.916105686028776
day_2,Mild cloudy day,0.35,33,8.25,9.4643,22.5008,20.0,year_area140_04,3.848367014454742
day_2,Mild cloudy day,0.35,34,8.5,9.6481,26.7878,20.0,year_area140_04,3.7820753871865493
day_2,Mild cloudy day,0.35,35,8.75,9.8269,30.9602,20.0,year_area140_04,3.717584375370466
day_2,Mild cloudy day,0.35,36,9.0,10.0,35.0,20.0,year_area140_04,3.6551487240085367
day_2,Mild cloudy day,0.35,37,9.25,10.1667,38.8899,20.0,year_area140_04,3.5950222265756437
day_2,Mild cloudy day,0.35,38,9.5,10.3263,42.6133,20.0,year_area140_04,3.5374577250195136
day_2,Mild cloudy day,0.35,39,9.75,10.478,46.1542,20.0,year_area140_04,3.48274014243042
day_2,Mild cloudy day,0.35,40,10.0,10.6213,49.4975,20.0,year_area140_04,3.4310544882948024
day_2,Mild cloudy day,0.35,41,10.25,10.7555,52.6288,20.0,year_area140_04,3.382650614046456
day_2,Mild cloudy day,0.35,42,10.5,10.8801,55.5347,20.0,year_area140_04,3.337711218320147
day_2,Mild cloudy day,0.35,43,10.75,10.9944,58.2029,20.0,year_area140_04,3.2964832979681944
day_2,Mild cloudy day,0.35,44,11.0,11.0981,60.6218,20.0,year_area140_04,3.259081311366725
day_2,Mild cloudy day,0.35,45,11.25,11.1906,62.7811,20.0,year_area140_04,3.2257166399817727
day_2,Mild cloudy day,0.35,46,11.5,11.2716,64.6716,20.0,year_area140_04,3.1965004798106325
day_2,Mild cloudy day,0.35,47,11.75,11.3408,66.2851,20.0,year_area140_04,3.1715426675260856
day_2,Mild cloudy day,0.35,48,12.0,11.3978,67.6148,20.0,year_area140_04,3.150984033483854
day_2,Mild cloudy day,0.35,49,12.25,11.4424,68.655,20.0,year_area140_04,3.13489811930818
day_2,Mild cloudy day,0.35,50,12.5,11.4743,69.4011,20.0,year_area140_04,3.1233898681035965
day_2,Mild cloudy day,0.35,51,12.75,11.4936,69.8501,20.0,year_area140_04,3.1164304611063858
day_2,Mild cloudy day,0.35,52,13.0,11.5,70.0,20.0,year_area140_04,3.114121307177349
day_2,Mild cloudy day,0.35,53,13.25,11.4936,69.8501,20.0,year_area140_04,3.1164304611063858
day_2,Mild cloudy day,0.35,54,13.5,11.4743,69.4011,20.0,year_area140_04,3.1233898681035965
day_2,Mild cloudy day,0.35,55,13.75,11.4424,68.655,20.0,year_area140_04,3.13489811930818
day_2,Mild cloudy day,0.35,56,14.0,11.3978,67.6148,20.0,year_area140_04,3.150984033483854
day_2,Mild cloudy day,0.35,57,14.25,11.3408,66.2851,20.0,year_area140_04,3.1715426675260856
day_2,Mild cloudy day,0.35,58,14.5,11.2716,64.6716,20.0,year_area140_04,3.1965004798106325
day_2,Mild cloudy day,0.35,59,14.75,11.1906,62.7811,20.0,year_area140_04,3.2257166399817727
day_2,Mild cloudy day,0.35,60,15.0,11.0981,60.6218,20.0,year_area140_04,3.259081311366725
day_2,Mild cloudy day,0.35,61,15.25,10.9944,58.2029,20.0,year_area140_04,3.2964832979681944
day_2,Mild cloudy day,0.35,62,15.5,10.8801,55.5347,20.0,year_area140_04,3.337711218320147
day_2,Mild cloudy day,0.35,63,15.75,10.7555,52.6288,20.0,year_area140_04,3.382650614046456
day_2,Mild cloudy day,0.35,64,16.0,10.6213,49.4975,20.0,year_area140_04,3.4310544882948024
day_2,Mild cloudy day,0.35,65,16.25,10.478,46.1542,20.0,year_area140_04,3.48274014243042
day_2,Mild cloudy day,0.35,66,16.5,10.3263,42.6133,20.0,year_area140_04,3.5374577250195136
day_2,Mild cloudy day,0.35,67,16.75,10.1667,38.8899,20.0,year_area140_04,3.5950222265756437
day_2,Mild cloudy day,0.35,68,17.0,10.0,35.0,20.0,year_area140_04,3.6551487240085367
day_2,Mild cloudy day,0.35,69,17.25,9.8269,30.9602,20.0,year_area140_04,3.717584375370466
day_2,Mild cloudy day,0.35,70,17.5,9.6481,26.7878,20.0,year_area140_04,3.7820753871865493
day_2,Mild cloudy day,0.35,71,17.75,9.4643,22.5008,20.0,year_area140_04,3.848367014454742
day_2,Mild cloudy day,0.35,72,18.0,9.2765,18.1173,20.0,year_area140_04,3.916105686028776
day_2,Mild cloudy day,0.35,73,18.25,9.0853,13.6563,20.0,year_area140_04,3.985068194319354
day_2,Mild cloudy day,0.35,74,18.5,8.8916,9.1368,20.0,year_area140_04,4.054932641525403
day_2,Mild cloudy day,0.35,75,18.75,8.6962,4.5782,20.0,year_area140_04,4.125409482853303
day_2,Mild cloudy day,0.35,76,19.0,8.5,0.0,20.0,year_area140_04,4.196176140839724
day_2,Mild cloudy day,0.35,77,19.25,8.3038,0.0,20.0,year_area140_04,4.260719539340274
day_2,Mild cloudy day,0.35,78,19.5,8.1084,0.0,20.0,year_area140_04,4.324999763942758
day_2,Mild cloudy day,0.35,79,19.75,7.9147,0.0,20.0,year_area140_04,4.388720744011852
day_2,Mild cloudy day,0.35,80,20.0,7.7235,0.0,20.0,year_area140_04,4.451619305649493
day_2,Mild cloudy day,0.35,81,20.25,7.5357,0.0,20.0,year_area140_04,4.513399378220355
day_2,Mild cloudy day,0.35,82,20.5,7.3519,0.0,20.0,year_area140_04,4.57386358130089
day_2,Mild cloudy day,0.35,83,20.75,7.1731,0.0,20.0,year_area140_04,4.632682947518516
day_2,Mild cloudy day,0.35,84,21.0,7.0,0.0,20.0,year_area140_04,4.689627199712426
day_2,Mild cloudy day,0.35,85,21.25,6.8333,0.0,20.0,year_area140_04,4.744466060721812
day_2,Mild cloudy day,0.35,86,21.5,6.6737,0.0,20.0,year_area140_04,4.796969253385868
day_2,Mild cloudy day,0.35,87,21.75,6.522,0.0,20.0,year_area140_04,4.846873603806527
day_2,Mild cloudy day,0.35,88,22.0,6.3787,0.0,20.0,year_area140_04,4.894014628297499
day_2,Mild cloudy day,0.35,89,22.25,6.2445,0.0,20.0,year_area140_04,4.938162049697977
day_2,Mild cloudy day,0.35,90,22.5,6.1199,0.0,20.0,year_area140_04,4.979151384321669
day_2,Mild cloudy day,0.35,91,22.75,6.0056,0.0,20.0,year_area140_04,5.016752355007768
day_2,Mild cloudy day,0.35,92,23.0,5.9019,0.0,20.0,year_area140_04,5.050866271544502
day_2,Mild cloudy day,0.35,93,23.25,5.8094,0.0,20.0,year_area140_04,5.081295753508318
day_2,Mild cloudy day,0.35,94,23.5,5.7284,0.0,20.0,year_area140_04,5.107942110687444
day_2,Mild cloudy day,0.35,95,23.75,5.6592,0.0,20.0,year_area140_04,5.130706652870105
day_2,Mild cloudy day,0.35,0,0.0,5.6022,0.0,20.0,year_area140_05,4.718555585355252
day_2,Mild cloudy day,0.35,1,0.25,5.5576,0.0,20.0,year_area140_05,4.733455307589015
day_2,Mild cloudy day,0.35,2,0.5,5.5257,0.0,20.0,year_area140_05,4.74411228380554
day_2,Mild cloudy day,0.35,3,0.75,5.5064,0.0,20.0,year_area140_05,4.750559921453784
day_2,Mild cloudy day,0.35,4,1.0,5.5,0.0,20.0,year_area140_05,4.75269799818688
day_2,Mild cloudy day,0.35,5,1.25,5.5064,0.0,20.0,year_area140_05,4.750559921453784
day_2,Mild cloudy day,0.35,6,1.5,5.5257,0.0,20.0,year_area140_05,4.74411228380554
day_2,Mild cloudy day,0.35,7,1.75,5.5576,0.0,20.0,year_area140_05,4.733455307589015
day_2,Mild cloudy day,0.35,8,2.0,5.6022,0.0,20.0,year_area140_05,4.718555585355252
day_2,Mild cloudy day,0.35,9,2.25,5.6592,0.0,20.0,year_area140_05,4.699513339451115
day_2,Mild cloudy day,0.35,10,2.5,5.7284,0.0,20.0,year_area140_05,4.676395384774513
day_2,Mild cloudy day,0.35,11,2.75,5.8094,0.0,20.0,year_area140_05,4.649335351121266
day_2,Mild cloudy day,0.35,12,3.0,5.9019,0.0,20.0,year_area140_05,4.6184334608382365
day_2,Mild cloudy day,0.35,13,3.25,6.0056,0.0,20.0,year_area140_05,4.5837899362722885
day_2,Mild cloudy day,0.35,14,3.5,6.1199,0.0,20.0,year_area140_05,4.5456052221171515
day_2,Mild cloudy day,0.35,15,3.75,6.2445,0.0,20.0,year_area140_05,4.503979540719687
day_2,Mild cloudy day,0.35,16,4.0,6.3787,0.0,20.0,year_area140_05,4.459146744222578
day_2,Mild cloudy day,0.35,17,4.25,6.522,0.0,20.0,year_area140_05,4.411273869870599
day_2,Mild cloudy day,0.35,18,4.5,6.6737,0.0,20.0,year_area140_05,4.360594769806431
day_2,Mild cloudy day,0.35,19,4.75,6.8333,0.0,20.0,year_area140_05,4.307276481274847
day_2,Mild cloudy day,0.35,20,5.0,7.0,0.0,20.0,year_area140_05,4.251586263867486
day_2,Mild cloudy day,0.35,21,5.25,7.1731,0.0,20.0,year_area140_05,4.193757969727027
day_2,Mild cloudy day,0.35,22,5.5,7.3519,0.0,20.0,year_area140_05,4.134025450996155
day_2,Mild cloudy day,0.35,23,5.75,7.5357,0.0,20.0,year_area140_05,4.072622559817552
day_2,Mild cloudy day,0.35,24,6.0,7.7235,0.0,20.0,year_area140_05,4.009883370680765
day_2,Mild cloudy day,0.35,25,6.25,7.9147,0.0,20.0,year_area140_05,3.946008328279519
day_2,Mild cloudy day,0.35,26,6.5,8.1084,0.0,20.0,year_area140_05,3.8812980996544075
day_2,Mild cloudy day,0.35,27,6.75,8.3038,0.0,20.0,year_area140_05,3.816019944397068
day_2,Mild cloudy day,0.35,28,7.0,8.5,0.0,20.0,year_area140_05,3.7504745295480912
day_2,Mild cloudy day,0.35,29,7.25,8.6962,4.5782,20.0,year_area140_05,3.683781340748423
day_2,Mild cloudy day,0.35,30,7.5,8.8916,9.1368,20.0,year_area140_05,3.617360325342636
day_2,Mild cloudy day,0.35,31,7.75,9.0853,13.6563,20.0,year_area140_05,3.551517039103147
day_2,Mild cloudy day,0.35,32,8.0,9.2765,18.1173,20.0,year_area140_05,3.486523605282996
day_2,Mild cloudy day,0.35,33,8.25,9.4643,22.5008,20.0,year_area140_05,3.4226854543025027
day_2,Mild cloudy day,0.35,34,8.5,9.6481,26.7878,20.0,year_area140_05,3.3602077942351194
day_2,Mild cloudy day,0.35,35,8.75,9.8269,30.9602,20.0,year_area140_05,3.2994292373163434
day_2,Mild cloudy day,0.35,36,9.0,10.0,35.0,20.0,year_area140_05,3.2405881483643864
day_2,Mild cloudy day,0.35,37,9.25,10.1667,38.8899,20.0,year_area140_05,3.183922716704525
day_2,Mild cloudy day,0.35,38,9.5,10.3263,42.6133,20.0,year_area140_05,3.1296709561690976
day_2,Mild cloudy day,0.35,39,9.75,10.478,46.1542,20.0,year_area140_05,3.0781041376168767
day_2,Mild cloudy day,0.35,40,10.0,10.6213,49.4975,20.0,year_area140_05,3.0293930839259984
day_2,Mild cloudy day,0.35,41,10.25,10.7555,52.6288,20.0,year_area140_05,2.9837752573795697
day_2,Mild cloudy day,0.35,42,10.5,10.8801,55.5347,20.0,year_area140_05,2.9414210546585906
day_2,Mild cloudy day,0.35,43,10.75,10.9944,58.2029,20.0,year_area140_05,2.9025674115673574
day_2,Mild cloudy day,0.35,44,11.0,11.0981,60.6218,20.0,year_area140_05,2.8673174586214074
day_2,Mild cloudy day,0.35,45,11.25,11.1906,62.7811,20.0,year_area140_05,2.83587422276769
day_2,Mild cloudy day,0.35,46,11.5,11.2716,64.6716,20.0,year_area140_05,2.8083402328316724
day_2,Mild cloudy day,0.35,47,11.75,11.3408,66.2851,20.0,year_area140_05,2.7848177669346255
day_2,Mild cloudy day,0.35,48,12.0,11.3978,67.6148,20.0,year_area140_05,2.7654421596609042
day_2,Mild cloudy day,0.35,49,12.25,11.4424,68.655,20.0,year_area140_05,2.7502816549223335
day_2,Mild cloudy day,0.35,50,12.5,11.4743,69.4011,20.0,year_area140_05,2.7394376283050796
day_2,Mild cloudy day,0.35,51,12.75,11.4936,69.8501,20.0,year_area140_05,2.732877424472777
day_2,Mild cloudy day,0.35,52,13.0,11.5,70.0,20.0,year_area140_05,2.7307017671806832
day_2,Mild cloudy day,0.35,53,13.25,11.4936,69.8501,20.0,year_area140_05,2.732877424472777
day_2,Mild cloudy day,0.35,54,13.5,11.4743,69.4011,20.0,year_area140_05,2.7394376283050796
day_2,Mild cloudy day,0.35,55,13.75,11.4424,68.655,20.0,year_area140_05,2.7502816549223335
day_2,Mild cloudy day,0.35,56,14.0,11.3978,67.6148,20.0,year_area140_05,2.7654421596609042
day_2,Mild cloudy day,0.35,57,14.25,11.3408,66.2851,20.0,year_area140_05,2.7848177669346255
day_2,Mild cloudy day,0.35,58,14.5,11.2716,64.6716,20.0,year_area140_05,2.8083402328316724
day_2,Mild cloudy day,0.35,59,14.75,11.1906,62.7811,20.0,year_area140_05,2.83587422276769
day_2,Mild cloudy day,0.35,60,15.0,11.0981,60.6218,20.0,year_area140_05,2.8673174586214074
day_2,Mild cloudy day,0.35,61,15.25,10.9944,58.2029,20.0,year_area140_05,2.9025674115673574
day_2,Mild cloudy day,0.35,62,15.5,10.8801,55.5347,20.0,year_area140_05,2.9414210546585906
day_2,Mild cloudy day,0.35,63,15.75,10.7555,52.6288,20.0,year_area140_05,2.9837752573795697
day_2,Mild cloudy day,0.35,64,16.0,10.6213,49.4975,20.0,year_area140_05,3.0293930839259984
day_2,Mild cloudy day,0.35,65,16.25,10.478,46.1542,20.0,year_area140_05,3.0781041376168767
day_2,Mild cloudy day,0.35,66,16.5,10.3263,42.6133,20.0,year_area140_05,3.1296709561690976
day_2,Mild cloudy day,0.35,67,16.75,10.1667,38.8899,20.0,year_area140_05,3.183922716704525
day_2,Mild cloudy day,0.35,68,17.0,10.0,35.0,20.0,year_area140_05,3.2405881483643864
day_2,Mild cloudy day,0.35,69,17.25,9.8269,30.9602,20.0,year_area140_05,3.2994292373163434
day_2,Mild cloudy day,0.35,70,17.5,9.6481,26.7878,20.0,year_area140_05,3.3602077942351194
day_2,Mild cloudy day,0.35,71,17.75,9.4643,22.5008,20.0,year_area140_05,3.4226854543025027
day_2,Mild cloudy day,0.35,72,18.0,9.2765,18.1173,20.0,year_area140_05,3.486523605282996
day_2,Mild cloudy day,0.35,73,18.25,9.0853,13.6563,20.0,year_area140_05,3.551517039103147
day_2,Mild cloudy day,0.35,74,18.5,8.8916,9.1368,20.0,year_area140_05,3.617360325342636
day_2,Mild cloudy day,0.35,75,18.75,8.6962,4.5782,20.0,year_area140_05,3.683781340748423
day_2,Mild cloudy day,0.35,76,19.0,8.5,0.0,20.0,year_area140_05,3.7504745295480912
day_2,Mild cloudy day,0.35,77,19.25,8.3038,0.0,20.0,year_area140_05,3.816019944397068
day_2,Mild cloudy day,0.35,78,19.5,8.1084,0.0,20.0,year_area140_05,3.8812980996544075
day_2,Mild cloudy day,0.35,79,19.75,7.9147,0.0,20.0,year_area140_05,3.946008328279519
day_2,Mild cloudy day,0.35,80,20.0,7.7235,0.0,20.0,year_area140_05,4.009883370680765
day_2,Mild cloudy day,0.35,81,20.25,7.5357,0.0,20.0,year_area140_05,4.072622559817552
day_2,Mild cloudy day,0.35,82,20.5,7.3519,0.0,20.0,year_area140_05,4.134025450996155
day_2,Mild cloudy day,0.35,83,20.75,7.1731,0.0,20.0,year_area140_05,4.193757969727027
day_2,Mild cloudy day,0.35,84,21.0,7.0,0.0,20.0,year_area140_05,4.251586263867486
day_2,Mild cloudy day,0.35,85,21.25,6.8333,0.0,20.0,year_area140_05,4.307276481274847
day_2,Mild cloudy day,0.35,86,21.5,6.6737,0.0,20.0,year_area140_05,4.360594769806431
day_2,Mild cloudy day,0.35,87,21.75,6.522,0.0,20.0,year_area140_05,4.411273869870599
day_2,Mild cloudy day,0.35,88,22.0,6.3787,0.0,20.0,year_area140_05,4.459146744222578
day_2,Mild cloudy day,0.35,89,22.25,6.2445,0.0,20.0,year_area140_05,4.503979540719687
day_2,Mild cloudy day,0.35,90,22.5,6.1199,0.0,20.0,year_area140_05,4.5456052221171515
day_2,Mild cloudy day,0.35,91,22.75,6.0056,0.0,20.0,year_area140_05,4.5837899362722885
day_2,Mild cloudy day,0.35,92,23.0,5.9019,0.0,20.0,year_area140_05,4.6184334608382365
day_2,Mild cloudy day,0.35,93,23.25,5.8094,0.0,20.0,year_area140_05,4.649335351121266
day_2,Mild cloudy day,0.35,94,23.5,5.7284,0.0,20.0,year_area140_05,4.676395384774513
day_2,Mild cloudy day,0.35,95,23.75,5.6592,0.0,20.0,year_area140_05,4.699513339451115
day_2,Mild cloudy day,0.35,0,0.0,5.6022,0.0,20.0,year_area140_06,5.277851827631261
day_2,Mild cloudy day,0.35,1,0.25,5.5576,0.0,20.0,year_area140_06,5.29645563961714
day_2,Mild cloudy day,0.35,2,0.5,5.5257,0.0,20.0,year_area140_06,5.309761953571166
day_2,Mild cloudy day,0.35,3,0.75,5.5064,0.0,20.0,year_area140_06,5.317812482076267
day_2,Mild cloudy day,0.35,4,1.0,5.5,0.0,20.0,year_area140_06,5.320482087383657
day_2,Mild cloudy day,0.35,5,1.25,5.5064,0.0,20.0,year_area140_06,5.317812482076267
day_2,Mild cloudy day,0.35,6,1.5,5.5257,0.0,20.0,year_area140_06,5.309761953571166
day_2,Mild cloudy day,0.35,7,1.75,5.5576,0.0,20.0,year_area140_06,5.29645563961714
day_2,Mild cloudy day,0.35,8,2.0,5.6022,0.0,20.0,year_area140_06,5.277851827631261
day_2,Mild cloudy day,0.35,9,2.25,5.6592,0.0,20.0,year_area140_06,5.254075655362312
day_2,Mild cloudy day,0.35,10,2.5,5.7284,0.0,20.0,year_area140_06,5.2252105479761495
day_2,Mild cloudy day,0.35,11,2.75,5.8094,0.0,20.0,year_area140_06,5.191423355804486
day_2,Mild cloudy day,0.35,12,3.0,5.9019,0.0,20.0,year_area140_06,5.152839216596103
day_2,Mild cloudy day,0.35,13,3.25,6.0056,0.0,20.0,year_area140_06,5.1095832680997875
day_2,Mild cloudy day,0.35,14,3.5,6.1199,0.0,20.0,year_area140_06,5.061905785813106
day_2,Mild cloudy day,0.35,15,3.75,6.2445,0.0,20.0,year_area140_06,5.009931907484842
day_2,Mild cloudy day,0.35,16,4.0,6.3787,0.0,20.0,year_area140_06,4.953953621195493
day_2,Mild cloudy day,0.35,17,4.25,6.522,0.0,20.0,year_area140_06,4.894179489859696
day_2,Mild cloudy day,0.35,18,4.5,6.6737,0.0,20.0,year_area140_06,4.83090150155795
day_2,Mild cloudy day,0.35,19,4.75,6.8333,0.0,20.0,year_area140_06,4.764328219204892
day_2,Mild cloudy day,0.35,20,5.0,7.0,0.0,20.0,year_area140_06,4.6947933434639495
day_2,Mild cloudy day,0.35,21,5.25,7.1731,0.0,20.0,year_area140_06,4.622588862415616
day_2,Mild cloudy day,0.35,22,5.5,7.3519,0.0,20.0,year_area140_06,4.548006764140386
day_2,Mild cloudy day,0.35,23,5.75,7.5357,0.0,20.0,year_area140_06,4.471339036718758
day_2,Mild cloudy day,0.35,24,6.0,7.7235,0.0,20.0,year_area140_06,4.393002805980011
day_2,Mild cloudy day,0.35,25,6.25,7.9147,0.0,20.0,year_area140_06,4.3132483474217125
day_2,Mild cloudy day,0.35,26,6.5,8.1084,0.0,20.0,year_area140_06,4.232451074290214
day_2,Mild cloudy day,0.35,27,6.75,8.3038,0.0,20.0,year_area140_06,4.1509446872489395
day_2,Mild cloudy day,0.35,28,7.0,8.5,0.0,20.0,year_area140_06,4.069104599544242
day_2,Mild cloudy day,0.35,29,7.25,8.6962,4.5782,20.0,year_area140_06,3.9738642221697065
day_2,Mild cloudy day,0.35,30,7.5,8.8916,9.1368,20.0,year_area140_06,3.8790149142230703
day_2,Mild cloudy day,0.35,31,7.75,9.0853,13.6563,20.0,year_area140_06,3.7849891650173886
day_2,Mild cloudy day,0.35,32,8.0,9.2765,18.1173,20.0,year_area140_06,3.692177458585001
day_2,Mild cloudy day,0.35,33,8.25,9.4643,22.5008,20.0,year_area140_06,3.601010820750073
day_2,Mild cloudy day,0.35,34,8.5,9.6481,26.7878,20.0,year_area140_06,3.5117951395879805
day_2,Mild cloudy day,0.35,35,8.75,9.8269,30.9602,20.0,year_area140_06,3.4250005192258097
day_2,Mild cloudy day,0.35,36,9.0,10.0,35.0,20.0,year_area140_06,3.340971633344089
day_2,Mild cloudy day,0.35,37,9.25,10.1667,38.8899,20.0,year_area140_06,3.2600511067388966
day_2,Mild cloudy day,0.35,38,9.5,10.3263,42.6133,20.0,year_area140_06,3.1825795153218683
day_2,Mild cloudy day,0.35,39,9.75,10.478,46.1542,20.0,year_area140_06,3.1089373914008984
day_2,Mild cloudy day,0.35,40,10.0,10.6213,49.4975,20.0,year_area140_06,3.0393774952550965
day_2,Mild cloudy day,0.35,41,10.25,10.7555,52.6288,20.0,year_area140_06,2.9742339634449824
day_2,Mild cloudy day,0.35,42,10.5,10.8801,55.5347,20.0,year_area140_06,2.9137545803874394
day_2,Mild cloudy day,0.35,43,10.75,10.9944,58.2029,20.0,year_area140_06,2.8582673359896527
day_2,Mild cloudy day,0.35,44,11.0,11.0981,60.6218,20.0,year_area140_06,2.8079313209426466
day_2,Mild cloudy day,0.35,45,11.25,11.1906,62.7811,20.0,year_area140_06,2.763026958615117
day_2,Mild cloudy day,0.35,46,11.5,11.2716,64.6716,20.0,year_area140_06,2.7237063149514196
day_2,Mild cloudy day,0.35,47,11.75,11.3408,66.2851,20.0,year_area140_06,2.690118528918128
day_2,Mild cloudy day,0.35,48,12.0,11.3978,67.6148,20.0,year_area140_06,2.6624503542958555
day_2,Mild cloudy day,0.35,49,12.25,11.4424,68.655,20.0,year_area140_06,2.640801900023802
day_2,Mild cloudy day,0.35,50,12.5,11.4743,69.4011,20.0,year_area140_06,2.625311767948535
day_2,Mild cloudy day,0.35,51,12.75,11.4936,69.8501,20.0,year_area140_06,2.615947026420465
day_2,Mild cloudy day,0.35,52,13.0,11.5,70.0,20.0,year_area140_06,2.6128386671439365
day_2,Mild cloudy day,0.35,53,13.25,11.4936,69.8501,20.0,year_area140_06,2.615947026420465
day_2,Mild cloudy day,0.35,54,13.5,11.4743,69.4011,20.0,year_area140_06,2.625311767948535
day_2,Mild cloudy day,0.35,55,13.75,11.4424,68.655,20.0,year_area140_06,2.640801900023802
day_2,Mild cloudy day,0.35,56,14.0,11.3978,67.6148,20.0,year_area140_06,2.6624503542958555
day_2,Mild cloudy day,0.35,57,14.25,11.3408,66.2851,20.0,year_area140_06,2.690118528918128
day_2,Mild cloudy day,0.35,58,14.5,11.2716,64.6716,20.0,year_area140_06,2.7237063149514196
day_2,Mild cloudy day,0.35,59,14.75,11.1906,62.7811,20.0,year_area140_06,2.763026958615117
day_2,Mild cloudy day,0.35,60,15.0,11.0981,60.6218,20.0,year_area140_06,2.8079313209426466
day_2,Mild cloudy day,0.35,61,15.25,10.9944,58.2029,20.0,year_area140_06,2.8582673359896527
day_2,Mild cloudy day,0.35,62,15.5,10.8801,55.5347,20.0,year_area140_06,2.9137545803874394
day_2,Mild cloudy day,0.35,63,15.75,10.7555,52.6288,20.0,year_area140_06,2.9742339634449824
day_2,Mild cloudy day,0.35,64,16.0,10.6213,49.4975,20.0,year_area140_06,3.0393774952550965
day_2,Mild cloudy day,0.35,65,16.25,10.478,46.1542,20.0,year_area140_06,3.1089373914008984
day_2,Mild cloudy day,0.35,66,16.5,10.3263,42.6133,20.0,year_area140_06,3.1825795153218683
day_2,Mild cloudy day,0.35,67,16.75,10.1667,38.8899,20.0,year_area140_06,3.2600511067388966
day_2,Mild cloudy day,0.35,68,17.0,10.0,35.0,20.0,year_area140_06,3.340971633344089
day_2,Mild cloudy day,0.35,69,17.25,9.8269,30.9602,20.0,year_area140_06,3.4250005192258097
day_2,Mild cloudy day,0.35,70,17.5,9.6481,26.7878,20.0,year_area140_06,3.5117951395879805
day_2,Mild cloudy day,0.35,71,17.75,9.4643,22.5008,20.0,year_area140_06,3.601010820750073
day_2,Mild cloudy day,0.35,72,18.0,9.2765,18.1173,20.0,year_area140_06,3.692177458585001
day_2,Mild cloudy day,0.35,73,18.25,9.0853,13.6563,20.0,year_area140_06,3.7849891650173886
day_2,Mild cloudy day,0.35,74,18.5,8.8916,9.1368,20.0,year_area140_06,3.8790149142230703
day_2,Mild cloudy day,0.35,75,18.75,8.6962,4.5782,20.0,year_area140_06,3.9738642221697065
day_2,Mild cloudy day,0.35,76,19.0,8.5,0.0,20.0,year_area140_06,4.069104599544242
day_2,Mild cloudy day,0.35,77,19.25,8.3038,0.0,20.0,year_area140_06,4.1509446872489395
day_2,Mild cloudy day,0.35,78,19.5,8.1084,0.0,20.0,year_area140_06,4.232451074290214
day_2,Mild cloudy day,0.35,79,19.75,7.9147,0.0,20.0,year_area140_06,4.3132483474217125
day_2,Mild cloudy day,0.35,80,20.0,7.7235,0.0,20.0,year_area140_06,4.393002805980011
day_2,Mild cloudy day,0.35,81,20.25,7.5357,0.0,20.0,year_area140_06,4.471339036718758
day_2,Mild cloudy day,0.35,82,20.5,7.3519,0.0,20.0,year_area140_06,4.548006764140386
day_2,Mild cloudy day,0.35,83,20.75,7.1731,0.0,20.0,year_area140_06,4.622588862415616
day_2,Mild cloudy day,0.35,84,21.0,7.0,0.0,20.0,year_area140_06,4.6947933434639495
day_2,Mild cloudy day,0.35,85,21.25,6.8333,0.0,20.0,year_area140_06,4.764328219204892
day_2,Mild cloudy day,0.35,86,21.5,6.6737,0.0,20.0,year_area140_06,4.83090150155795
day_2,Mild cloudy day,0.35,87,21.75,6.522,0.0,20.0,year_area140_06,4.894179489859696
day_2,Mild cloudy day,0.35,88,22.0,6.3787,0.0,20.0,year_area140_06,4.953953621195493
day_2,Mild cloudy day,0.35,89,22.25,6.2445,0.0,20.0,year_area140_06,5.009931907484842
day_2,Mild cloudy day,0.35,90,22.5,6.1199,0.0,20.0,year_area140_06,5.061905785813106
day_2,Mild cloudy day,0.35,91,22.75,6.0056,0.0,20.0,year_area140_06,5.1095832680997875
day_2,Mild cloudy day,0.35,92,23.0,5.9019,0.0,20.0,year_area140_06,5.152839216596103
day_2,Mild cloudy day,0.35,93,23.25,5.8094,0.0,20.0,year_area140_06,5.191423355804486
day_2,Mild cloudy day,0.35,94,23.5,5.7284,0.0,20.0,year_area140_06,5.2252105479761495
day_2,Mild cloudy day,0.35,95,23.75,5.6592,0.0,20.0,year_area140_06,5.254075655362312
day_2,Mild cloudy day,0.35,0,0.0,5.6022,0.0,20.0,year_area140_07,3.3166504375448342
day_2,Mild cloudy day,0.35,1,0.25,5.5576,0.0,20.0,year_area140_07,3.3300191135490964
day_2,Mild cloudy day,0.35,2,0.5,5.5257,0.0,20.0,year_area140_07,3.33958101409923
day_2,Mild cloudy day,0.35,3,0.75,5.5064,0.0,20.0,year_area140_07,3.3453661138051105
day_2,Mild cloudy day,0.35,4,1.0,5.5,0.0,20.0,year_area140_07,3.3472844888371123
day_2,Mild cloudy day,0.35,5,1.25,5.5064,0.0,20.0,year_area140_07,3.3453661138051105
day_2,Mild cloudy day,0.35,6,1.5,5.5257,0.0,20.0,year_area140_07,3.33958101409923
day_2,Mild cloudy day,0.35,7,1.75,5.5576,0.0,20.0,year_area140_07,3.3300191135490964
day_2,Mild cloudy day,0.35,8,2.0,5.6022,0.0,20.0,year_area140_07,3.3166504375448342
day_2,Mild cloudy day,0.35,9,2.25,5.6592,0.0,20.0,year_area140_07,3.299564909916069
day_2,Mild cloudy day,0.35,10,2.5,5.7284,0.0,20.0,year_area140_07,3.2788224798825496
day_2,Mild cloudy day,0.35,11,2.75,5.8094,0.0,20.0,year_area140_07,3.2545430458837776
day_2,Mild cloudy day,0.35,12,3.0,5.9019,0.0,20.0,year_area140_07,3.2268165317493764
day_2,Mild cloudy day,0.35,13,3.25,6.0056,0.0,20.0,year_area140_07,3.195732861308973
day_2,Mild cloudy day,0.35,14,3.5,6.1199,0.0,20.0,year_area140_07,3.161471882221816
day_2,Mild cloudy day,0.35,15,3.75,6.2445,0.0,20.0,year_area140_07,3.124123518317532
day_2,Mild cloudy day,0.35,16,4.0,6.3787,0.0,20.0,year_area140_07,3.083897591865245
day_2,Mild cloudy day,0.35,17,4.25,6.522,0.0,20.0,year_area140_07,3.040943975914331
day_2,Mild cloudy day,0.35,18,4.5,6.6737,0.0,20.0,year_area140_07,2.9954724927339145
day_2,Mild cloudy day,0.35,19,4.75,6.8333,0.0,20.0,year_area140_07,2.9476330153733703
day_2,Mild cloudy day,0.35,20,5.0,7.0,0.0,20.0,year_area140_07,2.8976653407116997
day_2,Mild cloudy day,0.35,21,5.25,7.1731,0.0,20.0,year_area140_07,2.8457792910180273
day_2,Mild cloudy day,0.35,22,5.5,7.3519,0.0,20.0,year_area140_07,2.792184688561478
day_2,Mild cloudy day,0.35,23,5.75,7.5357,0.0,20.0,year_area140_07,2.7370913556111773
day_2,Mild cloudy day,0.35,24,6.0,7.7235,0.0,20.0,year_area140_07,2.6807990382658757
day_2,Mild cloudy day,0.35,25,6.25,7.9147,0.0,20.0,year_area140_07,2.623487584184823
day_2,Mild cloudy day,0.35,26,6.5,8.1084,0.0,20.0,year_area140_07,2.565426764856895
day_2,Mild cloudy day,0.35,27,6.75,8.3038,0.0,20.0,year_area140_07,2.5068563771610908
day_2,Mild cloudy day,0.35,28,7.0,8.5,0.0,20.0,year_area140_07,2.448046192586287
day_2,Mild cloudy day,0.35,29,7.25,8.6962,4.5782,20.0,year_area140_07,2.3590680130699826
day_2,Mild cloudy day,0.35,30,7.5,8.8916,9.1368,20.0,year_area140_07,2.2704587844016726
day_2,Mild cloudy day,0.35,31,7.75,9.0853,13.6563,20.0,year_area140_07,2.182616773090408
day_2,Mild cloudy day,0.35,32,8.0,9.2765,18.1173,20.0,year_area140_07,2.09590961208654
day_2,Mild cloudy day,0.35,33,8.25,9.4643,22.5008,20.0,year_area140_07,2.01073227315501
day_2,Mild cloudy day,0.35,34,8.5,9.6481,26.7878,20.0,year_area140_07,1.9273898042311366
day_2,Mild cloudy day,0.35,35,8.75,9.8269,30.9602,20.0,year_area140_07,1.846301221150342
day_2,Mild cloudy day,0.35,36,9.0,10.0,35.0,20.0,year_area140_07,1.767794956969606
day_2,Mild cloudy day,0.35,37,9.25,10.1667,38.8899,20.0,year_area140_07,1.6921948321041556
day_2,Mild cloudy day,0.35,38,9.5,10.3263,42.6133,20.0,year_area140_07,1.6198200543274694
day_2,Mild cloudy day,0.35,39,9.75,10.478,46.1542,20.0,year_area140_07,1.551015852329972
day_2,Mild cloudy day,0.35,40,10.0,10.6213,49.4975,20.0,year_area140_07,1.48603160043307
day_2,Mild cloudy day,0.35,41,10.25,10.7555,52.6288,20.0,year_area140_07,1.4251720095361713
day_2,Mild cloudy day,0.35,42,10.5,10.8801,55.5347,20.0,year_area140_07,1.368675251830719
day_2,Mild cloudy day,0.35,43,10.75,10.9944,58.2029,20.0,year_area140_07,1.3168322002908712
day_2,Mild cloudy day,0.35,44,11.0,11.0981,60.6218,20.0,year_area140_07,1.2698092168095352
day_2,Mild cloudy day,0.35,45,11.25,11.1906,62.7811,20.0,year_area140_07,1.2278540207745667
day_2,Mild cloudy day,0.35,46,11.5,11.2716,64.6716,20.0,year_area140_07,1.1911171593071592
day_2,Mild cloudy day,0.35,47,11.75,11.3408,66.2851,20.0,year_area140_07,1.1597425900402927
day_2,Mild cloudy day,0.35,48,12.0,11.3978,67.6148,20.0,year_area140_07,1.1338950199333224
day_2,Mild cloudy day,0.35,49,12.25,11.4424,68.655,20.0,year_area140_07,1.11367195828882
day_2,Mild cloudy day,0.35,50,12.5,11.4743,69.4011,20.0,year_area140_07,1.099193640582194
day_2,Mild cloudy day,0.35,51,12.75,11.4936,69.8501,20.0,year_area140_07,1.090449860668211
day_2,Mild cloudy day,0.35,52,13.0,11.5,70.0,20.0,year_area140_07,1.0875437213529255
day_2,Mild cloudy day,0.35,53,13.25,11.4936,69.8501,20.0,year_area140_07,1.090449860668211
day_2,Mild cloudy day,0.35,54,13.5,11.4743,69.4011,20.0,year_area140_07,1.099193640582194
day_2,Mild cloudy day,0.35,55,13.75,11.4424,68.655,20.0,year_area140_07,1.11367195828882
day_2,Mild cloudy day,0.35,56,14.0,11.3978,67.6148,20.0,year_area140_07,1.1338950199333224
day_2,Mild cloudy day,0.35,57,14.25,11.3408,66.2851,20.0,year_area140_07,1.1597425900402927
day_2,Mild cloudy day,0.35,58,14.5,11.2716,64.6716,20.0,year_area140_07,1.1911171593071592
day_2,Mild cloudy day,0.35,59,14.75,11.1906,62.7811,20.0,year_area140_07,1.2278540207745667
day_2,Mild cloudy day,0.35,60,15.0,11.0981,60.6218,20.0,year_area140_07,1.2698092168095352
day_2,Mild cloudy day,0.35,61,15.25,10.9944,58.2029,20.0,year_area140_07,1.3168322002908712
day_2,Mild cloudy day,0.35,62,15.5,10.8801,55.5347,20.0,year_area140_07,1.368675251830719
day_2,Mild cloudy day,0.35,63,15.75,10.7555,52.6288,20.0,year_area140_07,1.4251720095361713
day_2,Mild cloudy day,0.35,64,16.0,10.6213,49.4975,20.0,year_area140_07,1.48603160043307
day_2,Mild cloudy day,0.35,65,16.25,10.478,46.1542,20.0,year_area140_07,1.551015852329972
day_2,Mild cloudy day,0.35,66,16.5,10.3263,42.6133,20.0,year_area140_07,1.6198200543274694
day_2,Mild cloudy day,0.35,67,16.75,10.1667,38.8899,20.0,year_area140_07,1.6921948321041556
day_2,Mild cloudy day,0.35,68,17.0,10.0,35.0,20.0,year_area140_07,1.767794956969606
day_2,Mild cloudy day,0.35,69,17.25,9.8269,30.9602,20.0,year_area140_07,1.846301221150342
day_2,Mild cloudy day,0.35,70,17.5,9.6481,26.7878,20.0,year_area140_07,1.9273898042311366
day_2,Mild cloudy day,0.35,71,17.75,9.4643,22.5008,20.0,year_area140_07,2.01073227315501
day_2,Mild cloudy day,0.35,72,18.0,9.2765,18.1173,20.0,year_area140_07,2.09590961208654
day_2,Mild cloudy day,0.35,73,18.25,9.0853,13.6563,20.0,year_area140_07,2.182616773090408
day_2,Mild cloudy day,0.35,74,18.5,8.8916,9.1368,20.0,year_area140_07,2.2704587844016726
day_2,Mild cloudy day,0.35,75,18.75,8.6962,4.5782,20.0,year_area140_07,2.3590680130699826
day_2,Mild cloudy day,0.35,76,19.0,8.5,0.0,20.0,year_area140_07,2.448046192586287
day_2,Mild cloudy day,0.35,77,19.25,8.3038,0.0,20.0,year_area140_07,2.5068563771610908
day_2,Mild cloudy day,0.35,78,19.5,8.1084,0.0,20.0,year_area140_07,2.565426764856895
day_2,Mild cloudy day,0.35,79,19.75,7.9147,0.0,20.0,year_area140_07,2.623487584184823
day_2,Mild cloudy day,0.35,80,20.0,7.7235,0.0,20.0,year_area140_07,2.6807990382658757
day_2,Mild cloudy day,0.35,81,20.25,7.5357,0.0,20.0,year_area140_07,2.7370913556111773
day_2,Mild cloudy day,0.35,82,20.5,7.3519,0.0,20.0,year_area140_07,2.792184688561478
day_2,Mild cloudy day,0.35,83,20.75,7.1731,0.0,20.0,year_area140_07,2.8457792910180273
day_2,Mild cloudy day,0.35,84,21.0,7.0,0.0,20.0,year_area140_07,2.8976653407116997
day_2,Mild cloudy day,0.35,85,21.25,6.8333,0.0,20.0,year_area140_07,2.9476330153733703
day_2,Mild cloudy day,0.35,86,21.5,6.6737,0.0,20.0,year_area140_07,2.9954724927339145
day_2,Mild cloudy day,0.35,87,21.75,6.522,0.0,20.0,year_area140_07,3.040943975914331
day_2,Mild cloudy day,0.35,88,22.0,6.3787,0.0,20.0,year_area140_07,3.083897591865245
day_2,Mild cloudy day,0.35,89,22.25,6.2445,0.0,20.0,year_area140_07,3.124123518317532
day_2,Mild cloudy day,0.35,90,22.5,6.1199,0.0,20.0,year_area140_07,3.161471882221816
day_2,Mild cloudy day,0.35,91,22.75,6.0056,0.0,20.0,year_area140_07,3.195732861308973
day_2,Mild cloudy day,0.35,92,23.0,5.9019,0.0,20.0,year_area140_07,3.2268165317493764
day_2,Mild cloudy day,0.35,93,23.25,5.8094,0.0,20.0,year_area140_07,3.2545430458837776
day_2,Mild cloudy day,0.35,94,23.5,5.7284,0.0,20.0,year_area140_07,3.2788224798825496
day_2,Mild cloudy day,0.35,95,23.75,5.6592,0.0,20.0,year_area140_07,3.299564909916069
day_2,Mild cloudy day,0.35,0,0.0,5.6022,0.0,20.0,year_area140_08,0.6546882990558973
day_2,Mild cloudy day,0.35,1,0.25,5.5576,0.0,20.0,year_area140_08,0.6600687596555543
day_2,Mild cloudy day,0.35,2,0.5,5.5257,0.0,20.0,year_area140_08,0.6639171160037394
day_2,Mild cloudy day,0.35,3,0.75,5.5064,0.0,20.0,year_area140_08,0.6662454319134565
day_2,Mild cloudy day,0.35,4,1.0,5.5,0.0,20.0,year_area140_08,0.6670175159456944
day_2,Mild cloudy day,0.35,5,1.25,5.5064,0.0,20.0,year_area140_08,0.6662454319134565
day_2,Mild cloudy day,0.35,6,1.5,5.5257,0.0,20.0,year_area140_08,0.6639171160037394
day_2,Mild cloudy day,0.35,7,1.75,5.5576,0.0,20.0,year_area140_08,0.6600687596555543
day_2,Mild cloudy day,0.35,8,2.0,5.6022,0.0,20.0,year_area140_08,0.6546882990558973
day_2,Mild cloudy day,0.35,9,2.25,5.6592,0.0,20.0,year_area140_08,0.6478119256437795
day_2,Mild cloudy day,0.35,10,2.5,5.7284,0.0,20.0,year_area140_08,0.6394637670452086
day_2,Mild cloudy day,0.35,11,2.75,5.8094,0.0,20.0,year_area140_08,0.6296920785121993
day_2,Mild cloudy day,0.35,12,3.0,5.9019,0.0,20.0,year_area140_08,0.6185330514837626
day_2,Mild cloudy day,0.35,13,3.25,6.0056,0.0,20.0,year_area140_08,0.6060228773989098
day_2,Mild cloudy day,0.35,14,3.5,6.1199,0.0,20.0,year_area140_08,0.5922339391356632
day_2,Mild cloudy day,0.35,15,3.75,6.2445,0.0,20.0,year_area140_08,0.5772024281330341
day_2,Mild cloudy day,0.35,16,4.0,6.3787,0.0,20.0,year_area140_08,0.5610127910820484
day_2,Mild cloudy day,0.35,17,4.25,6.522,0.0,20.0,year_area140_08,0.5437253470477243
day_2,Mild cloudy day,0.35,18,4.5,6.6737,0.0,20.0,year_area140_08,0.5254245427210884
day_2,Mild cloudy day,0.35,19,4.75,6.8333,0.0,20.0,year_area140_08,0.5061706971671587
day_2,Mild cloudy day,0.35,20,5.0,7.0,0.0,20.0,year_area140_08,0.4860603208899654
day_2,Mild cloudy day,0.35,21,5.25,7.1731,0.0,20.0,year_area140_08,0.46517786058053434
day_2,Mild cloudy day,0.35,22,5.5,7.3519,0.0,20.0,year_area140_08,0.44360776292989157
day_2,Mild cloudy day,0.35,23,5.75,7.5357,0.0,20.0,year_area140_08,0.4214344746290628
day_2,Mild cloudy day,0.35,24,6.0,7.7235,0.0,20.0,year_area140_08,0.39877863380808565
day_2,Mild cloudy day,0.35,25,6.25,7.9147,0.0,20.0,year_area140_08,0.3757126233449821
day_2,Mild cloudy day,0.35,26,6.5,8.1084,0.0,20.0,year_area140_08,0.3523450175567857
day_2,Mild cloudy day,0.35,27,6.75,8.3038,0.0,20.0,year_area140_08,0.328772326947526
day_2,Mild cloudy day,0.35,28,7.0,8.5,0.0,20.0,year_area140_08,0.3051031258342367
day_2,Mild cloudy day,0.35,29,7.25,8.6962,4.5782,20.0,year_area140_08,0.27725652733938766
day_2,Mild cloudy day,0.35,30,7.5,8.8916,9.1368,20.0,year_area140_08,0.2495243234490181
day_2,Mild cloudy day,0.35,31,7.75,9.0853,13.6563,20.0,year_area140_08,0.22203288133520038
day_2,Mild cloudy day,0.35,32,8.0,9.2765,18.1173,20.0,year_area140_08,0.19489641311159311
day_2,Mild cloudy day,0.35,33,8.25,9.4643,22.5008,20.0,year_area140_08,0.16824082972321697
day_2,Mild cloudy day,0.35,34,8.5,9.6481,26.7878,20.0,year_area140_08,0.1421558506760805
day_2,Mild cloudy day,0.35,35,8.75,9.8269,30.9602,20.0,year_area140_08,0.1167786295195139
day_2,Mild cloudy day,0.35,36,9.0,10.0,35.0,20.0,year_area140_08,0.09221003711842557
day_2,Mild cloudy day,0.35,37,9.25,10.1667,38.8899,20.0,year_area140_08,0.06855030561985065
day_2,Mild cloudy day,0.35,38,9.5,10.3263,42.6133,20.0,year_area140_08,0.04589902845295102
day_2,Mild cloudy day,0.35,39,9.75,10.478,46.1542,20.0,year_area140_08,0.024367315387429977
day_2,Mild cloudy day,0.35,40,10.0,10.6213,49.4975,20.0,year_area140_08,0.004029263545284323
day_2,Mild cloudy day,0.35,41,10.25,10.7555,52.6288,20.0,year_area140_08,0.0
day_2,Mild cloudy day,0.35,42,10.5,10.8801,55.5347,20.0,year_area140_08,0.0
day_2,Mild cloudy day,0.35,43,10.75,10.9944,58.2029,20.0,year_area140_08,0.0
day_2,Mild cloudy day,0.35,44,11.0,11.0981,60.6218,20.0,year_area140_08,0.0
day_2,Mild cloudy day,0.35,45,11.25,11.1906,62.7811,20.0,year_area140_08,0.0
day_2,Mild cloudy day,0.35,46,11.5,11.2716,64.6716,20.0,year_area140_08,0.0
day_2,Mild cloudy day,0.35,47,11.75,11.3408,66.2851,20.0,year_area140_08,0.0
day_2,Mild cloudy day,0.35,48,12.0,11.3978,67.6148,20.0,year_area140_08,0.0
day_2,Mild cloudy day,0.35,49,12.25,11.4424,68.655,20.0,year_area140_08,0.0
day_2,Mild cloudy day,0.35,50,12.5,11.4743,69.4011,20.0,year_area140_08,0.0
day_2,Mild cloudy day,0.35,51,12.75,11.4936,69.8501,20.0,year_area140_08,0.0
day_2,Mild cloudy day,0.35,52,13.0,11.5,70.0,20.0,year_area140_08,0.0
day_2,Mild cloudy day,0.35,53,13.25,11.4936,69.8501,20.0,year_area140_08,0.0
day_2,Mild cloudy day,0.35,54,13.5,11.4743,69.4011,20.0,year_area140_08,0.0
day_2,Mild cloudy day,0.35,55,13.75,11.4424,68.655,20.0,year_area140_08,0.0
day_2,Mild cloudy day,0.35,56,14.0,11.3978,67.6148,20.0,year_area140_08,0.0
day_2,Mild cloudy day,0.35,57,14.25,11.3408,66.2851,20.0,year_area140_08,0.0
day_2,Mild cloudy day,0.35,58,14.5,11.2716,64.6716,20.0,year_area140_08,0.0
day_2,Mild cloudy day,0.35,59,14.75,11.1906,62.7811,20.0,year_area140_08,0.0
day_2,Mild cloudy day,0.35,60,15.0,11.0981,60.6218,20.0,year_area140_08,0.0
day_2,Mild cloudy day,0.35,61,15.25,10.9944,58.2029,20.0,year_area140_08,0.0
day_2,Mild cloudy day,0.35,62,15.5,10.8801,55.5347,20.0,year_area140_08,0.0
day_2,Mild cloudy day,0.35,63,15.75,10.7555,52.6288,20.0,year_area140_08,0.0
day_2,Mild cloudy day,0.35,64,16.0,10.6213,49.4975,20.0,year_area140_08,0.004029263545284323
day_2,Mild cloudy day,0.35,65,16.25,10.478,46.1542,20.0,year_area140_08,0.024367315387429977
day_2,Mild cloudy day,0.35,66,16.5,10.3263,42.6133,20.0,year_area140_08,0.04589902845295102
day_2,Mild cloudy day,0.35,67,16.75,10.1667,38.8899,20.0,year_area140_08,0.06855030561985065
day_2,Mild cloudy day,0.35,68,17.0,10.0,35.0,20.0,year_area140_08,0.09221003711842557
day_2,Mild cloudy day,0.35,69,17.25,9.8269,30.9602,20.0,year_area140_08,0.1167786295195139
day_2,Mild cloudy day,0.35,70,17.5,9.6481,26.7878,20.0,year_area140_08,0.1421558506760805
day_2,Mild cloudy day,0.35,71,17.75,9.4643,22.5008,20.0,year_area140_08,0.16824082972321697
day_2,Mild cloudy day,0.35,72,18.0,9.2765,18.1173,20.0,year_area140_08,0.19489641311159311
day_2,Mild cloudy day,0.35,73,18.25,9.0853,13.6563,20.0,year_area140_08,0.22203288133520038
day_2,Mild cloudy day,0.35,74,18.5,8.8916,9.1368,20.0,year_area140_08,0.2495243234490181
day_2,Mild cloudy day,0.35,75,18.75,8.6962,4.5782,20.0,year_area140_08,0.27725652733938766
day_2,Mild cloudy day,0.35,76,19.0,8.5,0.0,20.0,year_area140_08,0.3051031258342367
day_2,Mild cloudy day,0.35,77,19.25,8.3038,0.0,20.0,year_area140_08,0.328772326947526
day_2,Mild cloudy day,0.35,78,19.5,8.1084,0.0,20.0,year_area140_08,0.3523450175567857
day_2,Mild cloudy day,0.35,79,19.75,7.9147,0.0,20.0,year_area140_08,0.3757126233449821
day_2,Mild cloudy day,0.35,80,20.0,7.7235,0.0,20.0,year_area140_08,0.39877863380808565
day_2,Mild cloudy day,0.35,81,20.25,7.5357,0.0,20.0,year_area140_08,0.4214344746290628
day_2,Mild cloudy day,0.35,82,20.5,7.3519,0.0,20.0,year_area140_08,0.44360776292989157
day_2,Mild cloudy day,0.35,83,20.75,7.1731,0.0,20.0,year_area140_08,0.46517786058053434
day_2,Mild cloudy day,0.35,84,21.0,7.0,0.0,20.0,year_area140_08,0.4860603208899654
day_2,Mild cloudy day,0.35,85,21.25,6.8333,0.0,20.0,year_area140_08,0.5061706971671587
day_2,Mild cloudy day,0.35,86,21.5,6.6737,0.0,20.0,year_area140_08,0.5254245427210884
day_2,Mild cloudy day,0.35,87,21.75,6.522,0.0,20.0,year_area140_08,0.5437253470477243
day_2,Mild cloudy day,0.35,88,22.0,6.3787,0.0,20.0,year_area140_08,0.5610127910820484
day_2,Mild cloudy day,0.35,89,22.25,6.2445,0.0,20.0,year_area140_08,0.5772024281330341
day_2,Mild cloudy day,0.35,90,22.5,6.1199,0.0,20.0,year_area140_08,0.5922339391356632
day_2,Mild cloudy day,0.35,91,22.75,6.0056,0.0,20.0,year_area140_08,0.6060228773989098
day_2,Mild cloudy day,0.35,92,23.0,5.9019,0.0,20.0,year_area140_08,0.6185330514837626
day_2,Mild cloudy day,0.35,93,23.25,5.8094,0.0,20.0,year_area140_08,0.6296920785121993
day_2,Mild cloudy day,0.35,94,23.5,5.7284,0.0,20.0,year_area140_08,0.6394637670452086
day_2,Mild cloudy day,0.35,95,23.75,5.6592,0.0,20.0,year_area140_08,0.6478119256437795
day_3,Mild sunny day,0.2,0,0.0,5.6022,0.0,20.0,area_core_01,3.213086551031502
day_3,Mild sunny day,0.2,1,0.25,5.5576,0.0,20.0,area_core_01,3.224184463708099
day_3,Mild sunny day,0.2,2,0.5,5.5257,0.0,20.0,area_core_01,3.232122208425217
day_3,Mild sunny day,0.2,3,0.75,5.5064,0.0,20.0,area_core_01,3.2369246683951354
day_3,Mild sunny day,0.2,4,1.0,5.5,0.0,20.0,area_core_01,3.2385171939810147
day_3,Mild sunny day,0.2,5,1.25,5.5064,0.0,20.0,area_core_01,3.2369246683951354
day_3,Mild sunny day,0.2,6,1.5,5.5257,0.0,20.0,area_core_01,3.232122208425217
day_3,Mild sunny day,0.2,7,1.75,5.5576,0.0,20.0,area_core_01,3.224184463708099
day_3,Mild sunny day,0.2,8,2.0,5.6022,0.0,20.0,area_core_01,3.213086551031502
day_3,Mild sunny day,0.2,9,2.25,5.6592,0.0,20.0,area_core_01,3.1989031200322624
day_3,Mild sunny day,0.2,10,2.5,5.7284,0.0,20.0,area_core_01,3.1816839371349404
day_3,Mild sunny day,0.2,11,2.75,5.8094,0.0,20.0,area_core_01,3.1615285351886535
day_3,Mild sunny day,0.2,12,3.0,5.9019,0.0,20.0,area_core_01,3.1385115638302388
day_3,Mild sunny day,0.2,13,3.25,6.0056,0.0,20.0,area_core_01,3.1127076726965353
day_3,Mild sunny day,0.2,14,3.5,6.1199,0.0,20.0,area_core_01,3.084266161061219
day_3,Mild sunny day,0.2,15,3.75,6.2445,0.0,20.0,area_core_01,3.0532616785611277
day_3,Mild sunny day,0.2,16,4.0,6.3787,0.0,20.0,area_core_01,3.0198684076822175
day_3,Mild sunny day,0.2,17,4.25,6.522,0.0,20.0,area_core_01,2.984210764485885
day_3,Mild sunny day,0.2,18,4.5,6.6737,0.0,20.0,area_core_01,2.9464629314580852
day_3,Mild sunny day,0.2,19,4.75,6.8333,0.0,20.0,area_core_01,2.906749324660215
day_3,Mild sunny day,0.2,20,5.0,7.0,0.0,20.0,area_core_01,2.865269009790511
day_3,Mild sunny day,0.2,21,5.25,7.1731,0.0,20.0,area_core_01,2.822196169334927
day_3,Mild sunny day,0.2,22,5.5,7.3519,0.0,20.0,area_core_01,2.777704985779419
day_3,Mild sunny day,0.2,23,5.75,7.5357,0.0,20.0,area_core_01,2.7319696416099424
day_3,Mild sunny day,0.2,24,6.0,7.7235,0.0,20.0,area_core_01,2.6852389689492915
day_3,Mild sunny day,0.2,25,6.25,7.9147,0.0,20.0,area_core_01,2.637662267071142
day_3,Mild sunny day,0.2,26,6.5,8.1084,0.0,20.0,area_core_01,2.5894634848860085
day_3,Mild sunny day,0.2,27,6.75,8.3038,0.0,20.0,area_core_01,2.540841688092125
day_3,Mild sunny day,0.2,28,7.0,8.5,0.0,20.0,area_core_01,2.4920208256000076
day_3,Mild sunny day,0.2,29,7.25,8.6962,17.0048,20.0,area_core_01,2.416858168240601
day_3,Mild sunny day,0.2,30,7.5,8.8916,33.9368,20.0,area_core_01,2.342007349600361
day_3,Mild sunny day,0.2,31,7.75,9.0853,50.7235,20.0,area_core_01,2.267804626886746
day_3,Mild sunny day,0.2,32,8.0,9.2765,67.293,20.0,area_core_01,2.1945604446469607
day_3,Mild sunny day,0.2,33,8.25,9.4643,83.5743,20.0,area_core_01,2.122608736468527
day_3,Mild sunny day,0.2,34,8.5,9.6481,99.4977,20.0,area_core_01,2.052206772498184
day_3,Mild sunny day,0.2,35,8.75,9.8269,114.9951,20.0,area_core_01,1.9837088772038536
day_3,Mild sunny day,0.2,36,9.0,10.0,130.0,20.0,area_core_01,1.91739224688869
day_3,Mild sunny day,0.2,37,9.25,10.1667,144.4483,20.0,area_core_01,1.853530360063946
day_3,Mild sunny day,0.2,38,9.5,10.3263,158.278,20.0,area_core_01,1.792393442172965
day_3,Mild sunny day,0.2,39,9.75,10.478,171.4299,20.0,area_core_01,1.734272264447486
day_3,Mild sunny day,0.2,40,10.0,10.6213,183.8478,20.0,area_core_01,1.6793783012425378
day_3,Mild sunny day,0.2,41,10.25,10.7555,195.4783,20.0,area_core_01,1.6279684559138254
day_3,Mild sunny day,0.2,42,10.5,10.8801,206.2719,20.0,area_core_01,1.5802438239806582
day_3,Mild sunny day,0.2,43,10.75,10.9944,216.1821,20.0,area_core_01,1.5364506201470327
day_3,Mild sunny day,0.2,44,11.0,11.0981,225.1666,20.0,area_core_01,1.4967290201320038
day_3,Mild sunny day,0.2,45,11.25,11.1906,233.1869,20.0,area_core_01,1.4612879627876265
day_3,Mild sunny day,0.2,46,11.5,11.2716,240.2087,20.0,area_core_01,1.430255231193291
day_3,Mild sunny day,0.2,47,11.75,11.3408,246.2018,20.0,area_core_01,1.4037522572005638
day_3,Mild sunny day,0.2,48,12.0,11.3978,251.1407,20.0,area_core_01,1.381918075197487
day_3,Mild sunny day,0.2,49,12.25,11.4424,255.0042,20.0,area_core_01,1.3648352921037268
day_3,Mild sunny day,0.2,50,12.5,11.4743,257.7757,20.0,area_core_01,1.352604272283421
day_3,Mild sunny day,0.2,51,12.75,11.4936,259.4433,20.0,area_core_01,1.345218566575788
day_3,Mild sunny day,0.2,52,13.0,11.5,260.0,20.0,area_core_01,1.3427636681773722
day_3,Mild sunny day,0.2,53,13.25,11.4936,259.4433,20.0,area_core_01,1.345218566575788
day_3,Mild sunny day,0.2,54,13.5,11.4743,257.7757,20.0,area_core_01,1.352604272283421
day_3,Mild sunny day,0.2,55,13.75,11.4424,255.0042,20.0,area_core_01,1.3648352921037268
day_3,Mild sunny day,0.2,56,14.0,11.3978,251.1407,20.0,area_core_01,1.381918075197487
day_3,Mild sunny day,0.2,57,14.25,11.3408,246.2018,20.0,area_core_01,1.4037522572005638
day_3,Mild sunny day,0.2,58,14.5,11.2716,240.2087,20.0,area_core_01,1.430255231193291
day_3,Mild sunny day,0.2,59,14.75,11.1906,233.1869,20.0,area_core_01,1.4612879627876265
day_3,Mild sunny day,0.2,60,15.0,11.0981,225.1666,20.0,area_core_01,1.4967290201320038
day_3,Mild sunny day,0.2,61,15.25,10.9944,216.1821,20.0,area_core_01,1.5364506201470327
day_3,Mild sunny day,0.2,62,15.5,10.8801,206.2719,20.0,area_core_01,1.5802438239806582
day_3,Mild sunny day,0.2,63,15.75,10.7555,195.4783,20.0,area_core_01,1.6279684559138254
day_3,Mild sunny day,0.2,64,16.0,10.6213,183.8478,20.0,area_core_01,1.6793783012425378
day_3,Mild sunny day,0.2,65,16.25,10.478,171.4299,20.0,area_core_01,1.734272264447486
day_3,Mild sunny day,0.2,66,16.5,10.3263,158.278,20.0,area_core_01,1.792393442172965
day_3,Mild sunny day,0.2,67,16.75,10.1667,144.4483,20.0,area_core_01,1.853530360063946
day_3,Mild sunny day,0.2,68,17.0,10.0,130.0,20.0,area_core_01,1.91739224688869
day_3,Mild sunny day,0.2,69,17.25,9.8269,114.9951,20.0,area_core_01,1.9837088772038536
day_3,Mild sunny day,0.2,70,17.5,9.6481,99.4977,20.0,area_core_01,2.052206772498184
day_3,Mild sunny day,0.2,71,17.75,9.4643,83.5743,20.0,area_core_01,2.122608736468527
day_3,Mild sunny day,0.2,72,18.0,9.2765,67.293,20.0,area_core_01,2.1945604446469607
day_3,Mild sunny day,0.2,73,18.25,9.0853,50.7235,20.0,area_core_01,2.267804626886746
day_3,Mild sunny day,0.2,74,18.5,8.8916,33.9368,20.0,area_core_01,2.342007349600361
day_3,Mild sunny day,0.2,75,18.75,8.6962,17.0048,20.0,area_core_01,2.416858168240601
day_3,Mild sunny day,0.2,76,19.0,8.5,0.0,20.0,area_core_01,2.4920208256000076
day_3,Mild sunny day,0.2,77,19.25,8.3038,0.0,20.0,area_core_01,2.540841688092125
day_3,Mild sunny day,0.2,78,19.5,8.1084,0.0,20.0,area_core_01,2.5894634848860085
day_3,Mild sunny day,0.2,79,19.75,7.9147,0.0,20.0,area_core_01,2.637662267071142
day_3,Mild sunny day,0.2,80,20.0,7.7235,0.0,20.0,area_core_01,2.6852389689492915
day_3,Mild sunny day,0.2,81,20.25,7.5357,0.0,20.0,area_core_01,2.7319696416099424
day_3,Mild sunny day,0.2,82,20.5,7.3519,0.0,20.0,area_core_01,2.777704985779419
day_3,Mild sunny day,0.2,83,20.75,7.1731,0.0,20.0,area_core_01,2.822196169334927
day_3,Mild sunny day,0.2,84,21.0,7.0,0.0,20.0,area_core_01,2.865269009790511
day_3,Mild sunny day,0.2,85,21.25,6.8333,0.0,20.0,area_core_01,2.906749324660215
day_3,Mild sunny day,0.2,86,21.5,6.6737,0.0,20.0,area_core_01,2.9464629314580852
day_3,Mild sunny day,0.2,87,21.75,6.522,0.0,20.0,area_core_01,2.984210764485885
day_3,Mild sunny day,0.2,88,22.0,6.3787,0.0,20.0,area_core_01,3.0198684076822175
day_3,Mild sunny day,0.2,89,22.25,6.2445,0.0,20.0,area_core_01,3.0532616785611277
day_3,Mild sunny day,0.2,90,22.5,6.1199,0.0,20.0,area_core_01,3.084266161061219
day_3,Mild sunny day,0.2,91,22.75,6.0056,0.0,20.0,area_core_01,3.1127076726965353
day_3,Mild sunny day,0.2,92,23.0,5.9019,0.0,20.0,area_core_01,3.1385115638302388
day_3,Mild sunny day,0.2,93,23.25,5.8094,0.0,20.0,area_core_01,3.1615285351886535
day_3,Mild sunny day,0.2,94,23.5,5.7284,0.0,20.0,area_core_01,3.1816839371349404
day_3,Mild sunny day,0.2,95,23.75,5.6592,0.0,20.0,area_core_01,3.1989031200322624
day_3,Mild sunny day,0.2,0,0.0,5.6022,0.0,20.0,area_core_02,3.0360415342912326
day_3,Mild sunny day,0.2,1,0.25,5.5576,0.0,20.0,area_core_02,3.048706083048697
day_3,Mild sunny day,0.2,2,0.5,5.5257,0.0,20.0,area_core_02,3.0577643589537002
day_3,Mild sunny day,0.2,3,0.75,5.5064,0.0,20.0,area_core_02,3.0632447578554745
day_3,Mild sunny day,0.2,4,1.0,5.5,0.0,20.0,area_core_02,3.065062092206321
day_3,Mild sunny day,0.2,5,1.25,5.5064,0.0,20.0,area_core_02,3.0632447578554745
day_3,Mild sunny day,0.2,6,1.5,5.5257,0.0,20.0,area_core_02,3.0577643589537002
day_3,Mild sunny day,0.2,7,1.75,5.5576,0.0,20.0,area_core_02,3.048706083048697
day_3,Mild sunny day,0.2,8,2.0,5.6022,0.0,20.0,area_core_02,3.0360415342912326
day_3,Mild sunny day,0.2,9,2.25,5.6592,0.0,20.0,area_core_02,3.0198559002290004
day_3,Mild sunny day,0.2,10,2.5,5.7284,0.0,20.0,area_core_02,3.000205972560467
day_3,Mild sunny day,0.2,11,2.75,5.8094,0.0,20.0,area_core_02,2.9772053346825587
day_3,Mild sunny day,0.2,12,3.0,5.9019,0.0,20.0,area_core_02,2.950939174142972
day_3,Mild sunny day,0.2,13,3.25,6.0056,0.0,20.0,area_core_02,2.921492678489404
day_3,Mild sunny day,0.2,14,3.5,6.1199,0.0,20.0,area_core_02,2.8890362228172446
day_3,Mild sunny day,0.2,15,3.75,6.2445,0.0,20.0,area_core_02,2.8536549946741916
day_3,Mild sunny day,0.2,16,4.0,6.3787,0.0,20.0,area_core_02,2.815547765004868
day_3,Mild sunny day,0.2,17,4.25,6.522,0.0,20.0,area_core_02,2.7748565130554326
day_3,Mild sunny day,0.2,18,4.5,6.6737,0.0,20.0,area_core_02,2.731780009770511
day_3,Mild sunny day,0.2,19,4.75,6.8333,0.0,20.0,area_core_02,2.6864602343962627
day_3,Mild sunny day,0.2,20,5.0,7.0,0.0,20.0,area_core_02,2.639124353726544
day_3,Mild sunny day,0.2,21,5.25,7.1731,0.0,20.0,area_core_02,2.5899711387059776
day_3,Mild sunny day,0.2,22,5.5,7.3519,0.0,20.0,area_core_02,2.539199360279188
day_3,Mild sunny day,0.2,23,5.75,7.5357,0.0,20.0,area_core_02,2.487007789390799
day_3,Mild sunny day,0.2,24,6.0,7.7235,0.0,20.0,area_core_02,2.4336803845331314
day_3,Mild sunny day,0.2,25,6.25,7.9147,0.0,20.0,area_core_02,2.3793875208015756
day_3,Mild sunny day,0.2,26,6.5,8.1084,0.0,20.0,area_core_02,2.324384760839221
day_3,Mild sunny day,0.2,27,6.75,8.3038,0.0,20.0,area_core_02,2.2688992714399214
day_3,Mild sunny day,0.2,28,7.0,8.5,0.0,20.0,area_core_02,2.2131866152467667
day_3,Mild sunny day,0.2,29,7.25,8.6962,17.0048,20.0,area_core_02,2.1185610354717586
day_3,Mild sunny day,0.2,30,7.5,8.8916,33.9368,20.0,area_core_02,2.024329214325662
day_3,Mild sunny day,0.2,31,7.75,9.0853,50.7235,20.0,area_core_02,1.9309126197818067
day_3,Mild sunny day,0.2,32,8.0,9.2765,67.293,20.0,area_core_02,1.8387029509546593
day_3,Mild sunny day,0.2,33,8.25,9.4643,83.5743,20.0,area_core_02,1.7481182432934752
day_3,Mild sunny day,0.2,34,8.5,9.6481,99.4977,20.0,area_core_02,1.6594883698456162
day_3,Mild sunny day,0.2,35,8.75,9.8269,114.9951,20.0,area_core_02,1.5732531256963596
day_3,Mild sunny day,0.2,36,9.0,10.0,130.0,20.0,area_core_02,1.4897634570242742
day_3,Mild sunny day,0.2,37,9.25,10.1667,144.4483,20.0,area_core_02,1.4093648179694112
day_3,Mild sunny day,0.2,38,9.5,10.3263,158.278,20.0,area_core_02,1.3323978571381179
day_3,Mild sunny day,0.2,39,9.75,10.478,171.4299,20.0,area_core_02,1.2592252116077025
day_3,Mild sunny day,0.2,40,10.0,10.6213,183.8478,20.0,area_core_02,1.1901174658596292
day_3,Mild sunny day,0.2,41,10.25,10.7555,195.4783,20.0,area_core_02,1.1253955886955536
day_3,Mild sunny day,0.2,42,10.5,10.8801,206.2719,20.0,area_core_02,1.065314832656077
day_3,Mild sunny day,0.2,43,10.75,10.9944,216.1821,20.0,area_core_02,1.010180376932116
day_3,Mild sunny day,0.2,44,11.0,11.0981,225.1666,20.0,area_core_02,0.9601742062502521
day_3,Mild sunny day,0.2,45,11.25,11.1906,233.1869,20.0,area_core_02,0.9155547971571079
day_3,Mild sunny day,0.2,46,11.5,11.2716,240.2087,20.0,area_core_02,0.8764858275842047
day_3,Mild sunny day,0.2,47,11.75,11.3408,246.2018,20.0,area_core_02,0.8431215932305933
day_3,Mild sunny day,0.2,48,12.0,11.3978,251.1407,20.0,area_core_02,0.8156340304024596
day_3,Mild sunny day,0.2,49,12.25,11.4424,255.0042,20.0,area_core_02,0.7941284438051792
day_3,Mild sunny day,0.2,50,12.5,11.4743,257.7757,20.0,area_core_02,0.7787280075861995
day_3,Mild sunny day,0.2,51,12.75,11.4936,259.4433,20.0,area_core_02,0.7694315572539414
day_3,Mild sunny day,0.2,52,13.0,11.5,260.0,20.0,area_core_02,0.7663402988017813
day_3,Mild sunny day,0.2,53,13.25,11.4936,259.4433,20.0,area_core_02,0.7694315572539414
day_3,Mild sunny day,0.2,54,13.5,11.4743,257.7757,20.0,area_core_02,0.7787280075861995
day_3,Mild sunny day,0.2,55,13.75,11.4424,255.0042,20.0,area_core_02,0.7941284438051792
day_3,Mild sunny day,0.2,56,14.0,11.3978,251.1407,20.0,area_core_02,0.8156340304024596
day_3,Mild sunny day,0.2,57,14.25,11.3408,246.2018,20.0,area_core_02,0.8431215932305933
day_3,Mild sunny day,0.2,58,14.5,11.2716,240.2087,20.0,area_core_02,0.8764858275842047
day_3,Mild sunny day,0.2,59,14.75,11.1906,233.1869,20.0,area_core_02,0.9155547971571079
day_3,Mild sunny day,0.2,60,15.0,11.0981,225.1666,20.0,area_core_02,0.9601742062502521
day_3,Mild sunny day,0.2,61,15.25,10.9944,216.1821,20.0,area_core_02,1.010180376932116
day_3,Mild sunny day,0.2,62,15.5,10.8801,206.2719,20.0,area_core_02,1.065314832656077
day_3,Mild sunny day,0.2,63,15.75,10.7555,195.4783,20.0,area_core_02,1.1253955886955536
day_3,Mild sunny day,0.2,64,16.0,10.6213,183.8478,20.0,area_core_02,1.1901174658596292
day_3,Mild sunny day,0.2,65,16.25,10.478,171.4299,20.0,area_core_02,1.2592252116077025
day_3,Mild sunny day,0.2,66,16.5,10.3263,158.278,20.0,area_core_02,1.3323978571381179
day_3,Mild sunny day,0.2,67,16.75,10.1667,144.4483,20.0,area_core_02,1.4093648179694112
day_3,Mild sunny day,0.2,68,17.0,10.0,130.0,20.0,area_core_02,1.4897634570242742
day_3,Mild sunny day,0.2,69,17.25,9.8269,114.9951,20.0,area_core_02,1.5732531256963596
day_3,Mild sunny day,0.2,70,17.5,9.6481,99.4977,20.0,area_core_02,1.6594883698456162
day_3,Mild sunny day,0.2,71,17.75,9.4643,83.5743,20.0,area_core_02,1.7481182432934752
day_3,Mild sunny day,0.2,72,18.0,9.2765,67.293,20.0,area_core_02,1.8387029509546593
day_3,Mild sunny day,0.2,73,18.25,9.0853,50.7235,20.0,area_core_02,1.9309126197818067
day_3,Mild sunny day,0.2,74,18.5,8.8916,33.9368,20.0,area_core_02,2.024329214325662
day_3,Mild sunny day,0.2,75,18.75,8.6962,17.0048,20.0,area_core_02,2.1185610354717586
day_3,Mild sunny day,0.2,76,19.0,8.5,0.0,20.0,area_core_02,2.2131866152467667
day_3,Mild sunny day,0.2,77,19.25,8.3038,0.0,20.0,area_core_02,2.2688992714399214
day_3,Mild sunny day,0.2,78,19.5,8.1084,0.0,20.0,area_core_02,2.324384760839221
day_3,Mild sunny day,0.2,79,19.75,7.9147,0.0,20.0,area_core_02,2.3793875208015756
day_3,Mild sunny day,0.2,80,20.0,7.7235,0.0,20.0,area_core_02,2.4336803845331314
day_3,Mild sunny day,0.2,81,20.25,7.5357,0.0,20.0,area_core_02,2.487007789390799
day_3,Mild sunny day,0.2,82,20.5,7.3519,0.0,20.0,area_core_02,2.539199360279188
day_3,Mild sunny day,0.2,83,20.75,7.1731,0.0,20.0,area_core_02,2.5899711387059776
day_3,Mild sunny day,0.2,84,21.0,7.0,0.0,20.0,area_core_02,2.639124353726544
day_3,Mild sunny day,0.2,85,21.25,6.8333,0.0,20.0,area_core_02,2.6864602343962627
day_3,Mild sunny day,0.2,86,21.5,6.6737,0.0,20.0,area_core_02,2.731780009770511
day_3,Mild sunny day,0.2,87,21.75,6.522,0.0,20.0,area_core_02,2.7748565130554326
day_3,Mild sunny day,0.2,88,22.0,6.3787,0.0,20.0,area_core_02,2.815547765004868
day_3,Mild sunny day,0.2,89,22.25,6.2445,0.0,20.0,area_core_02,2.8536549946741916
day_3,Mild sunny day,0.2,90,22.5,6.1199,0.0,20.0,area_core_02,2.8890362228172446
day_3,Mild sunny day,0.2,91,22.75,6.0056,0.0,20.0,area_core_02,2.921492678489404
day_3,Mild sunny day,0.2,92,23.0,5.9019,0.0,20.0,area_core_02,2.950939174142972
day_3,Mild sunny day,0.2,93,23.25,5.8094,0.0,20.0,area_core_02,2.9772053346825587
day_3,Mild sunny day,0.2,94,23.5,5.7284,0.0,20.0,area_core_02,3.000205972560467
day_3,Mild sunny day,0.2,95,23.75,5.6592,0.0,20.0,area_core_02,3.0198559002290004
day_3,Mild sunny day,0.2,0,0.0,5.6022,0.0,20.0,area_core_03,3.0196797369932713
day_3,Mild sunny day,0.2,1,0.25,5.5576,0.0,20.0,area_core_03,3.0301068610342
day_3,Mild sunny day,0.2,2,0.5,5.5257,0.0,20.0,area_core_03,3.037564826435672
day_3,Mild sunny day,0.2,3,0.75,5.5064,0.0,20.0,area_core_03,3.042077012399572
day_3,Mild sunny day,0.2,4,1.0,5.5,0.0,20.0,area_core_03,3.0435732813202434
day_3,Mild sunny day,0.2,5,1.25,5.5064,0.0,20.0,area_core_03,3.042077012399572
day_3,Mild sunny day,0.2,6,1.5,5.5257,0.0,20.0,area_core_03,3.037564826435672
day_3,Mild sunny day,0.2,7,1.75,5.5576,0.0,20.0,area_core_03,3.0301068610342
day_3,Mild sunny day,0.2,8,2.0,5.6022,0.0,20.0,area_core_03,3.0196797369932713
day_3,Mild sunny day,0.2,9,2.25,5.6592,0.0,20.0,area_core_03,3.0063535919185407
day_3,Mild sunny day,0.2,10,2.5,5.7284,0.0,20.0,area_core_03,2.9901751842137805
day_3,Mild sunny day,0.2,11,2.75,5.8094,0.0,20.0,area_core_03,2.9712380306865325
day_3,Mild sunny day,0.2,12,3.0,5.9019,0.0,20.0,area_core_03,2.949612268942453
day_3,Mild sunny day,0.2,13,3.25,6.0056,0.0,20.0,area_core_03,2.925368036587198
day_3,Mild sunny day,0.2,14,3.5,6.1199,0.0,20.0,area_core_03,2.8986456088320813
day_3,Mild sunny day,0.2,15,3.75,6.2445,0.0,20.0,area_core_03,2.869515123282759
day_3,Mild sunny day,0.2,16,4.0,6.3787,0.0,20.0,area_core_03,2.8381402343524296
day_3,Mild sunny day,0.2,17,4.25,6.522,0.0,20.0,area_core_03,2.80463783805052
day_3,Mild sunny day,0.2,18,4.5,6.6737,0.0,20.0,area_core_03,2.7691715887902295
day_3,Mild sunny day,0.2,19,4.75,6.8333,0.0,20.0,area_core_03,2.7318583825809846
day_3,Mild sunny day,0.2,20,5.0,7.0,0.0,20.0,area_core_03,2.6928852530378706
day_3,Mild sunny day,0.2,21,5.25,7.1731,0.0,20.0,area_core_03,2.652415854574085
day_3,Mild sunny day,0.2,22,5.5,7.3519,0.0,20.0,area_core_03,2.610613841602826
day_3,Mild sunny day,0.2,23,5.75,7.5357,0.0,20.0,area_core_03,2.5676428685372925
day_3,Mild sunny day,0.2,24,6.0,7.7235,0.0,20.0,area_core_03,2.5237367273963396
day_3,Mild sunny day,0.2,25,6.25,7.9147,0.0,20.0,area_core_03,2.4790356933912796
day_3,Mild sunny day,0.2,26,6.5,8.1084,0.0,20.0,area_core_03,2.4337501793390826
day_3,Mild sunny day,0.2,27,6.75,8.3038,0.0,20.0,area_core_03,2.388067218854832
day_3,Mild sunny day,0.2,28,7.0,8.5,0.0,20.0,area_core_03,2.342197224755498
day_3,Mild sunny day,0.2,29,7.25,8.6962,17.0048,20.0,area_core_03,2.2639609067866813
day_3,Mild sunny day,0.2,30,7.5,8.8916,33.9368,20.0,area_core_03,2.186050187330959
day_3,Mild sunny day,0.2,31,7.75,9.0853,50.7235,20.0,area_core_03,2.1088134730941177
day_3,Mild sunny day,0.2,32,8.0,9.2765,67.293,20.0,area_core_03,2.032574649561666
day_3,Mild sunny day,0.2,33,8.25,9.4643,83.5743,20.0,area_core_03,1.9576792683934148
day_3,Mild sunny day,0.2,34,8.5,9.6481,99.4977,20.0,area_core_03,1.8844002692703374
day_3,Mild sunny day,0.2,35,8.75,9.8269,114.9951,20.0,area_core_03,1.813101063298578
day_3,Mild sunny day,0.2,36,9.0,10.0,130.0,20.0,area_core_03,1.7440718785962477
day_3,Mild sunny day,0.2,37,9.25,10.1667,144.4483,20.0,area_core_03,1.6775983752078987
day_3,Mild sunny day,0.2,38,9.5,10.3263,158.278,20.0,area_core_03,1.613962216113717
day_3,Mild sunny day,0.2,39,9.75,10.478,171.4299,20.0,area_core_03,1.5534631140766195
day_3,Mild sunny day,0.2,40,10.0,10.6213,183.8478,20.0,area_core_03,1.4963249341619156
day_3,Mild sunny day,0.2,41,10.25,10.7555,195.4783,20.0,area_core_03,1.4428129704195323
day_3,Mild sunny day,0.2,42,10.5,10.8801,206.2719,20.0,area_core_03,1.3931383353760873
day_3,Mild sunny day,0.2,43,10.75,10.9944,216.1821,20.0,area_core_03,1.3475531898700213
day_3,Mild sunny day,0.2,44,11.0,11.0981,225.1666,20.0,area_core_03,1.3062081838034987
day_3,Mild sunny day,0.2,45,11.25,11.1906,233.1869,20.0,area_core_03,1.2693168719012047
day_3,Mild sunny day,0.2,46,11.5,11.2716,240.2087,20.0,area_core_03,1.2370146771534347
day_3,Mild sunny day,0.2,47,11.75,11.3408,246.2018,20.0,area_core_03,1.2094292187581521
day_3,Mild sunny day,0.2,48,12.0,11.3978,251.1407,20.0,area_core_03,1.1867025493044823
day_3,Mild sunny day,0.2,49,12.25,11.4424,255.0042,20.0,area_core_03,1.168921778512651
day_3,Mild sunny day,0.2,50,12.5,11.4743,257.7757,20.0,area_core_03,1.1561886398304424
day_3,Mild sunny day,0.2,51,12.75,11.4936,259.4433,20.0,area_core_03,1.148502404087377
day_3,Mild sunny day,0.2,52,13.0,11.5,260.0,20.0,area_core_03,1.1459465324369975
day_3,Mild sunny day,0.2,53,13.25,11.4936,259.4433,20.0,area_core_03,1.148502404087377
day_3,Mild sunny day,0.2,54,13.5,11.4743,257.7757,20.0,area_core_03,1.1561886398304424
day_3,Mild sunny day,0.2,55,13.75,11.4424,255.0042,20.0,area_core_03,1.168921778512651
day_3,Mild sunny day,0.2,56,14.0,11.3978,251.1407,20.0,area_core_03,1.1867025493044823
day_3,Mild sunny day,0.2,57,14.25,11.3408,246.2018,20.0,area_core_03,1.2094292187581521
day_3,Mild sunny day,0.2,58,14.5,11.2716,240.2087,20.0,area_core_03,1.2370146771534347
day_3,Mild sunny day,0.2,59,14.75,11.1906,233.1869,20.0,area_core_03,1.2693168719012047
day_3,Mild sunny day,0.2,60,15.0,11.0981,225.1666,20.0,area_core_03,1.3062081838034987
day_3,Mild sunny day,0.2,61,15.25,10.9944,216.1821,20.0,area_core_03,1.3475531898700213
day_3,Mild sunny day,0.2,62,15.5,10.8801,206.2719,20.0,area_core_03,1.3931383353760873
day_3,Mild sunny day,0.2,63,15.75,10.7555,195.4783,20.0,area_core_03,1.4428129704195323
day_3,Mild sunny day,0.2,64,16.0,10.6213,183.8478,20.0,area_core_03,1.4963249341619156
day_3,Mild sunny day,0.2,65,16.25,10.478,171.4299,20.0,area_core_03,1.5534631140766195
day_3,Mild sunny day,0.2,66,16.5,10.3263,158.278,20.0,area_core_03,1.613962216113717
day_3,Mild sunny day,0.2,67,16.75,10.1667,144.4483,20.0,area_core_03,1.6775983752078987
day_3,Mild sunny day,0.2,68,17.0,10.0,130.0,20.0,area_core_03,1.7440718785962477
day_3,Mild sunny day,0.2,69,17.25,9.8269,114.9951,20.0,area_core_03,1.813101063298578
day_3,Mild sunny day,0.2,70,17.5,9.6481,99.4977,20.0,area_core_03,1.8844002692703374
day_3,Mild sunny day,0.2,71,17.75,9.4643,83.5743,20.0,area_core_03,1.9576792683934148
day_3,Mild sunny day,0.2,72,18.0,9.2765,67.293,20.0,area_core_03,2.032574649561666
day_3,Mild sunny day,0.2,73,18.25,9.0853,50.7235,20.0,area_core_03,2.1088134730941177
day_3,Mild sunny day,0.2,74,18.5,8.8916,33.9368,20.0,area_core_03,2.186050187330959
day_3,Mild sunny day,0.2,75,18.75,8.6962,17.0048,20.0,area_core_03,2.2639609067866813
day_3,Mild sunny day,0.2,76,19.0,8.5,0.0,20.0,area_core_03,2.342197224755498
day_3,Mild sunny day,0.2,77,19.25,8.3038,0.0,20.0,area_core_03,2.388067218854832
day_3,Mild sunny day,0.2,78,19.5,8.1084,0.0,20.0,area_core_03,2.4337501793390826
day_3,Mild sunny day,0.2,79,19.75,7.9147,0.0,20.0,area_core_03,2.4790356933912796
day_3,Mild sunny day,0.2,80,20.0,7.7235,0.0,20.0,area_core_03,2.5237367273963396
day_3,Mild sunny day,0.2,81,20.25,7.5357,0.0,20.0,area_core_03,2.5676428685372925
day_3,Mild sunny day,0.2,82,20.5,7.3519,0.0,20.0,area_core_03,2.610613841602826
day_3,Mild sunny day,0.2,83,20.75,7.1731,0.0,20.0,area_core_03,2.652415854574085
day_3,Mild sunny day,0.2,84,21.0,7.0,0.0,20.0,area_core_03,2.6928852530378706
day_3,Mild sunny day,0.2,85,21.25,6.8333,0.0,20.0,area_core_03,2.7318583825809846
day_3,Mild sunny day,0.2,86,21.5,6.6737,0.0,20.0,area_core_03,2.7691715887902295
day_3,Mild sunny day,0.2,87,21.75,6.522,0.0,20.0,area_core_03,2.80463783805052
day_3,Mild sunny day,0.2,88,22.0,6.3787,0.0,20.0,area_core_03,2.8381402343524296
day_3,Mild sunny day,0.2,89,22.25,6.2445,0.0,20.0,area_core_03,2.869515123282759
day_3,Mild sunny day,0.2,90,22.5,6.1199,0.0,20.0,area_core_03,2.8986456088320813
day_3,Mild sunny day,0.2,91,22.75,6.0056,0.0,20.0,area_core_03,2.925368036587198
day_3,Mild sunny day,0.2,92,23.0,5.9019,0.0,20.0,area_core_03,2.949612268942453
day_3,Mild sunny day,0.2,93,23.25,5.8094,0.0,20.0,area_core_03,2.9712380306865325
day_3,Mild sunny day,0.2,94,23.5,5.7284,0.0,20.0,area_core_03,2.9901751842137805
day_3,Mild sunny day,0.2,95,23.75,5.6592,0.0,20.0,area_core_03,3.0063535919185407
day_3,Mild sunny day,0.2,0,0.0,5.6022,0.0,20.0,area_core_04,4.894283017830849
day_3,Mild sunny day,0.2,1,0.25,5.5576,0.0,20.0,area_core_04,4.909757719002729
day_3,Mild sunny day,0.2,2,0.5,5.5257,0.0,20.0,area_core_04,4.920825946970957
day_3,Mild sunny day,0.2,3,0.75,5.5064,0.0,20.0,area_core_04,4.927522398374933
day_3,Mild sunny day,0.2,4,1.0,5.5,0.0,20.0,area_core_04,4.929742983296458
day_3,Mild sunny day,0.2,5,1.25,5.5064,0.0,20.0,area_core_04,4.927522398374933
day_3,Mild sunny day,0.2,6,1.5,5.5257,0.0,20.0,area_core_04,4.920825946970957
day_3,Mild sunny day,0.2,7,1.75,5.5576,0.0,20.0,area_core_04,4.909757719002729
day_3,Mild sunny day,0.2,8,2.0,5.6022,0.0,20.0,area_core_04,4.894283017830849
day_3,Mild sunny day,0.2,9,2.25,5.6592,0.0,20.0,area_core_04,4.874505933373515
day_3,Mild sunny day,0.2,10,2.5,5.7284,0.0,20.0,area_core_04,4.850495858909522
day_3,Mild sunny day,0.2,11,2.75,5.8094,0.0,20.0,area_core_04,4.822391580996467
day_3,Mild sunny day,0.2,12,3.0,5.9019,0.0,20.0,area_core_04,4.790297189552545
day_3,Mild sunny day,0.2,13,3.25,6.0056,0.0,20.0,area_core_04,4.754316774495955
day_3,Mild sunny day,0.2,14,3.5,6.1199,0.0,20.0,area_core_04,4.714658515663087
day_3,Mild sunny day,0.2,15,3.75,6.2445,0.0,20.0,area_core_04,4.671426502972141
day_3,Mild sunny day,0.2,16,4.0,6.3787,0.0,20.0,area_core_04,4.624863612898906
day_3,Mild sunny day,0.2,17,4.25,6.522,0.0,20.0,area_core_04,4.575143328640378
day_3,Mild sunny day,0.2,18,4.5,6.6737,0.0,20.0,area_core_04,4.522508526672347
day_3,Mild sunny day,0.2,19,4.75,6.8333,0.0,20.0,area_core_04,4.467132690191808
day_3,Mild sunny day,0.2,20,5.0,7.0,0.0,20.0,area_core_04,4.409293392313953
day_3,Mild sunny day,0.2,21,5.25,7.1731,0.0,20.0,area_core_04,4.349233509514572
day_3,Mild sunny day,0.2,22,5.5,7.3519,0.0,20.0,area_core_04,4.2871959182694575
day_3,Mild sunny day,0.2,23,5.75,7.5357,0.0,20.0,area_core_04,4.223423495054401
day_3,Mild sunny day,0.2,24,6.0,7.7235,0.0,20.0,area_core_04,4.158263206263392
day_3,Mild sunny day,0.2,25,6.25,7.9147,0.0,20.0,area_core_04,4.091923231732822
day_3,Mild sunny day,0.2,26,6.5,8.1084,0.0,20.0,area_core_04,4.024715841217281
day_3,Mild sunny day,0.2,27,6.75,8.3038,0.0,20.0,area_core_04,3.9569186078319594
day_3,Mild sunny day,0.2,28,7.0,8.5,0.0,20.0,area_core_04,3.888843801331448
day_3,Mild sunny day,0.2,29,7.25,8.6962,17.0048,20.0,area_core_04,3.7445643783108653
day_3,Mild sunny day,0.2,30,7.5,8.8916,33.9368,20.0,area_core_04,3.6008887713535027
day_3,Mild sunny day,0.2,31,7.75,9.0853,50.7235,20.0,area_core_04,3.4584541487542277
day_3,Mild sunny day,0.2,32,8.0,9.2765,67.293,20.0,area_core_04,3.317860293353002
day_3,Mild sunny day,0.2,33,8.25,9.4643,83.5743,20.0,area_core_04,3.1797376514059286
day_3,Mild sunny day,0.2,34,8.5,9.6481,99.4977,20.0,area_core_04,3.0446067534839836
day_3,Mild sunny day,0.2,35,8.75,9.8269,114.9951,20.0,area_core_04,2.9131197465410565
day_3,Mild sunny day,0.2,36,9.0,10.0,130.0,20.0,area_core_04,2.78581751743816
day_3,Mild sunny day,0.2,37,9.25,10.1667,144.4483,20.0,area_core_04,2.6632301977742823
day_3,Mild sunny day,0.2,38,9.5,10.3263,158.278,20.0,area_core_04,2.545878508294142
day_3,Mild sunny day,0.2,39,9.75,10.478,171.4299,20.0,area_core_04,2.434305318576163
day_3,Mild sunny day,0.2,40,10.0,10.6213,183.8478,20.0,area_core_04,2.3289359642030427
day_3,Mild sunny day,0.2,41,10.25,10.7555,195.4783,20.0,area_core_04,2.2302526262305866
day_3,Mild sunny day,0.2,42,10.5,10.8801,206.2719,20.0,area_core_04,2.1386506151350098
day_3,Mild sunny day,0.2,43,10.75,10.9944,216.1821,20.0,area_core_04,2.0545811905938014
day_3,Mild sunny day,0.2,44,11.0,11.0981,225.1666,20.0,area_core_04,1.9783380040183114
day_3,Mild sunny day,0.2,45,11.25,11.1906,233.1869,20.0,area_core_04,1.9103017675732183
day_3,Mild sunny day,0.2,46,11.5,11.2716,240.2087,20.0,area_core_04,1.8507302817964635
day_3,Mild sunny day,0.2,47,11.75,11.3408,246.2018,20.0,area_core_04,1.799862973653366
day_3,Mild sunny day,0.2,48,12.0,11.3978,251.1407,20.0,area_core_04,1.7579529043605147
day_3,Mild sunny day,0.2,49,12.25,11.4424,255.0042,20.0,area_core_04,1.7251644720112445
day_3,Mild sunny day,0.2,50,12.5,11.4743,257.7757,20.0,area_core_04,1.7016761570860761
day_3,Mild sunny day,0.2,51,12.75,11.4936,259.4433,20.0,area_core_04,1.6875065911198082
day_3,Mild sunny day,0.2,52,13.0,11.5,260.0,20.0,area_core_04,1.6827912335448723
day_3,Mild sunny day,0.2,53,13.25,11.4936,259.4433,20.0,area_core_04,1.6875065911198082
day_3,Mild sunny day,0.2,54,13.5,11.4743,257.7757,20.0,area_core_04,1.7016761570860761
day_3,Mild sunny day,0.2,55,13.75,11.4424,255.0042,20.0,area_core_04,1.7251644720112445
day_3,Mild sunny day,0.2,56,14.0,11.3978,251.1407,20.0,area_core_04,1.7579529043605147
day_3,Mild sunny day,0.2,57,14.25,11.3408,246.2018,20.0,area_core_04,1.799862973653366
day_3,Mild sunny day,0.2,58,14.5,11.2716,240.2087,20.0,area_core_04,1.8507302817964635
day_3,Mild sunny day,0.2,59,14.75,11.1906,233.1869,20.0,area_core_04,1.9103017675732183
day_3,Mild sunny day,0.2,60,15.0,11.0981,225.1666,20.0,area_core_04,1.9783380040183114
day_3,Mild sunny day,0.2,61,15.25,10.9944,216.1821,20.0,area_core_04,2.0545811905938014
day_3,Mild sunny day,0.2,62,15.5,10.8801,206.2719,20.0,area_core_04,2.1386506151350098
day_3,Mild sunny day,0.2,63,15.75,10.7555,195.4783,20.0,area_core_04,2.2302526262305866
day_3,Mild sunny day,0.2,64,16.0,10.6213,183.8478,20.0,area_core_04,2.3289359642030427
day_3,Mild sunny day,0.2,65,16.25,10.478,171.4299,20.0,area_core_04,2.434305318576163
day_3,Mild sunny day,0.2,66,16.5,10.3263,158.278,20.0,area_core_04,2.545878508294142
day_3,Mild sunny day,0.2,67,16.75,10.1667,144.4483,20.0,area_core_04,2.6632301977742823
day_3,Mild sunny day,0.2,68,17.0,10.0,130.0,20.0,area_core_04,2.78581751743816
day_3,Mild sunny day,0.2,69,17.25,9.8269,114.9951,20.0,area_core_04,2.9131197465410565
day_3,Mild sunny day,0.2,70,17.5,9.6481,99.4977,20.0,area_core_04,3.0446067534839836
day_3,Mild sunny day,0.2,71,17.75,9.4643,83.5743,20.0,area_core_04,3.1797376514059286
day_3,Mild sunny day,0.2,72,18.0,9.2765,67.293,20.0,area_core_04,3.317860293353002
day_3,Mild sunny day,0.2,73,18.25,9.0853,50.7235,20.0,area_core_04,3.4584541487542277
day_3,Mild sunny day,0.2,74,18.5,8.8916,33.9368,20.0,area_core_04,3.6008887713535027
day_3,Mild sunny day,0.2,75,18.75,8.6962,17.0048,20.0,area_core_04,3.7445643783108653
day_3,Mild sunny day,0.2,76,19.0,8.5,0.0,20.0,area_core_04,3.888843801331448
day_3,Mild sunny day,0.2,77,19.25,8.3038,0.0,20.0,area_core_04,3.9569186078319594
day_3,Mild sunny day,0.2,78,19.5,8.1084,0.0,20.0,area_core_04,4.024715841217281
day_3,Mild sunny day,0.2,79,19.75,7.9147,0.0,20.0,area_core_04,4.091923231732822
day_3,Mild sunny day,0.2,80,20.0,7.7235,0.0,20.0,area_core_04,4.158263206263392
day_3,Mild sunny day,0.2,81,20.25,7.5357,0.0,20.0,area_core_04,4.223423495054401
day_3,Mild sunny day,0.2,82,20.5,7.3519,0.0,20.0,area_core_04,4.2871959182694575
day_3,Mild sunny day,0.2,83,20.75,7.1731,0.0,20.0,area_core_04,4.349233509514572
day_3,Mild sunny day,0.2,84,21.0,7.0,0.0,20.0,area_core_04,4.409293392313953
day_3,Mild sunny day,0.2,85,21.25,6.8333,0.0,20.0,area_core_04,4.467132690191808
day_3,Mild sunny day,0.2,86,21.5,6.6737,0.0,20.0,area_core_04,4.522508526672347
day_3,Mild sunny day,0.2,87,21.75,6.522,0.0,20.0,area_core_04,4.575143328640378
day_3,Mild sunny day,0.2,88,22.0,6.3787,0.0,20.0,area_core_04,4.624863612898906
day_3,Mild sunny day,0.2,89,22.25,6.2445,0.0,20.0,area_core_04,4.671426502972141
day_3,Mild sunny day,0.2,90,22.5,6.1199,0.0,20.0,area_core_04,4.714658515663087
day_3,Mild sunny day,0.2,91,22.75,6.0056,0.0,20.0,area_core_04,4.754316774495955
day_3,Mild sunny day,0.2,92,23.0,5.9019,0.0,20.0,area_core_04,4.790297189552545
day_3,Mild sunny day,0.2,93,23.25,5.8094,0.0,20.0,area_core_04,4.822391580996467
day_3,Mild sunny day,0.2,94,23.5,5.7284,0.0,20.0,area_core_04,4.850495858909522
day_3,Mild sunny day,0.2,95,23.75,5.6592,0.0,20.0,area_core_04,4.874505933373515
day_3,Mild sunny day,0.2,0,0.0,5.6022,0.0,20.0,area_core_05,3.9650793106065696
day_3,Mild sunny day,0.2,1,0.25,5.5576,0.0,20.0,area_core_05,3.974691736255784
day_3,Mild sunny day,0.2,2,0.5,5.5257,0.0,20.0,area_core_05,3.9815669913725986
day_3,Mild sunny day,0.2,3,0.75,5.5064,0.0,20.0,area_core_05,3.9857266284808914
day_3,Mild sunny day,0.2,4,1.0,5.5,0.0,20.0,area_core_05,3.9871059900090295
day_3,Mild sunny day,0.2,5,1.25,5.5064,0.0,20.0,area_core_05,3.9857266284808914
day_3,Mild sunny day,0.2,6,1.5,5.5257,0.0,20.0,area_core_05,3.9815669913725986
day_3,Mild sunny day,0.2,7,1.75,5.5576,0.0,20.0,area_core_05,3.974691736255784
day_3,Mild sunny day,0.2,8,2.0,5.6022,0.0,20.0,area_core_05,3.9650793106065696
day_3,Mild sunny day,0.2,9,2.25,5.6592,0.0,20.0,area_core_05,3.952794371996587
day_3,Mild sunny day,0.2,10,2.5,5.7284,0.0,20.0,area_core_05,3.9378800254735906
day_3,Mild sunny day,0.2,11,2.75,5.8094,0.0,20.0,area_core_05,3.9204224811330888
day_3,Mild sunny day,0.2,12,3.0,5.9019,0.0,20.0,area_core_05,3.9004863965467136
day_3,Mild sunny day,0.2,13,3.25,6.0056,0.0,20.0,area_core_05,3.878136429286096
day_3,Mild sunny day,0.2,14,3.5,6.1199,0.0,20.0,area_core_05,3.8535018944944994
day_3,Mild sunny day,0.2,15,3.75,6.2445,0.0,20.0,area_core_05,3.826647449743555
day_3,Mild sunny day,0.2,16,4.0,6.3787,0.0,20.0,area_core_05,3.7977239627004034
day_3,Mild sunny day,0.2,17,4.25,6.522,0.0,20.0,area_core_05,3.7668391959844296
day_3,Mild sunny day,0.2,18,4.5,6.6737,0.0,20.0,area_core_05,3.7341440172627745
day_3,Mild sunny day,0.2,19,4.75,6.8333,0.0,20.0,area_core_05,3.699746189154823
day_3,Mild sunny day,0.2,20,5.0,7.0,0.0,20.0,area_core_05,3.6638181318515937
day_3,Mild sunny day,0.2,21,5.25,7.1731,0.0,20.0,area_core_05,3.6265107130202257
day_3,Mild sunny day,0.2,22,5.5,7.3519,0.0,20.0,area_core_05,3.587974800327859
day_3,Mild sunny day,0.2,23,5.75,7.5357,0.0,20.0,area_core_05,3.5483612614416344
day_3,Mild sunny day,0.2,24,6.0,7.7235,0.0,20.0,area_core_05,3.5078856216003236
day_3,Mild sunny day,0.2,25,6.25,7.9147,0.0,20.0,area_core_05,3.466677195947189
day_3,Mild sunny day,0.2,26,6.5,8.1084,0.0,20.0,area_core_05,3.4249299571971257
day_3,Mild sunny day,0.2,27,6.75,8.3038,0.0,20.0,area_core_05,3.38281632554115
day_3,Mild sunny day,0.2,28,7.0,8.5,0.0,20.0,area_core_05,3.340530273694158
day_3,Mild sunny day,0.2,29,7.25,8.6962,17.0048,20.0,area_core_05,3.2210935498420077
day_3,Mild sunny day,0.2,30,7.5,8.8916,33.9368,20.0,area_core_05,3.102159539328808
day_3,Mild sunny day,0.2,31,7.75,9.0853,50.7235,20.0,area_core_05,2.9842511469192505
day_3,Mild sunny day,0.2,32,8.0,9.2765,67.293,20.0,area_core_05,2.867867002657873
day_3,Mild sunny day,0.2,33,8.25,9.4643,83.5743,20.0,area_core_05,2.753523205818681
day_3,Mild sunny day,0.2,34,8.5,9.6481,99.4977,20.0,area_core_05,2.641665300012121
day_3,Mild sunny day,0.2,35,8.75,9.8269,114.9951,20.0,area_core_05,2.532817779754084
day_3,Mild sunny day,0.2,36,9.0,10.0,130.0,20.0,area_core_05,2.427433222798763
day_3,Mild sunny day,0.2,37,9.25,10.1667,144.4483,20.0,area_core_05,2.3259533181152583
day_3,Mild sunny day,0.2,38,9.5,10.3263,158.278,20.0,area_core_05,2.228810226985706
day_3,Mild sunny day,0.2,39,9.75,10.478,171.4299,20.0,area_core_05,2.136444959633509
day_3,Mild sunny day,0.2,40,10.0,10.6213,183.8478,20.0,area_core_05,2.049220257729069
day_3,Mild sunny day,0.2,41,10.25,10.7555,195.4783,20.0,area_core_05,1.9675292644079256
day_3,Mild sunny day,0.2,42,10.5,10.8801,206.2719,20.0,area_core_05,1.8917043234820858
day_3,Mild sunny day,0.2,43,10.75,10.9944,216.1821,20.0,area_core_05,1.8221072728299377
day_3,Mild sunny day,0.2,44,11.0,11.0981,225.1666,20.0,area_core_05,1.758994684860442
day_3,Mild sunny day,0.2,45,11.25,11.1906,233.1869,20.0,area_core_05,1.7026705489777876
day_3,Mild sunny day,0.2,46,11.5,11.2716,240.2087,20.0,area_core_05,1.6533551416406143
day_3,Mild sunny day,0.2,47,11.75,11.3408,246.2018,20.0,area_core_05,1.6112501376330188
day_3,Mild sunny day,0.2,48,12.0,11.3978,251.1407,20.0,area_core_05,1.576557440392163
day_3,Mild sunny day,0.2,49,12.25,11.4424,255.0042,20.0,area_core_05,1.5494163392341558
day_3,Mild sunny day,0.2,50,12.5,11.4743,257.7757,20.0,area_core_05,1.5299668058275468
day_3,Mild sunny day,0.2,51,12.75,11.4936,259.4433,20.0,area_core_05,1.518241277874563
day_3,Mild sunny day,0.2,52,13.0,11.5,260.0,20.0,area_core_05,1.514336171903369
day_3,Mild sunny day,0.2,53,13.25,11.4936,259.4433,20.0,area_core_05,1.518241277874563
day_3,Mild sunny day,0.2,54,13.5,11.4743,257.7757,20.0,area_core_05,1.5299668058275468
day_3,Mild sunny day,0.2,55,13.75,11.4424,255.0042,20.0,area_core_05,1.5494163392341558
day_3,Mild sunny day,0.2,56,14.0,11.3978,251.1407,20.0,area_core_05,1.576557440392163
day_3,Mild sunny day,0.2,57,14.25,11.3408,246.2018,20.0,area_core_05,1.6112501376330188
day_3,Mild sunny day,0.2,58,14.5,11.2716,240.2087,20.0,area_core_05,1.6533551416406143
day_3,Mild sunny day,0.2,59,14.75,11.1906,233.1869,20.0,area_core_05,1.7026705489777876
day_3,Mild sunny day,0.2,60,15.0,11.0981,225.1666,20.0,area_core_05,1.758994684860442
day_3,Mild sunny day,0.2,61,15.25,10.9944,216.1821,20.0,area_core_05,1.8221072728299377
day_3,Mild sunny day,0.2,62,15.5,10.8801,206.2719,20.0,area_core_05,1.8917043234820858
day_3,Mild sunny day,0.2,63,15.75,10.7555,195.4783,20.0,area_core_05,1.9675292644079256
day_3,Mild sunny day,0.2,64,16.0,10.6213,183.8478,20.0,area_core_05,2.049220257729069
day_3,Mild sunny day,0.2,65,16.25,10.478,171.4299,20.0,area_core_05,2.136444959633509
day_3,Mild sunny day,0.2,66,16.5,10.3263,158.278,20.0,area_core_05,2.228810226985706
day_3,Mild sunny day,0.2,67,16.75,10.1667,144.4483,20.0,area_core_05,2.3259533181152583
day_3,Mild sunny day,0.2,68,17.0,10.0,130.0,20.0,area_core_05,2.427433222798763
day_3,Mild sunny day,0.2,69,17.25,9.8269,114.9951,20.0,area_core_05,2.532817779754084
day_3,Mild sunny day,0.2,70,17.5,9.6481,99.4977,20.0,area_core_05,2.641665300012121
day_3,Mild sunny day,0.2,71,17.75,9.4643,83.5743,20.0,area_core_05,2.753523205818681
day_3,Mild sunny day,0.2,72,18.0,9.2765,67.293,20.0,area_core_05,2.867867002657873
day_3,Mild sunny day,0.2,73,18.25,9.0853,50.7235,20.0,area_core_05,2.9842511469192505
day_3,Mild sunny day,0.2,74,18.5,8.8916,33.9368,20.0,area_core_05,3.102159539328808
day_3,Mild sunny day,0.2,75,18.75,8.6962,17.0048,20.0,area_core_05,3.2210935498420077
day_3,Mild sunny day,0.2,76,19.0,8.5,0.0,20.0,area_core_05,3.340530273694158
day_3,Mild sunny day,0.2,77,19.25,8.3038,0.0,20.0,area_core_05,3.38281632554115
day_3,Mild sunny day,0.2,78,19.5,8.1084,0.0,20.0,area_core_05,3.4249299571971257
day_3,Mild sunny day,0.2,79,19.75,7.9147,0.0,20.0,area_core_05,3.466677195947189
day_3,Mild sunny day,0.2,80,20.0,7.7235,0.0,20.0,area_core_05,3.5078856216003236
day_3,Mild sunny day,0.2,81,20.25,7.5357,0.0,20.0,area_core_05,3.5483612614416344
day_3,Mild sunny day,0.2,82,20.5,7.3519,0.0,20.0,area_core_05,3.587974800327859
day_3,Mild sunny day,0.2,83,20.75,7.1731,0.0,20.0,area_core_05,3.6265107130202257
day_3,Mild sunny day,0.2,84,21.0,7.0,0.0,20.0,area_core_05,3.6638181318515937
day_3,Mild sunny day,0.2,85,21.25,6.8333,0.0,20.0,area_core_05,3.699746189154823
day_3,Mild sunny day,0.2,86,21.5,6.6737,0.0,20.0,area_core_05,3.7341440172627745
day_3,Mild sunny day,0.2,87,21.75,6.522,0.0,20.0,area_core_05,3.7668391959844296
day_3,Mild sunny day,0.2,88,22.0,6.3787,0.0,20.0,area_core_05,3.7977239627004034
day_3,Mild sunny day,0.2,89,22.25,6.2445,0.0,20.0,area_core_05,3.826647449743555
day_3,Mild sunny day,0.2,90,22.5,6.1199,0.0,20.0,area_core_05,3.8535018944944994
day_3,Mild sunny day,0.2,91,22.75,6.0056,0.0,20.0,area_core_05,3.878136429286096
day_3,Mild sunny day,0.2,92,23.0,5.9019,0.0,20.0,area_core_05,3.9004863965467136
day_3,Mild sunny day,0.2,93,23.25,5.8094,0.0,20.0,area_core_05,3.9204224811330888
day_3,Mild sunny day,0.2,94,23.5,5.7284,0.0,20.0,area_core_05,3.9378800254735906
day_3,Mild sunny day,0.2,95,23.75,5.6592,0.0,20.0,area_core_05,3.952794371996587
day_3,Mild sunny day,0.2,0,0.0,5.6022,0.0,20.0,area_core_06,1.4569839219002025
day_3,Mild sunny day,0.2,1,0.25,5.5576,0.0,20.0,area_core_06,1.4633179542656252
day_3,Mild sunny day,0.2,2,0.5,5.5257,0.0,20.0,area_core_06,1.4678483496121948
day_3,Mild sunny day,0.2,3,0.75,5.5064,0.0,20.0,area_core_06,1.4705893098062006
day_3,Mild sunny day,0.2,4,1.0,5.5,0.0,20.0,area_core_06,1.4714982292487724
day_3,Mild sunny day,0.2,5,1.25,5.5064,0.0,20.0,area_core_06,1.4705893098062006
day_3,Mild sunny day,0.2,6,1.5,5.5257,0.0,20.0,area_core_06,1.4678483496121948
day_3,Mild sunny day,0.2,7,1.75,5.5576,0.0,20.0,area_core_06,1.4633179542656252
day_3,Mild sunny day,0.2,8,2.0,5.6022,0.0,20.0,area_core_06,1.4569839219002025
day_3,Mild sunny day,0.2,9,2.25,5.6592,0.0,20.0,area_core_06,1.4488888581147967
day_3,Mild sunny day,0.2,10,2.5,5.7284,0.0,20.0,area_core_06,1.4390611666419884
day_3,Mild sunny day,0.2,11,2.75,5.8094,0.0,20.0,area_core_06,1.4275576549469382
day_3,Mild sunny day,0.2,12,3.0,5.9019,0.0,20.0,area_core_06,1.414420928628516
day_3,Mild sunny day,0.2,13,3.25,6.0056,0.0,20.0,area_core_06,1.3996935932855936
day_3,Mild sunny day,0.2,14,3.5,6.1199,0.0,20.0,area_core_06,1.3834608601159117
day_3,Mild sunny day,0.2,15,3.75,6.2445,0.0,20.0,area_core_06,1.3657653347183403
day_3,Mild sunny day,0.2,16,4.0,6.3787,0.0,20.0,area_core_06,1.3467064301569112
day_3,Mild sunny day,0.2,17,4.25,6.522,0.0,20.0,area_core_06,1.3263551557630753
day_3,Mild sunny day,0.2,18,4.5,6.6737,0.0,20.0,area_core_06,1.3048109246008637
day_3,Mild sunny day,0.2,19,4.75,6.8333,0.0,20.0,area_core_06,1.2821447460017277
day_3,Mild sunny day,0.2,20,5.0,7.0,0.0,20.0,area_core_06,1.2584702348959884
day_3,Mild sunny day,0.2,21,5.25,7.1731,0.0,20.0,area_core_06,1.233886804347677
day_3,Mild sunny day,0.2,22,5.5,7.3519,0.0,20.0,area_core_06,1.2084938674208252
day_3,Mild sunny day,0.2,23,5.75,7.5357,0.0,20.0,area_core_06,1.1823908371794638
day_3,Mild sunny day,0.2,24,6.0,7.7235,0.0,20.0,area_core_06,1.1557197322864954
day_3,Mild sunny day,0.2,25,6.25,7.9147,0.0,20.0,area_core_06,1.1285657639396605
day_3,Mild sunny day,0.2,26,6.5,8.1084,0.0,20.0,area_core_06,1.1010567489355712
day_3,Mild sunny day,0.2,27,6.75,8.3038,0.0,20.0,area_core_06,1.0733063022045481
day_3,Mild sunny day,0.2,28,7.0,8.5,0.0,20.0,area_core_06,1.045442240543204
day_3,Mild sunny day,0.2,29,7.25,8.6962,17.0048,20.0,area_core_06,0.9421038126633167
day_3,Mild sunny day,0.2,30,7.5,8.8916,33.9368,20.0,area_core_06,0.8392021163549758
day_3,Mild sunny day,0.2,31,7.75,9.0853,50.7235,20.0,area_core_06,0.7371867535313986
day_3,Mild sunny day,0.2,32,8.0,9.2765,67.293,20.0,area_core_06,0.6364904611902705
day_3,Mild sunny day,0.2,33,8.25,9.4643,83.5743,20.0,area_core_06,0.5375561836217061
day_3,Mild sunny day,0.2,34,8.5,9.6481,99.4977,20.0,area_core_06,0.44077848957692745
day_3,Mild sunny day,0.2,35,8.75,9.8269,114.9951,20.0,area_core_06,0.3466016538076747
day_3,Mild sunny day,0.2,36,9.0,10.0,130.0,20.0,area_core_06,0.2554202440021759
day_3,Mild sunny day,0.2,37,9.25,10.1667,144.4483,20.0,area_core_06,0.1676181756516948
day_3,Mild sunny day,0.2,38,9.5,10.3263,158.278,20.0,area_core_06,0.08357004357515296
day_3,Mild sunny day,0.2,39,9.75,10.478,171.4299,20.0,area_core_06,0.003652216894636906
day_3,Mild sunny day,0.2,40,10.0,10.6213,183.8478,20.0,area_core_06,0.0
day_3,Mild sunny day,0.2,41,10.25,10.7555,195.4783,20.0,area_core_06,0.0
day_3,Mild sunny day,0.2,42,10.5,10.8801,206.2719,20.0,area_core_06,0.0
day_3,Mild sunny day,0.2,43,10.75,10.9944,216.1821,20.0,area_core_06,0.0
day_3,Mild sunny day,0.2,44,11.0,11.0981,225.1666,20.0,area_core_06,0.0
day_3,Mild sunny day,0.2,45,11.25,11.1906,233.1869,20.0,area_core_06,0.0
day_3,Mild sunny day,0.2,46,11.5,11.2716,240.2087,20.0,area_core_06,0.0
day_3,Mild sunny day,0.2,47,11.75,11.3408,246.2018,20.0,area_core_06,0.0
day_3,Mild sunny day,0.2,48,12.0,11.3978,251.1407,20.0,area_core_06,0.0
day_3,Mild sunny day,0.2,49,12.25,11.4424,255.0042,20.0,area_core_06,0.0
day_3,Mild sunny day,0.2,50,12.5,11.4743,257.7757,20.0,area_core_06,0.0
day_3,Mild sunny day,0.2,51,12.75,11.4936,259.4433,20.0,area_core_06,0.0
day_3,Mild sunny day,0.2,52,13.0,11.5,260.0,20.0,area_core_06,0.0
day_3,Mild sunny day,0.2,53,13.25,11.4936,259.4433,20.0,area_core_06,0.0
day_3,Mild sunny day,0.2,54,13.5,11.4743,257.7757,20.0,area_core_06,0.0
day_3,Mild sunny day,0.2,55,13.75,11.4424,255.0042,20.0,area_core_06,0.0
day_3,Mild sunny day,0.2,56,14.0,11.3978,251.1407,20.0,area_core_06,0.0
day_3,Mild sunny day,0.2,57,14.25,11.3408,246.2018,20.0,area_core_06,0.0
day_3,Mild sunny day,0.2,58,14.5,11.2716,240.2087,20.0,area_core_06,0.0
day_3,Mild sunny day,0.2,59,14.75,11.1906,233.1869,20.0,area_core_06,0.0
day_3,Mild sunny day,0.2,60,15.0,11.0981,225.1666,20.0,area_core_06,0.0
day_3,Mild sunny day,0.2,61,15.25,10.9944,216.1821,20.0,area_core_06,0.0
day_3,Mild sunny day,0.2,62,15.5,10.8801,206.2719,20.0,area_core_06,0.0
day_3,Mild sunny day,0.2,63,15.75,10.7555,195.4783,20.0,area_core_06,0.0
day_3,Mild sunny day,0.2,64,16.0,10.6213,183.8478,20.0,area_core_06,0.0
day_3,Mild sunny day,0.2,65,16.25,10.478,171.4299,20.0,area_core_06,0.003652216894636906
day_3,Mild sunny day,0.2,66,16.5,10.3263,158.278,20.0,area_core_06,0.08357004357515296
day_3,Mild sunny day,0.2,67,16.75,10.1667,144.4483,20.0,area_core_06,0.1676181756516948
day_3,Mild sunny day,0.2,68,17.0,10.0,130.0,20.0,area_core_06,0.2554202440021759
day_3,Mild sunny day,0.2,69,17.25,9.8269,114.9951,20.0,area_core_06,0.3466016538076747
day_3,Mild sunny day,0.2,70,17.5,9.6481,99.4977,20.0,area_core_06,0.44077848957692745
day_3,Mild sunny day,0.2,71,17.75,9.4643,83.5743,20.0,area_core_06,0.5375561836217061
day_3,Mild sunny day,0.2,72,18.0,9.2765,67.293,20.0,area_core_06,0.6364904611902705
day_3,Mild sunny day,0.2,73,18.25,9.0853,50.7235,20.0,area_core_06,0.7371867535313986
day_3,Mild sunny day,0.2,74,18.5,8.8916,33.9368,20.0,area_core_06,0.8392021163549758
day_3,Mild sunny day,0.2,75,18.75,8.6962,17.0048,20.0,area_core_06,0.9421038126633167
day_3,Mild sunny day,0.2,76,19.0,8.5,0.0,20.0,area_core_06,1.045442240543204
day_3,Mild sunny day,0.2,77,19.25,8.3038,0.0,20.0,area_core_06,1.0733063022045481
day_3,Mild sunny day,0.2,78,19.5,8.1084,0.0,20.0,area_core_06,1.1010567489355712
day_3,Mild sunny day,0.2,79,19.75,7.9147,0.0,20.0,area_core_06,1.1285657639396605
day_3,Mild sunny day,0.2,80,20.0,7.7235,0.0,20.0,area_core_06,1.1557197322864954
day_3,Mild sunny day,0.2,81,20.25,7.5357,0.0,20.0,area_core_06,1.1823908371794638
day_3,Mild sunny day,0.2,82,20.5,7.3519,0.0,20.0,area_core_06,1.2084938674208252
day_3,Mild sunny day,0.2,83,20.75,7.1731,0.0,20.0,area_core_06,1.233886804347677
day_3,Mild sunny day,0.2,84,21.0,7.0,0.0,20.0,area_core_06,1.2584702348959884
day_3,Mild sunny day,0.2,85,21.25,6.8333,0.0,20.0,area_core_06,1.2821447460017277
day_3,Mild sunny day,0.2,86,21.5,6.6737,0.0,20.0,area_core_06,1.3048109246008637
day_3,Mild sunny day,0.2,87,21.75,6.522,0.0,20.0,area_core_06,1.3263551557630753
day_3,Mild sunny day,0.2,88,22.0,6.3787,0.0,20.0,area_core_06,1.3467064301569112
day_3,Mild sunny day,0.2,89,22.25,6.2445,0.0,20.0,area_core_06,1.3657653347183403
day_3,Mild sunny day,0.2,90,22.5,6.1199,0.0,20.0,area_core_06,1.3834608601159117
day_3,Mild sunny day,0.2,91,22.75,6.0056,0.0,20.0,area_core_06,1.3996935932855936
day_3,Mild sunny day,0.2,92,23.0,5.9019,0.0,20.0,area_core_06,1.414420928628516
day_3,Mild sunny day,0.2,93,23.25,5.8094,0.0,20.0,area_core_06,1.4275576549469382
day_3,Mild sunny day,0.2,94,23.5,5.7284,0.0,20.0,area_core_06,1.4390611666419884
day_3,Mild sunny day,0.2,95,23.75,5.6592,0.0,20.0,area_core_06,1.4488888581147967
day_3,Mild sunny day,0.2,0,0.0,5.6022,0.0,20.0,area_core_07,3.627675608409307
day_3,Mild sunny day,0.2,1,0.25,5.5576,0.0,20.0,area_core_07,3.637254428679962
day_3,Mild sunny day,0.2,2,0.5,5.5257,0.0,20.0,area_core_07,3.6441056476627853
day_3,Mild sunny day,0.2,3,0.75,5.5064,0.0,20.0,area_core_07,3.6482507425332713
day_3,Mild sunny day,0.2,4,1.0,5.5,0.0,20.0,area_core_07,3.6496252817649344
day_3,Mild sunny day,0.2,5,1.25,5.5064,0.0,20.0,area_core_07,3.6482507425332713
day_3,Mild sunny day,0.2,6,1.5,5.5257,0.0,20.0,area_core_07,3.6441056476627853
day_3,Mild sunny day,0.2,7,1.75,5.5576,0.0,20.0,area_core_07,3.637254428679962
day_3,Mild sunny day,0.2,8,2.0,5.6022,0.0,20.0,area_core_07,3.627675608409307
day_3,Mild sunny day,0.2,9,2.25,5.6592,0.0,20.0,area_core_07,3.6154336183773035
day_3,Mild sunny day,0.2,10,2.5,5.7284,0.0,20.0,area_core_07,3.6005714129349418
day_3,Mild sunny day,0.2,11,2.75,5.8094,0.0,20.0,area_core_07,3.5831749007841998
day_3,Mild sunny day,0.2,12,3.0,5.9019,0.0,20.0,area_core_07,3.563308513451563
day_3,Mild sunny day,0.2,13,3.25,6.0056,0.0,20.0,area_core_07,3.541036682463514
day_3,Mild sunny day,0.2,14,3.5,6.1199,0.0,20.0,area_core_07,3.5164882708730234
day_3,Mild sunny day,0.2,15,3.75,6.2445,0.0,20.0,area_core_07,3.489727710206574
day_3,Mild sunny day,0.2,16,4.0,6.3787,0.0,20.0,area_core_07,3.460905340692629
day_3,Mild sunny day,0.2,17,4.25,6.522,0.0,20.0,area_core_07,3.430128548208663
day_3,Mild sunny day,0.2,18,4.5,6.6737,0.0,20.0,area_core_07,3.397547672983138
day_3,Mild sunny day,0.2,19,4.75,6.8333,0.0,20.0,area_core_07,3.363270100893528
day_3,Mild sunny day,0.2,20,5.0,7.0,0.0,20.0,area_core_07,3.3274676493437925
day_3,Mild sunny day,0.2,21,5.25,7.1731,0.0,20.0,area_core_07,3.290290658562393
day_3,Mild sunny day,0.2,22,5.5,7.3519,0.0,20.0,area_core_07,3.251889468777792
day_3,Mild sunny day,0.2,23,5.75,7.5357,0.0,20.0,area_core_07,3.2124144202184555
day_3,Mild sunny day,0.2,24,6.0,7.7235,0.0,20.0,area_core_07,3.1720802846393283
day_3,Mild sunny day,0.2,25,6.25,7.9147,0.0,20.0,area_core_07,3.1310159250933802
day_3,Mild sunny day,0.2,26,6.5,8.1084,0.0,20.0,area_core_07,3.089414636160063
day_3,Mild sunny day,0.2,27,6.75,8.3038,0.0,20.0,area_core_07,3.047448235243335
day_3,Mild sunny day,0.2,28,7.0,8.5,0.0,20.0,area_core_07,3.0053100169226505
day_3,Mild sunny day,0.2,29,7.25,8.6962,17.0048,20.0,area_core_07,2.8660236217132953
day_3,Mild sunny day,0.2,30,7.5,8.8916,33.9368,20.0,area_core_07,2.727324949256829
day_3,Mild sunny day,0.2,31,7.75,9.0853,50.7235,20.0,area_core_07,2.589821485585965
day_3,Mild sunny day,0.2,32,8.0,9.2765,67.293,20.0,area_core_07,2.454095811766588
day_3,Mild sunny day,0.2,33,8.25,9.4643,83.5743,20.0,area_core_07,2.3207468443530668
day_3,Mild sunny day,0.2,34,8.5,9.6481,99.4977,20.0,area_core_07,2.1903016414920593
day_3,Mild sunny day,0.2,35,8.75,9.8269,114.9951,20.0,area_core_07,2.0633640292553004
day_3,Mild sunny day,0.2,36,9.0,10.0,130.0,20.0,area_core_07,1.9404642614111418
day_3,Mild sunny day,0.2,37,9.25,10.1667,144.4483,20.0,area_core_07,1.8221188805625859
day_3,Mild sunny day,0.2,38,9.5,10.3263,158.278,20.0,area_core_07,1.7088324320429547
day_3,Mild sunny day,0.2,39,9.75,10.478,171.4299,20.0,area_core_07,1.6011149420014898
day_3,Mild sunny day,0.2,40,10.0,10.6213,183.8478,20.0,area_core_07,1.4993948661042629
day_3,Mild sunny day,0.2,41,10.25,10.7555,195.4783,20.0,area_core_07,1.4041276180087603
day_3,Mild sunny day,0.2,42,10.5,10.8801,206.2719,20.0,area_core_07,1.3157033763777863
day_3,Mild sunny day,0.2,43,10.75,10.9944,216.1821,20.0,area_core_07,1.234538135268448
day_3,Mild sunny day,0.2,44,11.0,11.0981,225.1666,20.0,area_core_07,1.160937985496512
day_3,Mild sunny day,0.2,45,11.25,11.1906,233.1869,20.0,area_core_07,1.0952517400590929
day_3,Mild sunny day,0.2,46,11.5,11.2716,240.2087,20.0,area_core_07,1.0377397858874595
day_3,Mild sunny day,0.2,47,11.75,11.3408,246.2018,20.0,area_core_07,0.9886390866720753
day_3,Mild sunny day,0.2,48,12.0,11.3978,251.1407,20.0,area_core_07,0.9481812322467562
day_3,Mild sunny day,0.2,49,12.25,11.4424,255.0042,20.0,area_core_07,0.9165302922564118
day_3,Mild sunny day,0.2,50,12.5,11.4743,257.7757,20.0,area_core_07,0.8938455337878588
day_3,Mild sunny day,0.2,51,12.75,11.4936,259.4433,20.0,area_core_07,0.8801734641937917
day_3,Mild sunny day,0.2,52,13.0,11.5,260.0,20.0,area_core_07,0.8756185058996333
day_3,Mild sunny day,0.2,53,13.25,11.4936,259.4433,20.0,area_core_07,0.8801734641937917
day_3,Mild sunny day,0.2,54,13.5,11.4743,257.7757,20.0,area_core_07,0.8938455337878588
day_3,Mild sunny day,0.2,55,13.75,11.4424,255.0042,20.0,area_core_07,0.9165302922564118
day_3,Mild sunny day,0.2,56,14.0,11.3978,251.1407,20.0,area_core_07,0.9481812322467562
day_3,Mild sunny day,0.2,57,14.25,11.3408,246.2018,20.0,area_core_07,0.9886390866720753
day_3,Mild sunny day,0.2,58,14.5,11.2716,240.2087,20.0,area_core_07,1.0377397858874595
day_3,Mild sunny day,0.2,59,14.75,11.1906,233.1869,20.0,area_core_07,1.0952517400590929
day_3,Mild sunny day,0.2,60,15.0,11.0981,225.1666,20.0,area_core_07,1.160937985496512
day_3,Mild sunny day,0.2,61,15.25,10.9944,216.1821,20.0,area_core_07,1.234538135268448
day_3,Mild sunny day,0.2,62,15.5,10.8801,206.2719,20.0,area_core_07,1.3157033763777863
day_3,Mild sunny day,0.2,63,15.75,10.7555,195.4783,20.0,area_core_07,1.4041276180087603
day_3,Mild sunny day,0.2,64,16.0,10.6213,183.8478,20.0,area_core_07,1.4993948661042629
day_3,Mild sunny day,0.2,65,16.25,10.478,171.4299,20.0,area_core_07,1.6011149420014898
day_3,Mild sunny day,0.2,66,16.5,10.3263,158.278,20.0,area_core_07,1.7088324320429547
day_3,Mild sunny day,0.2,67,16.75,10.1667,144.4483,20.0,area_core_07,1.8221188805625859
day_3,Mild sunny day,0.2,68,17.0,10.0,130.0,20.0,area_core_07,1.9404642614111418
day_3,Mild sunny day,0.2,69,17.25,9.8269,114.9951,20.0,area_core_07,2.0633640292553004
day_3,Mild sunny day,0.2,70,17.5,9.6481,99.4977,20.0,area_core_07,2.1903016414920593
day_3,Mild sunny day,0.2,71,17.75,9.4643,83.5743,20.0,area_core_07,2.3207468443530668
day_3,Mild sunny day,0.2,72,18.0,9.2765,67.293,20.0,area_core_07,2.454095811766588
day_3,Mild sunny day,0.2,73,18.25,9.0853,50.7235,20.0,area_core_07,2.589821485585965
day_3,Mild sunny day,0.2,74,18.5,8.8916,33.9368,20.0,area_core_07,2.727324949256829
day_3,Mild sunny day,0.2,75,18.75,8.6962,17.0048,20.0,area_core_07,2.8660236217132953
day_3,Mild sunny day,0.2,76,19.0,8.5,0.0,20.0,area_core_07,3.0053100169226505
day_3,Mild sunny day,0.2,77,19.25,8.3038,0.0,20.0,area_core_07,3.047448235243335
day_3,Mild sunny day,0.2,78,19.5,8.1084,0.0,20.0,area_core_07,3.089414636160063
day_3,Mild sunny day,0.2,79,19.75,7.9147,0.0,20.0,area_core_07,3.1310159250933802
day_3,Mild sunny day,0.2,80,20.0,7.7235,0.0,20.0,area_core_07,3.1720802846393283
day_3,Mild sunny day,0.2,81,20.25,7.5357,0.0,20.0,area_core_07,3.2124144202184555
day_3,Mild sunny day,0.2,82,20.5,7.3519,0.0,20.0,area_core_07,3.251889468777792
day_3,Mild sunny day,0.2,83,20.75,7.1731,0.0,20.0,area_core_07,3.290290658562393
day_3,Mild sunny day,0.2,84,21.0,7.0,0.0,20.0,area_core_07,3.3274676493437925
day_3,Mild sunny day,0.2,85,21.25,6.8333,0.0,20.0,area_core_07,3.363270100893528
day_3,Mild sunny day,0.2,86,21.5,6.6737,0.0,20.0,area_core_07,3.397547672983138
day_3,Mild sunny day,0.2,87,21.75,6.522,0.0,20.0,area_core_07,3.430128548208663
day_3,Mild sunny day,0.2,88,22.0,6.3787,0.0,20.0,area_core_07,3.460905340692629
day_3,Mild sunny day,0.2,89,22.25,6.2445,0.0,20.0,area_core_07,3.489727710206574
day_3,Mild sunny day,0.2,90,22.5,6.1199,0.0,20.0,area_core_07,3.5164882708730234
day_3,Mild sunny day,0.2,91,22.75,6.0056,0.0,20.0,area_core_07,3.541036682463514
day_3,Mild sunny day,0.2,92,23.0,5.9019,0.0,20.0,area_core_07,3.563308513451563
day_3,Mild sunny day,0.2,93,23.25,5.8094,0.0,20.0,area_core_07,3.5831749007841998
day_3,Mild sunny day,0.2,94,23.5,5.7284,0.0,20.0,area_core_07,3.6005714129349418
day_3,Mild sunny day,0.2,95,23.75,5.6592,0.0,20.0,area_core_07,3.6154336183773035
day_3,Mild sunny day,0.2,0,0.0,5.6022,0.0,20.0,area_core_08,5.077119381873505
day_3,Mild sunny day,0.2,1,0.25,5.5576,0.0,20.0,area_core_08,5.097692731221053
day_3,Mild sunny day,0.2,2,0.5,5.5257,0.0,20.0,area_core_08,5.112407750149008
day_3,Mild sunny day,0.2,3,0.75,5.5064,0.0,20.0,area_core_08,5.121310567243351
day_3,Mild sunny day,0.2,4,1.0,5.5,0.0,20.0,area_core_08,5.124262796746138
day_3,Mild sunny day,0.2,5,1.25,5.5064,0.0,20.0,area_core_08,5.121310567243351
day_3,Mild sunny day,0.2,6,1.5,5.5257,0.0,20.0,area_core_08,5.112407750149008
day_3,Mild sunny day,0.2,7,1.75,5.5576,0.0,20.0,area_core_08,5.097692731221053
day_3,Mild sunny day,0.2,8,2.0,5.6022,0.0,20.0,area_core_08,5.077119381873505
day_3,Mild sunny day,0.2,9,2.25,5.6592,0.0,20.0,area_core_08,5.050826087864307
day_3,Mild sunny day,0.2,10,2.5,5.7284,0.0,20.0,area_core_08,5.018905106365421
day_3,Mild sunny day,0.2,11,2.75,5.8094,0.0,20.0,area_core_08,4.9815409517207705
day_3,Mild sunny day,0.2,12,3.0,5.9019,0.0,20.0,area_core_08,4.9388720096883
day_3,Mild sunny day,0.2,13,3.25,6.0056,0.0,20.0,area_core_08,4.891036666025951
day_3,Mild sunny day,0.2,14,3.5,6.1199,0.0,20.0,area_core_08,4.838311692249611
day_3,Mild sunny day,0.2,15,3.75,6.2445,0.0,20.0,area_core_08,4.780835474117224
day_3,Mild sunny day,0.2,16,4.0,6.3787,0.0,20.0,area_core_08,4.718930911730657
day_3,Mild sunny day,0.2,17,4.25,6.522,0.0,20.0,area_core_08,4.652828648019812
day_3,Mild sunny day,0.2,18,4.5,6.6737,0.0,20.0,area_core_08,4.58285158308656
day_3,Mild sunny day,0.2,19,4.75,6.8333,0.0,20.0,area_core_08,4.509230359860805
day_3,Mild sunny day,0.2,20,5.0,7.0,0.0,20.0,area_core_08,4.432334007030396
day_3,Mild sunny day,0.2,21,5.25,7.1731,0.0,20.0,area_core_08,4.3524854246972
day_3,Mild sunny day,0.2,22,5.5,7.3519,0.0,20.0,area_core_08,4.270007512963083
day_3,Mild sunny day,0.2,23,5.75,7.5357,0.0,20.0,area_core_08,4.185223171929914
day_3,Mild sunny day,0.2,24,6.0,7.7235,0.0,20.0,area_core_08,4.0985936874575035
day_3,Mild sunny day,0.2,25,6.25,7.9147,0.0,20.0,area_core_08,4.010395831061737
day_3,Mild sunny day,0.2,26,6.5,8.1084,0.0,20.0,area_core_08,3.9210447600164446
day_3,Mild sunny day,0.2,27,6.75,8.3038,0.0,20.0,area_core_08,3.8309095030094733
day_3,Mild sunny day,0.2,28,7.0,8.5,0.0,20.0,area_core_08,3.7404052173146543
day_3,Mild sunny day,0.2,29,7.25,8.6962,17.0048,20.0,area_core_08,3.607985151765294
day_3,Mild sunny day,0.2,30,7.5,8.8916,33.9368,20.0,area_core_08,3.4761135623993944
day_3,Mild sunny day,0.2,31,7.75,9.0853,50.7235,20.0,area_core_08,3.3453843145049627
day_3,Mild sunny day,0.2,32,8.0,9.2765,67.293,20.0,area_core_08,3.216343665821146
day_3,Mild sunny day,0.2,33,8.25,9.4643,83.5743,20.0,area_core_08,3.08958178422876
day_3,Mild sunny day,0.2,34,8.5,9.6481,99.4977,20.0,area_core_08,2.965547247431112
day_3,Mild sunny day,0.2,35,8.75,9.8269,114.9951,20.0,area_core_08,2.844869203574432
day_3,Mild sunny day,0.2,36,9.0,10.0,130.0,20.0,area_core_08,2.7280344711460014
day_3,Mild sunny day,0.2,37,9.25,10.1667,144.4483,20.0,area_core_08,2.6155239527816034
day_3,Mild sunny day,0.2,38,9.5,10.3263,158.278,20.0,area_core_08,2.5078133747469504
day_3,Mild sunny day,0.2,39,9.75,10.478,171.4299,20.0,area_core_08,2.4054176900669826
day_3,Mild sunny day,0.2,40,10.0,10.6213,183.8478,20.0,area_core_08,2.3087060711943184
day_3,Mild sunny day,0.2,41,10.25,10.7555,195.4783,20.0,area_core_08,2.218133045926785
day_3,Mild sunny day,0.2,42,10.5,10.8801,206.2719,20.0,area_core_08,2.1340512716315496
day_3,Mild sunny day,0.2,43,10.75,10.9944,216.1821,20.0,area_core_08,2.056898268033366
day_3,Mild sunny day,0.2,44,11.0,11.0981,225.1666,20.0,area_core_08,1.9869166877729318
day_3,Mild sunny day,0.2,45,11.25,11.1906,233.1869,20.0,area_core_08,1.9244782024840061
day_3,Mild sunny day,0.2,46,11.5,11.2716,240.2087,20.0,area_core_08,1.869805745302271
day_3,Mild sunny day,0.2,47,11.75,11.3408,246.2018,20.0,area_core_08,1.8231121431170925
day_3,Mild sunny day,0.2,48,12.0,11.3978,251.1407,20.0,area_core_08,1.7846447661946225
day_3,Mild sunny day,0.2,49,12.25,11.4424,255.0042,20.0,area_core_08,1.7545481283951077
day_3,Mild sunny day,0.2,50,12.5,11.4743,257.7757,20.0,area_core_08,1.733001533449389
day_3,Mild sunny day,0.2,51,12.75,11.4936,259.4433,20.0,area_core_08,1.7199881855351928
day_3,Mild sunny day,0.2,52,13.0,11.5,260.0,20.0,area_core_08,1.7156637249773499
day_3,Mild sunny day,0.2,53,13.25,11.4936,259.4433,20.0,area_core_08,1.7199881855351928
day_3,Mild sunny day,0.2,54,13.5,11.4743,257.7757,20.0,area_core_08,1.733001533449389
day_3,Mild sunny day,0.2,55,13.75,11.4424,255.0042,20.0,area_core_08,1.7545481283951077
day_3,Mild sunny day,0.2,56,14.0,11.3978,251.1407,20.0,area_core_08,1.7846447661946225
day_3,Mild sunny day,0.2,57,14.25,11.3408,246.2018,20.0,area_core_08,1.8231121431170925
day_3,Mild sunny day,0.2,58,14.5,11.2716,240.2087,20.0,area_core_08,1.869805745302271
day_3,Mild sunny day,0.2,59,14.75,11.1906,233.1869,20.0,area_core_08,1.9244782024840061
day_3,Mild sunny day,0.2,60,15.0,11.0981,225.1666,20.0,area_core_08,1.9869166877729318
day_3,Mild sunny day,0.2,61,15.25,10.9944,216.1821,20.0,area_core_08,2.056898268033366
day_3,Mild sunny day,0.2,62,15.5,10.8801,206.2719,20.0,area_core_08,2.1340512716315496
day_3,Mild sunny day,0.2,63,15.75,10.7555,195.4783,20.0,area_core_08,2.218133045926785
day_3,Mild sunny day,0.2,64,16.0,10.6213,183.8478,20.0,area_core_08,2.3087060711943184
day_3,Mild sunny day,0.2,65,16.25,10.478,171.4299,20.0,area_core_08,2.4054176900669826
day_3,Mild sunny day,0.2,66,16.5,10.3263,158.278,20.0,area_core_08,2.5078133747469504
day_3,Mild sunny day,0.2,67,16.75,10.1667,144.4483,20.0,area_core_08,2.6155239527816034
day_3,Mild sunny day,0.2,68,17.0,10.0,130.0,20.0,area_core_08,2.7280344711460014
day_3,Mild sunny day,0.2,69,17.25,9.8269,114.9951,20.0,area_core_08,2.844869203574432
day_3,Mild sunny day,0.2,70,17.5,9.6481,99.4977,20.0,area_core_08,2.965547247431112
day_3,Mild sunny day,0.2,71,17.75,9.4643,83.5743,20.0,area_core_08,3.08958178422876
day_3,Mild sunny day,0.2,72,18.0,9.2765,67.293,20.0,area_core_08,3.216343665821146
day_3,Mild sunny day,0.2,73,18.25,9.0853,50.7235,20.0,area_core_08,3.3453843145049627
day_3,Mild sunny day,0.2,74,18.5,8.8916,33.9368,20.0,area_core_08,3.4761135623993944
day_3,Mild sunny day,0.2,75,18.75,8.6962,17.0048,20.0,area_core_08,3.607985151765294
day_3,Mild sunny day,0.2,76,19.0,8.5,0.0,20.0,area_core_08,3.7404052173146543
day_3,Mild sunny day,0.2,77,19.25,8.3038,0.0,20.0,area_core_08,3.8309095030094733
day_3,Mild sunny day,0.2,78,19.5,8.1084,0.0,20.0,area_core_08,3.9210447600164446
day_3,Mild sunny day,0.2,79,19.75,7.9147,0.0,20.0,area_core_08,4.010395831061737
day_3,Mild sunny day,0.2,80,20.0,7.7235,0.0,20.0,area_core_08,4.0985936874575035
day_3,Mild sunny day,0.2,81,20.25,7.5357,0.0,20.0,area_core_08,4.185223171929914
day_3,Mild sunny day,0.2,82,20.5,7.3519,0.0,20.0,area_core_08,4.270007512963083
day_3,Mild sunny day,0.2,83,20.75,7.1731,0.0,20.0,area_core_08,4.3524854246972
day_3,Mild sunny day,0.2,84,21.0,7.0,0.0,20.0,area_core_08,4.432334007030396
day_3,Mild sunny day,0.2,85,21.25,6.8333,0.0,20.0,area_core_08,4.509230359860805
day_3,Mild sunny day,0.2,86,21.5,6.6737,0.0,20.0,area_core_08,4.58285158308656
day_3,Mild sunny day,0.2,87,21.75,6.522,0.0,20.0,area_core_08,4.652828648019812
day_3,Mild sunny day,0.2,88,22.0,6.3787,0.0,20.0,area_core_08,4.718930911730657
day_3,Mild sunny day,0.2,89,22.25,6.2445,0.0,20.0,area_core_08,4.780835474117224
day_3,Mild sunny day,0.2,90,22.5,6.1199,0.0,20.0,area_core_08,4.838311692249611
day_3,Mild sunny day,0.2,91,22.75,6.0056,0.0,20.0,area_core_08,4.891036666025951
day_3,Mild sunny day,0.2,92,23.0,5.9019,0.0,20.0,area_core_08,4.9388720096883
day_3,Mild sunny day,0.2,93,23.25,5.8094,0.0,20.0,area_core_08,4.9815409517207705
day_3,Mild sunny day,0.2,94,23.5,5.7284,0.0,20.0,area_core_08,5.018905106365421
day_3,Mild sunny day,0.2,95,23.75,5.6592,0.0,20.0,area_core_08,5.050826087864307
day_3,Mild sunny day,0.2,0,0.0,5.6022,0.0,20.0,area_old_01,0.961909282378536
day_3,Mild sunny day,0.2,1,0.25,5.5576,0.0,20.0,area_old_01,0.9686447258619193
day_3,Mild sunny day,0.2,2,0.5,5.5257,0.0,20.0,area_old_01,0.9734622291605723
day_3,Mild sunny day,0.2,3,0.75,5.5064,0.0,20.0,area_old_01,0.9763768941657136
day_3,Mild sunny day,0.2,4,1.0,5.5,0.0,20.0,area_old_01,0.9773434152036882
day_3,Mild sunny day,0.2,5,1.25,5.5064,0.0,20.0,area_old_01,0.9763768941657136
day_3,Mild sunny day,0.2,6,1.5,5.5257,0.0,20.0,area_old_01,0.9734622291605723
day_3,Mild sunny day,0.2,7,1.75,5.5576,0.0,20.0,area_old_01,0.9686447258619193
day_3,Mild sunny day,0.2,8,2.0,5.6022,0.0,20.0,area_old_01,0.961909282378536
day_3,Mild sunny day,0.2,9,2.25,5.6592,0.0,20.0,area_old_01,0.953301204384077
day_3,Mild sunny day,0.2,10,2.5,5.7284,0.0,20.0,area_old_01,0.9428506956609799
day_3,Mild sunny day,0.2,11,2.75,5.8094,0.0,20.0,area_old_01,0.9306181637741178
day_3,Mild sunny day,0.2,12,3.0,5.9019,0.0,20.0,area_old_01,0.916648914397145
day_3,Mild sunny day,0.2,13,3.25,6.0056,0.0,20.0,area_old_01,0.9009882532037179
day_3,Mild sunny day,0.2,14,3.5,6.1199,0.0,20.0,area_old_01,0.8837267915411458
day_3,Mild sunny day,0.2,15,3.75,6.2445,0.0,20.0,area_old_01,0.8649098350830835
day_3,Mild sunny day,0.2,16,4.0,6.3787,0.0,20.0,area_old_01,0.8446430970680598
day_3,Mild sunny day,0.2,17,4.25,6.522,0.0,20.0,area_old_01,0.8230020869521666
day_3,Mild sunny day,0.2,18,4.5,6.6737,0.0,20.0,area_old_01,0.800092517973932
day_3,Mild sunny day,0.2,19,4.75,6.8333,0.0,20.0,area_old_01,0.7759898995894474
day_3,Mild sunny day,0.2,20,5.0,7.0,0.0,20.0,area_old_01,0.7508150469284607
day_3,Mild sunny day,0.2,21,5.25,7.1731,0.0,20.0,area_old_01,0.7246736732294996
day_3,Mild sunny day,0.2,22,5.5,7.3519,0.0,20.0,area_old_01,0.6976714917310924
day_3,Mild sunny day,0.2,23,5.75,7.5357,0.0,20.0,area_old_01,0.6699142156717679
day_3,Mild sunny day,0.2,24,6.0,7.7235,0.0,20.0,area_old_01,0.6415528639637096
day_3,Mild sunny day,0.2,25,6.25,7.9147,0.0,20.0,area_old_01,0.6126780479542273
day_3,Mild sunny day,0.2,26,6.5,8.1084,0.0,20.0,area_old_01,0.5834256846642862
day_3,Mild sunny day,0.2,27,6.75,8.3038,0.0,20.0,area_old_01,0.5539165892236331
day_3,Mild sunny day,0.2,28,7.0,8.5,0.0,20.0,area_old_01,0.5242866786532336
day_3,Mild sunny day,0.2,29,7.25,8.6962,17.0048,20.0,area_old_01,0.4822882993276636
day_3,Mild sunny day,0.2,30,7.5,8.8916,33.9368,20.0,area_old_01,0.4404636863294653
day_3,Mild sunny day,0.2,31,7.75,9.0853,50.7235,20.0,area_old_01,0.39900148967174487
day_3,Mild sunny day,0.2,32,8.0,9.2765,67.293,20.0,area_old_01,0.35807482106541944
day_3,Mild sunny day,0.2,33,8.25,9.4643,83.5743,20.0,area_old_01,0.3178712394961716
day_3,Mild sunny day,0.2,34,8.5,9.6481,99.4977,20.0,area_old_01,0.27853205271892767
day_3,Mild sunny day,0.2,35,8.75,9.8269,114.9951,20.0,area_old_01,0.24025781229090182
day_3,Mild sunny day,0.2,36,9.0,10.0,130.0,20.0,area_old_01,0.20320260033306936
day_3,Mild sunny day,0.2,37,9.25,10.1667,144.4483,20.0,area_old_01,0.16751875332252664
day_3,Mild sunny day,0.2,38,9.5,10.3263,158.278,20.0,area_old_01,0.13335708029797733
day_3,Mild sunny day,0.2,39,9.75,10.478,171.4299,20.0,area_old_01,0.10088145560481965
day_3,Mild sunny day,0.2,40,10.0,10.6213,183.8478,20.0,area_old_01,0.07020826585994899
day_3,Mild sunny day,0.2,41,10.25,10.7555,195.4783,20.0,area_old_01,0.04148206487817441
day_3,Mild sunny day,0.2,42,10.5,10.8801,206.2719,20.0,area_old_01,0.014814366020565739
day_3,Mild sunny day,0.2,43,10.75,10.9944,216.1821,20.0,area_old_01,0.0
day_3,Mild sunny day,0.2,44,11.0,11.0981,225.1666,20.0,area_old_01,0.0
day_3,Mild sunny day,0.2,45,11.25,11.1906,233.1869,20.0,area_old_01,0.0
day_3,Mild sunny day,0.2,46,11.5,11.2716,240.2087,20.0,area_old_01,0.0
day_3,Mild sunny day,0.2,47,11.75,11.3408,246.2018,20.0,area_old_01,0.0
day_3,Mild sunny day,0.2,48,12.0,11.3978,251.1407,20.0,area_old_01,0.0
day_3,Mild sunny day,0.2,49,12.25,11.4424,255.0042,20.0,area_old_01,0.0
day_3,Mild sunny day,0.2,50,12.5,11.4743,257.7757,20.0,area_old_01,0.0
day_3,Mild sunny day,0.2,51,12.75,11.4936,259.4433,20.0,area_old_01,0.0
day_3,Mild sunny day,0.2,52,13.0,11.5,260.0,20.0,area_old_01,0.0
day_3,Mild sunny day,0.2,53,13.25,11.4936,259.4433,20.0,area_old_01,0.0
day_3,Mild sunny day,0.2,54,13.5,11.4743,257.7757,20.0,area_old_01,0.0
day_3,Mild sunny day,0.2,55,13.75,11.4424,255.0042,20.0,area_old_01,0.0
day_3,Mild sunny day,0.2,56,14.0,11.3978,251.1407,20.0,area_old_01,0.0
day_3,Mild sunny day,0.2,57,14.25,11.3408,246.2018,20.0,area_old_01,0.0
day_3,Mild sunny day,0.2,58,14.5,11.2716,240.2087,20.0,area_old_01,0.0
day_3,Mild sunny day,0.2,59,14.75,11.1906,233.1869,20.0,area_old_01,0.0
day_3,Mild sunny day,0.2,60,15.0,11.0981,225.1666,20.0,area_old_01,0.0
day_3,Mild sunny day,0.2,61,15.25,10.9944,216.1821,20.0,area_old_01,0.0
day_3,Mild sunny day,0.2,62,15.5,10.8801,206.2719,20.0,area_old_01,0.014814366020565739
day_3,Mild sunny day,0.2,63,15.75,10.7555,195.4783,20.0,area_old_01,0.04148206487817441
day_3,Mild sunny day,0.2,64,16.0,10.6213,183.8478,20.0,area_old_01,0.07020826585994899
day_3,Mild sunny day,0.2,65,16.25,10.478,171.4299,20.0,area_old_01,0.10088145560481965
day_3,Mild sunny day,0.2,66,16.5,10.3263,158.278,20.0,area_old_01,0.13335708029797733
day_3,Mild sunny day,0.2,67,16.75,10.1667,144.4483,20.0,area_old_01,0.16751875332252664
day_3,Mild sunny day,0.2,68,17.0,10.0,130.0,20.0,area_old_01,0.20320260033306936
day_3,Mild sunny day,0.2,69,17.25,9.8269,114.9951,20.0,area_old_01,0.24025781229090182
day_3,Mild sunny day,0.2,70,17.5,9.6481,99.4977,20.0,area_old_01,0.27853205271892767
day_3,Mild sunny day,0.2,71,17.75,9.4643,83.5743,20.0,area_old_01,0.3178712394961716
day_3,Mild sunny day,0.2,72,18.0,9.2765,67.293,20.0,area_old_01,0.35807482106541944
day_3,Mild sunny day,0.2,73,18.25,9.0853,50.7235,20.0,area_old_01,0.39900148967174487
day_3,Mild sunny day,0.2,74,18.5,8.8916,33.9368,20.0,area_old_01,0.4404636863294653
day_3,Mild sunny day,0.2,75,18.75,8.6962,17.0048,20.0,area_old_01,0.4822882993276636
day_3,Mild sunny day,0.2,76,19.0,8.5,0.0,20.0,area_old_01,0.5242866786532336
day_3,Mild sunny day,0.2,77,19.25,8.3038,0.0,20.0,area_old_01,0.5539165892236331
day_3,Mild sunny day,0.2,78,19.5,8.1084,0.0,20.0,area_old_01,0.5834256846642862
day_3,Mild sunny day,0.2,79,19.75,7.9147,0.0,20.0,area_old_01,0.6126780479542273
day_3,Mild sunny day,0.2,80,20.0,7.7235,0.0,20.0,area_old_01,0.6415528639637096
day_3,Mild sunny day,0.2,81,20.25,7.5357,0.0,20.0,area_old_01,0.6699142156717679
day_3,Mild sunny day,0.2,82,20.5,7.3519,0.0,20.0,area_old_01,0.6976714917310924
day_3,Mild sunny day,0.2,83,20.75,7.1731,0.0,20.0,area_old_01,0.7246736732294996
day_3,Mild sunny day,0.2,84,21.0,7.0,0.0,20.0,area_old_01,0.7508150469284607
day_3,Mild sunny day,0.2,85,21.25,6.8333,0.0,20.0,area_old_01,0.7759898995894474
day_3,Mild sunny day,0.2,86,21.5,6.6737,0.0,20.0,area_old_01,0.800092517973932
day_3,Mild sunny day,0.2,87,21.75,6.522,0.0,20.0,area_old_01,0.8230020869521666
day_3,Mild sunny day,0.2,88,22.0,6.3787,0.0,20.0,area_old_01,0.8446430970680598
day_3,Mild sunny day,0.2,89,22.25,6.2445,0.0,20.0,area_old_01,0.8649098350830835
day_3,Mild sunny day,0.2,90,22.5,6.1199,0.0,20.0,area_old_01,0.8837267915411458
day_3,Mild sunny day,0.2,91,22.75,6.0056,0.0,20.0,area_old_01,0.9009882532037179
day_3,Mild sunny day,0.2,92,23.0,5.9019,0.0,20.0,area_old_01,0.916648914397145
day_3,Mild sunny day,0.2,93,23.25,5.8094,0.0,20.0,area_old_01,0.9306181637741178
day_3,Mild sunny day,0.2,94,23.5,5.7284,0.0,20.0,area_old_01,0.9428506956609799
day_3,Mild sunny day,0.2,95,23.75,5.6592,0.0,20.0,area_old_01,0.953301204384077
day_3,Mild sunny day,0.2,0,0.0,5.6022,0.0,20.0,area_old_02,2.4669635683640516
day_3,Mild sunny day,0.2,1,0.25,5.5576,0.0,20.0,area_old_02,2.4753745628771995
day_3,Mild sunny day,0.2,2,0.5,5.5257,0.0,20.0,area_old_02,2.4813904984146307
day_3,Mild sunny day,0.2,3,0.75,5.5064,0.0,20.0,area_old_02,2.485030233708437
day_3,Mild sunny day,0.2,4,1.0,5.5,0.0,20.0,area_old_02,2.4862371925623417
day_3,Mild sunny day,0.2,5,1.25,5.5064,0.0,20.0,area_old_02,2.485030233708437
day_3,Mild sunny day,0.2,6,1.5,5.5257,0.0,20.0,area_old_02,2.4813904984146307
day_3,Mild sunny day,0.2,7,1.75,5.5576,0.0,20.0,area_old_02,2.4753745628771995
day_3,Mild sunny day,0.2,8,2.0,5.6022,0.0,20.0,area_old_02,2.4669635683640516
day_3,Mild sunny day,0.2,9,2.25,5.6592,0.0,20.0,area_old_02,2.4562140910714634
day_3,Mild sunny day,0.2,10,2.5,5.7284,0.0,20.0,area_old_02,2.4431638484636196
day_3,Mild sunny day,0.2,11,2.75,5.8094,0.0,20.0,area_old_02,2.427888275468889
day_3,Mild sunny day,0.2,12,3.0,5.9019,0.0,20.0,area_old_02,2.410443948283548
day_3,Mild sunny day,0.2,13,3.25,6.0056,0.0,20.0,area_old_02,2.3908874431038742
day_3,Mild sunny day,0.2,14,3.5,6.1199,0.0,20.0,area_old_02,2.369331912322421
day_3,Mild sunny day,0.2,15,3.75,6.2445,0.0,20.0,area_old_02,2.345833932135465
day_3,Mild sunny day,0.2,16,4.0,6.3787,0.0,20.0,area_old_02,2.320525513667652
day_3,Mild sunny day,0.2,17,4.25,6.522,0.0,20.0,area_old_02,2.2935009505794435
day_3,Mild sunny day,0.2,18,4.5,6.6737,0.0,20.0,area_old_02,2.2648922539954848
day_3,Mild sunny day,0.2,19,4.75,6.8333,0.0,20.0,area_old_02,2.2347937175762373
day_3,Mild sunny day,0.2,20,5.0,7.0,0.0,20.0,area_old_02,2.2033562111784404
day_3,Mild sunny day,0.2,21,5.25,7.1731,0.0,20.0,area_old_02,2.170711745926738
day_3,Mild sunny day,0.2,22,5.5,7.3519,0.0,20.0,area_old_02,2.136992332945777
day_3,Mild sunny day,0.2,23,5.75,7.5357,0.0,20.0,area_old_02,2.1023299833602027
day_3,Mild sunny day,0.2,24,6.0,7.7235,0.0,20.0,area_old_02,2.0669132844909384
day_3,Mild sunny day,0.2,25,6.25,7.9147,0.0,20.0,area_old_02,2.0308553887305374
day_3,Mild sunny day,0.2,26,6.5,8.1084,0.0,20.0,area_old_02,1.9943260246678296
day_3,Mild sunny day,0.2,27,6.75,8.3038,0.0,20.0,area_old_02,1.9574760621595528
day_3,Mild sunny day,0.2,28,7.0,8.5,0.0,20.0,area_old_02,1.9204752297945387
day_3,Mild sunny day,0.2,29,7.25,8.6962,17.0048,20.0,area_old_02,1.788638380185629
day_3,Mild sunny day,0.2,30,7.5,8.8916,33.9368,20.0,area_old_02,1.6573584070936567
day_3,Mild sunny day,0.2,31,7.75,9.0853,50.7235,20.0,area_old_02,1.527209372663282
day_3,Mild sunny day,0.2,32,8.0,9.2765,67.293,20.0,area_old_02,1.3987431340983358
day_3,Mild sunny day,0.2,33,8.25,9.4643,83.5743,20.0,area_old_02,1.2725253880216343
day_3,Mild sunny day,0.2,34,8.5,9.6481,99.4977,20.0,area_old_02,1.1490580047407835
day_3,Mild sunny day,0.2,35,8.75,9.8269,114.9951,20.0,area_old_02,1.0289093662684583
day_3,Mild sunny day,0.2,36,9.0,10.0,130.0,20.0,area_old_02,0.9125823551977563
day_3,Mild sunny day,0.2,37,9.25,10.1667,144.4483,20.0,area_old_02,0.8005664692868228
day_3,Mild sunny day,0.2,38,9.5,10.3263,158.278,20.0,area_old_02,0.6933394945632205
day_3,Mild sunny day,0.2,39,9.75,10.478,171.4299,20.0,area_old_02,0.5913824601458275
day_3,Mild sunny day,0.2,40,10.0,10.6213,183.8478,20.0,area_old_02,0.4951030879135556
day_3,Mild sunny day,0.2,41,10.25,10.7555,195.4783,20.0,area_old_02,0.40493120156872386
day_3,Mild sunny day,0.2,42,10.5,10.8801,206.2719,20.0,area_old_02,0.3212371569926711
day_3,Mild sunny day,0.2,43,10.75,10.9944,216.1821,20.0,area_old_02,0.24441229648723084
day_3,Mild sunny day,0.2,44,11.0,11.0981,225.1666,20.0,area_old_02,0.17474910396470245
day_3,Mild sunny day,0.2,45,11.25,11.1906,233.1869,20.0,area_old_02,0.11257544687832133
day_3,Mild sunny day,0.2,46,11.5,11.2716,240.2087,20.0,area_old_02,0.058139193023881486
day_3,Mild sunny day,0.2,47,11.75,11.3408,246.2018,20.0,area_old_02,0.011665344437467473
day_3,Mild sunny day,0.2,48,12.0,11.3978,251.1407,20.0,area_old_02,0.0
day_3,Mild sunny day,0.2,49,12.25,11.4424,255.0042,20.0,area_old_02,0.0
day_3,Mild sunny day,0.2,50,12.5,11.4743,257.7757,20.0,area_old_02,0.0
day_3,Mild sunny day,0.2,51,12.75,11.4936,259.4433,20.0,area_old_02,0.0
day_3,Mild sunny day,0.2,52,13.0,11.5,260.0,20.0,area_old_02,0.0
day_3,Mild sunny day,0.2,53,13.25,11.4936,259.4433,20.0,area_old_02,0.0
day_3,Mild sunny day,0.2,54,13.5,11.4743,257.7757,20.0,area_old_02,0.0
day_3,Mild sunny day,0.2,55,13.75,11.4424,255.0042,20.0,area_old_02,0.0
day_3,Mild sunny day,0.2,56,14.0,11.3978,251.1407,20.0,area_old_02,0.0
day_3,Mild sunny day,0.2,57,14.25,11.3408,246.2018,20.0,area_old_02,0.011665344437467473
day_3,Mild sunny day,0.2,58,14.5,11.2716,240.2087,20.0,area_old_02,0.058139193023881486
day_3,Mild sunny day,0.2,59,14.75,11.1906,233.1869,20.0,area_old_02,0.11257544687832133
day_3,Mild sunny day,0.2,60,15.0,11.0981,225.1666,20.0,area_old_02,0.17474910396470245
day_3,Mild sunny day,0.2,61,15.25,10.9944,216.1821,20.0,area_old_02,0.24441229648723084
day_3,Mild sunny day,0.2,62,15.5,10.8801,206.2719,20.0,area_old_02,0.3212371569926711
day_3,Mild sunny day,0.2,63,15.75,10.7555,195.4783,20.0,area_old_02,0.40493120156872386
day_3,Mild sunny day,0.2,64,16.0,10.6213,183.8478,20.0,area_old_02,0.4951030879135556
day_3,Mild sunny day,0.2,65,16.25,10.478,171.4299,20.0,area_old_02,0.5913824601458275
day_3,Mild sunny day,0.2,66,16.5,10.3263,158.278,20.0,area_old_02,0.6933394945632205
day_3,Mild sunny day,0.2,67,16.75,10.1667,144.4483,20.0,area_old_02,0.8005664692868228
day_3,Mild sunny day,0.2,68,17.0,10.0,130.0,20.0,area_old_02,0.9125823551977563
day_3,Mild sunny day,0.2,69,17.25,9.8269,114.9951,20.0,area_old_02,1.0289093662684583
day_3,Mild sunny day,0.2,70,17.5,9.6481,99.4977,20.0,area_old_02,1.1490580047407835
day_3,Mild sunny day,0.2,71,17.75,9.4643,83.5743,20.0,area_old_02,1.2725253880216343
day_3,Mild sunny day,0.2,72,18.0,9.2765,67.293,20.0,area_old_02,1.3987431340983358
day_3,Mild sunny day,0.2,73,18.25,9.0853,50.7235,20.0,area_old_02,1.527209372663282
day_3,Mild sunny day,0.2,74,18.5,8.8916,33.9368,20.0,area_old_02,1.6573584070936567
day_3,Mild sunny day,0.2,75,18.75,8.6962,17.0048,20.0,area_old_02,1.788638380185629
day_3,Mild sunny day,0.2,76,19.0,8.5,0.0,20.0,area_old_02,1.9204752297945387
day_3,Mild sunny day,0.2,77,19.25,8.3038,0.0,20.0,area_old_02,1.9574760621595528
day_3,Mild sunny day,0.2,78,19.5,8.1084,0.0,20.0,area_old_02,1.9943260246678296
day_3,Mild sunny day,0.2,79,19.75,7.9147,0.0,20.0,area_old_02,2.0308553887305374
day_3,Mild sunny day,0.2,80,20.0,7.7235,0.0,20.0,area_old_02,2.0669132844909384
day_3,Mild sunny day,0.2,81,20.25,7.5357,0.0,20.0,area_old_02,2.1023299833602027
day_3,Mild sunny day,0.2,82,20.5,7.3519,0.0,20.0,area_old_02,2.136992332945777
day_3,Mild sunny day,0.2,83,20.75,7.1731,0.0,20.0,area_old_02,2.170711745926738
day_3,Mild sunny day,0.2,84,21.0,7.0,0.0,20.0,area_old_02,2.2033562111784404
day_3,Mild sunny day,0.2,85,21.25,6.8333,0.0,20.0,area_old_02,2.2347937175762373
day_3,Mild sunny day,0.2,86,21.5,6.6737,0.0,20.0,area_old_02,2.2648922539954848
day_3,Mild sunny day,0.2,87,21.75,6.522,0.0,20.0,area_old_02,2.2935009505794435
day_3,Mild sunny day,0.2,88,22.0,6.3787,0.0,20.0,area_old_02,2.320525513667652
day_3,Mild sunny day,0.2,89,22.25,6.2445,0.0,20.0,area_old_02,2.345833932135465
day_3,Mild sunny day,0.2,90,22.5,6.1199,0.0,20.0,area_old_02,2.369331912322421
day_3,Mild sunny day,0.2,91,22.75,6.0056,0.0,20.0,area_old_02,2.3908874431038742
day_3,Mild sunny day,0.2,92,23.0,5.9019,0.0,20.0,area_old_02,2.410443948283548
day_3,Mild sunny day,0.2,93,23.25,5.8094,0.0,20.0,area_old_02,2.427888275468889
day_3,Mild sunny day,0.2,94,23.5,5.7284,0.0,20.0,area_old_02,2.4431638484636196
day_3,Mild sunny day,0.2,95,23.75,5.6592,0.0,20.0,area_old_02,2.4562140910714634
day_3,Mild sunny day,0.2,0,0.0,5.6022,0.0,20.0,area_old_03,1.7386480962028243
day_3,Mild sunny day,0.2,1,0.25,5.5576,0.0,20.0,area_old_03,1.7489518909470139
day_3,Mild sunny day,0.2,2,0.5,5.5257,0.0,20.0,area_old_03,1.7563216454837778
day_3,Mild sunny day,0.2,3,0.75,5.5064,0.0,20.0,area_old_03,1.7607804624919141
day_3,Mild sunny day,0.2,4,1.0,5.5,0.0,20.0,area_old_03,1.7622590339350261
day_3,Mild sunny day,0.2,5,1.25,5.5064,0.0,20.0,area_old_03,1.7607804624919141
day_3,Mild sunny day,0.2,6,1.5,5.5257,0.0,20.0,area_old_03,1.7563216454837778
day_3,Mild sunny day,0.2,7,1.75,5.5576,0.0,20.0,area_old_03,1.7489518909470139
day_3,Mild sunny day,0.2,8,2.0,5.6022,0.0,20.0,area_old_03,1.7386480962028243
day_3,Mild sunny day,0.2,9,2.25,5.6592,0.0,20.0,area_old_03,1.7254795692876037
day_3,Mild sunny day,0.2,10,2.5,5.7284,0.0,20.0,area_old_03,1.7094925155589502
day_3,Mild sunny day,0.2,11,2.75,5.8094,0.0,20.0,area_old_03,1.6907793457320586
day_3,Mild sunny day,0.2,12,3.0,5.9019,0.0,20.0,area_old_03,1.6694093678433233
day_3,Mild sunny day,0.2,13,3.25,6.0056,0.0,20.0,area_old_03,1.645451889929142
day_3,Mild sunny day,0.2,14,3.5,6.1199,0.0,20.0,area_old_03,1.6190455280623053
day_3,Mild sunny day,0.2,15,3.75,6.2445,0.0,20.0,area_old_03,1.59025959027921
day_3,Mild sunny day,0.2,16,4.0,6.3787,0.0,20.0,area_old_03,1.5592557953314459
day_3,Mild sunny day,0.2,17,4.25,6.522,0.0,20.0,area_old_03,1.526149656613006
day_3,Mild sunny day,0.2,18,4.5,6.6737,0.0,20.0,area_old_03,1.4911028928754808
day_3,Mild sunny day,0.2,19,4.75,6.8333,0.0,20.0,area_old_03,1.4542310175128637
day_3,Mild sunny day,0.2,20,5.0,7.0,0.0,20.0,area_old_03,1.4157188519555444
day_3,Mild sunny day,0.2,21,5.25,7.1731,0.0,20.0,area_old_03,1.3757281149551122
day_3,Mild sunny day,0.2,22,5.5,7.3519,0.0,20.0,area_old_03,1.3344205252631576
day_3,Mild sunny day,0.2,23,5.75,7.5357,0.0,20.0,area_old_03,1.291957801631272
day_3,Mild sunny day,0.2,24,6.0,7.7235,0.0,20.0,area_old_03,1.248570970847441
day_3,Mild sunny day,0.2,25,6.25,7.9147,0.0,20.0,area_old_03,1.2043986489844563
day_3,Mild sunny day,0.2,26,6.5,8.1084,0.0,20.0,area_old_03,1.159648760151506
day_3,Mild sunny day,0.2,27,6.75,8.3038,0.0,20.0,area_old_03,1.1145061257789783
day_3,Mild sunny day,0.2,28,7.0,8.5,0.0,20.0,area_old_03,1.0691786699760626
day_3,Mild sunny day,0.2,29,7.25,8.6962,17.0048,20.0,area_old_03,0.9561977596362348
day_3,Mild sunny day,0.2,30,7.5,8.8916,33.9368,20.0,area_old_03,0.8436913049177472
day_3,Mild sunny day,0.2,31,7.75,9.0853,50.7235,20.0,area_old_03,0.7321556705732486
day_3,Mild sunny day,0.2,32,8.0,9.2765,67.293,20.0,area_old_03,0.622061731581609
day_3,Mild sunny day,0.2,33,8.25,9.4643,83.5743,20.0,area_old_03,0.5138998849580259
day_3,Mild sunny day,0.2,34,8.5,9.6481,99.4977,20.0,area_old_03,0.4080860476421766
day_3,Mild sunny day,0.2,35,8.75,9.8269,114.9951,20.0,area_old_03,0.30512218170231953
day_3,Mild sunny day,0.2,36,9.0,10.0,130.0,20.0,area_old_03,0.20543457558370326
day_3,Mild sunny day,0.2,37,9.25,10.1667,144.4483,20.0,area_old_03,0.10943996935165234
day_3,Mild sunny day,0.2,38,9.5,10.3263,158.278,20.0,area_old_03,0.01754674823906366
day_3,Mild sunny day,0.2,39,9.75,10.478,171.4299,20.0,area_old_03,0.0
day_3,Mild sunny day,0.2,40,10.0,10.6213,183.8478,20.0,area_old_03,0.0
day_3,Mild sunny day,0.2,41,10.25,10.7555,195.4783,20.0,area_old_03,0.0
day_3,Mild sunny day,0.2,42,10.5,10.8801,206.2719,20.0,area_old_03,0.0
day_3,Mild sunny day,0.2,43,10.75,10.9944,216.1821,20.0,area_old_03,0.0
day_3,Mild sunny day,0.2,44,11.0,11.0981,225.1666,20.0,area_old_03,0.0
day_3,Mild sunny day,0.2,45,11.25,11.1906,233.1869,20.0,area_old_03,0.0
day_3,Mild sunny day,0.2,46,11.5,11.2716,240.2087,20.0,area_old_03,0.0
day_3,Mild sunny day,0.2,47,11.75,11.3408,246.2018,20.0,area_old_03,0.0
day_3,Mild sunny day,0.2,48,12.0,11.3978,251.1407,20.0,area_old_03,0.0
day_3,Mild sunny day,0.2,49,12.25,11.4424,255.0042,20.0,area_old_03,0.0
day_3,Mild sunny day,0.2,50,12.5,11.4743,257.7757,20.0,area_old_03,0.0
day_3,Mild sunny day,0.2,51,12.75,11.4936,259.4433,20.0,area_old_03,0.0
day_3,Mild sunny day,0.2,52,13.0,11.5,260.0,20.0,area_old_03,0.0
day_3,Mild sunny day,0.2,53,13.25,11.4936,259.4433,20.0,area_old_03,0.0
day_3,Mild sunny day,0.2,54,13.5,11.4743,257.7757,20.0,area_old_03,0.0
day_3,Mild sunny day,0.2,55,13.75,11.4424,255.0042,20.0,area_old_03,0.0
day_3,Mild sunny day,0.2,56,14.0,11.3978,251.1407,20.0,area_old_03,0.0
day_3,Mild sunny day,0.2,57,14.25,11.3408,246.2018,20.0,area_old_03,0.0
day_3,Mild sunny day,0.2,58,14.5,11.2716,240.2087,20.0,area_old_03,0.0
day_3,Mild sunny day,0.2,59,14.75,11.1906,233.1869,20.0,area_old_03,0.0
day_3,Mild sunny day,0.2,60,15.0,11.0981,225.1666,20.0,area_old_03,0.0
day_3,Mild sunny day,0.2,61,15.25,10.9944,216.1821,20.0,area_old_03,0.0
day_3,Mild sunny day,0.2,62,15.5,10.8801,206.2719,20.0,area_old_03,0.0
day_3,Mild sunny day,0.2,63,15.75,10.7555,195.4783,20.0,area_old_03,0.0
day_3,Mild sunny day,0.2,64,16.0,10.6213,183.8478,20.0,area_old_03,0.0
day_3,Mild sunny day,0.2,65,16.25,10.478,171.4299,20.0,area_old_03,0.0
day_3,Mild sunny day,0.2,66,16.5,10.3263,158.278,20.0,area_old_03,0.01754674823906366
day_3,Mild sunny day,0.2,67,16.75,10.1667,144.4483,20.0,area_old_03,0.10943996935165234
day_3,Mild sunny day,0.2,68,17.0,10.0,130.0,20.0,area_old_03,0.20543457558370326
day_3,Mild sunny day,0.2,69,17.25,9.8269,114.9951,20.0,area_old_03,0.30512218170231953
day_3,Mild sunny day,0.2,70,17.5,9.6481,99.4977,20.0,area_old_03,0.4080860476421766
day_3,Mild sunny day,0.2,71,17.75,9.4643,83.5743,20.0,area_old_03,0.5138998849580259
day_3,Mild sunny day,0.2,72,18.0,9.2765,67.293,20.0,area_old_03,0.622061731581609
day_3,Mild sunny day,0.2,73,18.25,9.0853,50.7235,20.0,area_old_03,0.7321556705732486
day_3,Mild sunny day,0.2,74,18.5,8.8916,33.9368,20.0,area_old_03,0.8436913049177472
day_3,Mild sunny day,0.2,75,18.75,8.6962,17.0048,20.0,area_old_03,0.9561977596362348
day_3,Mild sunny day,0.2,76,19.0,8.5,0.0,20.0,area_old_03,1.0691786699760626
day_3,Mild sunny day,0.2,77,19.25,8.3038,0.0,20.0,area_old_03,1.1145061257789783
day_3,Mild sunny day,0.2,78,19.5,8.1084,0.0,20.0,area_old_03,1.159648760151506
day_3,Mild sunny day,0.2,79,19.75,7.9147,0.0,20.0,area_old_03,1.2043986489844563
day_3,Mild sunny day,0.2,80,20.0,7.7235,0.0,20.0,area_old_03,1.248570970847441
day_3,Mild sunny day,0.2,81,20.25,7.5357,0.0,20.0,area_old_03,1.291957801631272
day_3,Mild sunny day,0.2,82,20.5,7.3519,0.0,20.0,area_old_03,1.3344205252631576
day_3,Mild sunny day,0.2,83,20.75,7.1731,0.0,20.0,area_old_03,1.3757281149551122
day_3,Mild sunny day,0.2,84,21.0,7.0,0.0,20.0,area_old_03,1.4157188519555444
day_3,Mild sunny day,0.2,85,21.25,6.8333,0.0,20.0,area_old_03,1.4542310175128637
day_3,Mild sunny day,0.2,86,21.5,6.6737,0.0,20.0,area_old_03,1.4911028928754808
day_3,Mild sunny day,0.2,87,21.75,6.522,0.0,20.0,area_old_03,1.526149656613006
day_3,Mild sunny day,0.2,88,22.0,6.3787,0.0,20.0,area_old_03,1.5592557953314459
day_3,Mild sunny day,0.2,89,22.25,6.2445,0.0,20.0,area_old_03,1.59025959027921
day_3,Mild sunny day,0.2,90,22.5,6.1199,0.0,20.0,area_old_03,1.6190455280623053
day_3,Mild sunny day,0.2,91,22.75,6.0056,0.0,20.0,area_old_03,1.645451889929142
day_3,Mild sunny day,0.2,92,23.0,5.9019,0.0,20.0,area_old_03,1.6694093678433233
day_3,Mild sunny day,0.2,93,23.25,5.8094,0.0,20.0,area_old_03,1.6907793457320586
day_3,Mild sunny day,0.2,94,23.5,5.7284,0.0,20.0,area_old_03,1.7094925155589502
day_3,Mild sunny day,0.2,95,23.75,5.6592,0.0,20.0,area_old_03,1.7254795692876037
day_3,Mild sunny day,0.2,0,0.0,5.6022,0.0,20.0,area_old_04,1.795782343058597
day_3,Mild sunny day,0.2,1,0.25,5.5576,0.0,20.0,area_old_04,1.798091821709058
day_3,Mild sunny day,0.2,2,0.5,5.5257,0.0,20.0,area_old_04,1.7997436685464954
day_3,Mild sunny day,0.2,3,0.75,5.5064,0.0,20.0,area_old_04,1.8007430617741613
day_3,Mild sunny day,0.2,4,1.0,5.5,0.0,20.0,area_old_04,1.8010744667822993
day_3,Mild sunny day,0.2,5,1.25,5.5064,0.0,20.0,area_old_04,1.8007430617741613
day_3,Mild sunny day,0.2,6,1.5,5.5257,0.0,20.0,area_old_04,1.7997436685464954
day_3,Mild sunny day,0.2,7,1.75,5.5576,0.0,20.0,area_old_04,1.798091821709058
day_3,Mild sunny day,0.2,8,2.0,5.6022,0.0,20.0,area_old_04,1.795782343058597
day_3,Mild sunny day,0.2,9,2.25,5.6592,0.0,20.0,area_old_04,1.792830767204869
day_3,Mild sunny day,0.2,10,2.5,5.7284,0.0,20.0,area_old_04,1.7892474505543778
day_3,Mild sunny day,0.2,11,2.75,5.8094,0.0,20.0,area_old_04,1.7850531059201324
day_3,Mild sunny day,0.2,12,3.0,5.9019,0.0,20.0,area_old_04,1.7802632679118893
day_3,Mild sunny day,0.2,13,3.25,6.0056,0.0,20.0,area_old_04,1.7748934711394047
day_3,Mild sunny day,0.2,14,3.5,6.1199,0.0,20.0,area_old_04,1.7689747848221917
day_3,Mild sunny day,0.2,15,3.75,6.2445,0.0,20.0,area_old_04,1.762522743570007
day_3,Mild sunny day,0.2,16,4.0,6.3787,0.0,20.0,area_old_04,1.7555735948056155
day_3,Mild sunny day,0.2,17,4.25,6.522,0.0,20.0,area_old_04,1.7481532295452777
day_3,Mild sunny day,0.2,18,4.5,6.6737,0.0,20.0,area_old_04,1.740297895211759
day_3,Mild sunny day,0.2,19,4.75,6.8333,0.0,20.0,area_old_04,1.7320334828213197
day_3,Mild sunny day,0.2,20,5.0,7.0,0.0,20.0,area_old_04,1.7234014179999777
day_3,Mild sunny day,0.2,21,5.25,7.1731,0.0,20.0,area_old_04,1.7144379481704979
day_3,Mild sunny day,0.2,22,5.5,7.3519,0.0,20.0,area_old_04,1.7051793207556454
day_3,Mild sunny day,0.2,23,5.75,7.5357,0.0,20.0,area_old_04,1.6956617831781848
day_3,Mild sunny day,0.2,24,6.0,7.7235,0.0,20.0,area_old_04,1.6859371174706381
day_3,Mild sunny day,0.2,25,6.25,7.9147,0.0,20.0,area_old_04,1.6760363928525184
day_3,Mild sunny day,0.2,26,6.5,8.1084,0.0,20.0,area_old_04,1.6660062131530946
day_3,Mild sunny day,0.2,27,6.75,8.3038,0.0,20.0,area_old_04,1.655888003998384
day_3,Mild sunny day,0.2,28,7.0,8.5,0.0,20.0,area_old_04,1.6457283692176565
day_3,Mild sunny day,0.2,29,7.25,8.6962,17.0048,20.0,area_old_04,1.6043316410784427
day_3,Mild sunny day,0.2,30,7.5,8.8916,33.9368,20.0,area_old_04,1.5631100690646638
day_3,Mild sunny day,0.2,31,7.75,9.0853,50.7235,20.0,area_old_04,1.522243436417784
day_3,Mild sunny day,0.2,32,8.0,9.2765,67.293,20.0,area_old_04,1.4819052460015696
day_3,Mild sunny day,0.2,33,8.25,9.4643,83.5743,20.0,area_old_04,1.4422725256213704
day_3,Mild sunny day,0.2,34,8.5,9.6481,99.4977,20.0,area_old_04,1.4035043804281475
day_3,Mild sunny day,0.2,35,8.75,9.8269,114.9951,20.0,area_old_04,1.3657776892540148
day_3,Mild sunny day,0.2,36,9.0,10.0,130.0,20.0,area_old_04,1.329250857189475
day_3,Mild sunny day,0.2,37,9.25,10.1667,144.4483,20.0,area_old_04,1.2940778806272473
day_3,Mild sunny day,0.2,38,9.5,10.3263,158.278,20.0,area_old_04,1.2604088983494908
day_3,Mild sunny day,0.2,39,9.75,10.478,171.4299,20.0,area_old_04,1.22839408386087
day_3,Mild sunny day,0.2,40,10.0,10.6213,183.8478,20.0,area_old_04,1.1981625651840648
day_3,Mild sunny day,0.2,41,10.25,10.7555,195.4783,20.0,area_old_04,1.169848683267512
day_3,Mild sunny day,0.2,42,10.5,10.8801,206.2719,20.0,area_old_04,1.143569258519246
day_3,Mild sunny day,0.2,43,10.75,10.9944,216.1821,20.0,area_old_04,1.1194459568815784
day_3,Mild sunny day,0.2,44,11.0,11.0981,225.1666,20.0,area_old_04,1.0975720162626907
day_3,Mild sunny day,0.2,45,11.25,11.1906,233.1869,20.0,area_old_04,1.0780492287423646
day_3,Mild sunny day,0.2,46,11.5,11.2716,240.2087,20.0,area_old_04,1.0609561365695057
day_3,Mild sunny day,0.2,47,11.75,11.3408,246.2018,20.0,area_old_04,1.0463637504676395
day_3,Mild sunny day,0.2,48,12.0,11.3978,251.1407,20.0,area_old_04,1.034339625663719
day_3,Mild sunny day,0.2,49,12.25,11.4424,255.0042,20.0,area_old_04,1.024933062061332
day_3,Mild sunny day,0.2,50,12.5,11.4743,257.7757,20.0,area_old_04,1.018190087763234
day_3,Mild sunny day,0.2,51,12.75,11.4936,259.4433,20.0,area_old_04,1.0141273843593464
day_3,Mild sunny day,0.2,52,13.0,11.5,260.0,20.0,area_old_04,1.0127733451612935
day_3,Mild sunny day,0.2,53,13.25,11.4936,259.4433,20.0,area_old_04,1.0141273843593464
day_3,Mild sunny day,0.2,54,13.5,11.4743,257.7757,20.0,area_old_04,1.018190087763234
day_3,Mild sunny day,0.2,55,13.75,11.4424,255.0042,20.0,area_old_04,1.024933062061332
day_3,Mild sunny day,0.2,56,14.0,11.3978,251.1407,20.0,area_old_04,1.034339625663719
day_3,Mild sunny day,0.2,57,14.25,11.3408,246.2018,20.0,area_old_04,1.0463637504676395
day_3,Mild sunny day,0.2,58,14.5,11.2716,240.2087,20.0,area_old_04,1.0609561365695057
day_3,Mild sunny day,0.2,59,14.75,11.1906,233.1869,20.0,area_old_04,1.0780492287423646
day_3,Mild sunny day,0.2,60,15.0,11.0981,225.1666,20.0,area_old_04,1.0975720162626907
day_3,Mild sunny day,0.2,61,15.25,10.9944,216.1821,20.0,area_old_04,1.1194459568815784
day_3,Mild sunny day,0.2,62,15.5,10.8801,206.2719,20.0,area_old_04,1.143569258519246
day_3,Mild sunny day,0.2,63,15.75,10.7555,195.4783,20.0,area_old_04,1.169848683267512
day_3,Mild sunny day,0.2,64,16.0,10.6213,183.8478,20.0,area_old_04,1.1981625651840648
day_3,Mild sunny day,0.2,65,16.25,10.478,171.4299,20.0,area_old_04,1.22839408386087
day_3,Mild sunny day,0.2,66,16.5,10.3263,158.278,20.0,area_old_04,1.2604088983494908
day_3,Mild sunny day,0.2,67,16.75,10.1667,144.4483,20.0,area_old_04,1.2940778806272473
day_3,Mild sunny day,0.2,68,17.0,10.0,130.0,20.0,area_old_04,1.329250857189475
day_3,Mild sunny day,0.2,69,17.25,9.8269,114.9951,20.0,area_old_04,1.3657776892540148
day_3,Mild sunny day,0.2,70,17.5,9.6481,99.4977,20.0,area_old_04,1.4035043804281475
day_3,Mild sunny day,0.2,71,17.75,9.4643,83.5743,20.0,area_old_04,1.4422725256213704
day_3,Mild sunny day,0.2,72,18.0,9.2765,67.293,20.0,area_old_04,1.4819052460015696
day_3,Mild sunny day,0.2,73,18.25,9.0853,50.7235,20.0,area_old_04,1.522243436417784
day_3,Mild sunny day,0.2,74,18.5,8.8916,33.9368,20.0,area_old_04,1.5631100690646638
day_3,Mild sunny day,0.2,75,18.75,8.6962,17.0048,20.0,area_old_04,1.6043316410784427
day_3,Mild sunny day,0.2,76,19.0,8.5,0.0,20.0,area_old_04,1.6457283692176565
day_3,Mild sunny day,0.2,77,19.25,8.3038,0.0,20.0,area_old_04,1.655888003998384
day_3,Mild sunny day,0.2,78,19.5,8.1084,0.0,20.0,area_old_04,1.6660062131530946
day_3,Mild sunny day,0.2,79,19.75,7.9147,0.0,20.0,area_old_04,1.6760363928525184
day_3,Mild sunny day,0.2,80,20.0,7.7235,0.0,20.0,area_old_04,1.6859371174706381
day_3,Mild sunny day,0.2,81,20.25,7.5357,0.0,20.0,area_old_04,1.6956617831781848
day_3,Mild sunny day,0.2,82,20.5,7.3519,0.0,20.0,area_old_04,1.7051793207556454
day_3,Mild sunny day,0.2,83,20.75,7.1731,0.0,20.0,area_old_04,1.7144379481704979
day_3,Mild sunny day,0.2,84,21.0,7.0,0.0,20.0,area_old_04,1.7234014179999777
day_3,Mild sunny day,0.2,85,21.25,6.8333,0.0,20.0,area_old_04,1.7320334828213197
day_3,Mild sunny day,0.2,86,21.5,6.6737,0.0,20.0,area_old_04,1.740297895211759
day_3,Mild sunny day,0.2,87,21.75,6.522,0.0,20.0,area_old_04,1.7481532295452777
day_3,Mild sunny day,0.2,88,22.0,6.3787,0.0,20.0,area_old_04,1.7555735948056155
day_3,Mild sunny day,0.2,89,22.25,6.2445,0.0,20.0,area_old_04,1.762522743570007
day_3,Mild sunny day,0.2,90,22.5,6.1199,0.0,20.0,area_old_04,1.7689747848221917
day_3,Mild sunny day,0.2,91,22.75,6.0056,0.0,20.0,area_old_04,1.7748934711394047
day_3,Mild sunny day,0.2,92,23.0,5.9019,0.0,20.0,area_old_04,1.7802632679118893
day_3,Mild sunny day,0.2,93,23.25,5.8094,0.0,20.0,area_old_04,1.7850531059201324
day_3,Mild sunny day,0.2,94,23.5,5.7284,0.0,20.0,area_old_04,1.7892474505543778
day_3,Mild sunny day,0.2,95,23.75,5.6592,0.0,20.0,area_old_04,1.792830767204869
day_3,Mild sunny day,0.2,0,0.0,5.6022,0.0,20.0,area_old_05,1.2643008066048025
day_3,Mild sunny day,0.2,1,0.25,5.5576,0.0,20.0,area_old_05,1.268594020868211
day_3,Mild sunny day,0.2,2,0.5,5.5257,0.0,20.0,area_old_05,1.2716647279310522
day_3,Mild sunny day,0.2,3,0.75,5.5064,0.0,20.0,area_old_05,1.273522553834276
day_3,Mild sunny day,0.2,4,1.0,5.5,0.0,20.0,area_old_05,1.2741386204550338
day_3,Mild sunny day,0.2,5,1.25,5.5064,0.0,20.0,area_old_05,1.273522553834276
day_3,Mild sunny day,0.2,6,1.5,5.5257,0.0,20.0,area_old_05,1.2716647279310522
day_3,Mild sunny day,0.2,7,1.75,5.5576,0.0,20.0,area_old_05,1.268594020868211
day_3,Mild sunny day,0.2,8,2.0,5.6022,0.0,20.0,area_old_05,1.2643008066048025
day_3,Mild sunny day,0.2,9,2.25,5.6592,0.0,20.0,area_old_05,1.2588139632636755
day_3,Mild sunny day,0.2,10,2.5,5.7284,0.0,20.0,area_old_05,1.2521527429267278
day_3,Mild sunny day,0.2,11,2.75,5.8094,0.0,20.0,area_old_05,1.244355649757758
day_3,Mild sunny day,0.2,12,3.0,5.9019,0.0,20.0,area_old_05,1.235451561879613
day_3,Mild sunny day,0.2,13,3.25,6.0056,0.0,20.0,area_old_05,1.2254693574151414
day_3,Mild sunny day,0.2,14,3.5,6.1199,0.0,20.0,area_old_05,1.2144667926100392
day_3,Mild sunny day,0.2,15,3.75,6.2445,0.0,20.0,area_old_05,1.202472745587154
day_3,Mild sunny day,0.2,16,4.0,6.3787,0.0,20.0,area_old_05,1.1895545986331322
day_3,Mild sunny day,0.2,17,4.25,6.522,0.0,20.0,area_old_05,1.1757604819527194
day_3,Mild sunny day,0.2,18,4.5,6.6737,0.0,20.0,area_old_05,1.1611577778325617
day_3,Mild sunny day,0.2,19,4.75,6.8333,0.0,20.0,area_old_05,1.145794616477406
day_3,Mild sunny day,0.2,20,5.0,7.0,0.0,20.0,area_old_05,1.1297480062148466
day_3,Mild sunny day,0.2,21,5.25,7.1731,0.0,20.0,area_old_05,1.1130853293315286
day_3,Mild sunny day,0.2,22,5.5,7.3519,0.0,20.0,area_old_05,1.0958739681140983
day_3,Mild sunny day,0.2,23,5.75,7.5357,0.0,20.0,area_old_05,1.0781813048492008
day_3,Mild sunny day,0.2,24,6.0,7.7235,0.0,20.0,area_old_05,1.0601035999463293
day_3,Mild sunny day,0.2,25,6.25,7.9147,0.0,20.0,area_old_05,1.04169860965118
day_3,Mild sunny day,0.2,26,6.5,8.1084,0.0,20.0,area_old_05,1.0230529683322973
day_3,Mild sunny day,0.2,27,6.75,8.3038,0.0,20.0,area_old_05,1.0042436843172755
day_3,Mild sunny day,0.2,28,7.0,8.5,0.0,20.0,area_old_05,0.9853573919746589
day_3,Mild sunny day,0.2,29,7.25,8.6962,17.0048,20.0,area_old_05,0.9317343390840146
day_3,Mild sunny day,0.2,30,7.5,8.8916,33.9368,20.0,area_old_05,0.8783370076000896
day_3,Mild sunny day,0.2,31,7.75,9.0853,50.7235,20.0,area_old_05,0.8254001321419296
day_3,Mild sunny day,0.2,32,8.0,9.2765,67.293,20.0,area_old_05,0.7731475956303858
day_3,Mild sunny day,0.2,33,8.25,9.4643,83.5743,20.0,area_old_05,0.7218110685413903
day_3,Mild sunny day,0.2,34,8.5,9.6481,99.4977,20.0,area_old_05,0.6715906876373281
day_3,Mild sunny day,0.2,35,8.75,9.8269,114.9951,20.0,area_old_05,0.6227218254250606
day_3,Mild sunny day,0.2,36,9.0,10.0,130.0,20.0,area_old_05,0.5754077078692797
day_3,Mild sunny day,0.2,37,9.25,10.1667,144.4483,20.0,area_old_05,0.5298466583056954
day_3,Mild sunny day,0.2,38,9.5,10.3263,158.278,20.0,area_old_05,0.48623271026965764
day_3,Mild sunny day,0.2,39,9.75,10.478,171.4299,20.0,area_old_05,0.44476380360365375
day_3,Mild sunny day,0.2,40,10.0,10.6213,183.8478,20.0,area_old_05,0.4056028717410952
day_3,Mild sunny day,0.2,41,10.25,10.7555,195.4783,20.0,area_old_05,0.36892638046348003
day_3,Mild sunny day,0.2,42,10.5,10.8801,206.2719,20.0,area_old_05,0.334883576698311
day_3,Mild sunny day,0.2,43,10.75,10.9944,216.1821,20.0,area_old_05,0.30363683116876233
day_3,Mild sunny day,0.2,44,11.0,11.0981,225.1666,20.0,area_old_05,0.2753014308334922
day_3,Mild sunny day,0.2,45,11.25,11.1906,233.1869,20.0,area_old_05,0.250013778278118
day_3,Mild sunny day,0.2,46,11.5,11.2716,240.2087,20.0,area_old_05,0.2278728183646911
day_3,Mild sunny day,0.2,47,11.75,11.3408,246.2018,20.0,area_old_05,0.2089691206307508
day_3,Mild sunny day,0.2,48,12.0,11.3978,251.1407,20.0,area_old_05,0.19339327967302988
day_3,Mild sunny day,0.2,49,12.25,11.4424,255.0042,20.0,area_old_05,0.18120785412943585
day_3,Mild sunny day,0.2,50,12.5,11.4743,257.7757,20.0,area_old_05,0.1724756319732762
day_3,Mild sunny day,0.2,51,12.75,11.4936,259.4433,20.0,area_old_05,0.16721129603230456
day_3,Mild sunny day,0.2,52,13.0,11.5,260.0,20.0,area_old_05,0.16545802376390084
day_3,Mild sunny day,0.2,53,13.25,11.4936,259.4433,20.0,area_old_05,0.16721129603230456
day_3,Mild sunny day,0.2,54,13.5,11.4743,257.7757,20.0,area_old_05,0.1724756319732762
day_3,Mild sunny day,0.2,55,13.75,11.4424,255.0042,20.0,area_old_05,0.18120785412943585
day_3,Mild sunny day,0.2,56,14.0,11.3978,251.1407,20.0,area_old_05,0.19339327967302988
day_3,Mild sunny day,0.2,57,14.25,11.3408,246.2018,20.0,area_old_05,0.2089691206307508
day_3,Mild sunny day,0.2,58,14.5,11.2716,240.2087,20.0,area_old_05,0.2278728183646911
day_3,Mild sunny day,0.2,59,14.75,11.1906,233.1869,20.0,area_old_05,0.250013778278118
day_3,Mild sunny day,0.2,60,15.0,11.0981,225.1666,20.0,area_old_05,0.2753014308334922
day_3,Mild sunny day,0.2,61,15.25,10.9944,216.1821,20.0,area_old_05,0.30363683116876233
day_3,Mild sunny day,0.2,62,15.5,10.8801,206.2719,20.0,area_old_05,0.334883576698311
day_3,Mild sunny day,0.2,63,15.75,10.7555,195.4783,20.0,area_old_05,0.36892638046348003
day_3,Mild sunny day,0.2,64,16.0,10.6213,183.8478,20.0,area_old_05,0.4056028717410952
day_3,Mild sunny day,0.2,65,16.25,10.478,171.4299,20.0,area_old_05,0.44476380360365375
day_3,Mild sunny day,0.2,66,16.5,10.3263,158.278,20.0,area_old_05,0.48623271026965764
day_3,Mild sunny day,0.2,67,16.75,10.1667,144.4483,20.0,area_old_05,0.5298466583056954
day_3,Mild sunny day,0.2,68,17.0,10.0,130.0,20.0,area_old_05,0.5754077078692797
day_3,Mild sunny day,0.2,69,17.25,9.8269,114.9951,20.0,area_old_05,0.6227218254250606
day_3,Mild sunny day,0.2,70,17.5,9.6481,99.4977,20.0,area_old_05,0.6715906876373281
day_3,Mild sunny day,0.2,71,17.75,9.4643,83.5743,20.0,area_old_05,0.7218110685413903
day_3,Mild sunny day,0.2,72,18.0,9.2765,67.293,20.0,area_old_05,0.7731475956303858
day_3,Mild sunny day,0.2,73,18.25,9.0853,50.7235,20.0,area_old_05,0.8254001321419296
day_3,Mild sunny day,0.2,74,18.5,8.8916,33.9368,20.0,area_old_05,0.8783370076000896
day_3,Mild sunny day,0.2,75,18.75,8.6962,17.0048,20.0,area_old_05,0.9317343390840146
day_3,Mild sunny day,0.2,76,19.0,8.5,0.0,20.0,area_old_05,0.9853573919746589
day_3,Mild sunny day,0.2,77,19.25,8.3038,0.0,20.0,area_old_05,1.0042436843172755
day_3,Mild sunny day,0.2,78,19.5,8.1084,0.0,20.0,area_old_05,1.0230529683322973
day_3,Mild sunny day,0.2,79,19.75,7.9147,0.0,20.0,area_old_05,1.04169860965118
day_3,Mild sunny day,0.2,80,20.0,7.7235,0.0,20.0,area_old_05,1.0601035999463293
day_3,Mild sunny day,0.2,81,20.25,7.5357,0.0,20.0,area_old_05,1.0781813048492008
day_3,Mild sunny day,0.2,82,20.5,7.3519,0.0,20.0,area_old_05,1.0958739681140983
day_3,Mild sunny day,0.2,83,20.75,7.1731,0.0,20.0,area_old_05,1.1130853293315286
day_3,Mild sunny day,0.2,84,21.0,7.0,0.0,20.0,area_old_05,1.1297480062148466
day_3,Mild sunny day,0.2,85,21.25,6.8333,0.0,20.0,area_old_05,1.145794616477406
day_3,Mild sunny day,0.2,86,21.5,6.6737,0.0,20.0,area_old_05,1.1611577778325617
day_3,Mild sunny day,0.2,87,21.75,6.522,0.0,20.0,area_old_05,1.1757604819527194
day_3,Mild sunny day,0.2,88,22.0,6.3787,0.0,20.0,area_old_05,1.1895545986331322
day_3,Mild sunny day,0.2,89,22.25,6.2445,0.0,20.0,area_old_05,1.202472745587154
day_3,Mild sunny day,0.2,90,22.5,6.1199,0.0,20.0,area_old_05,1.2144667926100392
day_3,Mild sunny day,0.2,91,22.75,6.0056,0.0,20.0,area_old_05,1.2254693574151414
day_3,Mild sunny day,0.2,92,23.0,5.9019,0.0,20.0,area_old_05,1.235451561879613
day_3,Mild sunny day,0.2,93,23.25,5.8094,0.0,20.0,area_old_05,1.244355649757758
day_3,Mild sunny day,0.2,94,23.5,5.7284,0.0,20.0,area_old_05,1.2521527429267278
day_3,Mild sunny day,0.2,95,23.75,5.6592,0.0,20.0,area_old_05,1.2588139632636755
day_3,Mild sunny day,0.2,0,0.0,5.6022,0.0,20.0,area_old_06,2.8444432513498086
day_3,Mild sunny day,0.2,1,0.25,5.5576,0.0,20.0,area_old_06,2.855031286053474
day_3,Mild sunny day,0.2,2,0.5,5.5257,0.0,20.0,area_old_06,2.8626043422652887
day_3,Mild sunny day,0.2,3,0.75,5.5064,0.0,20.0,area_old_06,2.8671861599733774
day_3,Mild sunny day,0.2,4,1.0,5.5,0.0,20.0,area_old_06,2.868705519213365
day_3,Mild sunny day,0.2,5,1.25,5.5064,0.0,20.0,area_old_06,2.8671861599733774
day_3,Mild sunny day,0.2,6,1.5,5.5257,0.0,20.0,area_old_06,2.8626043422652887
day_3,Mild sunny day,0.2,7,1.75,5.5576,0.0,20.0,area_old_06,2.855031286053474
day_3,Mild sunny day,0.2,8,2.0,5.6022,0.0,20.0,area_old_06,2.8444432513498086
day_3,Mild sunny day,0.2,9,2.25,5.6592,0.0,20.0,area_old_06,2.8309114581186665
day_3,Mild sunny day,0.2,10,2.5,5.7284,0.0,20.0,area_old_06,2.8144833863362977
day_3,Mild sunny day,0.2,11,2.75,5.8094,0.0,20.0,area_old_06,2.795253995955201
day_3,Mild sunny day,0.2,12,3.0,5.9019,0.0,20.0,area_old_06,2.7732945069397514
day_3,Mild sunny day,0.2,13,3.25,6.0056,0.0,20.0,area_old_06,2.748676139254323
day_3,Mild sunny day,0.2,14,3.5,6.1199,0.0,20.0,area_old_06,2.7215413328276643
day_3,Mild sunny day,0.2,15,3.75,6.2445,0.0,20.0,area_old_06,2.6919613076241506
day_3,Mild sunny day,0.2,16,4.0,6.3787,0.0,20.0,area_old_06,2.660102243560655
day_3,Mild sunny day,0.2,17,4.25,6.522,0.0,20.0,area_old_06,2.6260828405778014
day_3,Mild sunny day,0.2,18,4.5,6.6737,0.0,20.0,area_old_06,2.590069278592464
day_3,Mild sunny day,0.2,19,4.75,6.8333,0.0,20.0,area_old_06,2.552180257545266
day_3,Mild sunny day,0.2,20,5.0,7.0,0.0,20.0,area_old_06,2.512605697341207
day_3,Mild sunny day,0.2,21,5.25,7.1731,0.0,20.0,area_old_06,2.4715117778971605
day_3,Mild sunny day,0.2,22,5.5,7.3519,0.0,20.0,area_old_06,2.429064679129999
day_3,Mild sunny day,0.2,23,5.75,7.5357,0.0,20.0,area_old_06,2.385430580956597
day_3,Mild sunny day,0.2,24,6.0,7.7235,0.0,20.0,area_old_06,2.340846883258203
day_3,Mild sunny day,0.2,25,6.25,7.9147,0.0,20.0,area_old_06,2.2954560259635652
day_3,Mild sunny day,0.2,26,6.5,8.1084,0.0,20.0,area_old_06,2.2494716689658074
day_3,Mild sunny day,0.2,27,6.75,8.3038,0.0,20.0,area_old_06,2.2030837321699277
day_3,Mild sunny day,0.2,28,7.0,8.5,0.0,20.0,area_old_06,2.1565058754690494
day_3,Mild sunny day,0.2,29,7.25,8.6962,17.0048,20.0,area_old_06,2.0744260239128227
day_3,Mild sunny day,0.2,30,7.5,8.8916,33.9368,20.0,area_old_06,1.9926880814190948
day_3,Mild sunny day,0.2,31,7.75,9.0853,50.7235,20.0,area_old_06,1.9116570707095448
day_3,Mild sunny day,0.2,32,8.0,9.2765,67.293,20.0,area_old_06,1.8316730218598343
day_3,Mild sunny day,0.2,33,8.25,9.4643,83.5743,20.0,area_old_06,1.7530978259469134
day_3,Mild sunny day,0.2,34,8.5,9.6481,99.4977,20.0,area_old_06,1.6762194399912582
day_3,Mild sunny day,0.2,35,8.75,9.8269,114.9951,20.0,area_old_06,1.6014174405448016
day_3,Mild sunny day,0.2,36,9.0,10.0,130.0,20.0,area_old_06,1.528996843774057
day_3,Mild sunny day,0.2,37,9.25,10.1667,144.4483,20.0,area_old_06,1.4592576552139729
day_3,Mild sunny day,0.2,38,9.5,10.3263,158.278,20.0,area_old_06,1.3924954960968767
day_3,Mild sunny day,0.2,39,9.75,10.478,171.4299,20.0,area_old_06,1.3290238819063935
day_3,Mild sunny day,0.2,40,10.0,10.6213,183.8478,20.0,area_old_06,1.269078844872317
day_3,Mild sunny day,0.2,41,10.25,10.7555,195.4783,20.0,area_old_06,1.2129380514638641
day_3,Mild sunny day,0.2,42,10.5,10.8801,206.2719,20.0,area_old_06,1.1608235458977059
day_3,Mild sunny day,0.2,43,10.75,10.9944,216.1821,20.0,area_old_06,1.1129985890773066
day_3,Mild sunny day,0.2,44,11.0,11.0981,225.1666,20.0,area_old_06,1.0696227133483922
day_3,Mild sunny day,0.2,45,11.25,11.1906,233.1869,20.0,area_old_06,1.03091873752108
day_3,Mild sunny day,0.2,46,11.5,11.2716,240.2087,20.0,area_old_06,0.9970294918358761
day_3,Mild sunny day,0.2,47,11.75,11.3408,246.2018,20.0,area_old_06,0.9680892467043593
day_3,Mild sunny day,0.2,48,12.0,11.3978,251.1407,20.0,area_old_06,0.9442462000394173
day_3,Mild sunny day,0.2,49,12.25,11.4424,255.0042,20.0,area_old_06,0.9255920923961324
day_3,Mild sunny day,0.2,50,12.5,11.4743,257.7757,20.0,area_old_06,0.9122328006072103
day_3,Mild sunny day,0.2,51,12.75,11.4936,259.4433,20.0,area_old_06,0.9041694290660401
day_3,Mild sunny day,0.2,52,13.0,11.5,260.0,20.0,area_old_06,0.9014878120790651
day_3,Mild sunny day,0.2,53,13.25,11.4936,259.4433,20.0,area_old_06,0.9041694290660401
day_3,Mild sunny day,0.2,54,13.5,11.4743,257.7757,20.0,area_old_06,0.9122328006072103
day_3,Mild sunny day,0.2,55,13.75,11.4424,255.0042,20.0,area_old_06,0.9255920923961324
day_3,Mild sunny day,0.2,56,14.0,11.3978,251.1407,20.0,area_old_06,0.9442462000394173
day_3,Mild sunny day,0.2,57,14.25,11.3408,246.2018,20.0,area_old_06,0.9680892467043593
day_3,Mild sunny day,0.2,58,14.5,11.2716,240.2087,20.0,area_old_06,0.9970294918358761
day_3,Mild sunny day,0.2,59,14.75,11.1906,233.1869,20.0,area_old_06,1.03091873752108
day_3,Mild sunny day,0.2,60,15.0,11.0981,225.1666,20.0,area_old_06,1.0696227133483922
day_3,Mild sunny day,0.2,61,15.25,10.9944,216.1821,20.0,area_old_06,1.1129985890773066
day_3,Mild sunny day,0.2,62,15.5,10.8801,206.2719,20.0,area_old_06,1.1608235458977059
day_3,Mild sunny day,0.2,63,15.75,10.7555,195.4783,20.0,area_old_06,1.2129380514638641
day_3,Mild sunny day,0.2,64,16.0,10.6213,183.8478,20.0,area_old_06,1.269078844872317
day_3,Mild sunny day,0.2,65,16.25,10.478,171.4299,20.0,area_old_06,1.3290238819063935
day_3,Mild sunny day,0.2,66,16.5,10.3263,158.278,20.0,area_old_06,1.3924954960968767
day_3,Mild sunny day,0.2,67,16.75,10.1667,144.4483,20.0,area_old_06,1.4592576552139729
day_3,Mild sunny day,0.2,68,17.0,10.0,130.0,20.0,area_old_06,1.528996843774057
day_3,Mild sunny day,0.2,69,17.25,9.8269,114.9951,20.0,area_old_06,1.6014174405448016
day_3,Mild sunny day,0.2,70,17.5,9.6481,99.4977,20.0,area_old_06,1.6762194399912582
day_3,Mild sunny day,0.2,71,17.75,9.4643,83.5743,20.0,area_old_06,1.7530978259469134
day_3,Mild sunny day,0.2,72,18.0,9.2765,67.293,20.0,area_old_06,1.8316730218598343
day_3,Mild sunny day,0.2,73,18.25,9.0853,50.7235,20.0,area_old_06,1.9116570707095448
day_3,Mild sunny day,0.2,74,18.5,8.8916,33.9368,20.0,area_old_06,1.9926880814190948
day_3,Mild sunny day,0.2,75,18.75,8.6962,17.0048,20.0,area_old_06,2.0744260239128227
day_3,Mild sunny day,0.2,76,19.0,8.5,0.0,20.0,area_old_06,2.1565058754690494
day_3,Mild sunny day,0.2,77,19.25,8.3038,0.0,20.0,area_old_06,2.2030837321699277
day_3,Mild sunny day,0.2,78,19.5,8.1084,0.0,20.0,area_old_06,2.2494716689658074
day_3,Mild sunny day,0.2,79,19.75,7.9147,0.0,20.0,area_old_06,2.2954560259635652
day_3,Mild sunny day,0.2,80,20.0,7.7235,0.0,20.0,area_old_06,2.340846883258203
day_3,Mild sunny day,0.2,81,20.25,7.5357,0.0,20.0,area_old_06,2.385430580956597
day_3,Mild sunny day,0.2,82,20.5,7.3519,0.0,20.0,area_old_06,2.429064679129999
day_3,Mild sunny day,0.2,83,20.75,7.1731,0.0,20.0,area_old_06,2.4715117778971605
day_3,Mild sunny day,0.2,84,21.0,7.0,0.0,20.0,area_old_06,2.512605697341207
day_3,Mild sunny day,0.2,85,21.25,6.8333,0.0,20.0,area_old_06,2.552180257545266
day_3,Mild sunny day,0.2,86,21.5,6.6737,0.0,20.0,area_old_06,2.590069278592464
day_3,Mild sunny day,0.2,87,21.75,6.522,0.0,20.0,area_old_06,2.6260828405778014
day_3,Mild sunny day,0.2,88,22.0,6.3787,0.0,20.0,area_old_06,2.660102243560655
day_3,Mild sunny day,0.2,89,22.25,6.2445,0.0,20.0,area_old_06,2.6919613076241506
day_3,Mild sunny day,0.2,90,22.5,6.1199,0.0,20.0,area_old_06,2.7215413328276643
day_3,Mild sunny day,0.2,91,22.75,6.0056,0.0,20.0,area_old_06,2.748676139254323
day_3,Mild sunny day,0.2,92,23.0,5.9019,0.0,20.0,area_old_06,2.7732945069397514
day_3,Mild sunny day,0.2,93,23.25,5.8094,0.0,20.0,area_old_06,2.795253995955201
day_3,Mild sunny day,0.2,94,23.5,5.7284,0.0,20.0,area_old_06,2.8144833863362977
day_3,Mild sunny day,0.2,95,23.75,5.6592,0.0,20.0,area_old_06,2.8309114581186665
day_3,Mild sunny day,0.2,0,0.0,5.6022,0.0,20.0,area_old_07,2.3463048606357435
day_3,Mild sunny day,0.2,1,0.25,5.5576,0.0,20.0,area_old_07,2.3577545881349256
day_3,Mild sunny day,0.2,2,0.5,5.5257,0.0,20.0,area_old_07,2.3659439672206637
day_3,Mild sunny day,0.2,3,0.75,5.5064,0.0,20.0,area_old_07,2.3708986699277093
day_3,Mild sunny day,0.2,4,1.0,5.5,0.0,20.0,area_old_07,2.372541680151807
day_3,Mild sunny day,0.2,5,1.25,5.5064,0.0,20.0,area_old_07,2.3708986699277093
day_3,Mild sunny day,0.2,6,1.5,5.5257,0.0,20.0,area_old_07,2.3659439672206637
day_3,Mild sunny day,0.2,7,1.75,5.5576,0.0,20.0,area_old_07,2.3577545881349256
day_3,Mild sunny day,0.2,8,2.0,5.6022,0.0,20.0,area_old_07,2.3463048606357435
day_3,Mild sunny day,0.2,9,2.25,5.6592,0.0,20.0,area_old_07,2.3316718008273716
day_3,Mild sunny day,0.2,10,2.5,5.7284,0.0,20.0,area_old_07,2.313906752779313
day_3,Mild sunny day,0.2,11,2.75,5.8094,0.0,20.0,area_old_07,2.2931124046305738
day_3,Mild sunny day,0.2,12,3.0,5.9019,0.0,20.0,area_old_07,2.2693657724854086
day_3,Mild sunny day,0.2,13,3.25,6.0056,0.0,20.0,area_old_07,2.2427438724480724
day_3,Mild sunny day,0.2,14,3.5,6.1199,0.0,20.0,area_old_07,2.2134007367270736
day_3,Mild sunny day,0.2,15,3.75,6.2445,0.0,20.0,area_old_07,2.181413381426668
day_3,Mild sunny day,0.2,16,4.0,6.3787,0.0,20.0,area_old_07,2.146961510790115
day_3,Mild sunny day,0.2,17,4.25,6.522,0.0,20.0,area_old_07,2.110173484991173
day_3,Mild sunny day,0.2,18,4.5,6.6737,0.0,20.0,area_old_07,2.0712290082731024
day_3,Mild sunny day,0.2,19,4.75,6.8333,0.0,20.0,area_old_07,2.030256440809661
day_3,Mild sunny day,0.2,20,5.0,7.0,0.0,20.0,area_old_07,1.9874611588788609
day_3,Mild sunny day,0.2,21,5.25,7.1731,0.0,20.0,area_old_07,1.9430228667239628
day_3,Mild sunny day,0.2,22,5.5,7.3519,0.0,20.0,area_old_07,1.8971212685882275
day_3,Mild sunny day,0.2,23,5.75,7.5357,0.0,20.0,area_old_07,1.849936068714916
day_3,Mild sunny day,0.2,24,6.0,7.7235,0.0,20.0,area_old_07,1.8017239874515436
day_3,Mild sunny day,0.2,25,6.25,7.9147,0.0,20.0,area_old_07,1.7526390570066184
day_3,Mild sunny day,0.2,26,6.5,8.1084,0.0,20.0,area_old_07,1.7029123256929055
day_3,Mild sunny day,0.2,27,6.75,8.3038,0.0,20.0,area_old_07,1.6527491697884162
day_3,Mild sunny day,0.2,28,7.0,8.5,0.0,20.0,area_old_07,1.6023806376059149
day_3,Mild sunny day,0.2,29,7.25,8.6962,17.0048,20.0,area_old_07,1.492609424945508
day_3,Mild sunny day,0.2,30,7.5,8.8916,33.9368,20.0,area_old_07,1.3832979000009877
day_3,Mild sunny day,0.2,31,7.75,9.0853,50.7235,20.0,area_old_07,1.2749303745363019
day_3,Mild sunny day,0.2,32,8.0,9.2765,67.293,20.0,area_old_07,1.1679633923072532
day_3,Mild sunny day,0.2,33,8.25,9.4643,83.5743,20.0,area_old_07,1.0628760251443148
day_3,Mild sunny day,0.2,34,8.5,9.6481,99.4977,20.0,area_old_07,0.9600657874980278
day_3,Mild sunny day,0.2,35,8.75,9.8269,114.9951,20.0,area_old_07,0.8600272926955688
day_3,Mild sunny day,0.2,36,9.0,10.0,130.0,20.0,area_old_07,0.7631725486974892
day_3,Mild sunny day,0.2,37,9.25,10.1667,144.4483,20.0,area_old_07,0.669905179570784
day_3,Mild sunny day,0.2,38,9.5,10.3263,158.278,20.0,area_old_07,0.5806214734755852
day_3,Mild sunny day,0.2,39,9.75,10.478,171.4299,20.0,area_old_07,0.4957336093976299
day_3,Mild sunny day,0.2,40,10.0,10.6213,183.8478,20.0,area_old_07,0.415566270351452
day_3,Mild sunny day,0.2,41,10.25,10.7555,195.4783,20.0,area_old_07,0.3404857022119421
day_3,Mild sunny day,0.2,42,10.5,10.8801,206.2719,20.0,area_old_07,0.27079318295745636
day_3,Mild sunny day,0.2,43,10.75,10.9944,216.1821,20.0,area_old_07,0.20683085476891083
day_3,Mild sunny day,0.2,44,11.0,11.0981,225.1666,20.0,area_old_07,0.14882349987448973
day_3,Mild sunny day,0.2,45,11.25,11.1906,233.1869,20.0,area_old_07,0.09705964210850326
day_3,Mild sunny day,0.2,46,11.5,11.2716,240.2087,20.0,area_old_07,0.05173611738728123
day_3,Mild sunny day,0.2,47,11.75,11.3408,246.2018,20.0,area_old_07,0.013035439142328853
day_3,Mild sunny day,0.2,48,12.0,11.3978,251.1407,20.0,area_old_07,0.0
day_3,Mild sunny day,0.2,49,12.25,11.4424,255.0042,20.0,area_old_07,0.0
day_3,Mild sunny day,0.2,50,12.5,11.4743,257.7757,20.0,area_old_07,0.0
day_3,Mild sunny day,0.2,51,12.75,11.4936,259.4433,20.0,area_old_07,0.0
day_3,Mild sunny day,0.2,52,13.0,11.5,260.0,20.0,area_old_07,0.0
day_3,Mild sunny day,0.2,53,13.25,11.4936,259.4433,20.0,area_old_07,0.0
day_3,Mild sunny day,0.2,54,13.5,11.4743,257.7757,20.0,area_old_07,0.0
day_3,Mild sunny day,0.2,55,13.75,11.4424,255.0042,20.0,area_old_07,0.0
day_3,Mild sunny day,0.2,56,14.0,11.3978,251.1407,20.0,area_old_07,0.0
day_3,Mild sunny day,0.2,57,14.25,11.3408,246.2018,20.0,area_old_07,0.013035439142328853
day_3,Mild sunny day,0.2,58,14.5,11.2716,240.2087,20.0,area_old_07,0.05173611738728123
day_3,Mild sunny day,0.2,59,14.75,11.1906,233.1869,20.0,area_old_07,0.09705964210850326
day_3,Mild sunny day,0.2,60,15.0,11.0981,225.1666,20.0,area_old_07,0.14882349987448973
day_3,Mild sunny day,0.2,61,15.25,10.9944,216.1821,20.0,area_old_07,0.20683085476891083
day_3,Mild sunny day,0.2,62,15.5,10.8801,206.2719,20.0,area_old_07,0.27079318295745636
day_3,Mild sunny day,0.2,63,15.75,10.7555,195.4783,20.0,area_old_07,0.3404857022119421
day_3,Mild sunny day,0.2,64,16.0,10.6213,183.8478,20.0,area_old_07,0.415566270351452
day_3,Mild sunny day,0.2,65,16.25,10.478,171.4299,20.0,area_old_07,0.4957336093976299
day_3,Mild sunny day,0.2,66,16.5,10.3263,158.278,20.0,area_old_07,0.5806214734755852
day_3,Mild sunny day,0.2,67,16.75,10.1667,144.4483,20.0,area_old_07,0.669905179570784
day_3,Mild sunny day,0.2,68,17.0,10.0,130.0,20.0,area_old_07,0.7631725486974892
day_3,Mild sunny day,0.2,69,17.25,9.8269,114.9951,20.0,area_old_07,0.8600272926955688
day_3,Mild sunny day,0.2,70,17.5,9.6481,99.4977,20.0,area_old_07,0.9600657874980278
day_3,Mild sunny day,0.2,71,17.75,9.4643,83.5743,20.0,area_old_07,1.0628760251443148
day_3,Mild sunny day,0.2,72,18.0,9.2765,67.293,20.0,area_old_07,1.1679633923072532
day_3,Mild sunny day,0.2,73,18.25,9.0853,50.7235,20.0,area_old_07,1.2749303745363019
day_3,Mild sunny day,0.2,74,18.5,8.8916,33.9368,20.0,area_old_07,1.3832979000009877
day_3,Mild sunny day,0.2,75,18.75,8.6962,17.0048,20.0,area_old_07,1.492609424945508
day_3,Mild sunny day,0.2,76,19.0,8.5,0.0,20.0,area_old_07,1.6023806376059149
day_3,Mild sunny day,0.2,77,19.25,8.3038,0.0,20.0,area_old_07,1.6527491697884162
day_3,Mild sunny day,0.2,78,19.5,8.1084,0.0,20.0,area_old_07,1.7029123256929055
day_3,Mild sunny day,0.2,79,19.75,7.9147,0.0,20.0,area_old_07,1.7526390570066184
day_3,Mild sunny day,0.2,80,20.0,7.7235,0.0,20.0,area_old_07,1.8017239874515436
day_3,Mild sunny day,0.2,81,20.25,7.5357,0.0,20.0,area_old_07,1.849936068714916
day_3,Mild sunny day,0.2,82,20.5,7.3519,0.0,20.0,area_old_07,1.8971212685882275
day_3,Mild sunny day,0.2,83,20.75,7.1731,0.0,20.0,area_old_07,1.9430228667239628
day_3,Mild sunny day,0.2,84,21.0,7.0,0.0,20.0,area_old_07,1.9874611588788609
day_3,Mild sunny day,0.2,85,21.25,6.8333,0.0,20.0,area_old_07,2.030256440809661
day_3,Mild sunny day,0.2,86,21.5,6.6737,0.0,20.0,area_old_07,2.0712290082731024
day_3,Mild sunny day,0.2,87,21.75,6.522,0.0,20.0,area_old_07,2.110173484991173
day_3,Mild sunny day,0.2,88,22.0,6.3787,0.0,20.0,area_old_07,2.146961510790115
day_3,Mild sunny day,0.2,89,22.25,6.2445,0.0,20.0,area_old_07,2.181413381426668
day_3,Mild sunny day,0.2,90,22.5,6.1199,0.0,20.0,area_old_07,2.2134007367270736
day_3,Mild sunny day,0.2,91,22.75,6.0056,0.0,20.0,area_old_07,2.2427438724480724
day_3,Mild sunny day,0.2,92,23.0,5.9019,0.0,20.0,area_old_07,2.2693657724854086
day_3,Mild sunny day,0.2,93,23.25,5.8094,0.0,20.0,area_old_07,2.2931124046305738
day_3,Mild sunny day,0.2,94,23.5,5.7284,0.0,20.0,area_old_07,2.313906752779313
day_3,Mild sunny day,0.2,95,23.75,5.6592,0.0,20.0,area_old_07,2.3316718008273716
day_3,Mild sunny day,0.2,0,0.0,5.6022,0.0,20.0,area_old_08,3.809968823351963
day_3,Mild sunny day,0.2,1,0.25,5.5576,0.0,20.0,area_old_08,3.817960762616772
day_3,Mild sunny day,0.2,2,0.5,5.5257,0.0,20.0,area_old_08,3.8236769702972073
day_3,Mild sunny day,0.2,3,0.75,5.5064,0.0,20.0,area_old_08,3.8271353655396028
day_3,Mild sunny day,0.2,4,1.0,5.5,0.0,20.0,area_old_08,3.8282821909049565
day_3,Mild sunny day,0.2,5,1.25,5.5064,0.0,20.0,area_old_08,3.8271353655396028
day_3,Mild sunny day,0.2,6,1.5,5.5257,0.0,20.0,area_old_08,3.8236769702972073
day_3,Mild sunny day,0.2,7,1.75,5.5576,0.0,20.0,area_old_08,3.817960762616772
day_3,Mild sunny day,0.2,8,2.0,5.6022,0.0,20.0,area_old_08,3.809968823351963
day_3,Mild sunny day,0.2,9,2.25,5.6592,0.0,20.0,area_old_08,3.7997549099417807
day_3,Mild sunny day,0.2,10,2.5,5.7284,0.0,20.0,area_old_08,3.7873548606788927
day_3,Mild sunny day,0.2,11,2.75,5.8094,0.0,20.0,area_old_08,3.772840352148634
day_3,Mild sunny day,0.2,12,3.0,5.9019,0.0,20.0,area_old_08,3.7562651417900046
day_3,Mild sunny day,0.2,13,3.25,6.0056,0.0,20.0,area_old_08,3.7376829870420063
day_3,Mild sunny day,0.2,14,3.5,6.1199,0.0,20.0,area_old_08,3.7172014027826408
day_3,Mild sunny day,0.2,15,3.75,6.2445,0.0,20.0,area_old_08,3.694874146450909
day_3,Mild sunny day,0.2,16,4.0,6.3787,0.0,20.0,area_old_08,3.670826652071147
day_3,Mild sunny day,0.2,17,4.25,6.522,0.0,20.0,area_old_08,3.645148515375022
day_3,Mild sunny day,0.2,18,4.5,6.6737,0.0,20.0,area_old_08,3.6179651703868703
day_3,Mild sunny day,0.2,19,4.75,6.8333,0.0,20.0,area_old_08,3.58936621283836
day_3,Mild sunny day,0.2,20,5.0,7.0,0.0,20.0,area_old_08,3.55949499590016
day_3,Mild sunny day,0.2,21,5.25,7.1731,0.0,20.0,area_old_08,3.528476953596607
day_3,Mild sunny day,0.2,22,5.5,7.3519,0.0,20.0,area_old_08,3.496437519952035
day_3,Mild sunny day,0.2,23,5.75,7.5357,0.0,20.0,area_old_08,3.463502128990781
day_3,Mild sunny day,0.2,24,6.0,7.7235,0.0,20.0,area_old_08,3.4298499721761804
day_3,Mild sunny day,0.2,25,6.25,7.9147,0.0,20.0,area_old_08,3.3955885643862356
day_3,Mild sunny day,0.2,26,6.5,8.1084,0.0,20.0,area_old_08,3.3608791779379494
day_3,Mild sunny day,0.2,27,6.75,8.3038,0.0,20.0,area_old_08,3.325865166001991
day_3,Mild sunny day,0.2,28,7.0,8.5,0.0,20.0,area_old_08,3.290707800895364
day_3,Mild sunny day,0.2,29,7.25,8.6962,17.0048,20.0,area_old_08,3.004927471998715
day_3,Mild sunny day,0.2,30,7.5,8.8916,33.9368,20.0,area_old_08,2.720363449307402
day_3,Mild sunny day,0.2,31,7.75,9.0853,50.7235,20.0,area_old_08,2.438245536663338
day_3,Mild sunny day,0.2,32,8.0,9.2765,67.293,20.0,area_old_08,2.1597767757425843
day_3,Mild sunny day,0.2,33,8.25,9.4643,83.5743,20.0,area_old_08,1.8861648628382635
day_3,Mild sunny day,0.2,34,8.5,9.6481,99.4977,20.0,area_old_08,1.6185445769288744
day_3,Mild sunny day,0.2,35,8.75,9.8269,114.9951,20.0,area_old_08,1.3580987921928762
day_3,Mild sunny day,0.2,36,9.0,10.0,130.0,20.0,area_old_08,1.1059330439843484
day_3,Mild sunny day,0.2,37,9.25,10.1667,144.4483,20.0,area_old_08,0.8631174955793057
day_3,Mild sunny day,0.2,38,9.5,10.3263,158.278,20.0,area_old_08,0.6306913596854535
day_3,Mild sunny day,0.2,39,9.75,10.478,171.4299,20.0,area_old_08,0.4096705007324213
day_3,Mild sunny day,0.2,40,10.0,10.6213,183.8478,20.0,area_old_08,0.20097281061325623
day_3,Mild sunny day,0.2,41,10.25,10.7555,195.4783,20.0,area_old_08,0.005510752089261217
day_3,Mild sunny day,0.2,42,10.5,10.8801,206.2719,20.0,area_old_08,0.0
day_3,Mild sunny day,0.2,43,10.75,10.9944,216.1821,20.0,area_old_08,0.0
day_3,Mild sunny day,0.2,44,11.0,11.0981,225.1666,20.0,area_old_08,0.0
day_3,Mild sunny day,0.2,45,11.25,11.1906,233.1869,20.0,area_old_08,0.0
day_3,Mild sunny day,0.2,46,11.5,11.2716,240.2087,20.0,area_old_08,0.0
day_3,Mild sunny day,0.2,47,11.75,11.3408,246.2018,20.0,area_old_08,0.0
day_3,Mild sunny day,0.2,48,12.0,11.3978,251.1407,20.0,area_old_08,0.0
day_3,Mild sunny day,0.2,49,12.25,11.4424,255.0042,20.0,area_old_08,0.0
day_3,Mild sunny day,0.2,50,12.5,11.4743,257.7757,20.0,area_old_08,0.0
day_3,Mild sunny day,0.2,51,12.75,11.4936,259.4433,20.0,area_old_08,0.0
day_3,Mild sunny day,0.2,52,13.0,11.5,260.0,20.0,area_old_08,0.0
day_3,Mild sunny day,0.2,53,13.25,11.4936,259.4433,20.0,area_old_08,0.0
day_3,Mild sunny day,0.2,54,13.5,11.4743,257.7757,20.0,area_old_08,0.0
day_3,Mild sunny day,0.2,55,13.75,11.4424,255.0042,20.0,area_old_08,0.0
day_3,Mild sunny day,0.2,56,14.0,11.3978,251.1407,20.0,area_old_08,0.0
day_3,Mild sunny day,0.2,57,14.25,11.3408,246.2018,20.0,area_old_08,0.0
day_3,Mild sunny day,0.2,58,14.5,11.2716,240.2087,20.0,area_old_08,0.0
day_3,Mild sunny day,0.2,59,14.75,11.1906,233.1869,20.0,area_old_08,0.0
day_3,Mild sunny day,0.2,60,15.0,11.0981,225.1666,20.0,area_old_08,0.0
day_3,Mild sunny day,0.2,61,15.25,10.9944,216.1821,20.0,area_old_08,0.0
day_3,Mild sunny day,0.2,62,15.5,10.8801,206.2719,20.0,area_old_08,0.0
day_3,Mild sunny day,0.2,63,15.75,10.7555,195.4783,20.0,area_old_08,0.005510752089261217
day_3,Mild sunny day,0.2,64,16.0,10.6213,183.8478,20.0,area_old_08,0.20097281061325623
day_3,Mild sunny day,0.2,65,16.25,10.478,171.4299,20.0,area_old_08,0.4096705007324213
day_3,Mild sunny day,0.2,66,16.5,10.3263,158.278,20.0,area_old_08,0.6306913596854535
day_3,Mild sunny day,0.2,67,16.75,10.1667,144.4483,20.0,area_old_08,0.8631174955793057
day_3,Mild sunny day,0.2,68,17.0,10.0,130.0,20.0,area_old_08,1.1059330439843484
day_3,Mild sunny day,0.2,69,17.25,9.8269,114.9951,20.0,area_old_08,1.3580987921928762
day_3,Mild sunny day,0.2,70,17.5,9.6481,99.4977,20.0,area_old_08,1.6185445769288744
day_3,Mild sunny day,0.2,71,17.75,9.4643,83.5743,20.0,area_old_08,1.8861648628382635
day_3,Mild sunny day,0.2,72,18.0,9.2765,67.293,20.0,area_old_08,2.1597767757425843
day_3,Mild sunny day,0.2,73,18.25,9.0853,50.7235,20.0,area_old_08,2.438245536663338
day_3,Mild sunny day,0.2,74,18.5,8.8916,33.9368,20.0,area_old_08,2.720363449307402
day_3,Mild sunny day,0.2,75,18.75,8.6962,17.0048,20.0,area_old_08,3.004927471998715
day_3,Mild sunny day,0.2,76,19.0,8.5,0.0,20.0,area_old_08,3.290707800895364
day_3,Mild sunny day,0.2,77,19.25,8.3038,0.0,20.0,area_old_08,3.325865166001991
day_3,Mild sunny day,0.2,78,19.5,8.1084,0.0,20.0,area_old_08,3.3608791779379494
day_3,Mild sunny day,0.2,79,19.75,7.9147,0.0,20.0,area_old_08,3.3955885643862356
day_3,Mild sunny day,0.2,80,20.0,7.7235,0.0,20.0,area_old_08,3.4298499721761804
day_3,Mild sunny day,0.2,81,20.25,7.5357,0.0,20.0,area_old_08,3.463502128990781
day_3,Mild sunny day,0.2,82,20.5,7.3519,0.0,20.0,area_old_08,3.496437519952035
day_3,Mild sunny day,0.2,83,20.75,7.1731,0.0,20.0,area_old_08,3.528476953596607
day_3,Mild sunny day,0.2,84,21.0,7.0,0.0,20.0,area_old_08,3.55949499590016
day_3,Mild sunny day,0.2,85,21.25,6.8333,0.0,20.0,area_old_08,3.58936621283836
day_3,Mild sunny day,0.2,86,21.5,6.6737,0.0,20.0,area_old_08,3.6179651703868703
day_3,Mild sunny day,0.2,87,21.75,6.522,0.0,20.0,area_old_08,3.645148515375022
day_3,Mild sunny day,0.2,88,22.0,6.3787,0.0,20.0,area_old_08,3.670826652071147
day_3,Mild sunny day,0.2,89,22.25,6.2445,0.0,20.0,area_old_08,3.694874146450909
day_3,Mild sunny day,0.2,90,22.5,6.1199,0.0,20.0,area_old_08,3.7172014027826408
day_3,Mild sunny day,0.2,91,22.75,6.0056,0.0,20.0,area_old_08,3.7376829870420063
day_3,Mild sunny day,0.2,92,23.0,5.9019,0.0,20.0,area_old_08,3.7562651417900046
day_3,Mild sunny day,0.2,93,23.25,5.8094,0.0,20.0,area_old_08,3.772840352148634
day_3,Mild sunny day,0.2,94,23.5,5.7284,0.0,20.0,area_old_08,3.7873548606788927
day_3,Mild sunny day,0.2,95,23.75,5.6592,0.0,20.0,area_old_08,3.7997549099417807
day_3,Mild sunny day,0.2,0,0.0,5.6022,0.0,20.0,area_weak_01,1.8296804241391609
day_3,Mild sunny day,0.2,1,0.25,5.5576,0.0,20.0,area_weak_01,1.8392307914943928
day_3,Mild sunny day,0.2,2,0.5,5.5257,0.0,20.0,area_weak_01,1.846061659625153
day_3,Mild sunny day,0.2,3,0.75,5.5064,0.0,20.0,area_weak_01,1.850194441911162
day_3,Mild sunny day,0.2,4,1.0,5.5,0.0,20.0,area_weak_01,1.8515648982132578
day_3,Mild sunny day,0.2,5,1.25,5.5064,0.0,20.0,area_weak_01,1.850194441911162
day_3,Mild sunny day,0.2,6,1.5,5.5257,0.0,20.0,area_weak_01,1.846061659625153
day_3,Mild sunny day,0.2,7,1.75,5.5576,0.0,20.0,area_weak_01,1.8392307914943928
day_3,Mild sunny day,0.2,8,2.0,5.6022,0.0,20.0,area_weak_01,1.8296804241391609
day_3,Mild sunny day,0.2,9,2.25,5.6592,0.0,20.0,area_weak_01,1.8174747976986176
day_3,Mild sunny day,0.2,10,2.5,5.7284,0.0,20.0,area_weak_01,1.8026567389322041
day_3,Mild sunny day,0.2,11,2.75,5.8094,0.0,20.0,area_weak_01,1.7853119013588006
day_3,Mild sunny day,0.2,12,3.0,5.9019,0.0,20.0,area_weak_01,1.765504525117568
day_3,Mild sunny day,0.2,13,3.25,6.0056,0.0,20.0,area_weak_01,1.7432988503476676
day_3,Mild sunny day,0.2,14,3.5,6.1199,0.0,20.0,area_weak_01,1.7188233573274205
day_3,Mild sunny day,0.2,15,3.75,6.2445,0.0,20.0,area_weak_01,1.6921422861959878
day_3,Mild sunny day,0.2,16,4.0,6.3787,0.0,20.0,area_weak_01,1.6634055306114108
day_3,Mild sunny day,0.2,17,4.25,6.522,0.0,20.0,area_weak_01,1.6327201574722907
day_3,Mild sunny day,0.2,18,4.5,6.6737,0.0,20.0,area_weak_01,1.6002360604366697
day_3,Mild sunny day,0.2,19,4.75,6.8333,0.0,20.0,area_weak_01,1.5660603064031489
day_3,Mild sunny day,0.2,20,5.0,7.0,0.0,20.0,area_weak_01,1.5303642024094901
day_3,Mild sunny day,0.2,21,5.25,7.1731,0.0,20.0,area_weak_01,1.4932976421137356
day_3,Mild sunny day,0.2,22,5.5,7.3519,0.0,20.0,area_weak_01,1.4550105191739262
day_3,Mild sunny day,0.2,23,5.75,7.5357,0.0,20.0,area_weak_01,1.415652727248105
day_3,Mild sunny day,0.2,24,6.0,7.7235,0.0,20.0,area_weak_01,1.3754384001334734
day_3,Mild sunny day,0.2,25,6.25,7.9147,0.0,20.0,area_weak_01,1.3344960181083532
day_3,Mild sunny day,0.2,26,6.5,8.1084,0.0,20.0,area_weak_01,1.2930183015902266
day_3,Mild sunny day,0.2,27,6.75,8.3038,0.0,20.0,area_weak_01,1.2511765576168554
day_3,Mild sunny day,0.2,28,7.0,8.5,0.0,20.0,area_weak_01,1.209163506605723
day_3,Mild sunny day,0.2,29,7.25,8.6962,17.0048,20.0,area_weak_01,1.1571376427603655
day_3,Mild sunny day,0.2,30,7.5,8.8916,33.9368,20.0,area_weak_01,1.1053259522478354
day_3,Mild sunny day,0.2,31,7.75,9.0853,50.7235,20.0,area_weak_01,1.0539638451338602
day_3,Mild sunny day,0.2,32,8.0,9.2765,67.293,20.0,area_weak_01,1.0032649648108074
day_3,Mild sunny day,0.2,33,8.25,9.4643,83.5743,20.0,area_weak_01,0.9534638381103018
day_3,Mild sunny day,0.2,34,8.5,9.6481,99.4977,20.0,area_weak_01,0.9047299862552549
day_3,Mild sunny day,0.2,35,8.75,9.8269,114.9951,20.0,area_weak_01,0.8573176418710822
day_3,Mild sunny day,0.2,36,9.0,10.0,130.0,20.0,area_weak_01,0.811415855327664
day_3,Mild sunny day,0.2,37,9.25,10.1667,144.4483,20.0,area_weak_01,0.7672122638203192
day_3,Mild sunny day,0.2,38,9.5,10.3263,158.278,20.0,area_weak_01,0.7248932680166229
day_3,Mild sunny day,0.2,39,9.75,10.478,171.4299,20.0,area_weak_01,0.6846650332602151
day_3,Mild sunny day,0.2,40,10.0,10.6213,183.8478,20.0,area_weak_01,0.6466677182873704
day_3,Mild sunny day,0.2,41,10.25,10.7555,195.4783,20.0,area_weak_01,0.6110826598901493
day_3,Mild sunny day,0.2,42,10.5,10.8801,206.2719,20.0,area_weak_01,0.578046071692506
day_3,Mild sunny day,0.2,43,10.75,10.9944,216.1821,20.0,area_weak_01,0.5477352276096334
day_3,Mild sunny day,0.2,44,11.0,11.0981,225.1666,20.0,area_weak_01,0.5202392749823579
day_3,Mild sunny day,0.2,45,11.25,11.1906,233.1869,20.0,area_weak_01,0.495709363764276
day_3,Mild sunny day,0.2,46,11.5,11.2716,240.2087,20.0,area_weak_01,0.4742299307143387
day_3,Mild sunny day,0.2,47,11.75,11.3408,246.2018,20.0,area_weak_01,0.45588299841828683
day_3,Mild sunny day,0.2,48,12.0,11.3978,251.1407,20.0,area_weak_01,0.44076923537472834
day_3,Mild sunny day,0.2,49,12.25,11.4424,255.0042,20.0,area_weak_01,0.4289439513850739
day_3,Mild sunny day,0.2,50,12.5,11.4743,257.7757,20.0,area_weak_01,0.4204811610458754
day_3,Mild sunny day,0.2,51,12.75,11.4936,259.4433,20.0,area_weak_01,0.4153664579679519
day_3,Mild sunny day,0.2,52,13.0,11.5,260.0,20.0,area_weak_01,0.4136682040496056
day_3,Mild sunny day,0.2,53,13.25,11.4936,259.4433,20.0,area_weak_01,0.4153664579679519
day_3,Mild sunny day,0.2,54,13.5,11.4743,257.7757,20.0,area_weak_01,0.4204811610458754
day_3,Mild sunny day,0.2,55,13.75,11.4424,255.0042,20.0,area_weak_01,0.4289439513850739
day_3,Mild sunny day,0.2,56,14.0,11.3978,251.1407,20.0,area_weak_01,0.44076923537472834
day_3,Mild sunny day,0.2,57,14.25,11.3408,246.2018,20.0,area_weak_01,0.45588299841828683
day_3,Mild sunny day,0.2,58,14.5,11.2716,240.2087,20.0,area_weak_01,0.4742299307143387
day_3,Mild sunny day,0.2,59,14.75,11.1906,233.1869,20.0,area_weak_01,0.495709363764276
day_3,Mild sunny day,0.2,60,15.0,11.0981,225.1666,20.0,area_weak_01,0.5202392749823579
day_3,Mild sunny day,0.2,61,15.25,10.9944,216.1821,20.0,area_weak_01,0.5477352276096334
day_3,Mild sunny day,0.2,62,15.5,10.8801,206.2719,20.0,area_weak_01,0.578046071692506
day_3,Mild sunny day,0.2,63,15.75,10.7555,195.4783,20.0,area_weak_01,0.6110826598901493
day_3,Mild sunny day,0.2,64,16.0,10.6213,183.8478,20.0,area_weak_01,0.6466677182873704
day_3,Mild sunny day,0.2,65,16.25,10.478,171.4299,20.0,area_weak_01,0.6846650332602151
day_3,Mild sunny day,0.2,66,16.5,10.3263,158.278,20.0,area_weak_01,0.7248932680166229
day_3,Mild sunny day,0.2,67,16.75,10.1667,144.4483,20.0,area_weak_01,0.7672122638203192
day_3,Mild sunny day,0.2,68,17.0,10.0,130.0,20.0,area_weak_01,0.811415855327664
day_3,Mild sunny day,0.2,69,17.25,9.8269,114.9951,20.0,area_weak_01,0.8573176418710822
day_3,Mild sunny day,0.2,70,17.5,9.6481,99.4977,20.0,area_weak_01,0.9047299862552549
day_3,Mild sunny day,0.2,71,17.75,9.4643,83.5743,20.0,area_weak_01,0.9534638381103018
day_3,Mild sunny day,0.2,72,18.0,9.2765,67.293,20.0,area_weak_01,1.0032649648108074
day_3,Mild sunny day,0.2,73,18.25,9.0853,50.7235,20.0,area_weak_01,1.0539638451338602
day_3,Mild sunny day,0.2,74,18.5,8.8916,33.9368,20.0,area_weak_01,1.1053259522478354
day_3,Mild sunny day,0.2,75,18.75,8.6962,17.0048,20.0,area_weak_01,1.1571376427603655
day_3,Mild sunny day,0.2,76,19.0,8.5,0.0,20.0,area_weak_01,1.209163506605723
day_3,Mild sunny day,0.2,77,19.25,8.3038,0.0,20.0,area_weak_01,1.2511765576168554
day_3,Mild sunny day,0.2,78,19.5,8.1084,0.0,20.0,area_weak_01,1.2930183015902266
day_3,Mild sunny day,0.2,79,19.75,7.9147,0.0,20.0,area_weak_01,1.3344960181083532
day_3,Mild sunny day,0.2,80,20.0,7.7235,0.0,20.0,area_weak_01,1.3754384001334734
day_3,Mild sunny day,0.2,81,20.25,7.5357,0.0,20.0,area_weak_01,1.415652727248105
day_3,Mild sunny day,0.2,82,20.5,7.3519,0.0,20.0,area_weak_01,1.4550105191739262
day_3,Mild sunny day,0.2,83,20.75,7.1731,0.0,20.0,area_weak_01,1.4932976421137356
day_3,Mild sunny day,0.2,84,21.0,7.0,0.0,20.0,area_weak_01,1.5303642024094901
day_3,Mild sunny day,0.2,85,21.25,6.8333,0.0,20.0,area_weak_01,1.5660603064031489
day_3,Mild sunny day,0.2,86,21.5,6.6737,0.0,20.0,area_weak_01,1.6002360604366697
day_3,Mild sunny day,0.2,87,21.75,6.522,0.0,20.0,area_weak_01,1.6327201574722907
day_3,Mild sunny day,0.2,88,22.0,6.3787,0.0,20.0,area_weak_01,1.6634055306114108
day_3,Mild sunny day,0.2,89,22.25,6.2445,0.0,20.0,area_weak_01,1.6921422861959878
day_3,Mild sunny day,0.2,90,22.5,6.1199,0.0,20.0,area_weak_01,1.7188233573274205
day_3,Mild sunny day,0.2,91,22.75,6.0056,0.0,20.0,area_weak_01,1.7432988503476676
day_3,Mild sunny day,0.2,92,23.0,5.9019,0.0,20.0,area_weak_01,1.765504525117568
day_3,Mild sunny day,0.2,93,23.25,5.8094,0.0,20.0,area_weak_01,1.7853119013588006
day_3,Mild sunny day,0.2,94,23.5,5.7284,0.0,20.0,area_weak_01,1.8026567389322041
day_3,Mild sunny day,0.2,95,23.75,5.6592,0.0,20.0,area_weak_01,1.8174747976986176
day_3,Mild sunny day,0.2,0,0.0,5.6022,0.0,20.0,area_weak_02,3.105284808899009
day_3,Mild sunny day,0.2,1,0.25,5.5576,0.0,20.0,area_weak_02,3.1175320184136384
day_3,Mild sunny day,0.2,2,0.5,5.5257,0.0,20.0,area_weak_02,3.1262917938288113
day_3,Mild sunny day,0.2,3,0.75,5.5064,0.0,20.0,area_weak_02,3.1315915952555464
day_3,Mild sunny day,0.2,4,1.0,5.5,0.0,20.0,area_weak_02,3.1333490423607846
day_3,Mild sunny day,0.2,5,1.25,5.5064,0.0,20.0,area_weak_02,3.1315915952555464
day_3,Mild sunny day,0.2,6,1.5,5.5257,0.0,20.0,area_weak_02,3.1262917938288113
day_3,Mild sunny day,0.2,7,1.75,5.5576,0.0,20.0,area_weak_02,3.1175320184136384
day_3,Mild sunny day,0.2,8,2.0,5.6022,0.0,20.0,area_weak_02,3.105284808899009
day_3,Mild sunny day,0.2,9,2.25,5.6592,0.0,20.0,area_weak_02,3.0896325456179787
day_3,Mild sunny day,0.2,10,2.5,5.7284,0.0,20.0,area_weak_02,3.0706301487925884
day_3,Mild sunny day,0.2,11,2.75,5.8094,0.0,20.0,area_weak_02,3.048387458866915
day_3,Mild sunny day,0.2,12,3.0,5.9019,0.0,20.0,area_weak_02,3.0229868561740156
day_3,Mild sunny day,0.2,13,3.25,6.0056,0.0,20.0,area_weak_02,2.9945107210469497
day_3,Mild sunny day,0.2,14,3.5,6.1199,0.0,20.0,area_weak_02,2.963123814151832
day_3,Mild sunny day,0.2,15,3.75,6.2445,0.0,20.0,area_weak_02,2.928908515821722
day_3,Mild sunny day,0.2,16,4.0,6.3787,0.0,20.0,area_weak_02,2.8920570468337545
day_3,Mild sunny day,0.2,17,4.25,6.522,0.0,20.0,area_weak_02,2.8527067077430255
day_3,Mild sunny day,0.2,18,4.5,6.6737,0.0,20.0,area_weak_02,2.8110497193266712
day_3,Mild sunny day,0.2,19,4.75,6.8333,0.0,20.0,area_weak_02,2.7672233821397882
day_3,Mild sunny day,0.2,20,5.0,7.0,0.0,20.0,area_weak_02,2.7214473770705316
day_3,Mild sunny day,0.2,21,5.25,7.1731,0.0,20.0,area_weak_02,2.6739139248960364
day_3,Mild sunny day,0.2,22,5.5,7.3519,0.0,20.0,area_weak_02,2.624815246393438
day_3,Mild sunny day,0.2,23,5.75,7.5357,0.0,20.0,area_weak_02,2.5743435623398727
day_3,Mild sunny day,0.2,24,6.0,7.7235,0.0,20.0,area_weak_02,2.522773473845533
day_3,Mild sunny day,0.2,25,6.25,7.9147,0.0,20.0,area_weak_02,2.4702697415765353
day_3,Mild sunny day,0.2,26,6.5,8.1084,0.0,20.0,area_weak_02,2.4170795065320543
day_3,Mild sunny day,0.2,27,6.75,8.3038,0.0,20.0,area_weak_02,2.3634224496002436
day_3,Mild sunny day,0.2,28,7.0,8.5,0.0,20.0,area_weak_02,2.3095457117802787
day_3,Mild sunny day,0.2,29,7.25,8.6962,17.0048,20.0,area_weak_02,2.1836435197280935
day_3,Mild sunny day,0.2,30,7.5,8.8916,33.9368,20.0,area_weak_02,2.058269359915922
day_3,Mild sunny day,0.2,31,7.75,9.0853,50.7235,20.0,area_weak_02,1.9339774540161514
day_3,Mild sunny day,0.2,32,8.0,9.2765,67.293,20.0,area_weak_02,1.8112920222328528
day_3,Mild sunny day,0.2,33,8.25,9.4643,83.5743,20.0,area_weak_02,1.6907609328451745
day_3,Mild sunny day,0.2,34,8.5,9.6481,99.4977,20.0,area_weak_02,1.572844167525064
day_3,Mild sunny day,0.2,35,8.75,9.8269,114.9951,20.0,area_weak_02,1.4581047714357598
day_3,Mild sunny day,0.2,36,9.0,10.0,130.0,20.0,area_weak_02,1.3470166324546544
day_3,Mild sunny day,0.2,37,9.25,10.1667,144.4483,20.0,area_weak_02,1.240043473029957
day_3,Mild sunny day,0.2,38,9.5,10.3263,158.278,20.0,area_weak_02,1.1376401208593436
day_3,Mild sunny day,0.2,39,9.75,10.478,171.4299,20.0,area_weak_02,1.0402770040841292
day_3,Mild sunny day,0.2,40,10.0,10.6213,183.8478,20.0,area_weak_02,0.9483294637260937
day_3,Mild sunny day,0.2,41,10.25,10.7555,195.4783,20.0,area_weak_02,0.8622159013616764
day_3,Mild sunny day,0.2,42,10.5,10.8801,206.2719,20.0,area_weak_02,0.7822832795228569
day_3,Mild sunny day,0.2,43,10.75,10.9944,216.1821,20.0,area_weak_02,0.7089207741771755
day_3,Mild sunny day,0.2,44,11.0,11.0981,225.1666,20.0,area_weak_02,0.6423899313470265
day_3,Mild sunny day,0.2,45,11.25,11.1906,233.1869,20.0,area_weak_02,0.5830185821249898
day_3,Mild sunny day,0.2,46,11.5,11.2716,240.2087,20.0,area_weak_02,0.5310343877695198
day_3,Mild sunny day,0.2,47,11.75,11.3408,246.2018,20.0,area_weak_02,0.4866476435975493
day_3,Mild sunny day,0.2,48,12.0,11.3978,251.1407,20.0,area_weak_02,0.45007619773821705
day_3,Mild sunny day,0.2,49,12.25,11.4424,255.0042,20.0,area_weak_02,0.42146476503800523
day_3,Mild sunny day,0.2,50,12.5,11.4743,257.7757,20.0,area_weak_02,0.40096603671514797
day_3,Mild sunny day,0.2,51,12.75,11.4936,259.4433,20.0,area_weak_02,0.3886029562449864
day_3,Mild sunny day,0.2,52,13.0,11.5,260.0,20.0,area_weak_02,0.3844875531290295
day_3,Mild sunny day,0.2,53,13.25,11.4936,259.4433,20.0,area_weak_02,0.3886029562449864
day_3,Mild sunny day,0.2,54,13.5,11.4743,257.7757,20.0,area_weak_02,0.40096603671514797
day_3,Mild sunny day,0.2,55,13.75,11.4424,255.0042,20.0,area_weak_02,0.42146476503800523
day_3,Mild sunny day,0.2,56,14.0,11.3978,251.1407,20.0,area_weak_02,0.45007619773821705
day_3,Mild sunny day,0.2,57,14.25,11.3408,246.2018,20.0,area_weak_02,0.4866476435975493
day_3,Mild sunny day,0.2,58,14.5,11.2716,240.2087,20.0,area_weak_02,0.5310343877695198
day_3,Mild sunny day,0.2,59,14.75,11.1906,233.1869,20.0,area_weak_02,0.5830185821249898
day_3,Mild sunny day,0.2,60,15.0,11.0981,225.1666,20.0,area_weak_02,0.6423899313470265
day_3,Mild sunny day,0.2,61,15.25,10.9944,216.1821,20.0,area_weak_02,0.7089207741771755
day_3,Mild sunny day,0.2,62,15.5,10.8801,206.2719,20.0,area_weak_02,0.7822832795228569
day_3,Mild sunny day,0.2,63,15.75,10.7555,195.4783,20.0,area_weak_02,0.8622159013616764
day_3,Mild sunny day,0.2,64,16.0,10.6213,183.8478,20.0,area_weak_02,0.9483294637260937
day_3,Mild sunny day,0.2,65,16.25,10.478,171.4299,20.0,area_weak_02,1.0402770040841292
day_3,Mild sunny day,0.2,66,16.5,10.3263,158.278,20.0,area_weak_02,1.1376401208593436
day_3,Mild sunny day,0.2,67,16.75,10.1667,144.4483,20.0,area_weak_02,1.240043473029957
day_3,Mild sunny day,0.2,68,17.0,10.0,130.0,20.0,area_weak_02,1.3470166324546544
day_3,Mild sunny day,0.2,69,17.25,9.8269,114.9951,20.0,area_weak_02,1.4581047714357598
day_3,Mild sunny day,0.2,70,17.5,9.6481,99.4977,20.0,area_weak_02,1.572844167525064
day_3,Mild sunny day,0.2,71,17.75,9.4643,83.5743,20.0,area_weak_02,1.6907609328451745
day_3,Mild sunny day,0.2,72,18.0,9.2765,67.293,20.0,area_weak_02,1.8112920222328528
day_3,Mild sunny day,0.2,73,18.25,9.0853,50.7235,20.0,area_weak_02,1.9339774540161514
day_3,Mild sunny day,0.2,74,18.5,8.8916,33.9368,20.0,area_weak_02,2.058269359915922
day_3,Mild sunny day,0.2,75,18.75,8.6962,17.0048,20.0,area_weak_02,2.1836435197280935
day_3,Mild sunny day,0.2,76,19.0,8.5,0.0,20.0,area_weak_02,2.3095457117802787
day_3,Mild sunny day,0.2,77,19.25,8.3038,0.0,20.0,area_weak_02,2.3634224496002436
day_3,Mild sunny day,0.2,78,19.5,8.1084,0.0,20.0,area_weak_02,2.4170795065320543
day_3,Mild sunny day,0.2,79,19.75,7.9147,0.0,20.0,area_weak_02,2.4702697415765353
day_3,Mild sunny day,0.2,80,20.0,7.7235,0.0,20.0,area_weak_02,2.522773473845533
day_3,Mild sunny day,0.2,81,20.25,7.5357,0.0,20.0,area_weak_02,2.5743435623398727
day_3,Mild sunny day,0.2,82,20.5,7.3519,0.0,20.0,area_weak_02,2.624815246393438
day_3,Mild sunny day,0.2,83,20.75,7.1731,0.0,20.0,area_weak_02,2.6739139248960364
day_3,Mild sunny day,0.2,84,21.0,7.0,0.0,20.0,area_weak_02,2.7214473770705316
day_3,Mild sunny day,0.2,85,21.25,6.8333,0.0,20.0,area_weak_02,2.7672233821397882
day_3,Mild sunny day,0.2,86,21.5,6.6737,0.0,20.0,area_weak_02,2.8110497193266712
day_3,Mild sunny day,0.2,87,21.75,6.522,0.0,20.0,area_weak_02,2.8527067077430255
day_3,Mild sunny day,0.2,88,22.0,6.3787,0.0,20.0,area_weak_02,2.8920570468337545
day_3,Mild sunny day,0.2,89,22.25,6.2445,0.0,20.0,area_weak_02,2.928908515821722
day_3,Mild sunny day,0.2,90,22.5,6.1199,0.0,20.0,area_weak_02,2.963123814151832
day_3,Mild sunny day,0.2,91,22.75,6.0056,0.0,20.0,area_weak_02,2.9945107210469497
day_3,Mild sunny day,0.2,92,23.0,5.9019,0.0,20.0,area_weak_02,3.0229868561740156
day_3,Mild sunny day,0.2,93,23.25,5.8094,0.0,20.0,area_weak_02,3.048387458866915
day_3,Mild sunny day,0.2,94,23.5,5.7284,0.0,20.0,area_weak_02,3.0706301487925884
day_3,Mild sunny day,0.2,95,23.75,5.6592,0.0,20.0,area_weak_02,3.0896325456179787
day_3,Mild sunny day,0.2,0,0.0,5.6022,0.0,20.0,area_weak_03,2.466654009091577
day_3,Mild sunny day,0.2,1,0.25,5.5576,0.0,20.0,area_weak_03,2.4696066978884126
day_3,Mild sunny day,0.2,2,0.5,5.5257,0.0,20.0,area_weak_03,2.4717185986197823
day_3,Mild sunny day,0.2,3,0.75,5.5064,0.0,20.0,area_weak_03,2.472996331664153
day_3,Mild sunny day,0.2,4,1.0,5.5,0.0,20.0,area_weak_03,2.4734200358861202
day_3,Mild sunny day,0.2,5,1.25,5.5064,0.0,20.0,area_weak_03,2.472996331664153
day_3,Mild sunny day,0.2,6,1.5,5.5257,0.0,20.0,area_weak_03,2.4717185986197823
day_3,Mild sunny day,0.2,7,1.75,5.5576,0.0,20.0,area_weak_03,2.4696066978884126
day_3,Mild sunny day,0.2,8,2.0,5.6022,0.0,20.0,area_weak_03,2.466654009091577
day_3,Mild sunny day,0.2,9,2.25,5.6592,0.0,20.0,area_weak_03,2.462880393364679
day_3,Mild sunny day,0.2,10,2.5,5.7284,0.0,20.0,area_weak_03,2.4582990914646556
day_3,Mild sunny day,0.2,11,2.75,5.8094,0.0,20.0,area_weak_03,2.4529365849053795
day_3,Mild sunny day,0.2,12,3.0,5.9019,0.0,20.0,area_weak_03,2.4468127348222555
day_3,Mild sunny day,0.2,13,3.25,6.0056,0.0,20.0,area_weak_03,2.4399474023506884
day_3,Mild sunny day,0.2,14,3.5,6.1199,0.0,20.0,area_weak_03,2.432380309761488
day_3,Mild sunny day,0.2,15,3.75,6.2445,0.0,20.0,area_weak_03,2.4241313181900583
day_3,Mild sunny day,0.2,16,4.0,6.3787,0.0,20.0,area_weak_03,2.4152467702856777
day_3,Mild sunny day,0.2,17,4.25,6.522,0.0,20.0,area_weak_03,2.405759767940687
day_3,Mild sunny day,0.2,18,4.5,6.6737,0.0,20.0,area_weak_03,2.3957166538043637
day_3,Mild sunny day,0.2,19,4.75,6.8333,0.0,20.0,area_weak_03,2.3851505297690494
day_3,Mild sunny day,0.2,20,5.0,7.0,0.0,20.0,area_weak_03,2.3741143588624896
day_3,Mild sunny day,0.2,21,5.25,7.1731,0.0,20.0,area_weak_03,2.362654483733963
day_3,Mild sunny day,0.2,22,5.5,7.3519,0.0,20.0,area_weak_03,2.350817247032746
day_3,Mild sunny day,0.2,23,5.75,7.5357,0.0,20.0,area_weak_03,2.3386489914081174
day_3,Mild sunny day,0.2,24,6.0,7.7235,0.0,20.0,area_weak_03,2.326215920644759
day_3,Mild sunny day,0.2,25,6.25,7.9147,0.0,20.0,area_weak_03,2.3135577570134798
day_3,Mild sunny day,0.2,26,6.5,8.1084,0.0,20.0,area_weak_03,2.3007340839204953
day_3,Mild sunny day,0.2,27,6.75,8.3038,0.0,20.0,area_weak_03,2.28779786439355
day_3,Mild sunny day,0.2,28,7.0,8.5,0.0,20.0,area_weak_03,2.2748086818388593
day_3,Mild sunny day,0.2,29,7.25,8.6962,17.0048,20.0,area_weak_03,2.2322449498886896
day_3,Mild sunny day,0.2,30,7.5,8.8916,33.9368,20.0,area_weak_03,2.189860793875326
day_3,Mild sunny day,0.2,31,7.75,9.0853,50.7235,20.0,area_weak_03,2.1478418883575503
day_3,Mild sunny day,0.2,32,8.0,9.2765,67.293,20.0,area_weak_03,2.1063662440026882
day_3,Mild sunny day,0.2,33,8.25,9.4643,83.5743,20.0,area_weak_03,2.0656169265870545
day_3,Mild sunny day,0.2,34,8.5,9.6481,99.4977,20.0,area_weak_03,2.0257548798067537
day_3,Mild sunny day,0.2,35,8.75,9.8269,114.9951,20.0,area_weak_03,1.986964746170466
day_3,Mild sunny day,0.2,36,9.0,10.0,130.0,20.0,area_weak_03,1.9494085243501684
day_3,Mild sunny day,0.2,37,9.25,10.1667,144.4483,20.0,area_weak_03,1.9132440389658911
day_3,Mild sunny day,0.2,38,9.5,10.3263,158.278,20.0,area_weak_03,1.8786254623422103
day_3,Mild sunny day,0.2,39,9.75,10.478,171.4299,20.0,area_weak_03,1.8457087174548992
day_3,Mild sunny day,0.2,40,10.0,10.6213,183.8478,20.0,area_weak_03,1.8146246485793924
day_3,Mild sunny day,0.2,41,10.25,10.7555,195.4783,20.0,area_weak_03,1.7855124710207895
day_3,Mild sunny day,0.2,42,10.5,10.8801,206.2719,20.0,area_weak_03,1.7584913764928394
day_3,Mild sunny day,0.2,43,10.75,10.9944,216.1821,20.0,area_weak_03,1.7336885799012935
day_3,Mild sunny day,0.2,44,11.0,11.0981,225.1666,20.0,area_weak_03,1.711197510047124
day_3,Mild sunny day,0.2,45,11.25,11.1906,233.1869,20.0,area_weak_03,1.6911248479511238
day_3,Mild sunny day,0.2,46,11.5,11.2716,240.2087,20.0,area_weak_03,1.6735501089077742
day_3,Mild sunny day,0.2,47,11.75,11.3408,246.2018,20.0,area_weak_03,1.6585456775394805
day_3,Mild sunny day,0.2,48,12.0,11.3978,251.1407,20.0,area_weak_03,1.6461823846620525
day_3,Mild sunny day,0.2,49,12.25,11.4424,255.0042,20.0,area_weak_03,1.636510341824626
day_3,Mild sunny day,0.2,50,12.5,11.4743,257.7757,20.0,area_weak_03,1.629578280688573
day_3,Mild sunny day,0.2,51,12.75,11.4936,259.4433,20.0,area_weak_03,1.625400277216329
day_3,Mild sunny day,0.2,52,13.0,11.5,260.0,20.0,area_weak_03,1.6240083668614775
day_3,Mild sunny day,0.2,53,13.25,11.4936,259.4433,20.0,area_weak_03,1.625400277216329
day_3,Mild sunny day,0.2,54,13.5,11.4743,257.7757,20.0,area_weak_03,1.629578280688573
day_3,Mild sunny day,0.2,55,13.75,11.4424,255.0042,20.0,area_weak_03,1.636510341824626
day_3,Mild sunny day,0.2,56,14.0,11.3978,251.1407,20.0,area_weak_03,1.6461823846620525
day_3,Mild sunny day,0.2,57,14.25,11.3408,246.2018,20.0,area_weak_03,1.6585456775394805
day_3,Mild sunny day,0.2,58,14.5,11.2716,240.2087,20.0,area_weak_03,1.6735501089077742
day_3,Mild sunny day,0.2,59,14.75,11.1906,233.1869,20.0,area_weak_03,1.6911248479511238
day_3,Mild sunny day,0.2,60,15.0,11.0981,225.1666,20.0,area_weak_03,1.711197510047124
day_3,Mild sunny day,0.2,61,15.25,10.9944,216.1821,20.0,area_weak_03,1.7336885799012935
day_3,Mild sunny day,0.2,62,15.5,10.8801,206.2719,20.0,area_weak_03,1.7584913764928394
day_3,Mild sunny day,0.2,63,15.75,10.7555,195.4783,20.0,area_weak_03,1.7855124710207895
day_3,Mild sunny day,0.2,64,16.0,10.6213,183.8478,20.0,area_weak_03,1.8146246485793924
day_3,Mild sunny day,0.2,65,16.25,10.478,171.4299,20.0,area_weak_03,1.8457087174548992
day_3,Mild sunny day,0.2,66,16.5,10.3263,158.278,20.0,area_weak_03,1.8786254623422103
day_3,Mild sunny day,0.2,67,16.75,10.1667,144.4483,20.0,area_weak_03,1.9132440389658911
day_3,Mild sunny day,0.2,68,17.0,10.0,130.0,20.0,area_weak_03,1.9494085243501684
day_3,Mild sunny day,0.2,69,17.25,9.8269,114.9951,20.0,area_weak_03,1.986964746170466
day_3,Mild sunny day,0.2,70,17.5,9.6481,99.4977,20.0,area_weak_03,2.0257548798067537
day_3,Mild sunny day,0.2,71,17.75,9.4643,83.5743,20.0,area_weak_03,2.0656169265870545
day_3,Mild sunny day,0.2,72,18.0,9.2765,67.293,20.0,area_weak_03,2.1063662440026882
day_3,Mild sunny day,0.2,73,18.25,9.0853,50.7235,20.0,area_weak_03,2.1478418883575503
day_3,Mild sunny day,0.2,74,18.5,8.8916,33.9368,20.0,area_weak_03,2.189860793875326
day_3,Mild sunny day,0.2,75,18.75,8.6962,17.0048,20.0,area_weak_03,2.2322449498886896
day_3,Mild sunny day,0.2,76,19.0,8.5,0.0,20.0,area_weak_03,2.2748086818388593
day_3,Mild sunny day,0.2,77,19.25,8.3038,0.0,20.0,area_weak_03,2.28779786439355
day_3,Mild sunny day,0.2,78,19.5,8.1084,0.0,20.0,area_weak_03,2.3007340839204953
day_3,Mild sunny day,0.2,79,19.75,7.9147,0.0,20.0,area_weak_03,2.3135577570134798
day_3,Mild sunny day,0.2,80,20.0,7.7235,0.0,20.0,area_weak_03,2.326215920644759
day_3,Mild sunny day,0.2,81,20.25,7.5357,0.0,20.0,area_weak_03,2.3386489914081174
day_3,Mild sunny day,0.2,82,20.5,7.3519,0.0,20.0,area_weak_03,2.350817247032746
day_3,Mild sunny day,0.2,83,20.75,7.1731,0.0,20.0,area_weak_03,2.362654483733963
day_3,Mild sunny day,0.2,84,21.0,7.0,0.0,20.0,area_weak_03,2.3741143588624896
day_3,Mild sunny day,0.2,85,21.25,6.8333,0.0,20.0,area_weak_03,2.3851505297690494
day_3,Mild sunny day,0.2,86,21.5,6.6737,0.0,20.0,area_weak_03,2.3957166538043637
day_3,Mild sunny day,0.2,87,21.75,6.522,0.0,20.0,area_weak_03,2.405759767940687
day_3,Mild sunny day,0.2,88,22.0,6.3787,0.0,20.0,area_weak_03,2.4152467702856777
day_3,Mild sunny day,0.2,89,22.25,6.2445,0.0,20.0,area_weak_03,2.4241313181900583
day_3,Mild sunny day,0.2,90,22.5,6.1199,0.0,20.0,area_weak_03,2.432380309761488
day_3,Mild sunny day,0.2,91,22.75,6.0056,0.0,20.0,area_weak_03,2.4399474023506884
day_3,Mild sunny day,0.2,92,23.0,5.9019,0.0,20.0,area_weak_03,2.4468127348222555
day_3,Mild sunny day,0.2,93,23.25,5.8094,0.0,20.0,area_weak_03,2.4529365849053795
day_3,Mild sunny day,0.2,94,23.5,5.7284,0.0,20.0,area_weak_03,2.4582990914646556
day_3,Mild sunny day,0.2,95,23.75,5.6592,0.0,20.0,area_weak_03,2.462880393364679
day_3,Mild sunny day,0.2,0,0.0,5.6022,0.0,20.0,area_weak_04,2.016993980342364
day_3,Mild sunny day,0.2,1,0.25,5.5576,0.0,20.0,area_weak_04,2.0206511843539054
day_3,Mild sunny day,0.2,2,0.5,5.5257,0.0,20.0,area_weak_04,2.023266987223147
day_3,Mild sunny day,0.2,3,0.75,5.5064,0.0,20.0,area_weak_04,2.024849588959083
day_3,Mild sunny day,0.2,4,1.0,5.5,0.0,20.0,area_weak_04,2.02537438953473
day_3,Mild sunny day,0.2,5,1.25,5.5064,0.0,20.0,area_weak_04,2.024849588959083
day_3,Mild sunny day,0.2,6,1.5,5.5257,0.0,20.0,area_weak_04,2.023266987223147
day_3,Mild sunny day,0.2,7,1.75,5.5576,0.0,20.0,area_weak_04,2.0206511843539054
day_3,Mild sunny day,0.2,8,2.0,5.6022,0.0,20.0,area_weak_04,2.016993980342364
day_3,Mild sunny day,0.2,9,2.25,5.6592,0.0,20.0,area_weak_04,2.0123199752155063
day_3,Mild sunny day,0.2,10,2.5,5.7284,0.0,20.0,area_weak_04,2.0066455689913214
day_3,Mild sunny day,0.2,11,2.75,5.8094,0.0,20.0,area_weak_04,2.0000035617057867
day_3,Mild sunny day,0.2,12,3.0,5.9019,0.0,20.0,area_weak_04,1.992418553385886
day_3,Mild sunny day,0.2,13,3.25,6.0056,0.0,20.0,area_weak_04,1.9839151440586027
day_3,Mild sunny day,0.2,14,3.5,6.1199,0.0,20.0,area_weak_04,1.974542533777904
day_3,Mild sunny day,0.2,15,3.75,6.2445,0.0,20.0,area_weak_04,1.9643253225707729
day_3,Mild sunny day,0.2,16,4.0,6.3787,0.0,20.0,area_weak_04,1.9533209105001712
day_3,Mild sunny day,0.2,17,4.25,6.522,0.0,20.0,area_weak_04,1.941570297611071
day_3,Mild sunny day,0.2,18,4.5,6.6737,0.0,20.0,area_weak_04,1.9291308839664338
day_3,Mild sunny day,0.2,19,4.75,6.8333,0.0,20.0,area_weak_04,1.9160436696112322
day_3,Mild sunny day,0.2,20,5.0,7.0,0.0,20.0,area_weak_04,1.9023742546174223
day_3,Mild sunny day,0.2,21,5.25,7.1731,0.0,20.0,area_weak_04,1.8881800390479648
day_3,Mild sunny day,0.2,22,5.5,7.3519,0.0,20.0,area_weak_04,1.8735184229658217
day_3,Mild sunny day,0.2,23,5.75,7.5357,0.0,20.0,area_weak_04,1.8584468064339543
day_3,Mild sunny day,0.2,24,6.0,7.7235,0.0,20.0,area_weak_04,1.8430471895423075
day_3,Mild sunny day,0.2,25,6.25,7.9147,0.0,20.0,area_weak_04,1.827368772344848
day_3,Mild sunny day,0.2,26,6.5,8.1084,0.0,20.0,area_weak_04,1.8114853549225263
day_3,Mild sunny day,0.2,27,6.75,8.3038,0.0,20.0,area_weak_04,1.795462537347298
day_3,Mild sunny day,0.2,28,7.0,8.5,0.0,20.0,area_weak_04,1.7793741197001143
day_3,Mild sunny day,0.2,29,7.25,8.6962,17.0048,20.0,area_weak_04,1.5551385531388862
day_3,Mild sunny day,0.2,30,7.5,8.8916,33.9368,20.0,area_weak_04,1.331859694598013
day_3,Mild sunny day,0.2,31,7.75,9.0853,50.7235,20.0,area_weak_04,1.1104987799587063
day_3,Mild sunny day,0.2,32,8.0,9.2765,67.293,20.0,area_weak_04,0.8920015007969038
day_3,Mild sunny day,0.2,33,8.25,9.4643,83.5743,20.0,area_weak_04,0.6773107322531217
day_3,Mild sunny day,0.2,34,8.5,9.6481,99.4977,20.0,area_weak_04,0.4673288367989562
day_3,Mild sunny day,0.2,35,8.75,9.8269,114.9951,20.0,area_weak_04,0.26297139215190724
day_3,Mild sunny day,0.2,36,9.0,10.0,130.0,20.0,area_weak_04,0.06510979121241645
day_3,Mild sunny day,0.2,37,9.25,10.1667,144.4483,20.0,area_weak_04,0.0
day_3,Mild sunny day,0.2,38,9.5,10.3263,158.278,20.0,area_weak_04,0.0
day_3,Mild sunny day,0.2,39,9.75,10.478,171.4299,20.0,area_weak_04,0.0
day_3,Mild sunny day,0.2,40,10.0,10.6213,183.8478,20.0,area_weak_04,0.0
day_3,Mild sunny day,0.2,41,10.25,10.7555,195.4783,20.0,area_weak_04,0.0
day_3,Mild sunny day,0.2,42,10.5,10.8801,206.2719,20.0,area_weak_04,0.0
day_3,Mild sunny day,0.2,43,10.75,10.9944,216.1821,20.0,area_weak_04,0.0
day_3,Mild sunny day,0.2,44,11.0,11.0981,225.1666,20.0,area_weak_04,0.0
day_3,Mild sunny day,0.2,45,11.25,11.1906,233.1869,20.0,area_weak_04,0.0
day_3,Mild sunny day,0.2,46,11.5,11.2716,240.2087,20.0,area_weak_04,0.0
day_3,Mild sunny day,0.2,47,11.75,11.3408,246.2018,20.0,area_weak_04,0.0
day_3,Mild sunny day,0.2,48,12.0,11.3978,251.1407,20.0,area_weak_04,0.0
day_3,Mild sunny day,0.2,49,12.25,11.4424,255.0042,20.0,area_weak_04,0.0
day_3,Mild sunny day,0.2,50,12.5,11.4743,257.7757,20.0,area_weak_04,0.0
day_3,Mild sunny day,0.2,51,12.75,11.4936,259.4433,20.0,area_weak_04,0.0
day_3,Mild sunny day,0.2,52,13.0,11.5,260.0,20.0,area_weak_04,0.0
day_3,Mild sunny day,0.2,53,13.25,11.4936,259.4433,20.0,area_weak_04,0.0
day_3,Mild sunny day,0.2,54,13.5,11.4743,257.7757,20.0,area_weak_04,0.0
day_3,Mild sunny day,0.2,55,13.75,11.4424,255.0042,20.0,area_weak_04,0.0
day_3,Mild sunny day,0.2,56,14.0,11.3978,251.1407,20.0,area_weak_04,0.0
day_3,Mild sunny day,0.2,57,14.25,11.3408,246.2018,20.0,area_weak_04,0.0
day_3,Mild sunny day,0.2,58,14.5,11.2716,240.2087,20.0,area_weak_04,0.0
day_3,Mild sunny day,0.2,59,14.75,11.1906,233.1869,20.0,area_weak_04,0.0
day_3,Mild sunny day,0.2,60,15.0,11.0981,225.1666,20.0,area_weak_04,0.0
day_3,Mild sunny day,0.2,61,15.25,10.9944,216.1821,20.0,area_weak_04,0.0
day_3,Mild sunny day,0.2,62,15.5,10.8801,206.2719,20.0,area_weak_04,0.0
day_3,Mild sunny day,0.2,63,15.75,10.7555,195.4783,20.0,area_weak_04,0.0
day_3,Mild sunny day,0.2,64,16.0,10.6213,183.8478,20.0,area_weak_04,0.0
day_3,Mild sunny day,0.2,65,16.25,10.478,171.4299,20.0,area_weak_04,0.0
day_3,Mild sunny day,0.2,66,16.5,10.3263,158.278,20.0,area_weak_04,0.0
day_3,Mild sunny day,0.2,67,16.75,10.1667,144.4483,20.0,area_weak_04,0.0
day_3,Mild sunny day,0.2,68,17.0,10.0,130.0,20.0,area_weak_04,0.06510979121241645
day_3,Mild sunny day,0.2,69,17.25,9.8269,114.9951,20.0,area_weak_04,0.26297139215190724
day_3,Mild sunny day,0.2,70,17.5,9.6481,99.4977,20.0,area_weak_04,0.4673288367989562
day_3,Mild sunny day,0.2,71,17.75,9.4643,83.5743,20.0,area_weak_04,0.6773107322531217
day_3,Mild sunny day,0.2,72,18.0,9.2765,67.293,20.0,area_weak_04,0.8920015007969038
day_3,Mild sunny day,0.2,73,18.25,9.0853,50.7235,20.0,area_weak_04,1.1104987799587063
day_3,Mild sunny day,0.2,74,18.5,8.8916,33.9368,20.0,area_weak_04,1.331859694598013
day_3,Mild sunny day,0.2,75,18.75,8.6962,17.0048,20.0,area_weak_04,1.5551385531388862
day_3,Mild sunny day,0.2,76,19.0,8.5,0.0,20.0,area_weak_04,1.7793741197001143
day_3,Mild sunny day,0.2,77,19.25,8.3038,0.0,20.0,area_weak_04,1.795462537347298
day_3,Mild sunny day,0.2,78,19.5,8.1084,0.0,20.0,area_weak_04,1.8114853549225263
day_3,Mild sunny day,0.2,79,19.75,7.9147,0.0,20.0,area_weak_04,1.827368772344848
day_3,Mild sunny day,0.2,80,20.0,7.7235,0.0,20.0,area_weak_04,1.8430471895423075
day_3,Mild sunny day,0.2,81,20.25,7.5357,0.0,20.0,area_weak_04,1.8584468064339543
day_3,Mild sunny day,0.2,82,20.5,7.3519,0.0,20.0,area_weak_04,1.8735184229658217
day_3,Mild sunny day,0.2,83,20.75,7.1731,0.0,20.0,area_weak_04,1.8881800390479648
day_3,Mild sunny day,0.2,84,21.0,7.0,0.0,20.0,area_weak_04,1.9023742546174223
day_3,Mild sunny day,0.2,85,21.25,6.8333,0.0,20.0,area_weak_04,1.9160436696112322
day_3,Mild sunny day,0.2,86,21.5,6.6737,0.0,20.0,area_weak_04,1.9291308839664338
day_3,Mild sunny day,0.2,87,21.75,6.522,0.0,20.0,area_weak_04,1.941570297611071
day_3,Mild sunny day,0.2,88,22.0,6.3787,0.0,20.0,area_weak_04,1.9533209105001712
day_3,Mild sunny day,0.2,89,22.25,6.2445,0.0,20.0,area_weak_04,1.9643253225707729
day_3,Mild sunny day,0.2,90,22.5,6.1199,0.0,20.0,area_weak_04,1.974542533777904
day_3,Mild sunny day,0.2,91,22.75,6.0056,0.0,20.0,area_weak_04,1.9839151440586027
day_3,Mild sunny day,0.2,92,23.0,5.9019,0.0,20.0,area_weak_04,1.992418553385886
day_3,Mild sunny day,0.2,93,23.25,5.8094,0.0,20.0,area_weak_04,2.0000035617057867
day_3,Mild sunny day,0.2,94,23.5,5.7284,0.0,20.0,area_weak_04,2.0066455689913214
day_3,Mild sunny day,0.2,95,23.75,5.6592,0.0,20.0,area_weak_04,2.0123199752155063
day_3,Mild sunny day,0.2,0,0.0,5.6022,0.0,20.0,area_weak_05,1.9012262036264393
day_3,Mild sunny day,0.2,1,0.25,5.5576,0.0,20.0,area_weak_05,1.9043177523420542
day_3,Mild sunny day,0.2,2,0.5,5.5257,0.0,20.0,area_weak_05,1.9065289721633127
day_3,Mild sunny day,0.2,3,0.75,5.5064,0.0,20.0,area_weak_05,1.907866794813792
day_3,Mild sunny day,0.2,4,1.0,5.5,0.0,20.0,area_weak_05,1.908310425122759
day_3,Mild sunny day,0.2,5,1.25,5.5064,0.0,20.0,area_weak_05,1.907866794813792
day_3,Mild sunny day,0.2,6,1.5,5.5257,0.0,20.0,area_weak_05,1.9065289721633127
day_3,Mild sunny day,0.2,7,1.75,5.5576,0.0,20.0,area_weak_05,1.9043177523420542
day_3,Mild sunny day,0.2,8,2.0,5.6022,0.0,20.0,area_weak_05,1.9012262036264393
day_3,Mild sunny day,0.2,9,2.25,5.6592,0.0,20.0,area_weak_05,1.8972751211872003
day_3,Mild sunny day,0.2,10,2.5,5.7284,0.0,20.0,area_weak_05,1.8924783684714925
day_3,Mild sunny day,0.2,11,2.75,5.8094,0.0,20.0,area_weak_05,1.8868636723736267
day_3,Mild sunny day,0.2,12,3.0,5.9019,0.0,20.0,area_weak_05,1.8804518280643352
day_3,Mild sunny day,0.2,13,3.25,6.0056,0.0,20.0,area_weak_05,1.8732636307143515
day_3,Mild sunny day,0.2,14,3.5,6.1199,0.0,20.0,area_weak_05,1.8653406706651405
day_3,Mild sunny day,0.2,15,3.75,6.2445,0.0,20.0,area_weak_05,1.856703743087436
day_3,Mild sunny day,0.2,16,4.0,6.3787,0.0,20.0,area_weak_05,1.8474013700462804
day_3,Mild sunny day,0.2,17,4.25,6.522,0.0,20.0,area_weak_05,1.837468210159562
day_3,Mild sunny day,0.2,18,4.5,6.6737,0.0,20.0,area_weak_05,1.8269527854923242
day_3,Mild sunny day,0.2,19,4.75,6.8333,0.0,20.0,area_weak_05,1.815889754662455
day_3,Mild sunny day,0.2,20,5.0,7.0,0.0,20.0,area_weak_05,1.8043345714585755
day_3,Mild sunny day,0.2,21,5.25,7.1731,0.0,20.0,area_weak_05,1.7923357579457286
day_3,Mild sunny day,0.2,22,5.5,7.3519,0.0,20.0,area_weak_05,1.779941836188958
day_3,Mild sunny day,0.2,23,5.75,7.5357,0.0,20.0,area_weak_05,1.7672013282533068
day_3,Mild sunny day,0.2,24,6.0,7.7235,0.0,20.0,area_weak_05,1.754183551374551
day_3,Mild sunny day,0.2,25,6.25,7.9147,0.0,20.0,area_weak_05,1.7409300958941563
day_3,Mild sunny day,0.2,26,6.5,8.1084,0.0,20.0,area_weak_05,1.7275033473243213
day_3,Mild sunny day,0.2,27,6.75,8.3038,0.0,20.0,area_weak_05,1.713958759453667
day_3,Mild sunny day,0.2,28,7.0,8.5,0.0,20.0,area_weak_05,1.700358717794392
day_3,Mild sunny day,0.2,29,7.25,8.6962,17.0048,20.0,area_weak_05,1.6063059103821016
day_3,Mild sunny day,0.2,30,7.5,8.8916,33.9368,20.0,area_weak_05,1.5126529866456888
day_3,Mild sunny day,0.2,31,7.75,9.0853,50.7235,20.0,area_weak_05,1.4198053426306776
day_3,Mild sunny day,0.2,32,8.0,9.2765,67.293,20.0,area_weak_05,1.328158603951152
day_3,Mild sunny day,0.2,33,8.25,9.4643,83.5743,20.0,area_weak_05,1.2381110698829814
day_3,Mild sunny day,0.2,34,8.5,9.6481,99.4977,20.0,area_weak_05,1.1500340939976006
day_3,Mild sunny day,0.2,35,8.75,9.8269,114.9951,20.0,area_weak_05,1.0643191868731234
day_3,Mild sunny day,0.2,36,9.0,10.0,130.0,20.0,area_weak_05,0.9813294940292987
day_3,Mild sunny day,0.2,37,9.25,10.1667,144.4483,20.0,area_weak_05,0.901416806154427
day_3,Mild sunny day,0.2,38,9.5,10.3263,158.278,20.0,area_weak_05,0.8249229784592921
day_3,Mild sunny day,0.2,39,9.75,10.478,171.4299,20.0,area_weak_05,0.7521835505748992
day_3,Mild sunny day,0.2,40,10.0,10.6213,183.8478,20.0,area_weak_05,0.6834990734222111
day_3,Mild sunny day,0.2,41,10.25,10.7555,195.4783,20.0,area_weak_05,0.6191707140659891
day_3,Mild sunny day,0.2,42,10.5,10.8801,206.2719,20.0,area_weak_05,0.5594673245227367
day_3,Mild sunny day,0.2,43,10.75,10.9944,216.1821,20.0,area_weak_05,0.5046574267168027
day_3,Mild sunny day,0.2,44,11.0,11.0981,225.1666,20.0,area_weak_05,0.45496194472319096
day_3,Mild sunny day,0.2,45,11.25,11.1906,233.1869,20.0,area_weak_05,0.41060461930451253
day_3,Mild sunny day,0.2,46,11.5,11.2716,240.2087,20.0,area_weak_05,0.3717685250976114
day_3,Mild sunny day,0.2,47,11.75,11.3408,246.2018,20.0,area_weak_05,0.33861733890227486
day_3,Mild sunny day,0.2,48,12.0,11.3978,251.1407,20.0,area_weak_05,0.31129943269694826
day_3,Mild sunny day,0.2,49,12.25,11.4424,255.0042,20.0,area_weak_05,0.289928970939911
day_3,Mild sunny day,0.2,50,12.5,11.4743,257.7757,20.0,area_weak_05,0.2746052863860785
day_3,Mild sunny day,0.2,51,12.75,11.4936,259.4433,20.0,area_weak_05,0.2653777483511356
day_3,Mild sunny day,0.2,52,13.0,11.5,260.0,20.0,area_weak_05,0.26230027026420555
day_3,Mild sunny day,0.2,53,13.25,11.4936,259.4433,20.0,area_weak_05,0.2653777483511356
day_3,Mild sunny day,0.2,54,13.5,11.4743,257.7757,20.0,area_weak_05,0.2746052863860785
day_3,Mild sunny day,0.2,55,13.75,11.4424,255.0042,20.0,area_weak_05,0.289928970939911
day_3,Mild sunny day,0.2,56,14.0,11.3978,251.1407,20.0,area_weak_05,0.31129943269694826
day_3,Mild sunny day,0.2,57,14.25,11.3408,246.2018,20.0,area_weak_05,0.33861733890227486
day_3,Mild sunny day,0.2,58,14.5,11.2716,240.2087,20.0,area_weak_05,0.3717685250976114
day_3,Mild sunny day,0.2,59,14.75,11.1906,233.1869,20.0,area_weak_05,0.41060461930451253
day_3,Mild sunny day,0.2,60,15.0,11.0981,225.1666,20.0,area_weak_05,0.45496194472319096
day_3,Mild sunny day,0.2,61,15.25,10.9944,216.1821,20.0,area_weak_05,0.5046574267168027
day_3,Mild sunny day,0.2,62,15.5,10.8801,206.2719,20.0,area_weak_05,0.5594673245227367
day_3,Mild sunny day,0.2,63,15.75,10.7555,195.4783,20.0,area_weak_05,0.6191707140659891
day_3,Mild sunny day,0.2,64,16.0,10.6213,183.8478,20.0,area_weak_05,0.6834990734222111
day_3,Mild sunny day,0.2,65,16.25,10.478,171.4299,20.0,area_weak_05,0.7521835505748992
day_3,Mild sunny day,0.2,66,16.5,10.3263,158.278,20.0,area_weak_05,0.8249229784592921
day_3,Mild sunny day,0.2,67,16.75,10.1667,144.4483,20.0,area_weak_05,0.901416806154427
day_3,Mild sunny day,0.2,68,17.0,10.0,130.0,20.0,area_weak_05,0.9813294940292987
day_3,Mild sunny day,0.2,69,17.25,9.8269,114.9951,20.0,area_weak_05,1.0643191868731234
day_3,Mild sunny day,0.2,70,17.5,9.6481,99.4977,20.0,area_weak_05,1.1500340939976006
day_3,Mild sunny day,0.2,71,17.75,9.4643,83.5743,20.0,area_weak_05,1.2381110698829814
day_3,Mild sunny day,0.2,72,18.0,9.2765,67.293,20.0,area_weak_05,1.328158603951152
day_3,Mild sunny day,0.2,73,18.25,9.0853,50.7235,20.0,area_weak_05,1.4198053426306776
day_3,Mild sunny day,0.2,74,18.5,8.8916,33.9368,20.0,area_weak_05,1.5126529866456888
day_3,Mild sunny day,0.2,75,18.75,8.6962,17.0048,20.0,area_weak_05,1.6063059103821016
day_3,Mild sunny day,0.2,76,19.0,8.5,0.0,20.0,area_weak_05,1.700358717794392
day_3,Mild sunny day,0.2,77,19.25,8.3038,0.0,20.0,area_weak_05,1.713958759453667
day_3,Mild sunny day,0.2,78,19.5,8.1084,0.0,20.0,area_weak_05,1.7275033473243213
day_3,Mild sunny day,0.2,79,19.75,7.9147,0.0,20.0,area_weak_05,1.7409300958941563
day_3,Mild sunny day,0.2,80,20.0,7.7235,0.0,20.0,area_weak_05,1.754183551374551
day_3,Mild sunny day,0.2,81,20.25,7.5357,0.0,20.0,area_weak_05,1.7672013282533068
day_3,Mild sunny day,0.2,82,20.5,7.3519,0.0,20.0,area_weak_05,1.779941836188958
day_3,Mild sunny day,0.2,83,20.75,7.1731,0.0,20.0,area_weak_05,1.7923357579457286
day_3,Mild sunny day,0.2,84,21.0,7.0,0.0,20.0,area_weak_05,1.8043345714585755
day_3,Mild sunny day,0.2,85,21.25,6.8333,0.0,20.0,area_weak_05,1.815889754662455
day_3,Mild sunny day,0.2,86,21.5,6.6737,0.0,20.0,area_weak_05,1.8269527854923242
day_3,Mild sunny day,0.2,87,21.75,6.522,0.0,20.0,area_weak_05,1.837468210159562
day_3,Mild sunny day,0.2,88,22.0,6.3787,0.0,20.0,area_weak_05,1.8474013700462804
day_3,Mild sunny day,0.2,89,22.25,6.2445,0.0,20.0,area_weak_05,1.856703743087436
day_3,Mild sunny day,0.2,90,22.5,6.1199,0.0,20.0,area_weak_05,1.8653406706651405
day_3,Mild sunny day,0.2,91,22.75,6.0056,0.0,20.0,area_weak_05,1.8732636307143515
day_3,Mild sunny day,0.2,92,23.0,5.9019,0.0,20.0,area_weak_05,1.8804518280643352
day_3,Mild sunny day,0.2,93,23.25,5.8094,0.0,20.0,area_weak_05,1.8868636723736267
day_3,Mild sunny day,0.2,94,23.5,5.7284,0.0,20.0,area_weak_05,1.8924783684714925
day_3,Mild sunny day,0.2,95,23.75,5.6592,0.0,20.0,area_weak_05,1.8972751211872003
day_3,Mild sunny day,0.2,0,0.0,5.6022,0.0,20.0,area_weak_06,1.1283156368946168
day_3,Mild sunny day,0.2,1,0.25,5.5576,0.0,20.0,area_weak_06,1.1405985938208665
day_3,Mild sunny day,0.2,2,0.5,5.5257,0.0,20.0,area_weak_06,1.1493839374519732
day_3,Mild sunny day,0.2,3,0.75,5.5064,0.0,20.0,area_weak_06,1.1546992080501042
day_3,Mild sunny day,0.2,4,1.0,5.5,0.0,20.0,area_weak_06,1.1564617848287586
day_3,Mild sunny day,0.2,5,1.25,5.5064,0.0,20.0,area_weak_06,1.1546992080501042
day_3,Mild sunny day,0.2,6,1.5,5.5257,0.0,20.0,area_weak_06,1.1493839374519732
day_3,Mild sunny day,0.2,7,1.75,5.5576,0.0,20.0,area_weak_06,1.1405985938208665
day_3,Mild sunny day,0.2,8,2.0,5.6022,0.0,20.0,area_weak_06,1.1283156368946168
day_3,Mild sunny day,0.2,9,2.25,5.6592,0.0,20.0,area_weak_06,1.1126176874597236
day_3,Mild sunny day,0.2,10,2.5,5.7284,0.0,20.0,area_weak_06,1.0935598260405195
day_3,Mild sunny day,0.2,11,2.75,5.8094,0.0,20.0,area_weak_06,1.0712522136856713
day_3,Mild sunny day,0.2,12,3.0,5.9019,0.0,20.0,area_weak_06,1.0457774711816779
day_3,Mild sunny day,0.2,13,3.25,6.0056,0.0,20.0,area_weak_06,1.0172182193150388
day_3,Mild sunny day,0.2,14,3.5,6.1199,0.0,20.0,area_weak_06,0.9857396996587529
day_3,Mild sunny day,0.2,15,3.75,6.2445,0.0,20.0,area_weak_06,0.9514245329993196
day_3,Mild sunny day,0.2,16,4.0,6.3787,0.0,20.0,area_weak_06,0.9144655011719043
day_3,Mild sunny day,0.2,17,4.25,6.522,0.0,20.0,area_weak_06,0.8750003054873394
day_3,Mild sunny day,0.2,18,4.5,6.6737,0.0,20.0,area_weak_06,0.8332217277807903
day_3,Mild sunny day,0.2,19,4.75,6.8333,0.0,20.0,area_weak_06,0.789267469363089
day_3,Mild sunny day,0.2,20,5.0,7.0,0.0,20.0,area_weak_06,0.743357852331568
day_3,Mild sunny day,0.2,21,5.25,7.1731,0.0,20.0,area_weak_06,0.6956856585213922
day_3,Mild sunny day,0.2,22,5.5,7.3519,0.0,20.0,area_weak_06,0.6464436697677272
day_3,Mild sunny day,0.2,23,5.75,7.5357,0.0,20.0,area_weak_06,0.5958246679057382
day_3,Mild sunny day,0.2,24,6.0,7.7235,0.0,20.0,area_weak_06,0.54410405555709
day_3,Mild sunny day,0.2,25,6.25,7.9147,0.0,20.0,area_weak_06,0.4914470742947814
day_3,Mild sunny day,0.2,26,6.5,8.1084,0.0,20.0,area_weak_06,0.4381015864783109
day_3,Mild sunny day,0.2,27,6.75,8.3038,0.0,20.0,area_weak_06,0.38428791420500996
day_3,Mild sunny day,0.2,28,7.0,8.5,0.0,20.0,area_weak_06,0.33025391983437746
day_3,Mild sunny day,0.2,29,7.25,8.6962,17.0048,20.0,area_weak_06,0.2735230763202354
day_3,Mild sunny day,0.2,30,7.5,8.8916,33.9368,20.0,area_weak_06,0.2170241005033522
day_3,Mild sunny day,0.2,31,7.75,9.0853,50.7235,20.0,area_weak_06,0.1610163527651327
day_3,Mild sunny day,0.2,32,8.0,9.2765,67.293,20.0,area_weak_06,0.10573155806877077
day_3,Mild sunny day,0.2,33,8.25,9.4643,83.5743,20.0,area_weak_06,0.05142883890556238
day_3,Mild sunny day,0.2,34,8.5,9.6481,99.4977,20.0,area_weak_06,0.0
day_3,Mild sunny day,0.2,35,8.75,9.8269,114.9951,20.0,area_weak_06,0.0
day_3,Mild sunny day,0.2,36,9.0,10.0,130.0,20.0,area_weak_06,0.0
day_3,Mild sunny day,0.2,37,9.25,10.1667,144.4483,20.0,area_weak_06,0.0
day_3,Mild sunny day,0.2,38,9.5,10.3263,158.278,20.0,area_weak_06,0.0
day_3,Mild sunny day,0.2,39,9.75,10.478,171.4299,20.0,area_weak_06,0.0
day_3,Mild sunny day,0.2,40,10.0,10.6213,183.8478,20.0,area_weak_06,0.0
day_3,Mild sunny day,0.2,41,10.25,10.7555,195.4783,20.0,area_weak_06,0.0
day_3,Mild sunny day,0.2,42,10.5,10.8801,206.2719,20.0,area_weak_06,0.0
day_3,Mild sunny day,0.2,43,10.75,10.9944,216.1821,20.0,area_weak_06,0.0
day_3,Mild sunny day,0.2,44,11.0,11.0981,225.1666,20.0,area_weak_06,0.0
day_3,Mild sunny day,0.2,45,11.25,11.1906,233.1869,20.0,area_weak_06,0.0
day_3,Mild sunny day,0.2,46,11.5,11.2716,240.2087,20.0,area_weak_06,0.0
day_3,Mild sunny day,0.2,47,11.75,11.3408,246.2018,20.0,area_weak_06,0.0
day_3,Mild sunny day,0.2,48,12.0,11.3978,251.1407,20.0,area_weak_06,0.0
day_3,Mild sunny day,0.2,49,12.25,11.4424,255.0042,20.0,area_weak_06,0.0
day_3,Mild sunny day,0.2,50,12.5,11.4743,257.7757,20.0,area_weak_06,0.0
day_3,Mild sunny day,0.2,51,12.75,11.4936,259.4433,20.0,area_weak_06,0.0
day_3,Mild sunny day,0.2,52,13.0,11.5,260.0,20.0,area_weak_06,0.0
day_3,Mild sunny day,0.2,53,13.25,11.4936,259.4433,20.0,area_weak_06,0.0
day_3,Mild sunny day,0.2,54,13.5,11.4743,257.7757,20.0,area_weak_06,0.0
day_3,Mild sunny day,0.2,55,13.75,11.4424,255.0042,20.0,area_weak_06,0.0
day_3,Mild sunny day,0.2,56,14.0,11.3978,251.1407,20.0,area_weak_06,0.0
day_3,Mild sunny day,0.2,57,14.25,11.3408,246.2018,20.0,area_weak_06,0.0
day_3,Mild sunny day,0.2,58,14.5,11.2716,240.2087,20.0,area_weak_06,0.0
day_3,Mild sunny day,0.2,59,14.75,11.1906,233.1869,20.0,area_weak_06,0.0
day_3,Mild sunny day,0.2,60,15.0,11.0981,225.1666,20.0,area_weak_06,0.0
day_3,Mild sunny day,0.2,61,15.25,10.9944,216.1821,20.0,area_weak_06,0.0
day_3,Mild sunny day,0.2,62,15.5,10.8801,206.2719,20.0,area_weak_06,0.0
day_3,Mild sunny day,0.2,63,15.75,10.7555,195.4783,20.0,area_weak_06,0.0
day_3,Mild sunny day,0.2,64,16.0,10.6213,183.8478,20.0,area_weak_06,0.0
day_3,Mild sunny day,0.2,65,16.25,10.478,171.4299,20.0,area_weak_06,0.0
day_3,Mild sunny day,0.2,66,16.5,10.3263,158.278,20.0,area_weak_06,0.0
day_3,Mild sunny day,0.2,67,16.75,10.1667,144.4483,20.0,area_weak_06,0.0
day_3,Mild sunny day,0.2,68,17.0,10.0,130.0,20.0,area_weak_06,0.0
day_3,Mild sunny day,0.2,69,17.25,9.8269,114.9951,20.0,area_weak_06,0.0
day_3,Mild sunny day,0.2,70,17.5,9.6481,99.4977,20.0,area_weak_06,0.0
day_3,Mild sunny day,0.2,71,17.75,9.4643,83.5743,20.0,area_weak_06,0.05142883890556238
day_3,Mild sunny day,0.2,72,18.0,9.2765,67.293,20.0,area_weak_06,0.10573155806877077
day_3,Mild sunny day,0.2,73,18.25,9.0853,50.7235,20.0,area_weak_06,0.1610163527651327
day_3,Mild sunny day,0.2,74,18.5,8.8916,33.9368,20.0,area_weak_06,0.2170241005033522
day_3,Mild sunny day,0.2,75,18.75,8.6962,17.0048,20.0,area_weak_06,0.2735230763202354
day_3,Mild sunny day,0.2,76,19.0,8.5,0.0,20.0,area_weak_06,0.33025391983437746
day_3,Mild sunny day,0.2,77,19.25,8.3038,0.0,20.0,area_weak_06,0.38428791420500996
day_3,Mild sunny day,0.2,78,19.5,8.1084,0.0,20.0,area_weak_06,0.4381015864783109
day_3,Mild sunny day,0.2,79,19.75,7.9147,0.0,20.0,area_weak_06,0.4914470742947814
day_3,Mild sunny day,0.2,80,20.0,7.7235,0.0,20.0,area_weak_06,0.54410405555709
day_3,Mild sunny day,0.2,81,20.25,7.5357,0.0,20.0,area_weak_06,0.5958246679057382
day_3,Mild sunny day,0.2,82,20.5,7.3519,0.0,20.0,area_weak_06,0.6464436697677272
day_3,Mild sunny day,0.2,83,20.75,7.1731,0.0,20.0,area_weak_06,0.6956856585213922
day_3,Mild sunny day,0.2,84,21.0,7.0,0.0,20.0,area_weak_06,0.743357852331568
day_3,Mild sunny day,0.2,85,21.25,6.8333,0.0,20.0,area_weak_06,0.789267469363089
day_3,Mild sunny day,0.2,86,21.5,6.6737,0.0,20.0,area_weak_06,0.8332217277807903
day_3,Mild sunny day,0.2,87,21.75,6.522,0.0,20.0,area_weak_06,0.8750003054873394
day_3,Mild sunny day,0.2,88,22.0,6.3787,0.0,20.0,area_weak_06,0.9144655011719043
day_3,Mild sunny day,0.2,89,22.25,6.2445,0.0,20.0,area_weak_06,0.9514245329993196
day_3,Mild sunny day,0.2,90,22.5,6.1199,0.0,20.0,area_weak_06,0.9857396996587529
day_3,Mild sunny day,0.2,91,22.75,6.0056,0.0,20.0,area_weak_06,1.0172182193150388
day_3,Mild sunny day,0.2,92,23.0,5.9019,0.0,20.0,area_weak_06,1.0457774711816779
day_3,Mild sunny day,0.2,93,23.25,5.8094,0.0,20.0,area_weak_06,1.0712522136856713
day_3,Mild sunny day,0.2,94,23.5,5.7284,0.0,20.0,area_weak_06,1.0935598260405195
day_3,Mild sunny day,0.2,95,23.75,5.6592,0.0,20.0,area_weak_06,1.1126176874597236
day_3,Mild sunny day,0.2,0,0.0,5.6022,0.0,20.0,area_weak_07,1.938775349458785
day_3,Mild sunny day,0.2,1,0.25,5.5576,0.0,20.0,area_weak_07,1.941462431407568
day_3,Mild sunny day,0.2,2,0.5,5.5257,0.0,20.0,area_weak_07,1.943384357734164
day_3,Mild sunny day,0.2,3,0.75,5.5064,0.0,20.0,area_weak_07,1.944547153285992
day_3,Mild sunny day,0.2,4,1.0,5.5,0.0,20.0,area_weak_07,1.9449327435207948
day_3,Mild sunny day,0.2,5,1.25,5.5064,0.0,20.0,area_weak_07,1.944547153285992
day_3,Mild sunny day,0.2,6,1.5,5.5257,0.0,20.0,area_weak_07,1.943384357734164
day_3,Mild sunny day,0.2,7,1.75,5.5576,0.0,20.0,area_weak_07,1.941462431407568
day_3,Mild sunny day,0.2,8,2.0,5.6022,0.0,20.0,area_weak_07,1.938775349458785
day_3,Mild sunny day,0.2,9,2.25,5.6592,0.0,20.0,area_weak_07,1.9353411864300711
day_3,Mild sunny day,0.2,10,2.5,5.7284,0.0,20.0,area_weak_07,1.931171992016264
day_3,Mild sunny day,0.2,11,2.75,5.8094,0.0,20.0,area_weak_07,1.926291865607039
day_3,Mild sunny day,0.2,12,3.0,5.9019,0.0,20.0,area_weak_07,1.9207188817446523
day_3,Mild sunny day,0.2,13,3.25,6.0056,0.0,20.0,area_weak_07,1.9144711149713607
day_3,Mild sunny day,0.2,14,3.5,6.1199,0.0,20.0,area_weak_07,1.9075847143716764
day_3,Mild sunny day,0.2,15,3.75,6.2445,0.0,20.0,area_weak_07,1.9000777544878562
day_3,Mild sunny day,0.2,16,4.0,6.3787,0.0,20.0,area_weak_07,1.8919924092518317
day_3,Mild sunny day,0.2,17,4.25,6.522,0.0,20.0,area_weak_07,1.8833588029006965
day_3,Mild sunny day,0.2,18,4.5,6.6737,0.0,20.0,area_weak_07,1.8742191093663827
day_3,Mild sunny day,0.2,19,4.75,6.8333,0.0,20.0,area_weak_07,1.8646034528859836
day_3,Mild sunny day,0.2,20,5.0,7.0,0.0,20.0,area_weak_07,1.8545600322388505
day_3,Mild sunny day,0.2,21,5.25,7.1731,0.0,20.0,area_weak_07,1.844131021356914
day_3,Mild sunny day,0.2,22,5.5,7.3519,0.0,20.0,area_weak_07,1.8333585941721062
day_3,Mild sunny day,0.2,23,5.75,7.5357,0.0,20.0,area_weak_07,1.8222849246163586
day_3,Mild sunny day,0.2,24,6.0,7.7235,0.0,20.0,area_weak_07,1.8109702611638592
day_3,Mild sunny day,0.2,25,6.25,7.9147,0.0,20.0,area_weak_07,1.7994507528991206
day_3,Mild sunny day,0.2,26,6.5,8.1084,0.0,20.0,area_weak_07,1.7877806234489122
day_3,Mild sunny day,0.2,27,6.75,8.3038,0.0,20.0,area_weak_07,1.7760080715925843
day_3,Mild sunny day,0.2,28,7.0,8.5,0.0,20.0,area_weak_07,1.764187320956906
day_3,Mild sunny day,0.2,29,7.25,8.6962,17.0048,20.0,area_weak_07,1.6740148008615359
day_3,Mild sunny day,0.2,30,7.5,8.8916,33.9368,20.0,area_weak_07,1.5842259147647875
day_3,Mild sunny day,0.2,31,7.75,9.0853,50.7235,20.0,area_weak_07,1.4952089392247099
day_3,Mild sunny day,0.2,32,8.0,9.2765,67.293,20.0,area_weak_07,1.4073433613759505
day_3,Mild sunny day,0.2,33,8.25,9.4643,83.5743,20.0,area_weak_07,1.3210105463366002
day_3,Mild sunny day,0.2,34,8.5,9.6481,99.4977,20.0,area_weak_07,1.236567794767865
day_3,Mild sunny day,0.2,35,8.75,9.8269,114.9951,20.0,area_weak_07,1.1543891345180033
day_3,Mild sunny day,0.2,36,9.0,10.0,130.0,20.0,area_weak_07,1.074823146690397
day_3,Mild sunny day,0.2,37,9.25,10.1667,144.4483,20.0,area_weak_07,0.9982073540844952
day_3,Mild sunny day,0.2,38,9.5,10.3263,158.278,20.0,area_weak_07,0.9248696034838069
day_3,Mild sunny day,0.2,39,9.75,10.478,171.4299,20.0,area_weak_07,0.8551308651646722
day_3,Mild sunny day,0.2,40,10.0,10.6213,183.8478,20.0,area_weak_07,0.78928021198126
day_3,Mild sunny day,0.2,41,10.25,10.7555,195.4783,20.0,area_weak_07,0.7276058651279894
day_3,Mild sunny day,0.2,42,10.5,10.8801,206.2719,20.0,area_weak_07,0.6703660263605523
day_3,Mild sunny day,0.2,43,10.75,10.9944,216.1821,20.0,area_weak_07,0.6178171242495634
day_3,Mild sunny day,0.2,44,11.0,11.0981,225.1666,20.0,area_weak_07,0.5701721359440808
day_3,Mild sunny day,0.2,45,11.25,11.1906,233.1869,20.0,area_weak_07,0.5276446041541931
day_3,Mild sunny day,0.2,46,11.5,11.2716,240.2087,20.0,area_weak_07,0.49041064501585263
day_3,Mild sunny day,0.2,47,11.75,11.3408,246.2018,20.0,area_weak_07,0.4586274833957933
day_3,Mild sunny day,0.2,48,12.0,11.3978,251.1407,20.0,area_weak_07,0.43243671316296817
day_3,Mild sunny day,0.2,49,12.25,11.4424,255.0042,20.0,area_weak_07,0.41194806569694764
day_3,Mild sunny day,0.2,50,12.5,11.4743,257.7757,20.0,area_weak_07,0.39725610214218465
day_3,Mild sunny day,0.2,51,12.75,11.4936,259.4433,20.0,area_weak_07,0.38840962840825655
day_3,Mild sunny day,0.2,52,13.0,11.5,260.0,20.0,area_weak_07,0.38545897242388794
day_3,Mild sunny day,0.2,53,13.25,11.4936,259.4433,20.0,area_weak_07,0.38840962840825655
day_3,Mild sunny day,0.2,54,13.5,11.4743,257.7757,20.0,area_weak_07,0.39725610214218465
day_3,Mild sunny day,0.2,55,13.75,11.4424,255.0042,20.0,area_weak_07,0.41194806569694764
day_3,Mild sunny day,0.2,56,14.0,11.3978,251.1407,20.0,area_weak_07,0.43243671316296817
day_3,Mild sunny day,0.2,57,14.25,11.3408,246.2018,20.0,area_weak_07,0.4586274833957933
day_3,Mild sunny day,0.2,58,14.5,11.2716,240.2087,20.0,area_weak_07,0.49041064501585263
day_3,Mild sunny day,0.2,59,14.75,11.1906,233.1869,20.0,area_weak_07,0.5276446041541931
day_3,Mild sunny day,0.2,60,15.0,11.0981,225.1666,20.0,area_weak_07,0.5701721359440808
day_3,Mild sunny day,0.2,61,15.25,10.9944,216.1821,20.0,area_weak_07,0.6178171242495634
day_3,Mild sunny day,0.2,62,15.5,10.8801,206.2719,20.0,area_weak_07,0.6703660263605523
day_3,Mild sunny day,0.2,63,15.75,10.7555,195.4783,20.0,area_weak_07,0.7276058651279894
day_3,Mild sunny day,0.2,64,16.0,10.6213,183.8478,20.0,area_weak_07,0.78928021198126
day_3,Mild sunny day,0.2,65,16.25,10.478,171.4299,20.0,area_weak_07,0.8551308651646722
day_3,Mild sunny day,0.2,66,16.5,10.3263,158.278,20.0,area_weak_07,0.9248696034838069
day_3,Mild sunny day,0.2,67,16.75,10.1667,144.4483,20.0,area_weak_07,0.9982073540844952
day_3,Mild sunny day,0.2,68,17.0,10.0,130.0,20.0,area_weak_07,1.074823146690397
day_3,Mild sunny day,0.2,69,17.25,9.8269,114.9951,20.0,area_weak_07,1.1543891345180033
day_3,Mild sunny day,0.2,70,17.5,9.6481,99.4977,20.0,area_weak_07,1.236567794767865
day_3,Mild sunny day,0.2,71,17.75,9.4643,83.5743,20.0,area_weak_07,1.3210105463366002
day_3,Mild sunny day,0.2,72,18.0,9.2765,67.293,20.0,area_weak_07,1.4073433613759505
day_3,Mild sunny day,0.2,73,18.25,9.0853,50.7235,20.0,area_weak_07,1.4952089392247099
day_3,Mild sunny day,0.2,74,18.5,8.8916,33.9368,20.0,area_weak_07,1.5842259147647875
day_3,Mild sunny day,0.2,75,18.75,8.6962,17.0048,20.0,area_weak_07,1.6740148008615359
day_3,Mild sunny day,0.2,76,19.0,8.5,0.0,20.0,area_weak_07,1.764187320956906
day_3,Mild sunny day,0.2,77,19.25,8.3038,0.0,20.0,area_weak_07,1.7760080715925843
day_3,Mild sunny day,0.2,78,19.5,8.1084,0.0,20.0,area_weak_07,1.7877806234489122
day_3,Mild sunny day,0.2,79,19.75,7.9147,0.0,20.0,area_weak_07,1.7994507528991206
day_3,Mild sunny day,0.2,80,20.0,7.7235,0.0,20.0,area_weak_07,1.8109702611638592
day_3,Mild sunny day,0.2,81,20.25,7.5357,0.0,20.0,area_weak_07,1.8222849246163586
day_3,Mild sunny day,0.2,82,20.5,7.3519,0.0,20.0,area_weak_07,1.8333585941721062
day_3,Mild sunny day,0.2,83,20.75,7.1731,0.0,20.0,area_weak_07,1.844131021356914
day_3,Mild sunny day,0.2,84,21.0,7.0,0.0,20.0,area_weak_07,1.8545600322388505
day_3,Mild sunny day,0.2,85,21.25,6.8333,0.0,20.0,area_weak_07,1.8646034528859836
day_3,Mild sunny day,0.2,86,21.5,6.6737,0.0,20.0,area_weak_07,1.8742191093663827
day_3,Mild sunny day,0.2,87,21.75,6.522,0.0,20.0,area_weak_07,1.8833588029006965
day_3,Mild sunny day,0.2,88,22.0,6.3787,0.0,20.0,area_weak_07,1.8919924092518317
day_3,Mild sunny day,0.2,89,22.25,6.2445,0.0,20.0,area_weak_07,1.9000777544878562
day_3,Mild sunny day,0.2,90,22.5,6.1199,0.0,20.0,area_weak_07,1.9075847143716764
day_3,Mild sunny day,0.2,91,22.75,6.0056,0.0,20.0,area_weak_07,1.9144711149713607
day_3,Mild sunny day,0.2,92,23.0,5.9019,0.0,20.0,area_weak_07,1.9207188817446523
day_3,Mild sunny day,0.2,93,23.25,5.8094,0.0,20.0,area_weak_07,1.926291865607039
day_3,Mild sunny day,0.2,94,23.5,5.7284,0.0,20.0,area_weak_07,1.931171992016264
day_3,Mild sunny day,0.2,95,23.75,5.6592,0.0,20.0,area_weak_07,1.9353411864300711
day_3,Mild sunny day,0.2,0,0.0,5.6022,0.0,20.0,area_weak_08,2.3752428541311703
day_3,Mild sunny day,0.2,1,0.25,5.5576,0.0,20.0,area_weak_08,2.3811451111021933
day_3,Mild sunny day,0.2,2,0.5,5.5257,0.0,20.0,area_weak_08,2.385366680550078
day_3,Mild sunny day,0.2,3,0.75,5.5064,0.0,20.0,area_weak_08,2.387920796234848
day_3,Mild sunny day,0.2,4,1.0,5.5,0.0,20.0,area_weak_08,2.3887677568764296
day_3,Mild sunny day,0.2,5,1.25,5.5064,0.0,20.0,area_weak_08,2.387920796234848
day_3,Mild sunny day,0.2,6,1.5,5.5257,0.0,20.0,area_weak_08,2.385366680550078
day_3,Mild sunny day,0.2,7,1.75,5.5576,0.0,20.0,area_weak_08,2.3811451111021933
day_3,Mild sunny day,0.2,8,2.0,5.6022,0.0,20.0,area_weak_08,2.3752428541311703
day_3,Mild sunny day,0.2,9,2.25,5.6592,0.0,20.0,area_weak_08,2.3676996109170823
day_3,Mild sunny day,0.2,10,2.5,5.7284,0.0,20.0,area_weak_08,2.3585418489799794
day_3,Mild sunny day,0.2,11,2.75,5.8094,0.0,20.0,area_weak_08,2.34782250335996
day_3,Mild sunny day,0.2,12,3.0,5.9019,0.0,20.0,area_weak_08,2.3355812753370975
day_3,Mild sunny day,0.2,13,3.25,6.0056,0.0,20.0,area_weak_08,2.3218578661914675
day_3,Mild sunny day,0.2,14,3.5,6.1199,0.0,20.0,area_weak_08,2.3067316784832173
day_3,Mild sunny day,0.2,15,3.75,6.2445,0.0,20.0,area_weak_08,2.2902424134924217
day_3,Mild sunny day,0.2,16,4.0,6.3787,0.0,20.0,area_weak_08,2.272482707539253
day_3,Mild sunny day,0.2,17,4.25,6.522,0.0,20.0,area_weak_08,2.2535187294238357
day_3,Mild sunny day,0.2,18,4.5,6.6737,0.0,20.0,area_weak_08,2.233443115466342
day_3,Mild sunny day,0.2,19,4.75,6.8333,0.0,20.0,area_weak_08,2.2123220344668955
day_3,Mild sunny day,0.2,20,5.0,7.0,0.0,20.0,area_weak_08,2.1902613565056948
day_3,Mild sunny day,0.2,21,5.25,7.1731,0.0,20.0,area_weak_08,2.167353717902912
day_3,Mild sunny day,0.2,22,5.5,7.3519,0.0,20.0,area_weak_08,2.1436917549787204
day_3,Mild sunny day,0.2,23,5.75,7.5357,0.0,20.0,area_weak_08,2.119368104053293
day_3,Mild sunny day,0.2,24,6.0,7.7235,0.0,20.0,area_weak_08,2.094515102726877
day_3,Mild sunny day,0.2,25,6.25,7.9147,0.0,20.0,area_weak_08,2.069212153559621
day_3,Mild sunny day,0.2,26,6.5,8.1084,0.0,20.0,area_weak_08,2.043578360391747
day_3,Mild sunny day,0.2,27,6.75,8.3038,0.0,20.0,area_weak_08,2.017719593303452
day_3,Mild sunny day,0.2,28,7.0,8.5,0.0,20.0,area_weak_08,1.9917549561349601
day_3,Mild sunny day,0.2,29,7.25,8.6962,17.0048,20.0,area_weak_08,1.9041068248213957
day_3,Mild sunny day,0.2,30,7.5,8.8916,33.9368,20.0,area_weak_08,1.8168286395179876
day_3,Mild sunny day,0.2,31,7.75,9.0853,50.7235,20.0,area_weak_08,1.7303024917699312
day_3,Mild sunny day,0.2,32,8.0,9.2765,67.293,20.0,area_weak_08,1.644895062912424
day_3,Mild sunny day,0.2,33,8.25,9.4643,83.5743,20.0,area_weak_08,1.5609830033657313
day_3,Mild sunny day,0.2,34,8.5,9.6481,99.4977,20.0,area_weak_08,1.4788985466284363
day_3,Mild sunny day,0.2,35,8.75,9.8269,114.9951,20.0,area_weak_08,1.3990210573726298
day_3,Mild sunny day,0.2,36,9.0,10.0,130.0,20.0,area_weak_08,1.3216843951237358
day_3,Mild sunny day,0.2,37,9.25,10.1667,144.4483,20.0,area_weak_08,1.2472137136072887
day_3,Mild sunny day,0.2,38,9.5,10.3263,158.278,20.0,area_weak_08,1.1759265489739215
day_3,Mild sunny day,0.2,39,9.75,10.478,171.4299,20.0,area_weak_08,1.1081435143677534
day_3,Mild sunny day,0.2,40,10.0,10.6213,183.8478,20.0,area_weak_08,1.0441346394029702
day_3,Mild sunny day,0.2,41,10.25,10.7555,195.4783,20.0,area_weak_08,0.9841862644472694
day_3,Mild sunny day,0.2,42,10.5,10.8801,206.2719,20.0,area_weak_08,0.9285441154234796
day_3,Mild sunny day,0.2,43,10.75,10.9944,216.1821,20.0,area_weak_08,0.877469503524619
day_3,Mild sunny day,0.2,44,11.0,11.0981,225.1666,20.0,area_weak_08,0.8311555697538007
day_3,Mild sunny day,0.2,45,11.25,11.1906,233.1869,20.0,area_weak_08,0.7898213722110548
day_3,Mild sunny day,0.2,46,11.5,11.2716,240.2087,20.0,area_weak_08,0.7536310325665322
day_3,Mild sunny day,0.2,47,11.75,11.3408,246.2018,20.0,area_weak_08,0.7227338000822403
day_3,Mild sunny day,0.2,48,12.0,11.3978,251.1407,20.0,area_weak_08,0.697275108922096
day_3,Mild sunny day,0.2,49,12.25,11.4424,255.0042,20.0,area_weak_08,0.6773583278384997
day_3,Mild sunny day,0.2,50,12.5,11.4743,257.7757,20.0,area_weak_08,0.6630833732274223
day_3,Mild sunny day,0.2,51,12.75,11.4936,259.4433,20.0,area_weak_08,0.6544801775866205
day_3,Mild sunny day,0.2,52,13.0,11.5,260.0,20.0,area_weak_08,0.6516138341125114
day_3,Mild sunny day,0.2,53,13.25,11.4936,259.4433,20.0,area_weak_08,0.6544801775866205
day_3,Mild sunny day,0.2,54,13.5,11.4743,257.7757,20.0,area_weak_08,0.6630833732274223
day_3,Mild sunny day,0.2,55,13.75,11.4424,255.0042,20.0,area_weak_08,0.6773583278384997
day_3,Mild sunny day,0.2,56,14.0,11.3978,251.1407,20.0,area_weak_08,0.697275108922096
day_3,Mild sunny day,0.2,57,14.25,11.3408,246.2018,20.0,area_weak_08,0.7227338000822403
day_3,Mild sunny day,0.2,58,14.5,11.2716,240.2087,20.0,area_weak_08,0.7536310325665322
day_3,Mild sunny day,0.2,59,14.75,11.1906,233.1869,20.0,area_weak_08,0.7898213722110548
day_3,Mild sunny day,0.2,60,15.0,11.0981,225.1666,20.0,area_weak_08,0.8311555697538007
day_3,Mild sunny day,0.2,61,15.25,10.9944,216.1821,20.0,area_weak_08,0.877469503524619
day_3,Mild sunny day,0.2,62,15.5,10.8801,206.2719,20.0,area_weak_08,0.9285441154234796
day_3,Mild sunny day,0.2,63,15.75,10.7555,195.4783,20.0,area_weak_08,0.9841862644472694
day_3,Mild sunny day,0.2,64,16.0,10.6213,183.8478,20.0,area_weak_08,1.0441346394029702
day_3,Mild sunny day,0.2,65,16.25,10.478,171.4299,20.0,area_weak_08,1.1081435143677534
day_3,Mild sunny day,0.2,66,16.5,10.3263,158.278,20.0,area_weak_08,1.1759265489739215
day_3,Mild sunny day,0.2,67,16.75,10.1667,144.4483,20.0,area_weak_08,1.2472137136072887
day_3,Mild sunny day,0.2,68,17.0,10.0,130.0,20.0,area_weak_08,1.3216843951237358
day_3,Mild sunny day,0.2,69,17.25,9.8269,114.9951,20.0,area_weak_08,1.3990210573726298
day_3,Mild sunny day,0.2,70,17.5,9.6481,99.4977,20.0,area_weak_08,1.4788985466284363
day_3,Mild sunny day,0.2,71,17.75,9.4643,83.5743,20.0,area_weak_08,1.5609830033657313
day_3,Mild sunny day,0.2,72,18.0,9.2765,67.293,20.0,area_weak_08,1.644895062912424
day_3,Mild sunny day,0.2,73,18.25,9.0853,50.7235,20.0,area_weak_08,1.7303024917699312
day_3,Mild sunny day,0.2,74,18.5,8.8916,33.9368,20.0,area_weak_08,1.8168286395179876
day_3,Mild sunny day,0.2,75,18.75,8.6962,17.0048,20.0,area_weak_08,1.9041068248213957
day_3,Mild sunny day,0.2,76,19.0,8.5,0.0,20.0,area_weak_08,1.9917549561349601
day_3,Mild sunny day,0.2,77,19.25,8.3038,0.0,20.0,area_weak_08,2.017719593303452
day_3,Mild sunny day,0.2,78,19.5,8.1084,0.0,20.0,area_weak_08,2.043578360391747
day_3,Mild sunny day,0.2,79,19.75,7.9147,0.0,20.0,area_weak_08,2.069212153559621
day_3,Mild sunny day,0.2,80,20.0,7.7235,0.0,20.0,area_weak_08,2.094515102726877
day_3,Mild sunny day,0.2,81,20.25,7.5357,0.0,20.0,area_weak_08,2.119368104053293
day_3,Mild sunny day,0.2,82,20.5,7.3519,0.0,20.0,area_weak_08,2.1436917549787204
day_3,Mild sunny day,0.2,83,20.75,7.1731,0.0,20.0,area_weak_08,2.167353717902912
day_3,Mild sunny day,0.2,84,21.0,7.0,0.0,20.0,area_weak_08,2.1902613565056948
day_3,Mild sunny day,0.2,85,21.25,6.8333,0.0,20.0,area_weak_08,2.2123220344668955
day_3,Mild sunny day,0.2,86,21.5,6.6737,0.0,20.0,area_weak_08,2.233443115466342
day_3,Mild sunny day,0.2,87,21.75,6.522,0.0,20.0,area_weak_08,2.2535187294238357
day_3,Mild sunny day,0.2,88,22.0,6.3787,0.0,20.0,area_weak_08,2.272482707539253
day_3,Mild sunny day,0.2,89,22.25,6.2445,0.0,20.0,area_weak_08,2.2902424134924217
day_3,Mild sunny day,0.2,90,22.5,6.1199,0.0,20.0,area_weak_08,2.3067316784832173
day_3,Mild sunny day,0.2,91,22.75,6.0056,0.0,20.0,area_weak_08,2.3218578661914675
day_3,Mild sunny day,0.2,92,23.0,5.9019,0.0,20.0,area_weak_08,2.3355812753370975
day_3,Mild sunny day,0.2,93,23.25,5.8094,0.0,20.0,area_weak_08,2.34782250335996
day_3,Mild sunny day,0.2,94,23.5,5.7284,0.0,20.0,area_weak_08,2.3585418489799794
day_3,Mild sunny day,0.2,95,23.75,5.6592,0.0,20.0,area_weak_08,2.3676996109170823
day_3,Mild sunny day,0.2,0,0.0,5.6022,0.0,20.0,year_area100_01,3.4759180684472613
day_3,Mild sunny day,0.2,1,0.25,5.5576,0.0,20.0,year_area100_01,3.479124458430133
day_3,Mild sunny day,0.2,2,0.5,5.5257,0.0,20.0,year_area100_01,3.4814178180815594
day_3,Mild sunny day,0.2,3,0.75,5.5064,0.0,20.0,year_area100_01,3.4828053366167486
day_3,Mild sunny day,0.2,4,1.0,5.5,0.0,20.0,year_area100_01,3.4832654463900754
day_3,Mild sunny day,0.2,5,1.25,5.5064,0.0,20.0,year_area100_01,3.4828053366167486
day_3,Mild sunny day,0.2,6,1.5,5.5257,0.0,20.0,year_area100_01,3.4814178180815594
day_3,Mild sunny day,0.2,7,1.75,5.5576,0.0,20.0,year_area100_01,3.479124458430133
day_3,Mild sunny day,0.2,8,2.0,5.6022,0.0,20.0,year_area100_01,3.4759180684472613
day_3,Mild sunny day,0.2,9,2.25,5.6592,0.0,20.0,year_area100_01,3.4718202157785685
day_3,Mild sunny day,0.2,10,2.5,5.7284,0.0,20.0,year_area100_01,3.4668452788544712
day_3,Mild sunny day,0.2,11,2.75,5.8094,0.0,20.0,year_area100_01,3.461022014535802
day_3,Mild sunny day,0.2,12,3.0,5.9019,0.0,20.0,year_area100_01,3.4543719904681867
day_3,Mild sunny day,0.2,13,3.25,6.0056,0.0,20.0,year_area100_01,3.4469167742972484
day_3,Mild sunny day,0.2,14,3.5,6.1199,0.0,20.0,year_area100_01,3.4386995013142383
day_3,Mild sunny day,0.2,15,3.75,6.2445,0.0,20.0,year_area100_01,3.42974173916478
day_3,Mild sunny day,0.2,16,4.0,6.3787,0.0,20.0,year_area100_01,3.420093812355331
day_3,Mild sunny day,0.2,17,4.25,6.522,0.0,20.0,year_area100_01,3.409791666961933
day_3,Mild sunny day,0.2,18,4.5,6.6737,0.0,20.0,year_area100_01,3.3988856274910435
day_3,Mild sunny day,0.2,19,4.75,6.8333,0.0,20.0,year_area100_01,3.387411640018703
day_3,Mild sunny day,0.2,20,5.0,7.0,0.0,20.0,year_area100_01,3.3754272182665788
day_3,Mild sunny day,0.2,21,5.25,7.1731,0.0,20.0,year_area100_01,3.362982686741127
day_3,Mild sunny day,0.2,22,5.5,7.3519,0.0,20.0,year_area100_01,3.3501283699488065
day_3,Mild sunny day,0.2,23,5.75,7.5357,0.0,20.0,year_area100_01,3.3369145923960737
day_3,Mild sunny day,0.2,24,6.0,7.7235,0.0,20.0,year_area100_01,3.3234132462350123
day_3,Mild sunny day,0.2,25,6.25,7.9147,0.0,20.0,year_area100_01,3.3096674667568706
day_3,Mild sunny day,0.2,26,6.5,8.1084,0.0,20.0,year_area100_01,3.2957419568985227
day_3,Mild sunny day,0.2,27,6.75,8.3038,0.0,20.0,year_area100_01,3.2816942303816354
day_3,Mild sunny day,0.2,28,7.0,8.5,0.0,20.0,year_area100_01,3.267588990143082
day_3,Mild sunny day,0.2,29,7.25,8.6962,17.0048,20.0,year_area100_01,3.1795776998723198
day_3,Mild sunny day,0.2,30,7.5,8.8916,33.9368,20.0,year_area100_01,3.091940325776786
day_3,Mild sunny day,0.2,31,7.75,9.0853,50.7235,20.0,year_area100_01,3.0050566693906533
day_3,Mild sunny day,0.2,32,8.0,9.2765,67.293,20.0,year_area100_01,2.919296735320356
day_3,Mild sunny day,0.2,33,8.25,9.4643,83.5743,20.0,year_area100_01,2.835033805818743
day_3,Mild sunny day,0.2,34,8.5,9.6481,99.4977,20.0,year_area100_01,2.752613945449225
day_3,Mild sunny day,0.2,35,8.75,9.8269,114.9951,20.0,year_area100_01,2.6724050217359667
day_3,Mild sunny day,0.2,36,9.0,10.0,130.0,20.0,year_area100_01,2.5947463806574307
day_3,Mild sunny day,0.2,37,9.25,10.1667,144.4483,20.0,year_area100_01,2.5199669373419615
day_3,Mild sunny day,0.2,38,9.5,10.3263,158.278,20.0,year_area100_01,2.4483864799240505
day_3,Mild sunny day,0.2,39,9.75,10.478,171.4299,20.0,year_area100_01,2.3803198164282615
day_3,Mild sunny day,0.2,40,10.0,10.6213,183.8478,20.0,year_area100_01,2.3160471486708856
day_3,Mild sunny day,0.2,41,10.25,10.7555,195.4783,20.0,year_area100_01,2.2558508875734944
day_3,Mild sunny day,0.2,42,10.5,10.8801,206.2719,20.0,year_area100_01,2.199982115495801
day_3,Mild sunny day,0.2,43,10.75,10.9944,216.1821,20.0,year_area100_01,2.1486932546652886
day_3,Mild sunny day,0.2,44,11.0,11.0981,225.1666,20.0,year_area100_01,2.1021897164609027
day_3,Mild sunny day,0.2,45,11.25,11.1906,233.1869,20.0,year_area100_01,2.0606819643945262
day_3,Mild sunny day,0.2,46,11.5,11.2716,240.2087,20.0,year_area100_01,2.024340640344713
day_3,Mild sunny day,0.2,47,11.75,11.3408,246.2018,20.0,year_area100_01,1.9933185668210656
day_3,Mild sunny day,0.2,48,12.0,11.3978,251.1407,20.0,year_area100_01,1.9677553284669145
day_3,Mild sunny day,0.2,49,12.25,11.4424,255.0042,20.0,year_area100_01,1.9477574428887143
day_3,Mild sunny day,0.2,50,12.5,11.4743,257.7757,20.0,year_area100_01,1.933418624445402
day_3,Mild sunny day,0.2,51,12.75,11.4936,259.4433,20.0,year_area100_01,1.924783403553601
day_3,Mild sunny day,0.2,52,13.0,11.5,260.0,20.0,year_area100_01,1.9219037711717792
day_3,Mild sunny day,0.2,53,13.25,11.4936,259.4433,20.0,year_area100_01,1.924783403553601
day_3,Mild sunny day,0.2,54,13.5,11.4743,257.7757,20.0,year_area100_01,1.933418624445402
day_3,Mild sunny day,0.2,55,13.75,11.4424,255.0042,20.0,year_area100_01,1.9477574428887143
day_3,Mild sunny day,0.2,56,14.0,11.3978,251.1407,20.0,year_area100_01,1.9677553284669145
day_3,Mild sunny day,0.2,57,14.25,11.3408,246.2018,20.0,year_area100_01,1.9933185668210656
day_3,Mild sunny day,0.2,58,14.5,11.2716,240.2087,20.0,year_area100_01,2.024340640344713
day_3,Mild sunny day,0.2,59,14.75,11.1906,233.1869,20.0,year_area100_01,2.0606819643945262
day_3,Mild sunny day,0.2,60,15.0,11.0981,225.1666,20.0,year_area100_01,2.1021897164609027
day_3,Mild sunny day,0.2,61,15.25,10.9944,216.1821,20.0,year_area100_01,2.1486932546652886
day_3,Mild sunny day,0.2,62,15.5,10.8801,206.2719,20.0,year_area100_01,2.199982115495801
day_3,Mild sunny day,0.2,63,15.75,10.7555,195.4783,20.0,year_area100_01,2.2558508875734944
day_3,Mild sunny day,0.2,64,16.0,10.6213,183.8478,20.0,year_area100_01,2.3160471486708856
day_3,Mild sunny day,0.2,65,16.25,10.478,171.4299,20.0,year_area100_01,2.3803198164282615
day_3,Mild sunny day,0.2,66,16.5,10.3263,158.278,20.0,year_area100_01,2.4483864799240505
day_3,Mild sunny day,0.2,67,16.75,10.1667,144.4483,20.0,year_area100_01,2.5199669373419615
day_3,Mild sunny day,0.2,68,17.0,10.0,130.0,20.0,year_area100_01,2.5947463806574307
day_3,Mild sunny day,0.2,69,17.25,9.8269,114.9951,20.0,year_area100_01,2.6724050217359667
day_3,Mild sunny day,0.2,70,17.5,9.6481,99.4977,20.0,year_area100_01,2.752613945449225
day_3,Mild sunny day,0.2,71,17.75,9.4643,83.5743,20.0,year_area100_01,2.835033805818743
day_3,Mild sunny day,0.2,72,18.0,9.2765,67.293,20.0,year_area100_01,2.919296735320356
day_3,Mild sunny day,0.2,73,18.25,9.0853,50.7235,20.0,year_area100_01,3.0050566693906533
day_3,Mild sunny day,0.2,74,18.5,8.8916,33.9368,20.0,year_area100_01,3.091940325776786
day_3,Mild sunny day,0.2,75,18.75,8.6962,17.0048,20.0,year_area100_01,3.1795776998723198
day_3,Mild sunny day,0.2,76,19.0,8.5,0.0,20.0,year_area100_01,3.267588990143082
day_3,Mild sunny day,0.2,77,19.25,8.3038,0.0,20.0,year_area100_01,3.2816942303816354
day_3,Mild sunny day,0.2,78,19.5,8.1084,0.0,20.0,year_area100_01,3.2957419568985227
day_3,Mild sunny day,0.2,79,19.75,7.9147,0.0,20.0,year_area100_01,3.3096674667568706
day_3,Mild sunny day,0.2,80,20.0,7.7235,0.0,20.0,year_area100_01,3.3234132462350123
day_3,Mild sunny day,0.2,81,20.25,7.5357,0.0,20.0,year_area100_01,3.3369145923960737
day_3,Mild sunny day,0.2,82,20.5,7.3519,0.0,20.0,year_area100_01,3.3501283699488065
day_3,Mild sunny day,0.2,83,20.75,7.1731,0.0,20.0,year_area100_01,3.362982686741127
day_3,Mild sunny day,0.2,84,21.0,7.0,0.0,20.0,year_area100_01,3.3754272182665788
day_3,Mild sunny day,0.2,85,21.25,6.8333,0.0,20.0,year_area100_01,3.387411640018703
day_3,Mild sunny day,0.2,86,21.5,6.6737,0.0,20.0,year_area100_01,3.3988856274910435
day_3,Mild sunny day,0.2,87,21.75,6.522,0.0,20.0,year_area100_01,3.409791666961933
day_3,Mild sunny day,0.2,88,22.0,6.3787,0.0,20.0,year_area100_01,3.420093812355331
day_3,Mild sunny day,0.2,89,22.25,6.2445,0.0,20.0,year_area100_01,3.42974173916478
day_3,Mild sunny day,0.2,90,22.5,6.1199,0.0,20.0,year_area100_01,3.4386995013142383
day_3,Mild sunny day,0.2,91,22.75,6.0056,0.0,20.0,year_area100_01,3.4469167742972484
day_3,Mild sunny day,0.2,92,23.0,5.9019,0.0,20.0,year_area100_01,3.4543719904681867
day_3,Mild sunny day,0.2,93,23.25,5.8094,0.0,20.0,year_area100_01,3.461022014535802
day_3,Mild sunny day,0.2,94,23.5,5.7284,0.0,20.0,year_area100_01,3.4668452788544712
day_3,Mild sunny day,0.2,95,23.75,5.6592,0.0,20.0,year_area100_01,3.4718202157785685
day_3,Mild sunny day,0.2,0,0.0,5.6022,0.0,20.0,year_area100_02,2.929656960843131
day_3,Mild sunny day,0.2,1,0.25,5.5576,0.0,20.0,year_area100_02,2.9332731345557495
day_3,Mild sunny day,0.2,2,0.5,5.5257,0.0,20.0,year_area100_02,2.935859590641681
day_3,Mild sunny day,0.2,3,0.75,5.5064,0.0,20.0,year_area100_02,2.9374244371137337
day_3,Mild sunny day,0.2,4,1.0,5.5,0.0,20.0,year_area100_02,2.9379433499334815
day_3,Mild sunny day,0.2,5,1.25,5.5064,0.0,20.0,year_area100_02,2.9374244371137337
day_3,Mild sunny day,0.2,6,1.5,5.5257,0.0,20.0,year_area100_02,2.935859590641681
day_3,Mild sunny day,0.2,7,1.75,5.5576,0.0,20.0,year_area100_02,2.9332731345557495
day_3,Mild sunny day,0.2,8,2.0,5.6022,0.0,20.0,year_area100_02,2.929656960843131
day_3,Mild sunny day,0.2,9,2.25,5.6592,0.0,20.0,year_area100_02,2.9250353935422506
day_3,Mild sunny day,0.2,10,2.5,5.7284,0.0,20.0,year_area100_02,2.919424648678725
day_3,Mild sunny day,0.2,11,2.75,5.8094,0.0,20.0,year_area100_02,2.9128571583037903
day_3,Mild sunny day,0.2,12,3.0,5.9019,0.0,20.0,year_area100_02,2.90535724645587
day_3,Mild sunny day,0.2,13,3.25,6.0056,0.0,20.0,year_area100_02,2.896949237173391
day_3,Mild sunny day,0.2,14,3.5,6.1199,0.0,20.0,year_area100_02,2.8876817785332043
day_3,Mild sunny day,0.2,15,3.75,6.2445,0.0,20.0,year_area100_02,2.8775791945737357
day_3,Mild sunny day,0.2,16,4.0,6.3787,0.0,20.0,year_area100_02,2.866698241384645
day_3,Mild sunny day,0.2,17,4.25,6.522,0.0,20.0,year_area100_02,2.8550794590299757
day_3,Mild sunny day,0.2,18,4.5,6.6737,0.0,20.0,year_area100_02,2.8427796035993866
day_3,Mild sunny day,0.2,19,4.75,6.8333,0.0,20.0,year_area100_02,2.8298392151569214
day_3,Mild sunny day,0.2,20,5.0,7.0,0.0,20.0,year_area100_02,2.8163231578050483
day_3,Mild sunny day,0.2,21,5.25,7.1731,0.0,20.0,year_area100_02,2.802288187633427
day_3,Mild sunny day,0.2,22,5.5,7.3519,0.0,20.0,year_area100_02,2.787791060731718
day_3,Mild sunny day,0.2,23,5.75,7.5357,0.0,20.0,year_area100_02,2.7728885331895805
day_3,Mild sunny day,0.2,24,6.0,7.7235,0.0,20.0,year_area100_02,2.7576616851351003
day_3,Mild sunny day,0.2,25,6.25,7.9147,0.0,20.0,year_area100_02,2.7421591646451295
day_3,Mild sunny day,0.2,26,6.5,8.1084,0.0,20.0,year_area100_02,2.7264539438349447
day_3,Mild sunny day,0.2,27,6.75,8.3038,0.0,20.0,year_area100_02,2.710610886807014
day_3,Mild sunny day,0.2,28,7.0,8.5,0.0,20.0,year_area100_02,2.694702965676615
day_3,Mild sunny day,0.2,29,7.25,8.6962,17.0048,20.0,year_area100_02,2.6417528085809954
day_3,Mild sunny day,0.2,30,7.5,8.8916,33.9368,20.0,year_area100_02,2.5890260987395584
day_3,Mild sunny day,0.2,31,7.75,9.0853,50.7235,20.0,year_area100_02,2.536753737917296
day_3,Mild sunny day,0.2,32,8.0,9.2765,67.293,20.0,year_area100_02,2.4851572128623953
day_3,Mild sunny day,0.2,33,8.25,9.4643,83.5743,20.0,year_area100_02,2.4344641578298534
day_3,Mild sunny day,0.2,34,8.5,9.6481,99.4977,20.0,year_area100_02,2.384875051194249
day_3,Mild sunny day,0.2,35,8.75,9.8269,114.9951,20.0,year_area100_02,2.3366193180373998
day_3,Mild sunny day,0.2,36,9.0,10.0,130.0,20.0,year_area100_02,2.2898985740587037
day_3,Mild sunny day,0.2,37,9.25,10.1667,144.4483,20.0,year_area100_02,2.2449092069415704
day_3,Mild sunny day,0.2,38,9.5,10.3263,158.278,20.0,year_area100_02,2.2018430298554157
day_3,Mild sunny day,0.2,39,9.75,10.478,171.4299,20.0,year_area100_02,2.1608938646304754
day_3,Mild sunny day,0.2,40,10.0,10.6213,183.8478,20.0,year_area100_02,2.122224674038572
day_3,Mild sunny day,0.2,41,10.25,10.7555,195.4783,20.0,year_area100_02,2.0860085375251556
day_3,Mild sunny day,0.2,42,10.5,10.8801,206.2719,20.0,year_area100_02,2.0523938229840746
day_3,Mild sunny day,0.2,43,10.75,10.9944,216.1821,20.0,year_area100_02,2.0215385793148064
day_3,Mild sunny day,0.2,44,11.0,11.0981,225.1666,20.0,year_area100_02,1.9935592743376103
day_3,Mild sunny day,0.2,45,11.25,11.1906,233.1869,20.0,year_area100_02,1.9685884222191867
day_3,Mild sunny day,0.2,46,11.5,11.2716,240.2087,20.0,year_area100_02,1.9467250640598266
day_3,Mild sunny day,0.2,47,11.75,11.3408,246.2018,20.0,year_area100_02,1.9280593097658372
day_3,Mild sunny day,0.2,48,12.0,11.3978,251.1407,20.0,year_area100_02,1.9126791390583522
day_3,Mild sunny day,0.2,49,12.25,11.4424,255.0042,20.0,year_area100_02,1.900646948770906
day_3,Mild sunny day,0.2,50,12.5,11.4743,257.7757,20.0,year_area100_02,1.8920232233858583
day_3,Mild sunny day,0.2,51,12.75,11.4936,259.4433,20.0,year_area100_02,1.8868257771363544
day_3,Mild sunny day,0.2,52,13.0,11.5,260.0,20.0,year_area100_02,1.8850941824407927
day_3,Mild sunny day,0.2,53,13.25,11.4936,259.4433,20.0,year_area100_02,1.8868257771363544
day_3,Mild sunny day,0.2,54,13.5,11.4743,257.7757,20.0,year_area100_02,1.8920232233858583
day_3,Mild sunny day,0.2,55,13.75,11.4424,255.0042,20.0,year_area100_02,1.900646948770906
day_3,Mild sunny day,0.2,56,14.0,11.3978,251.1407,20.0,year_area100_02,1.9126791390583522
day_3,Mild sunny day,0.2,57,14.25,11.3408,246.2018,20.0,year_area100_02,1.9280593097658372
day_3,Mild sunny day,0.2,58,14.5,11.2716,240.2087,20.0,year_area100_02,1.9467250640598266
day_3,Mild sunny day,0.2,59,14.75,11.1906,233.1869,20.0,year_area100_02,1.9685884222191867
day_3,Mild sunny day,0.2,60,15.0,11.0981,225.1666,20.0,year_area100_02,1.9935592743376103
day_3,Mild sunny day,0.2,61,15.25,10.9944,216.1821,20.0,year_area100_02,2.0215385793148064
day_3,Mild sunny day,0.2,62,15.5,10.8801,206.2719,20.0,year_area100_02,2.0523938229840746
day_3,Mild sunny day,0.2,63,15.75,10.7555,195.4783,20.0,year_area100_02,2.0860085375251556
day_3,Mild sunny day,0.2,64,16.0,10.6213,183.8478,20.0,year_area100_02,2.122224674038572
day_3,Mild sunny day,0.2,65,16.25,10.478,171.4299,20.0,year_area100_02,2.1608938646304754
day_3,Mild sunny day,0.2,66,16.5,10.3263,158.278,20.0,year_area100_02,2.2018430298554157
day_3,Mild sunny day,0.2,67,16.75,10.1667,144.4483,20.0,year_area100_02,2.2449092069415704
day_3,Mild sunny day,0.2,68,17.0,10.0,130.0,20.0,year_area100_02,2.2898985740587037
day_3,Mild sunny day,0.2,69,17.25,9.8269,114.9951,20.0,year_area100_02,2.3366193180373998
day_3,Mild sunny day,0.2,70,17.5,9.6481,99.4977,20.0,year_area100_02,2.384875051194249
day_3,Mild sunny day,0.2,71,17.75,9.4643,83.5743,20.0,year_area100_02,2.4344641578298534
day_3,Mild sunny day,0.2,72,18.0,9.2765,67.293,20.0,year_area100_02,2.4851572128623953
day_3,Mild sunny day,0.2,73,18.25,9.0853,50.7235,20.0,year_area100_02,2.536753737917296
day_3,Mild sunny day,0.2,74,18.5,8.8916,33.9368,20.0,year_area100_02,2.5890260987395584
day_3,Mild sunny day,0.2,75,18.75,8.6962,17.0048,20.0,year_area100_02,2.6417528085809954
day_3,Mild sunny day,0.2,76,19.0,8.5,0.0,20.0,year_area100_02,2.694702965676615
day_3,Mild sunny day,0.2,77,19.25,8.3038,0.0,20.0,year_area100_02,2.710610886807014
day_3,Mild sunny day,0.2,78,19.5,8.1084,0.0,20.0,year_area100_02,2.7264539438349447
day_3,Mild sunny day,0.2,79,19.75,7.9147,0.0,20.0,year_area100_02,2.7421591646451295
day_3,Mild sunny day,0.2,80,20.0,7.7235,0.0,20.0,year_area100_02,2.7576616851351003
day_3,Mild sunny day,0.2,81,20.25,7.5357,0.0,20.0,year_area100_02,2.7728885331895805
day_3,Mild sunny day,0.2,82,20.5,7.3519,0.0,20.0,year_area100_02,2.787791060731718
day_3,Mild sunny day,0.2,83,20.75,7.1731,0.0,20.0,year_area100_02,2.802288187633427
day_3,Mild sunny day,0.2,84,21.0,7.0,0.0,20.0,year_area100_02,2.8163231578050483
day_3,Mild sunny day,0.2,85,21.25,6.8333,0.0,20.0,year_area100_02,2.8298392151569214
day_3,Mild sunny day,0.2,86,21.5,6.6737,0.0,20.0,year_area100_02,2.8427796035993866
day_3,Mild sunny day,0.2,87,21.75,6.522,0.0,20.0,year_area100_02,2.8550794590299757
day_3,Mild sunny day,0.2,88,22.0,6.3787,0.0,20.0,year_area100_02,2.866698241384645
day_3,Mild sunny day,0.2,89,22.25,6.2445,0.0,20.0,year_area100_02,2.8775791945737357
day_3,Mild sunny day,0.2,90,22.5,6.1199,0.0,20.0,year_area100_02,2.8876817785332043
day_3,Mild sunny day,0.2,91,22.75,6.0056,0.0,20.0,year_area100_02,2.896949237173391
day_3,Mild sunny day,0.2,92,23.0,5.9019,0.0,20.0,year_area100_02,2.90535724645587
day_3,Mild sunny day,0.2,93,23.25,5.8094,0.0,20.0,year_area100_02,2.9128571583037903
day_3,Mild sunny day,0.2,94,23.5,5.7284,0.0,20.0,year_area100_02,2.919424648678725
day_3,Mild sunny day,0.2,95,23.75,5.6592,0.0,20.0,year_area100_02,2.9250353935422506
day_3,Mild sunny day,0.2,0,0.0,5.6022,0.0,20.0,year_area100_03,4.388453543041914
day_3,Mild sunny day,0.2,1,0.25,5.5576,0.0,20.0,year_area100_03,4.398672269882356
day_3,Mild sunny day,0.2,2,0.5,5.5257,0.0,20.0,year_area100_03,4.405981179887068
day_3,Mild sunny day,0.2,3,0.75,5.5064,0.0,20.0,year_area100_03,4.410403184999636
day_3,Mild sunny day,0.2,4,1.0,5.5,0.0,20.0,year_area100_03,4.411869549389296
day_3,Mild sunny day,0.2,5,1.25,5.5064,0.0,20.0,year_area100_03,4.410403184999636
day_3,Mild sunny day,0.2,6,1.5,5.5257,0.0,20.0,year_area100_03,4.405981179887068
day_3,Mild sunny day,0.2,7,1.75,5.5576,0.0,20.0,year_area100_03,4.398672269882356
day_3,Mild sunny day,0.2,8,2.0,5.6022,0.0,20.0,year_area100_03,4.388453543041914
day_3,Mild sunny day,0.2,9,2.25,5.6592,0.0,20.0,year_area100_03,4.375393735196504
day_3,Mild sunny day,0.2,10,2.5,5.7284,0.0,20.0,year_area100_03,4.359538670233306
day_3,Mild sunny day,0.2,11,2.75,5.8094,0.0,20.0,year_area100_03,4.340979995926672
day_3,Mild sunny day,0.2,12,3.0,5.9019,0.0,20.0,year_area100_03,4.319786448107368
day_3,Mild sunny day,0.2,13,3.25,6.0056,0.0,20.0,year_area100_03,4.296026762606159
day_3,Mild sunny day,0.2,14,3.5,6.1199,0.0,20.0,year_area100_03,4.269838411084574
day_3,Mild sunny day,0.2,15,3.75,6.2445,0.0,20.0,year_area100_03,4.2412901293733825
day_3,Mild sunny day,0.2,16,4.0,6.3787,0.0,20.0,year_area100_03,4.2105423010777
day_3,Mild sunny day,0.2,17,4.25,6.522,0.0,20.0,year_area100_03,4.17770948591547
day_3,Mild sunny day,0.2,18,4.5,6.6737,0.0,20.0,year_area100_03,4.142952067491811
day_3,Mild sunny day,0.2,19,4.75,6.8333,0.0,20.0,year_area100_03,4.106384605524665
day_3,Mild sunny day,0.2,20,5.0,7.0,0.0,20.0,year_area100_03,4.068190395562741
day_3,Mild sunny day,0.2,21,5.25,7.1731,0.0,20.0,year_area100_03,4.0285298212111575
day_3,Mild sunny day,0.2,22,5.5,7.3519,0.0,20.0,year_area100_03,3.987563266075032
day_3,Mild sunny day,0.2,23,5.75,7.5357,0.0,20.0,year_area100_03,3.9454511137594848
day_3,Mild sunny day,0.2,24,6.0,7.7235,0.0,20.0,year_area100_03,3.9024224837004002
day_3,Mild sunny day,0.2,25,6.25,7.9147,0.0,20.0,year_area100_03,3.8586148475593087
day_3,Mild sunny day,0.2,26,6.5,8.1084,0.0,20.0,year_area100_03,3.814234412828507
day_3,Mild sunny day,0.2,27,6.75,8.3038,0.0,20.0,year_area100_03,3.7694644750567003
day_3,Mild sunny day,0.2,28,7.0,8.5,0.0,20.0,year_area100_03,3.7245112417361876
day_3,Mild sunny day,0.2,29,7.25,8.6962,17.0048,20.0,year_area100_03,3.668491923732203
day_3,Mild sunny day,0.2,30,7.5,8.8916,33.9368,20.0,year_area100_03,3.6127032767806044
day_3,Mild sunny day,0.2,31,7.75,9.0853,50.7235,20.0,year_area100_03,3.557398688648643
day_3,Mild sunny day,0.2,32,8.0,9.2765,67.293,20.0,year_area100_03,3.502808244702533
day_3,Mild sunny day,0.2,33,8.25,9.4643,83.5743,20.0,year_area100_03,3.449184356565905
day_3,Mild sunny day,0.2,34,8.5,9.6481,99.4977,20.0,year_area100_03,3.3967098540404885
day_3,Mild sunny day,0.2,35,8.75,9.8269,114.9951,20.0,year_area100_03,3.3456581734825037
day_3,Mild sunny day,0.2,36,9.0,10.0,130.0,20.0,year_area100_03,3.2962329741975465
day_3,Mild sunny day,0.2,37,9.25,10.1667,144.4483,20.0,year_area100_03,3.2486363536614196
day_3,Mild sunny day,0.2,38,9.5,10.3263,158.278,20.0,year_area100_03,3.2030690427488584
day_3,Mild sunny day,0.2,39,9.75,10.478,171.4299,20.0,year_area100_03,3.1597528621434305
day_3,Mild sunny day,0.2,40,10.0,10.6213,183.8478,20.0,year_area100_03,3.118838944410698
day_3,Mild sunny day,0.2,41,10.25,10.7555,195.4783,20.0,year_area100_03,3.080522423868643
day_3,Mild sunny day,0.2,42,10.5,10.8801,206.2719,20.0,year_area100_03,3.04495007297466
day_3,Mild sunny day,0.2,43,10.75,10.9944,216.1821,20.0,year_area100_03,3.01231253578608
day_3,Mild sunny day,0.2,44,11.0,11.0981,225.1666,20.0,year_area100_03,2.982706075383746
day_3,Mild sunny day,0.2,45,11.25,11.1906,233.1869,20.0,year_area100_03,2.956293217782095
day_3,Mild sunny day,0.2,46,11.5,11.2716,240.2087,20.0,year_area100_03,2.933165019962665
day_3,Mild sunny day,0.2,47,11.75,11.3408,246.2018,20.0,year_area100_03,2.9134098707810985
day_3,Mild sunny day,0.2,48,12.0,11.3978,251.1407,20.0,year_area100_03,2.8971360124532843
day_3,Mild sunny day,0.2,49,12.25,11.4424,255.0042,20.0,year_area100_03,2.88440306502956
day_3,Mild sunny day,0.2,50,12.5,11.4743,257.7757,20.0,year_area100_03,2.875290566996748
day_3,Mild sunny day,0.2,51,12.75,11.4936,259.4433,20.0,year_area100_03,2.8697833504839774
day_3,Mild sunny day,0.2,52,13.0,11.5,260.0,20.0,year_area100_03,2.8679547066589057
day_3,Mild sunny day,0.2,53,13.25,11.4936,259.4433,20.0,year_area100_03,2.8697833504839774
day_3,Mild sunny day,0.2,54,13.5,11.4743,257.7757,20.0,year_area100_03,2.875290566996748
day_3,Mild sunny day,0.2,55,13.75,11.4424,255.0042,20.0,year_area100_03,2.88440306502956
day_3,Mild sunny day,0.2,56,14.0,11.3978,251.1407,20.0,year_area100_03,2.8971360124532843
day_3,Mild sunny day,0.2,57,14.25,11.3408,246.2018,20.0,year_area100_03,2.9134098707810985
day_3,Mild sunny day,0.2,58,14.5,11.2716,240.2087,20.0,year_area100_03,2.933165019962665
day_3,Mild sunny day,0.2,59,14.75,11.1906,233.1869,20.0,year_area100_03,2.956293217782095
day_3,Mild sunny day,0.2,60,15.0,11.0981,225.1666,20.0,year_area100_03,2.982706075383746
day_3,Mild sunny day,0.2,61,15.25,10.9944,216.1821,20.0,year_area100_03,3.01231253578608
day_3,Mild sunny day,0.2,62,15.5,10.8801,206.2719,20.0,year_area100_03,3.04495007297466
day_3,Mild sunny day,0.2,63,15.75,10.7555,195.4783,20.0,year_area100_03,3.080522423868643
day_3,Mild sunny day,0.2,64,16.0,10.6213,183.8478,20.0,year_area100_03,3.118838944410698
day_3,Mild sunny day,0.2,65,16.25,10.478,171.4299,20.0,year_area100_03,3.1597528621434305
day_3,Mild sunny day,0.2,66,16.5,10.3263,158.278,20.0,year_area100_03,3.2030690427488584
day_3,Mild sunny day,0.2,67,16.75,10.1667,144.4483,20.0,year_area100_03,3.2486363536614196
day_3,Mild sunny day,0.2,68,17.0,10.0,130.0,20.0,year_area100_03,3.2962329741975465
day_3,Mild sunny day,0.2,69,17.25,9.8269,114.9951,20.0,year_area100_03,3.3456581734825037
day_3,Mild sunny day,0.2,70,17.5,9.6481,99.4977,20.0,year_area100_03,3.3967098540404885
day_3,Mild sunny day,0.2,71,17.75,9.4643,83.5743,20.0,year_area100_03,3.449184356565905
day_3,Mild sunny day,0.2,72,18.0,9.2765,67.293,20.0,year_area100_03,3.502808244702533
day_3,Mild sunny day,0.2,73,18.25,9.0853,50.7235,20.0,year_area100_03,3.557398688648643
day_3,Mild sunny day,0.2,74,18.5,8.8916,33.9368,20.0,year_area100_03,3.6127032767806044
day_3,Mild sunny day,0.2,75,18.75,8.6962,17.0048,20.0,year_area100_03,3.668491923732203
day_3,Mild sunny day,0.2,76,19.0,8.5,0.0,20.0,year_area100_03,3.7245112417361876
day_3,Mild sunny day,0.2,77,19.25,8.3038,0.0,20.0,year_area100_03,3.7694644750567003
day_3,Mild sunny day,0.2,78,19.5,8.1084,0.0,20.0,year_area100_03,3.814234412828507
day_3,Mild sunny day,0.2,79,19.75,7.9147,0.0,20.0,year_area100_03,3.8586148475593087
day_3,Mild sunny day,0.2,80,20.0,7.7235,0.0,20.0,year_area100_03,3.9024224837004002
day_3,Mild sunny day,0.2,81,20.25,7.5357,0.0,20.0,year_area100_03,3.9454511137594848
day_3,Mild sunny day,0.2,82,20.5,7.3519,0.0,20.0,year_area100_03,3.987563266075032
day_3,Mild sunny day,0.2,83,20.75,7.1731,0.0,20.0,year_area100_03,4.0285298212111575
day_3,Mild sunny day,0.2,84,21.0,7.0,0.0,20.0,year_area100_03,4.068190395562741
day_3,Mild sunny day,0.2,85,21.25,6.8333,0.0,20.0,year_area100_03,4.106384605524665
day_3,Mild sunny day,0.2,86,21.5,6.6737,0.0,20.0,year_area100_03,4.142952067491811
day_3,Mild sunny day,0.2,87,21.75,6.522,0.0,20.0,year_area100_03,4.17770948591547
day_3,Mild sunny day,0.2,88,22.0,6.3787,0.0,20.0,year_area100_03,4.2105423010777
day_3,Mild sunny day,0.2,89,22.25,6.2445,0.0,20.0,year_area100_03,4.2412901293733825
day_3,Mild sunny day,0.2,90,22.5,6.1199,0.0,20.0,year_area100_03,4.269838411084574
day_3,Mild sunny day,0.2,91,22.75,6.0056,0.0,20.0,year_area100_03,4.296026762606159
day_3,Mild sunny day,0.2,92,23.0,5.9019,0.0,20.0,year_area100_03,4.319786448107368
day_3,Mild sunny day,0.2,93,23.25,5.8094,0.0,20.0,year_area100_03,4.340979995926672
day_3,Mild sunny day,0.2,94,23.5,5.7284,0.0,20.0,year_area100_03,4.359538670233306
day_3,Mild sunny day,0.2,95,23.75,5.6592,0.0,20.0,year_area100_03,4.375393735196504
day_3,Mild sunny day,0.2,0,0.0,5.6022,0.0,20.0,year_area100_04,2.3703599378074056
day_3,Mild sunny day,0.2,1,0.25,5.5576,0.0,20.0,year_area100_04,2.375029429420246
day_3,Mild sunny day,0.2,2,0.5,5.5257,0.0,20.0,year_area100_04,2.378369267591762
day_3,Mild sunny day,0.2,3,0.75,5.5064,0.0,20.0,year_area100_04,2.3803899220340896
day_3,Mild sunny day,0.2,4,1.0,5.5,0.0,20.0,year_area100_04,2.38105998361082
day_3,Mild sunny day,0.2,5,1.25,5.5064,0.0,20.0,year_area100_04,2.3803899220340896
day_3,Mild sunny day,0.2,6,1.5,5.5257,0.0,20.0,year_area100_04,2.378369267591762
day_3,Mild sunny day,0.2,7,1.75,5.5576,0.0,20.0,year_area100_04,2.375029429420246
day_3,Mild sunny day,0.2,8,2.0,5.6022,0.0,20.0,year_area100_04,2.3703599378074056
day_3,Mild sunny day,0.2,9,2.25,5.6592,0.0,20.0,year_area100_04,2.3643922018896504
day_3,Mild sunny day,0.2,10,2.5,5.7284,0.0,20.0,year_area100_04,2.3571471610912527
day_3,Mild sunny day,0.2,11,2.75,5.8094,0.0,20.0,year_area100_04,2.348666694260758
day_3,Mild sunny day,0.2,12,3.0,5.9019,0.0,20.0,year_area100_04,2.338982210534576
day_3,Mild sunny day,0.2,13,3.25,6.0056,0.0,20.0,year_area100_04,2.3281251190491155
day_3,Mild sunny day,0.2,14,3.5,6.1199,0.0,20.0,year_area100_04,2.316158238077196
day_3,Mild sunny day,0.2,15,3.75,6.2445,0.0,20.0,year_area100_04,2.303112976755225
day_3,Mild sunny day,0.2,16,4.0,6.3787,0.0,20.0,year_area100_04,2.2890626230681588
day_3,Mild sunny day,0.2,17,4.25,6.522,0.0,20.0,year_area100_04,2.274059525576679
day_3,Mild sunny day,0.2,18,4.5,6.6737,0.0,20.0,year_area100_04,2.2581769722657405
day_3,Mild sunny day,0.2,19,4.75,6.8333,0.0,20.0,year_area100_04,2.241467311696025
day_3,Mild sunny day,0.2,20,5.0,7.0,0.0,20.0,year_area100_04,2.2240143015646248
day_3,Mild sunny day,0.2,21,5.25,7.1731,0.0,20.0,year_area100_04,2.205891229856494
day_3,Mild sunny day,0.2,22,5.5,7.3519,0.0,20.0,year_area100_04,2.1871713845565877
day_3,Mild sunny day,0.2,23,5.75,7.5357,0.0,20.0,year_area100_04,2.1679280536498604
day_3,Mild sunny day,0.2,24,6.0,7.7235,0.0,20.0,year_area100_04,2.148265934257677
day_3,Mild sunny day,0.2,25,6.25,7.9147,0.0,20.0,year_area100_04,2.128247844652855
day_3,Mild sunny day,0.2,26,6.5,8.1084,0.0,20.0,year_area100_04,2.1079680122446227
day_3,Mild sunny day,0.2,27,6.75,8.3038,0.0,20.0,year_area100_04,2.087510194730072
day_3,Mild sunny day,0.2,28,7.0,8.5,0.0,20.0,year_area100_04,2.0669686195184296
day_3,Mild sunny day,0.2,29,7.25,8.6962,17.0048,20.0,year_area100_04,1.8821548309288771
day_3,Mild sunny day,0.2,30,7.5,8.8916,33.9368,20.0,year_area100_04,1.6981280730613213
day_3,Mild sunny day,0.2,31,7.75,9.0853,50.7235,20.0,year_area100_04,1.5156829482467709
day_3,Mild sunny day,0.2,32,8.0,9.2765,67.293,20.0,year_area100_04,1.3355977928978484
day_3,Mild sunny day,0.2,33,8.25,9.4643,83.5743,20.0,year_area100_04,1.15865271882994
day_3,Mild sunny day,0.2,34,8.5,9.6481,99.4977,20.0,year_area100_04,0.9855838702751479
day_3,Mild sunny day,0.2,35,8.75,9.8269,114.9951,20.0,year_area100_04,0.8171538137641228
day_3,Mild sunny day,0.2,36,9.0,10.0,130.0,20.0,year_area100_04,0.6540782501411089
day_3,Mild sunny day,0.2,37,9.25,10.1667,144.4483,20.0,year_area100_04,0.49704969542535227
day_3,Mild sunny day,0.2,38,9.5,10.3263,158.278,20.0,year_area100_04,0.3467403789142276
day_3,Mild sunny day,0.2,39,9.75,10.478,171.4299,20.0,year_area100_04,0.2038059506547485
day_3,Mild sunny day,0.2,40,10.0,10.6213,183.8478,20.0,year_area100_04,0.06884167052627488
day_3,Mild sunny day,0.2,41,10.25,10.7555,195.4783,20.0,year_area100_04,0.0
day_3,Mild sunny day,0.2,42,10.5,10.8801,206.2719,20.0,year_area100_04,0.0
day_3,Mild sunny day,0.2,43,10.75,10.9944,216.1821,20.0,year_area100_04,0.0
day_3,Mild sunny day,0.2,44,11.0,11.0981,225.1666,20.0,year_area100_04,0.0
day_3,Mild sunny day,0.2,45,11.25,11.1906,233.1869,20.0,year_area100_04,0.0
day_3,Mild sunny day,0.2,46,11.5,11.2716,240.2087,20.0,year_area100_04,0.0
day_3,Mild sunny day,0.2,47,11.75,11.3408,246.2018,20.0,year_area100_04,0.0
day_3,Mild sunny day,0.2,48,12.0,11.3978,251.1407,20.0,year_area100_04,0.0
day_3,Mild sunny day,0.2,49,12.25,11.4424,255.0042,20.0,year_area100_04,0.0
day_3,Mild sunny day,0.2,50,12.5,11.4743,257.7757,20.0,year_area100_04,0.0
day_3,Mild sunny day,0.2,51,12.75,11.4936,259.4433,20.0,year_area100_04,0.0
day_3,Mild sunny day,0.2,52,13.0,11.5,260.0,20.0,year_area100_04,0.0
day_3,Mild sunny day,0.2,53,13.25,11.4936,259.4433,20.0,year_area100_04,0.0
day_3,Mild sunny day,0.2,54,13.5,11.4743,257.7757,20.0,year_area100_04,0.0
day_3,Mild sunny day,0.2,55,13.75,11.4424,255.0042,20.0,year_area100_04,0.0
day_3,Mild sunny day,0.2,56,14.0,11.3978,251.1407,20.0,year_area100_04,0.0
day_3,Mild sunny day,0.2,57,14.25,11.3408,246.2018,20.0,year_area100_04,0.0
day_3,Mild sunny day,0.2,58,14.5,11.2716,240.2087,20.0,year_area100_04,0.0
day_3,Mild sunny day,0.2,59,14.75,11.1906,233.1869,20.0,year_area100_04,0.0
day_3,Mild sunny day,0.2,60,15.0,11.0981,225.1666,20.0,year_area100_04,0.0
day_3,Mild sunny day,0.2,61,15.25,10.9944,216.1821,20.0,year_area100_04,0.0
day_3,Mild sunny day,0.2,62,15.5,10.8801,206.2719,20.0,year_area100_04,0.0
day_3,Mild sunny day,0.2,63,15.75,10.7555,195.4783,20.0,year_area100_04,0.0
day_3,Mild sunny day,0.2,64,16.0,10.6213,183.8478,20.0,year_area100_04,0.06884167052627488
day_3,Mild sunny day,0.2,65,16.25,10.478,171.4299,20.0,year_area100_04,0.2038059506547485
day_3,Mild sunny day,0.2,66,16.5,10.3263,158.278,20.0,year_area100_04,0.3467403789142276
day_3,Mild sunny day,0.2,67,16.75,10.1667,144.4483,20.0,year_area100_04,0.49704969542535227
day_3,Mild sunny day,0.2,68,17.0,10.0,130.0,20.0,year_area100_04,0.6540782501411089
day_3,Mild sunny day,0.2,69,17.25,9.8269,114.9951,20.0,year_area100_04,0.8171538137641228
day_3,Mild sunny day,0.2,70,17.5,9.6481,99.4977,20.0,year_area100_04,0.9855838702751479
day_3,Mild sunny day,0.2,71,17.75,9.4643,83.5743,20.0,year_area100_04,1.15865271882994
day_3,Mild sunny day,0.2,72,18.0,9.2765,67.293,20.0,year_area100_04,1.3355977928978484
day_3,Mild sunny day,0.2,73,18.25,9.0853,50.7235,20.0,year_area100_04,1.5156829482467709
day_3,Mild sunny day,0.2,74,18.5,8.8916,33.9368,20.0,year_area100_04,1.6981280730613213
day_3,Mild sunny day,0.2,75,18.75,8.6962,17.0048,20.0,year_area100_04,1.8821548309288771
day_3,Mild sunny day,0.2,76,19.0,8.5,0.0,20.0,year_area100_04,2.0669686195184296
day_3,Mild sunny day,0.2,77,19.25,8.3038,0.0,20.0,year_area100_04,2.087510194730072
day_3,Mild sunny day,0.2,78,19.5,8.1084,0.0,20.0,year_area100_04,2.1079680122446227
day_3,Mild sunny day,0.2,79,19.75,7.9147,0.0,20.0,year_area100_04,2.128247844652855
day_3,Mild sunny day,0.2,80,20.0,7.7235,0.0,20.0,year_area100_04,2.148265934257677
day_3,Mild sunny day,0.2,81,20.25,7.5357,0.0,20.0,year_area100_04,2.1679280536498604
day_3,Mild sunny day,0.2,82,20.5,7.3519,0.0,20.0,year_area100_04,2.1871713845565877
day_3,Mild sunny day,0.2,83,20.75,7.1731,0.0,20.0,year_area100_04,2.205891229856494
day_3,Mild sunny day,0.2,84,21.0,7.0,0.0,20.0,year_area100_04,2.2240143015646248
day_3,Mild sunny day,0.2,85,21.25,6.8333,0.0,20.0,year_area100_04,2.241467311696025
day_3,Mild sunny day,0.2,86,21.5,6.6737,0.0,20.0,year_area100_04,2.2581769722657405
day_3,Mild sunny day,0.2,87,21.75,6.522,0.0,20.0,year_area100_04,2.274059525576679
day_3,Mild sunny day,0.2,88,22.0,6.3787,0.0,20.0,year_area100_04,2.2890626230681588
day_3,Mild sunny day,0.2,89,22.25,6.2445,0.0,20.0,year_area100_04,2.303112976755225
day_3,Mild sunny day,0.2,90,22.5,6.1199,0.0,20.0,year_area100_04,2.316158238077196
day_3,Mild sunny day,0.2,91,22.75,6.0056,0.0,20.0,year_area100_04,2.3281251190491155
day_3,Mild sunny day,0.2,92,23.0,5.9019,0.0,20.0,year_area100_04,2.338982210534576
day_3,Mild sunny day,0.2,93,23.25,5.8094,0.0,20.0,year_area100_04,2.348666694260758
day_3,Mild sunny day,0.2,94,23.5,5.7284,0.0,20.0,year_area100_04,2.3571471610912527
day_3,Mild sunny day,0.2,95,23.75,5.6592,0.0,20.0,year_area100_04,2.3643922018896504
day_3,Mild sunny day,0.2,0,0.0,5.6022,0.0,20.0,year_area100_05,4.470592765804408
day_3,Mild sunny day,0.2,1,0.25,5.5576,0.0,20.0,year_area100_05,4.482763142392408
day_3,Mild sunny day,0.2,2,0.5,5.5257,0.0,20.0,year_area100_05,4.491467963315216
day_3,Mild sunny day,0.2,3,0.75,5.5064,0.0,20.0,year_area100_05,4.496734516412714
day_3,Mild sunny day,0.2,4,1.0,5.5,0.0,20.0,year_area100_05,4.498480938165252
day_3,Mild sunny day,0.2,5,1.25,5.5064,0.0,20.0,year_area100_05,4.496734516412714
day_3,Mild sunny day,0.2,6,1.5,5.5257,0.0,20.0,year_area100_05,4.491467963315216
day_3,Mild sunny day,0.2,7,1.75,5.5576,0.0,20.0,year_area100_05,4.482763142392408
day_3,Mild sunny day,0.2,8,2.0,5.6022,0.0,20.0,year_area100_05,4.470592765804408
day_3,Mild sunny day,0.2,9,2.25,5.6592,0.0,20.0,year_area100_05,4.455038697070866
day_3,Mild sunny day,0.2,10,2.5,5.7284,0.0,20.0,year_area100_05,4.436155511871547
day_3,Mild sunny day,0.2,11,2.75,5.8094,0.0,20.0,year_area100_05,4.414052361565986
day_3,Mild sunny day,0.2,12,3.0,5.9019,0.0,20.0,year_area100_05,4.388811109673833
day_3,Mild sunny day,0.2,13,3.25,6.0056,0.0,20.0,year_area100_05,4.360513619714738
day_3,Mild sunny day,0.2,14,3.5,6.1199,0.0,20.0,year_area100_05,4.329323618728003
day_3,Mild sunny day,0.2,15,3.75,6.2445,0.0,20.0,year_area100_05,4.295322970233276
day_3,Mild sunny day,0.2,16,4.0,6.3787,0.0,20.0,year_area100_05,4.258702689109741
day_3,Mild sunny day,0.2,17,4.25,6.522,0.0,20.0,year_area100_05,4.219599214556817
day_3,Mild sunny day,0.2,18,4.5,6.6737,0.0,20.0,year_area100_05,4.178203561453687
day_3,Mild sunny day,0.2,19,4.75,6.8333,0.0,20.0,year_area100_05,4.134652168999766
day_3,Mild sunny day,0.2,20,5.0,7.0,0.0,20.0,year_area100_05,4.0891633399141245
day_3,Mild sunny day,0.2,21,5.25,7.1731,0.0,20.0,year_area100_05,4.041928089075945
day_3,Mild sunny day,0.2,22,5.5,7.3519,0.0,20.0,year_area100_05,3.9931374313644104
day_3,Mild sunny day,0.2,23,5.75,7.5357,0.0,20.0,year_area100_05,3.9429823816587053
day_3,Mild sunny day,0.2,24,6.0,7.7235,0.0,20.0,year_area100_05,3.8917358183576645
day_3,Mild sunny day,0.2,25,6.25,7.9147,0.0,20.0,year_area100_05,3.8395614685005874
day_3,Mild sunny day,0.2,26,6.5,8.1084,0.0,20.0,year_area100_05,3.7867049226464253
day_3,Mild sunny day,0.2,27,6.75,8.3038,0.0,20.0,year_area100_05,3.733384483514245
day_3,Mild sunny day,0.2,28,7.0,8.5,0.0,20.0,year_area100_05,3.6798457416629975
day_3,Mild sunny day,0.2,29,7.25,8.6962,17.0048,20.0,year_area100_05,3.5956559169809754
day_3,Mild sunny day,0.2,30,7.5,8.8916,33.9368,20.0,year_area100_05,3.5118156167218966
day_3,Mild sunny day,0.2,31,7.75,9.0853,50.7235,20.0,year_area100_05,3.4287011123998092
day_3,Mild sunny day,0.2,32,8.0,9.2765,67.293,20.0,year_area100_05,3.346660306191318
day_3,Mild sunny day,0.2,33,8.25,9.4643,83.5743,20.0,year_area100_05,3.2660667658665723
day_3,Mild sunny day,0.2,34,8.5,9.6481,99.4977,20.0,year_area100_05,3.1872098524313577
day_3,Mild sunny day,0.2,35,8.75,9.8269,114.9951,20.0,year_area100_05,3.1104851942575036
day_3,Mild sunny day,0.2,36,9.0,10.0,130.0,20.0,year_area100_05,3.0362036722036962
day_3,Mild sunny day,0.2,37,9.25,10.1667,144.4483,20.0,year_area100_05,2.964671841138385
day_3,Mild sunny day,0.2,38,9.5,10.3263,158.278,20.0,year_area100_05,2.8961924706885593
day_3,Mild sunny day,0.2,39,9.75,10.478,171.4299,20.0,year_area100_05,2.831090571332484
day_3,Mild sunny day,0.2,40,10.0,10.6213,183.8478,20.0,year_area100_05,2.7696038825409754
day_3,Mild sunny day,0.2,41,10.25,10.7555,195.4783,20.0,year_area100_05,2.7120196724760053
day_3,Mild sunny day,0.2,42,10.5,10.8801,206.2719,20.0,year_area100_05,2.6585636038856433
day_3,Mild sunny day,0.2,43,10.75,10.9944,216.1821,20.0,year_area100_05,2.6095105077099285
day_3,Mild sunny day,0.2,44,11.0,11.0981,225.1666,20.0,year_area100_05,2.5650184930464506
day_3,Mild sunny day,0.2,45,11.25,11.1906,233.1869,20.0,year_area100_05,2.5253206830279065
day_3,Mild sunny day,0.2,46,11.5,11.2716,240.2087,20.0,year_area100_05,2.4905607667844256
day_3,Mild sunny day,0.2,47,11.75,11.3408,246.2018,20.0,year_area100_05,2.460875043212817
day_3,Mild sunny day,0.2,48,12.0,11.3978,251.1407,20.0,year_area100_05,2.436418627318889
day_3,Mild sunny day,0.2,49,12.25,11.4424,255.0042,20.0,year_area100_05,2.417284307696175
day_3,Mild sunny day,0.2,50,12.5,11.4743,257.7757,20.0,year_area100_05,2.403583869296803
day_3,Mild sunny day,0.2,51,12.75,11.4936,259.4433,20.0,year_area100_05,2.3953114739824835
day_3,Mild sunny day,0.2,52,13.0,11.5,260.0,20.0,year_area100_05,2.3925616027443954
day_3,Mild sunny day,0.2,53,13.25,11.4936,259.4433,20.0,year_area100_05,2.3953114739824835
day_3,Mild sunny day,0.2,54,13.5,11.4743,257.7757,20.0,year_area100_05,2.403583869296803
day_3,Mild sunny day,0.2,55,13.75,11.4424,255.0042,20.0,year_area100_05,2.417284307696175
day_3,Mild sunny day,0.2,56,14.0,11.3978,251.1407,20.0,year_area100_05,2.436418627318889
day_3,Mild sunny day,0.2,57,14.25,11.3408,246.2018,20.0,year_area100_05,2.460875043212817
day_3,Mild sunny day,0.2,58,14.5,11.2716,240.2087,20.0,year_area100_05,2.4905607667844256
day_3,Mild sunny day,0.2,59,14.75,11.1906,233.1869,20.0,year_area100_05,2.5253206830279065
day_3,Mild sunny day,0.2,60,15.0,11.0981,225.1666,20.0,year_area100_05,2.5650184930464506
day_3,Mild sunny day,0.2,61,15.25,10.9944,216.1821,20.0,year_area100_05,2.6095105077099285
day_3,Mild sunny day,0.2,62,15.5,10.8801,206.2719,20.0,year_area100_05,2.6585636038856433
day_3,Mild sunny day,0.2,63,15.75,10.7555,195.4783,20.0,year_area100_05,2.7120196724760053
day_3,Mild sunny day,0.2,64,16.0,10.6213,183.8478,20.0,year_area100_05,2.7696038825409754
day_3,Mild sunny day,0.2,65,16.25,10.478,171.4299,20.0,year_area100_05,2.831090571332484
day_3,Mild sunny day,0.2,66,16.5,10.3263,158.278,20.0,year_area100_05,2.8961924706885593
day_3,Mild sunny day,0.2,67,16.75,10.1667,144.4483,20.0,year_area100_05,2.964671841138385
day_3,Mild sunny day,0.2,68,17.0,10.0,130.0,20.0,year_area100_05,3.0362036722036962
day_3,Mild sunny day,0.2,69,17.25,9.8269,114.9951,20.0,year_area100_05,3.1104851942575036
day_3,Mild sunny day,0.2,70,17.5,9.6481,99.4977,20.0,year_area100_05,3.1872098524313577
day_3,Mild sunny day,0.2,71,17.75,9.4643,83.5743,20.0,year_area100_05,3.2660667658665723
day_3,Mild sunny day,0.2,72,18.0,9.2765,67.293,20.0,year_area100_05,3.346660306191318
day_3,Mild sunny day,0.2,73,18.25,9.0853,50.7235,20.0,year_area100_05,3.4287011123998092
day_3,Mild sunny day,0.2,74,18.5,8.8916,33.9368,20.0,year_area100_05,3.5118156167218966
day_3,Mild sunny day,0.2,75,18.75,8.6962,17.0048,20.0,year_area100_05,3.5956559169809754
day_3,Mild sunny day,0.2,76,19.0,8.5,0.0,20.0,year_area100_05,3.6798457416629975
day_3,Mild sunny day,0.2,77,19.25,8.3038,0.0,20.0,year_area100_05,3.733384483514245
day_3,Mild sunny day,0.2,78,19.5,8.1084,0.0,20.0,year_area100_05,3.7867049226464253
day_3,Mild sunny day,0.2,79,19.75,7.9147,0.0,20.0,year_area100_05,3.8395614685005874
day_3,Mild sunny day,0.2,80,20.0,7.7235,0.0,20.0,year_area100_05,3.8917358183576645
day_3,Mild sunny day,0.2,81,20.25,7.5357,0.0,20.0,year_area100_05,3.9429823816587053
day_3,Mild sunny day,0.2,82,20.5,7.3519,0.0,20.0,year_area100_05,3.9931374313644104
day_3,Mild sunny day,0.2,83,20.75,7.1731,0.0,20.0,year_area100_05,4.041928089075945
day_3,Mild sunny day,0.2,84,21.0,7.0,0.0,20.0,year_area100_05,4.0891633399141245
day_3,Mild sunny day,0.2,85,21.25,6.8333,0.0,20.0,year_area100_05,4.134652168999766
day_3,Mild sunny day,0.2,86,21.5,6.6737,0.0,20.0,year_area100_05,4.178203561453687
day_3,Mild sunny day,0.2,87,21.75,6.522,0.0,20.0,year_area100_05,4.219599214556817
day_3,Mild sunny day,0.2,88,22.0,6.3787,0.0,20.0,year_area100_05,4.258702689109741
day_3,Mild sunny day,0.2,89,22.25,6.2445,0.0,20.0,year_area100_05,4.295322970233276
day_3,Mild sunny day,0.2,90,22.5,6.1199,0.0,20.0,year_area100_05,4.329323618728003
day_3,Mild sunny day,0.2,91,22.75,6.0056,0.0,20.0,year_area100_05,4.360513619714738
day_3,Mild sunny day,0.2,92,23.0,5.9019,0.0,20.0,year_area100_05,4.388811109673833
day_3,Mild sunny day,0.2,93,23.25,5.8094,0.0,20.0,year_area100_05,4.414052361565986
day_3,Mild sunny day,0.2,94,23.5,5.7284,0.0,20.0,year_area100_05,4.436155511871547
day_3,Mild sunny day,0.2,95,23.75,5.6592,0.0,20.0,year_area100_05,4.455038697070866
day_3,Mild sunny day,0.2,0,0.0,5.6022,0.0,20.0,year_area100_06,3.4036231994265433
day_3,Mild sunny day,0.2,1,0.25,5.5576,0.0,20.0,year_area100_06,3.4190399862707332
day_3,Mild sunny day,0.2,2,0.5,5.5257,0.0,20.0,year_area100_06,3.4300667912108613
day_3,Mild sunny day,0.2,3,0.75,5.5064,0.0,20.0,year_area100_06,3.436738181033572
day_3,Mild sunny day,0.2,4,1.0,5.5,0.0,20.0,year_area100_06,3.4389504553789267
day_3,Mild sunny day,0.2,5,1.25,5.5064,0.0,20.0,year_area100_06,3.436738181033572
day_3,Mild sunny day,0.2,6,1.5,5.5257,0.0,20.0,year_area100_06,3.4300667912108613
day_3,Mild sunny day,0.2,7,1.75,5.5576,0.0,20.0,year_area100_06,3.4190399862707332
day_3,Mild sunny day,0.2,8,2.0,5.6022,0.0,20.0,year_area100_06,3.4036231994265433
day_3,Mild sunny day,0.2,9,2.25,5.6592,0.0,20.0,year_area100_06,3.383920131038227
day_3,Mild sunny day,0.2,10,2.5,5.7284,0.0,20.0,year_area100_06,3.3599999146790793
day_3,Mild sunny day,0.2,11,2.75,5.8094,0.0,20.0,year_area100_06,3.3320008174956834
day_3,Mild sunny day,0.2,12,3.0,5.9019,0.0,20.0,year_area100_06,3.300026539847978
day_3,Mild sunny day,0.2,13,3.25,6.0056,0.0,20.0,year_area100_06,3.2641807820959023
day_3,Mild sunny day,0.2,14,3.5,6.1199,0.0,20.0,year_area100_06,3.2246709449593327
day_3,Mild sunny day,0.2,15,3.75,6.2445,0.0,20.0,year_area100_06,3.181600728798208
day_3,Mild sunny day,0.2,16,4.0,6.3787,0.0,20.0,year_area100_06,3.135212101119051
day_3,Mild sunny day,0.2,17,4.25,6.522,0.0,20.0,year_area100_06,3.085677895855093
day_3,Mild sunny day,0.2,18,4.5,6.6737,0.0,20.0,year_area100_06,3.033240080512856
day_3,Mild sunny day,0.2,19,4.75,6.8333,0.0,20.0,year_area100_06,2.978071489025573
day_3,Mild sunny day,0.2,20,5.0,7.0,0.0,20.0,year_area100_06,2.9204486556864113
day_3,Mild sunny day,0.2,21,5.25,7.1731,0.0,20.0,year_area100_06,2.8606135480018953
day_3,Mild sunny day,0.2,22,5.5,7.3519,0.0,20.0,year_area100_06,2.7988081334785475
day_3,Mild sunny day,0.2,23,5.75,7.5357,0.0,20.0,year_area100_06,2.735274379622891
day_3,Mild sunny day,0.2,24,6.0,7.7235,0.0,20.0,year_area100_06,2.6703579543013882
day_3,Mild sunny day,0.2,25,6.25,7.9147,0.0,20.0,year_area100_06,2.604266258233916
day_3,Mild sunny day,0.2,26,6.5,8.1084,0.0,20.0,year_area100_06,2.537310392500289
day_3,Mild sunny day,0.2,27,6.75,8.3038,0.0,20.0,year_area100_06,2.469766891393677
day_3,Mild sunny day,0.2,28,7.0,8.5,0.0,20.0,year_area100_06,2.4019468559938963
day_3,Mild sunny day,0.2,29,7.25,8.6962,17.0048,20.0,year_area100_06,2.3187039378437277
day_3,Mild sunny day,0.2,30,7.5,8.8916,33.9368,20.0,year_area100_06,2.2358035815709525
day_3,Mild sunny day,0.2,31,7.75,9.0853,50.7235,20.0,year_area100_06,2.1536226437479193
day_3,Mild sunny day,0.2,32,8.0,9.2765,67.293,20.0,year_area100_06,2.072502869976942
day_3,Mild sunny day,0.2,33,8.25,9.4643,83.5743,20.0,year_area100_06,1.992819756371902
day_3,Mild sunny day,0.2,34,8.5,9.6481,99.4977,20.0,year_area100_06,1.9148439196227378
day_3,Mild sunny day,0.2,35,8.75,9.8269,114.9951,20.0,year_area100_06,1.8389827924102748
day_3,Mild sunny day,0.2,36,9.0,10.0,130.0,20.0,year_area100_06,1.7655386558997033
day_3,Mild sunny day,0.2,37,9.25,10.1667,144.4483,20.0,year_area100_06,1.6948116145226684
day_3,Mild sunny day,0.2,38,9.5,10.3263,158.278,20.0,year_area100_06,1.6270998680689615
day_3,Mild sunny day,0.2,39,9.75,10.478,171.4299,20.0,year_area100_06,1.5627336435925492
day_3,Mild sunny day,0.2,40,10.0,10.6213,183.8478,20.0,year_area100_06,1.5019367468705296
day_3,Mild sunny day,0.2,41,10.25,10.7555,195.4783,20.0,year_area100_06,1.444999577730821
day_3,Mild sunny day,0.2,42,10.5,10.8801,206.2719,20.0,year_area100_06,1.3921398652360373
day_3,Mild sunny day,0.2,43,10.75,10.9944,216.1821,20.0,year_area100_06,1.3436417511051544
day_3,Mild sunny day,0.2,44,11.0,11.0981,225.1666,20.0,year_area100_06,1.299647300626857
day_3,Mild sunny day,0.2,45,11.25,11.1906,233.1869,20.0,year_area100_06,1.2603988329549858
day_3,Mild sunny day,0.2,46,11.5,11.2716,240.2087,20.0,year_area100_06,1.2260311575997402
day_3,Mild sunny day,0.2,47,11.75,11.3408,246.2018,20.0,year_area100_06,1.1966753654848437
day_3,Mild sunny day,0.2,48,12.0,11.3978,251.1407,20.0,year_area100_06,1.172492851550806
day_3,Mild sunny day,0.2,49,12.25,11.4424,255.0042,20.0,year_area100_06,1.1535719771839088
day_3,Mild sunny day,0.2,50,12.5,11.4743,257.7757,20.0,year_area100_06,1.1400314984844484
day_3,Mild sunny day,0.2,51,12.75,11.4936,259.4433,20.0,year_area100_06,1.131847641636277
day_3,Mild sunny day,0.2,52,13.0,11.5,260.0,20.0,year_area100_06,1.1291304558055102
day_3,Mild sunny day,0.2,53,13.25,11.4936,259.4433,20.0,year_area100_06,1.131847641636277
day_3,Mild sunny day,0.2,54,13.5,11.4743,257.7757,20.0,year_area100_06,1.1400314984844484
day_3,Mild sunny day,0.2,55,13.75,11.4424,255.0042,20.0,year_area100_06,1.1535719771839088
day_3,Mild sunny day,0.2,56,14.0,11.3978,251.1407,20.0,year_area100_06,1.172492851550806
day_3,Mild sunny day,0.2,57,14.25,11.3408,246.2018,20.0,year_area100_06,1.1966753654848437
day_3,Mild sunny day,0.2,58,14.5,11.2716,240.2087,20.0,year_area100_06,1.2260311575997402
day_3,Mild sunny day,0.2,59,14.75,11.1906,233.1869,20.0,year_area100_06,1.2603988329549858
day_3,Mild sunny day,0.2,60,15.0,11.0981,225.1666,20.0,year_area100_06,1.299647300626857
day_3,Mild sunny day,0.2,61,15.25,10.9944,216.1821,20.0,year_area100_06,1.3436417511051544
day_3,Mild sunny day,0.2,62,15.5,10.8801,206.2719,20.0,year_area100_06,1.3921398652360373
day_3,Mild sunny day,0.2,63,15.75,10.7555,195.4783,20.0,year_area100_06,1.444999577730821
day_3,Mild sunny day,0.2,64,16.0,10.6213,183.8478,20.0,year_area100_06,1.5019367468705296
day_3,Mild sunny day,0.2,65,16.25,10.478,171.4299,20.0,year_area100_06,1.5627336435925492
day_3,Mild sunny day,0.2,66,16.5,10.3263,158.278,20.0,year_area100_06,1.6270998680689615
day_3,Mild sunny day,0.2,67,16.75,10.1667,144.4483,20.0,year_area100_06,1.6948116145226684
day_3,Mild sunny day,0.2,68,17.0,10.0,130.0,20.0,year_area100_06,1.7655386558997033
day_3,Mild sunny day,0.2,69,17.25,9.8269,114.9951,20.0,year_area100_06,1.8389827924102748
day_3,Mild sunny day,0.2,70,17.5,9.6481,99.4977,20.0,year_area100_06,1.9148439196227378
day_3,Mild sunny day,0.2,71,17.75,9.4643,83.5743,20.0,year_area100_06,1.992819756371902
day_3,Mild sunny day,0.2,72,18.0,9.2765,67.293,20.0,year_area100_06,2.072502869976942
day_3,Mild sunny day,0.2,73,18.25,9.0853,50.7235,20.0,year_area100_06,2.1536226437479193
day_3,Mild sunny day,0.2,74,18.5,8.8916,33.9368,20.0,year_area100_06,2.2358035815709525
day_3,Mild sunny day,0.2,75,18.75,8.6962,17.0048,20.0,year_area100_06,2.3187039378437277
day_3,Mild sunny day,0.2,76,19.0,8.5,0.0,20.0,year_area100_06,2.4019468559938963
day_3,Mild sunny day,0.2,77,19.25,8.3038,0.0,20.0,year_area100_06,2.469766891393677
day_3,Mild sunny day,0.2,78,19.5,8.1084,0.0,20.0,year_area100_06,2.537310392500289
day_3,Mild sunny day,0.2,79,19.75,7.9147,0.0,20.0,year_area100_06,2.604266258233916
day_3,Mild sunny day,0.2,80,20.0,7.7235,0.0,20.0,year_area100_06,2.6703579543013882
day_3,Mild sunny day,0.2,81,20.25,7.5357,0.0,20.0,year_area100_06,2.735274379622891
day_3,Mild sunny day,0.2,82,20.5,7.3519,0.0,20.0,year_area100_06,2.7988081334785475
day_3,Mild sunny day,0.2,83,20.75,7.1731,0.0,20.0,year_area100_06,2.8606135480018953
day_3,Mild sunny day,0.2,84,21.0,7.0,0.0,20.0,year_area100_06,2.9204486556864113
day_3,Mild sunny day,0.2,85,21.25,6.8333,0.0,20.0,year_area100_06,2.978071489025573
day_3,Mild sunny day,0.2,86,21.5,6.6737,0.0,20.0,year_area100_06,3.033240080512856
day_3,Mild sunny day,0.2,87,21.75,6.522,0.0,20.0,year_area100_06,3.085677895855093
day_3,Mild sunny day,0.2,88,22.0,6.3787,0.0,20.0,year_area100_06,3.135212101119051
day_3,Mild sunny day,0.2,89,22.25,6.2445,0.0,20.0,year_area100_06,3.181600728798208
day_3,Mild sunny day,0.2,90,22.5,6.1199,0.0,20.0,year_area100_06,3.2246709449593327
day_3,Mild sunny day,0.2,91,22.75,6.0056,0.0,20.0,year_area100_06,3.2641807820959023
day_3,Mild sunny day,0.2,92,23.0,5.9019,0.0,20.0,year_area100_06,3.300026539847978
day_3,Mild sunny day,0.2,93,23.25,5.8094,0.0,20.0,year_area100_06,3.3320008174956834
day_3,Mild sunny day,0.2,94,23.5,5.7284,0.0,20.0,year_area100_06,3.3599999146790793
day_3,Mild sunny day,0.2,95,23.75,5.6592,0.0,20.0,year_area100_06,3.383920131038227
day_3,Mild sunny day,0.2,0,0.0,5.6022,0.0,20.0,year_area100_07,2.616720315418222
day_3,Mild sunny day,0.2,1,0.25,5.5576,0.0,20.0,year_area100_07,2.6194574613100867
day_3,Mild sunny day,0.2,2,0.5,5.5257,0.0,20.0,year_area100_07,2.621415195703595
day_3,Mild sunny day,0.2,3,0.75,5.5064,0.0,20.0,year_area100_07,2.62259965569716
day_3,Mild sunny day,0.2,4,1.0,5.5,0.0,20.0,year_area100_07,2.622992429995544
day_3,Mild sunny day,0.2,5,1.25,5.5064,0.0,20.0,year_area100_07,2.62259965569716
day_3,Mild sunny day,0.2,6,1.5,5.5257,0.0,20.0,year_area100_07,2.621415195703595
day_3,Mild sunny day,0.2,7,1.75,5.5576,0.0,20.0,year_area100_07,2.6194574613100867
day_3,Mild sunny day,0.2,8,2.0,5.6022,0.0,20.0,year_area100_07,2.616720315418222
day_3,Mild sunny day,0.2,9,2.25,5.6592,0.0,20.0,year_area100_07,2.6132221693232385
day_3,Mild sunny day,0.2,10,2.5,5.7284,0.0,20.0,year_area100_07,2.6089752972219595
day_3,Mild sunny day,0.2,11,2.75,5.8094,0.0,20.0,year_area100_07,2.604004247508035
day_3,Mild sunny day,0.2,12,3.0,5.9019,0.0,20.0,year_area100_07,2.5983274314767018
day_3,Mild sunny day,0.2,13,3.25,6.0056,0.0,20.0,year_area100_07,2.591963260423196
day_3,Mild sunny day,0.2,14,3.5,6.1199,0.0,20.0,year_area100_07,2.584948556937992
day_3,Mild sunny day,0.2,15,3.75,6.2445,0.0,20.0,year_area100_07,2.5773017323163256
day_3,Mild sunny day,0.2,16,4.0,6.3787,0.0,20.0,year_area100_07,2.569065746247083
day_3,Mild sunny day,0.2,17,4.25,6.522,0.0,20.0,year_area100_07,2.5602712842223254
day_3,Mild sunny day,0.2,18,4.5,6.6737,0.0,20.0,year_area100_07,2.550961305930939
day_3,Mild sunny day,0.2,19,4.75,6.8333,0.0,20.0,year_area100_07,2.541166496864984
day_3,Mild sunny day,0.2,20,5.0,7.0,0.0,20.0,year_area100_07,2.5309359538117593
day_3,Mild sunny day,0.2,21,5.25,7.1731,0.0,20.0,year_area100_07,2.520312636460151
day_3,Mild sunny day,0.2,22,5.5,7.3519,0.0,20.0,year_area100_07,2.5093395044990436
day_3,Mild sunny day,0.2,23,5.75,7.5357,0.0,20.0,year_area100_07,2.4980595176173237
day_3,Mild sunny day,0.2,24,6.0,7.7235,0.0,20.0,year_area100_07,2.486534046799114
day_3,Mild sunny day,0.2,25,6.25,7.9147,0.0,20.0,year_area100_07,2.474799914634888
day_3,Mild sunny day,0.2,26,6.5,8.1084,0.0,20.0,year_area100_07,2.462912355010355
day_3,Mild sunny day,0.2,27,6.75,8.3038,0.0,20.0,year_area100_07,2.450920464712814
day_3,Mild sunny day,0.2,28,7.0,8.5,0.0,20.0,year_area100_07,2.438879477627975
day_3,Mild sunny day,0.2,29,7.25,8.6962,17.0048,20.0,year_area100_07,2.3685694798868733
day_3,Mild sunny day,0.2,30,7.5,8.8916,33.9368,20.0,year_area100_07,2.2985580369670235
day_3,Mild sunny day,0.2,31,7.75,9.0853,50.7235,20.0,year_area100_07,2.229148812801686
day_3,Mild sunny day,0.2,32,8.0,9.2765,67.293,20.0,year_area100_07,2.1606372782529006
day_3,Mild sunny day,0.2,33,8.25,9.4643,83.5743,20.0,year_area100_07,2.0933219573219106
day_3,Mild sunny day,0.2,34,8.5,9.6481,99.4977,20.0,year_area100_07,2.0274785081069715
day_3,Mild sunny day,0.2,35,8.75,9.8269,114.9951,20.0,year_area100_07,1.9634016545058353
day_3,Mild sunny day,0.2,36,9.0,10.0,130.0,20.0,year_area100_07,1.901362226526865
day_3,Mild sunny day,0.2,37,9.25,10.1667,144.4483,20.0,year_area100_07,1.8416228302871944
day_3,Mild sunny day,0.2,38,9.5,10.3263,158.278,20.0,year_area100_07,1.784438875999131
day_3,Mild sunny day,0.2,39,9.75,10.478,171.4299,20.0,year_area100_07,1.7300623164336275
day_3,Mild sunny day,0.2,40,10.0,10.6213,183.8478,20.0,year_area100_07,1.6787164132023635
day_3,Mild sunny day,0.2,41,10.25,10.7555,195.4783,20.0,year_area100_07,1.6306271075740753
day_3,Mild sunny day,0.2,42,10.5,10.8801,206.2719,20.0,year_area100_07,1.5859947027974268
day_3,Mild sunny day,0.2,43,10.75,10.9944,216.1821,20.0,year_area100_07,1.545021496453871
day_3,Mild sunny day,0.2,44,11.0,11.0981,225.1666,20.0,year_area100_07,1.50787084592156
day_3,Mild sunny day,0.2,45,11.25,11.1906,233.1869,20.0,year_area100_07,1.4747114987127696
day_3,Mild sunny day,0.2,46,11.5,11.2716,240.2087,20.0,year_area100_07,1.4456793992348878
day_3,Mild sunny day,0.2,47,11.75,11.3408,246.2018,20.0,year_area100_07,1.420896442747786
day_3,Mild sunny day,0.2,48,12.0,11.3978,251.1407,20.0,year_area100_07,1.4004745564894239
day_3,Mild sunny day,0.2,49,12.25,11.4424,255.0042,20.0,year_area100_07,1.384498659029151
day_3,Mild sunny day,0.2,50,12.5,11.4743,257.7757,20.0,year_area100_07,1.3730440435765396
day_3,Mild sunny day,0.2,51,12.75,11.4936,259.4433,20.0,year_area100_07,1.366145349827189
day_3,Mild sunny day,0.2,52,13.0,11.5,260.0,20.0,year_area100_07,1.3638449754257551
day_3,Mild sunny day,0.2,53,13.25,11.4936,259.4433,20.0,year_area100_07,1.366145349827189
day_3,Mild sunny day,0.2,54,13.5,11.4743,257.7757,20.0,year_area100_07,1.3730440435765396
day_3,Mild sunny day,0.2,55,13.75,11.4424,255.0042,20.0,year_area100_07,1.384498659029151
day_3,Mild sunny day,0.2,56,14.0,11.3978,251.1407,20.0,year_area100_07,1.4004745564894239
day_3,Mild sunny day,0.2,57,14.25,11.3408,246.2018,20.0,year_area100_07,1.420896442747786
day_3,Mild sunny day,0.2,58,14.5,11.2716,240.2087,20.0,year_area100_07,1.4456793992348878
day_3,Mild sunny day,0.2,59,14.75,11.1906,233.1869,20.0,year_area100_07,1.4747114987127696
day_3,Mild sunny day,0.2,60,15.0,11.0981,225.1666,20.0,year_area100_07,1.50787084592156
day_3,Mild sunny day,0.2,61,15.25,10.9944,216.1821,20.0,year_area100_07,1.545021496453871
day_3,Mild sunny day,0.2,62,15.5,10.8801,206.2719,20.0,year_area100_07,1.5859947027974268
day_3,Mild sunny day,0.2,63,15.75,10.7555,195.4783,20.0,year_area100_07,1.6306271075740753
day_3,Mild sunny day,0.2,64,16.0,10.6213,183.8478,20.0,year_area100_07,1.6787164132023635
day_3,Mild sunny day,0.2,65,16.25,10.478,171.4299,20.0,year_area100_07,1.7300623164336275
day_3,Mild sunny day,0.2,66,16.5,10.3263,158.278,20.0,year_area100_07,1.784438875999131
day_3,Mild sunny day,0.2,67,16.75,10.1667,144.4483,20.0,year_area100_07,1.8416228302871944
day_3,Mild sunny day,0.2,68,17.0,10.0,130.0,20.0,year_area100_07,1.901362226526865
day_3,Mild sunny day,0.2,69,17.25,9.8269,114.9951,20.0,year_area100_07,1.9634016545058353
day_3,Mild sunny day,0.2,70,17.5,9.6481,99.4977,20.0,year_area100_07,2.0274785081069715
day_3,Mild sunny day,0.2,71,17.75,9.4643,83.5743,20.0,year_area100_07,2.0933219573219106
day_3,Mild sunny day,0.2,72,18.0,9.2765,67.293,20.0,year_area100_07,2.1606372782529006
day_3,Mild sunny day,0.2,73,18.25,9.0853,50.7235,20.0,year_area100_07,2.229148812801686
day_3,Mild sunny day,0.2,74,18.5,8.8916,33.9368,20.0,year_area100_07,2.2985580369670235
day_3,Mild sunny day,0.2,75,18.75,8.6962,17.0048,20.0,year_area100_07,2.3685694798868733
day_3,Mild sunny day,0.2,76,19.0,8.5,0.0,20.0,year_area100_07,2.438879477627975
day_3,Mild sunny day,0.2,77,19.25,8.3038,0.0,20.0,year_area100_07,2.450920464712814
day_3,Mild sunny day,0.2,78,19.5,8.1084,0.0,20.0,year_area100_07,2.462912355010355
day_3,Mild sunny day,0.2,79,19.75,7.9147,0.0,20.0,year_area100_07,2.474799914634888
day_3,Mild sunny day,0.2,80,20.0,7.7235,0.0,20.0,year_area100_07,2.486534046799114
day_3,Mild sunny day,0.2,81,20.25,7.5357,0.0,20.0,year_area100_07,2.4980595176173237
day_3,Mild sunny day,0.2,82,20.5,7.3519,0.0,20.0,year_area100_07,2.5093395044990436
day_3,Mild sunny day,0.2,83,20.75,7.1731,0.0,20.0,year_area100_07,2.520312636460151
day_3,Mild sunny day,0.2,84,21.0,7.0,0.0,20.0,year_area100_07,2.5309359538117593
day_3,Mild sunny day,0.2,85,21.25,6.8333,0.0,20.0,year_area100_07,2.541166496864984
day_3,Mild sunny day,0.2,86,21.5,6.6737,0.0,20.0,year_area100_07,2.550961305930939
day_3,Mild sunny day,0.2,87,21.75,6.522,0.0,20.0,year_area100_07,2.5602712842223254
day_3,Mild sunny day,0.2,88,22.0,6.3787,0.0,20.0,year_area100_07,2.569065746247083
day_3,Mild sunny day,0.2,89,22.25,6.2445,0.0,20.0,year_area100_07,2.5773017323163256
day_3,Mild sunny day,0.2,90,22.5,6.1199,0.0,20.0,year_area100_07,2.584948556937992
day_3,Mild sunny day,0.2,91,22.75,6.0056,0.0,20.0,year_area100_07,2.591963260423196
day_3,Mild sunny day,0.2,92,23.0,5.9019,0.0,20.0,year_area100_07,2.5983274314767018
day_3,Mild sunny day,0.2,93,23.25,5.8094,0.0,20.0,year_area100_07,2.604004247508035
day_3,Mild sunny day,0.2,94,23.5,5.7284,0.0,20.0,year_area100_07,2.6089752972219595
day_3,Mild sunny day,0.2,95,23.75,5.6592,0.0,20.0,year_area100_07,2.6132221693232385
day_3,Mild sunny day,0.2,0,0.0,5.6022,0.0,20.0,year_area100_08,4.391366149496715
day_3,Mild sunny day,0.2,1,0.25,5.5576,0.0,20.0,year_area100_08,4.400218534661293
day_3,Mild sunny day,0.2,2,0.5,5.5257,0.0,20.0,year_area100_08,4.406550173377661
day_3,Mild sunny day,0.2,3,0.75,5.5064,0.0,20.0,year_area100_08,4.41038091404305
day_3,Mild sunny day,0.2,4,1.0,5.5,0.0,20.0,year_area100_08,4.41165121146577
day_3,Mild sunny day,0.2,5,1.25,5.5064,0.0,20.0,year_area100_08,4.41038091404305
day_3,Mild sunny day,0.2,6,1.5,5.5257,0.0,20.0,year_area100_08,4.406550173377661
day_3,Mild sunny day,0.2,7,1.75,5.5576,0.0,20.0,year_area100_08,4.400218534661293
day_3,Mild sunny day,0.2,8,2.0,5.6022,0.0,20.0,year_area100_08,4.391366149496715
day_3,Mild sunny day,0.2,9,2.25,5.6592,0.0,20.0,year_area100_08,4.380052563075618
day_3,Mild sunny day,0.2,10,2.5,5.7284,0.0,20.0,year_area100_08,4.366317472192462
day_3,Mild sunny day,0.2,11,2.75,5.8094,0.0,20.0,year_area100_08,4.350240270436166
day_3,Mild sunny day,0.2,12,3.0,5.9019,0.0,20.0,year_area100_08,4.331880502998421
day_3,Mild sunny day,0.2,13,3.25,6.0056,0.0,20.0,year_area100_08,4.311297715070916
day_3,Mild sunny day,0.2,14,3.5,6.1199,0.0,20.0,year_area100_08,4.288610997037033
day_3,Mild sunny day,0.2,15,3.75,6.2445,0.0,20.0,year_area100_08,4.2638798940884595
day_3,Mild sunny day,0.2,16,4.0,6.3787,0.0,20.0,year_area100_08,4.2372433450058065
day_3,Mild sunny day,0.2,17,4.25,6.522,0.0,20.0,year_area100_08,4.208800591775224
day_3,Mild sunny day,0.2,18,4.5,6.6737,0.0,20.0,year_area100_08,4.178690573177322
day_3,Mild sunny day,0.2,19,4.75,6.8333,0.0,20.0,year_area100_08,4.14701253119825
day_3,Mild sunny day,0.2,20,5.0,7.0,0.0,20.0,year_area100_08,4.113925253015849
day_3,Mild sunny day,0.2,21,5.25,7.1731,0.0,20.0,year_area100_08,4.079567677410728
day_3,Mild sunny day,0.2,22,5.5,7.3519,0.0,20.0,year_area100_08,4.044078743163498
day_3,Mild sunny day,0.2,23,5.75,7.5357,0.0,20.0,year_area100_08,4.007597389054768
day_3,Mild sunny day,0.2,24,6.0,7.7235,0.0,20.0,year_area100_08,3.9703220990568378
day_3,Mild sunny day,0.2,25,6.25,7.9147,0.0,20.0,year_area100_08,3.932371963553088
day_3,Mild sunny day,0.2,26,6.5,8.1084,0.0,20.0,year_area100_08,3.8939256181185877
day_3,Mild sunny day,0.2,27,6.75,8.3038,0.0,20.0,year_area100_08,3.8551418499311785
day_3,Mild sunny day,0.2,28,7.0,8.5,0.0,20.0,year_area100_08,3.816199294565929
day_3,Mild sunny day,0.2,29,7.25,8.6962,17.0048,20.0,year_area100_08,3.679755032933082
day_3,Mild sunny day,0.2,30,7.5,8.8916,33.9368,20.0,year_area100_08,3.5438869773372383
day_3,Mild sunny day,0.2,31,7.75,9.0853,50.7235,20.0,year_area100_08,3.4091894620799668
day_3,Mild sunny day,0.2,32,8.0,9.2765,67.293,20.0,year_area100_08,3.276233532800286
day_3,Mild sunny day,0.2,33,8.25,9.4643,83.5743,20.0,year_area100_08,3.145604923136461
day_3,Mild sunny day,0.2,34,8.5,9.6481,99.4977,20.0,year_area100_08,3.017822367626864
day_3,Mild sunny day,0.2,35,8.75,9.8269,114.9951,20.0,year_area100_08,2.8934748203579304
day_3,Mild sunny day,0.2,36,9.0,10.0,130.0,20.0,year_area100_08,2.7730825161835435
day_3,Mild sunny day,0.2,37,9.25,10.1667,144.4483,20.0,year_area100_08,2.6571519288962944
day_3,Mild sunny day,0.2,38,9.5,10.3263,158.278,20.0,year_area100_08,2.5461774913601456
day_3,Mild sunny day,0.2,39,9.75,10.478,171.4299,20.0,year_area100_08,2.440657430264784
day_3,Mild sunny day,0.2,40,10.0,10.6213,183.8478,20.0,year_area100_08,2.341013225781591
day_3,Mild sunny day,0.2,41,10.25,10.7555,195.4783,20.0,year_area100_08,2.2476900003049036
day_3,Mild sunny day,0.2,42,10.5,10.8801,206.2719,20.0,year_area100_08,2.161070817709999
day_3,Mild sunny day,0.2,43,10.75,10.9944,216.1821,20.0,year_area100_08,2.0815612373400016
day_3,Mild sunny day,0.2,44,11.0,11.0981,225.1666,20.0,year_area100_08,2.009463343091857
day_3,Mild sunny day,0.2,45,11.25,11.1906,233.1869,20.0,year_area100_08,1.9451169757071554
day_3,Mild sunny day,0.2,46,11.5,11.2716,240.2087,20.0,year_area100_08,1.8887783488785383
day_3,Mild sunny day,0.2,47,11.75,11.3408,246.2018,20.0,year_area100_08,1.8406801678189415
day_3,Mild sunny day,0.2,48,12.0,11.3978,251.1407,20.0,year_area100_08,1.8010480373935025
day_3,Mild sunny day,0.2,49,12.25,11.4424,255.0042,20.0,year_area100_08,1.770043210438086
day_3,Mild sunny day,0.2,50,12.5,11.4743,257.7757,20.0,year_area100_08,1.7478204128183115
day_3,Mild sunny day,0.2,51,12.75,11.4936,259.4433,20.0,year_area100_08,1.7344280280658497
day_3,Mild sunny day,0.2,52,13.0,11.5,260.0,20.0,year_area100_08,1.7299657378011581
day_3,Mild sunny day,0.2,53,13.25,11.4936,259.4433,20.0,year_area100_08,1.7344280280658497
day_3,Mild sunny day,0.2,54,13.5,11.4743,257.7757,20.0,year_area100_08,1.7478204128183115
day_3,Mild sunny day,0.2,55,13.75,11.4424,255.0042,20.0,year_area100_08,1.770043210438086
day_3,Mild sunny day,0.2,56,14.0,11.3978,251.1407,20.0,year_area100_08,1.8010480373935025
day_3,Mild sunny day,0.2,57,14.25,11.3408,246.2018,20.0,year_area100_08,1.8406801678189415
day_3,Mild sunny day,0.2,58,14.5,11.2716,240.2087,20.0,year_area100_08,1.8887783488785383
day_3,Mild sunny day,0.2,59,14.75,11.1906,233.1869,20.0,year_area100_08,1.9451169757071554
day_3,Mild sunny day,0.2,60,15.0,11.0981,225.1666,20.0,year_area100_08,2.009463343091857
day_3,Mild sunny day,0.2,61,15.25,10.9944,216.1821,20.0,year_area100_08,2.0815612373400016
day_3,Mild sunny day,0.2,62,15.5,10.8801,206.2719,20.0,year_area100_08,2.161070817709999
day_3,Mild sunny day,0.2,63,15.75,10.7555,195.4783,20.0,year_area100_08,2.2476900003049036
day_3,Mild sunny day,0.2,64,16.0,10.6213,183.8478,20.0,year_area100_08,2.341013225781591
day_3,Mild sunny day,0.2,65,16.25,10.478,171.4299,20.0,year_area100_08,2.440657430264784
day_3,Mild sunny day,0.2,66,16.5,10.3263,158.278,20.0,year_area100_08,2.5461774913601456
day_3,Mild sunny day,0.2,67,16.75,10.1667,144.4483,20.0,year_area100_08,2.6571519288962944
day_3,Mild sunny day,0.2,68,17.0,10.0,130.0,20.0,year_area100_08,2.7730825161835435
day_3,Mild sunny day,0.2,69,17.25,9.8269,114.9951,20.0,year_area100_08,2.8934748203579304
day_3,Mild sunny day,0.2,70,17.5,9.6481,99.4977,20.0,year_area100_08,3.017822367626864
day_3,Mild sunny day,0.2,71,17.75,9.4643,83.5743,20.0,year_area100_08,3.145604923136461
day_3,Mild sunny day,0.2,72,18.0,9.2765,67.293,20.0,year_area100_08,3.276233532800286
day_3,Mild sunny day,0.2,73,18.25,9.0853,50.7235,20.0,year_area100_08,3.4091894620799668
day_3,Mild sunny day,0.2,74,18.5,8.8916,33.9368,20.0,year_area100_08,3.5438869773372383
day_3,Mild sunny day,0.2,75,18.75,8.6962,17.0048,20.0,year_area100_08,3.679755032933082
day_3,Mild sunny day,0.2,76,19.0,8.5,0.0,20.0,year_area100_08,3.816199294565929
day_3,Mild sunny day,0.2,77,19.25,8.3038,0.0,20.0,year_area100_08,3.8551418499311785
day_3,Mild sunny day,0.2,78,19.5,8.1084,0.0,20.0,year_area100_08,3.8939256181185877
day_3,Mild sunny day,0.2,79,19.75,7.9147,0.0,20.0,year_area100_08,3.932371963553088
day_3,Mild sunny day,0.2,80,20.0,7.7235,0.0,20.0,year_area100_08,3.9703220990568378
day_3,Mild sunny day,0.2,81,20.25,7.5357,0.0,20.0,year_area100_08,4.007597389054768
day_3,Mild sunny day,0.2,82,20.5,7.3519,0.0,20.0,year_area100_08,4.044078743163498
day_3,Mild sunny day,0.2,83,20.75,7.1731,0.0,20.0,year_area100_08,4.079567677410728
day_3,Mild sunny day,0.2,84,21.0,7.0,0.0,20.0,year_area100_08,4.113925253015849
day_3,Mild sunny day,0.2,85,21.25,6.8333,0.0,20.0,year_area100_08,4.14701253119825
day_3,Mild sunny day,0.2,86,21.5,6.6737,0.0,20.0,year_area100_08,4.178690573177322
day_3,Mild sunny day,0.2,87,21.75,6.522,0.0,20.0,year_area100_08,4.208800591775224
day_3,Mild sunny day,0.2,88,22.0,6.3787,0.0,20.0,year_area100_08,4.2372433450058065
day_3,Mild sunny day,0.2,89,22.25,6.2445,0.0,20.0,year_area100_08,4.2638798940884595
day_3,Mild sunny day,0.2,90,22.5,6.1199,0.0,20.0,year_area100_08,4.288610997037033
day_3,Mild sunny day,0.2,91,22.75,6.0056,0.0,20.0,year_area100_08,4.311297715070916
day_3,Mild sunny day,0.2,92,23.0,5.9019,0.0,20.0,year_area100_08,4.331880502998421
day_3,Mild sunny day,0.2,93,23.25,5.8094,0.0,20.0,year_area100_08,4.350240270436166
day_3,Mild sunny day,0.2,94,23.5,5.7284,0.0,20.0,year_area100_08,4.366317472192462
day_3,Mild sunny day,0.2,95,23.75,5.6592,0.0,20.0,year_area100_08,4.380052563075618
day_3,Mild sunny day,0.2,0,0.0,5.6022,0.0,20.0,year_area140_01,3.3641641301323064
day_3,Mild sunny day,0.2,1,0.25,5.5576,0.0,20.0,year_area140_01,3.3686855164349403
day_3,Mild sunny day,0.2,2,0.5,5.5257,0.0,20.0,year_area140_01,3.371919422781443
day_3,Mild sunny day,0.2,3,0.75,5.5064,0.0,20.0,year_area140_01,3.3738759868092645
day_3,Mild sunny day,0.2,4,1.0,5.5,0.0,20.0,year_area140_01,3.374524795606055
day_3,Mild sunny day,0.2,5,1.25,5.5064,0.0,20.0,year_area140_01,3.3738759868092645
day_3,Mild sunny day,0.2,6,1.5,5.5257,0.0,20.0,year_area140_01,3.371919422781443
day_3,Mild sunny day,0.2,7,1.75,5.5576,0.0,20.0,year_area140_01,3.3686855164349403
day_3,Mild sunny day,0.2,8,2.0,5.6022,0.0,20.0,year_area140_01,3.3641641301323064
day_3,Mild sunny day,0.2,9,2.25,5.6592,0.0,20.0,year_area140_01,3.3583856767858906
day_3,Mild sunny day,0.2,10,2.5,5.7284,0.0,20.0,year_area140_01,3.3513704316705932
day_3,Mild sunny day,0.2,11,2.75,5.8094,0.0,20.0,year_area140_01,3.3431589453362136
day_3,Mild sunny day,0.2,12,3.0,5.9019,0.0,20.0,year_area140_01,3.3337816306951007
day_3,Mild sunny day,0.2,13,3.25,6.0056,0.0,20.0,year_area140_01,3.3232689006596043
day_3,Mild sunny day,0.2,14,3.5,6.1199,0.0,20.0,year_area140_01,3.3116815810544233
day_3,Mild sunny day,0.2,15,3.75,6.2445,0.0,20.0,year_area140_01,3.299050084791908
day_3,Mild sunny day,0.2,16,4.0,6.3787,0.0,20.0,year_area140_01,3.2854453753342074
day_3,Mild sunny day,0.2,17,4.25,6.522,0.0,20.0,year_area140_01,3.2709181408685697
day_3,Mild sunny day,0.2,18,4.5,6.6737,0.0,20.0,year_area140_01,3.2555393448571444
day_3,Mild sunny day,0.2,19,4.75,6.8333,0.0,20.0,year_area140_01,3.239359675487181
day_3,Mild sunny day,0.2,20,5.0,7.0,0.0,20.0,year_area140_01,3.2224602338582784
day_3,Mild sunny day,0.2,21,5.25,7.1731,0.0,20.0,year_area140_01,3.2049119834325848
day_3,Mild sunny day,0.2,22,5.5,7.3519,0.0,20.0,year_area140_01,3.18678588767225
day_3,Mild sunny day,0.2,23,5.75,7.5357,0.0,20.0,year_area140_01,3.168152910039422
day_3,Mild sunny day,0.2,24,6.0,7.7235,0.0,20.0,year_area140_01,3.1491144269086004
day_3,Mild sunny day,0.2,25,6.25,7.9147,0.0,20.0,year_area140_01,3.1297312641044837
day_3,Mild sunny day,0.2,26,6.5,8.1084,0.0,20.0,year_area140_01,3.110094660364121
day_3,Mild sunny day,0.2,27,6.75,8.3038,0.0,20.0,year_area140_01,3.0902857167871103
day_3,Mild sunny day,0.2,28,7.0,8.5,0.0,20.0,year_area140_01,3.070395672110501
day_3,Mild sunny day,0.2,29,7.25,8.6962,17.0048,20.0,year_area140_01,3.0482582073800657
day_3,Mild sunny day,0.2,30,7.5,8.8916,33.9368,20.0,year_area140_01,3.026211465278439
day_3,Mild sunny day,0.2,31,7.75,9.0853,50.7235,20.0,year_area140_01,3.0043562664227217
day_3,Mild sunny day,0.2,32,8.0,9.2765,67.293,20.0,year_area140_01,2.9827832144942477
day_3,Mild sunny day,0.2,33,8.25,9.4643,83.5743,20.0,year_area140_01,2.9615929318643217
day_3,Mild sunny day,0.2,34,8.5,9.6481,99.4977,20.0,year_area140_01,2.9408554561788796
day_3,Mild sunny day,0.2,35,8.75,9.8269,114.9951,20.0,year_area140_01,2.9206811641714743
day_3,Mild sunny day,0.2,36,9.0,10.0,130.0,20.0,year_area140_01,2.901149808201131
day_3,Mild sunny day,0.2,37,9.25,10.1667,144.4483,20.0,year_area140_01,2.8823408234336023
day_3,Mild sunny day,0.2,38,9.5,10.3263,158.278,20.0,year_area140_01,2.86433336749053
day_3,Mild sunny day,0.2,39,9.75,10.478,171.4299,20.0,year_area140_01,2.847216365572189
day_3,Mild sunny day,0.2,40,10.0,10.6213,183.8478,20.0,year_area140_01,2.831047933474917
day_3,Mild sunny day,0.2,41,10.25,10.7555,195.4783,20.0,year_area140_01,2.8159060922111356
day_3,Mild sunny day,0.2,42,10.5,10.8801,206.2719,20.0,year_area140_01,2.801848072079302
day_3,Mild sunny day,0.2,43,10.75,10.9944,216.1821,20.0,year_area140_01,2.788950982161184
day_3,Mild sunny day,0.2,44,11.0,11.0981,225.1666,20.0,year_area140_01,2.7772508259005275
day_3,Mild sunny day,0.2,45,11.25,11.1906,233.1869,20.0,year_area140_01,2.7668135174307484
day_3,Mild sunny day,0.2,46,11.5,11.2716,240.2087,20.0,year_area140_01,2.7576740028846896
day_3,Mild sunny day,0.2,47,11.75,11.3408,246.2018,20.0,year_area140_01,2.7498666865233563
day_3,Mild sunny day,0.2,48,12.0,11.3978,251.1407,20.0,year_area140_01,2.743435489075049
day_3,Mild sunny day,0.2,49,12.25,11.4424,255.0042,20.0,year_area140_01,2.7384034876885592
day_3,Mild sunny day,0.2,50,12.5,11.4743,257.7757,20.0,year_area140_01,2.734803289196358
day_3,Mild sunny day,0.2,51,12.75,11.4936,259.4433,20.0,year_area140_01,2.732626328710962
day_3,Mild sunny day,0.2,52,13.0,11.5,260.0,20.0,year_area140_01,2.7319039442917608
day_3,Mild sunny day,0.2,53,13.25,11.4936,259.4433,20.0,year_area140_01,2.732626328710962
day_3,Mild sunny day,0.2,54,13.5,11.4743,257.7757,20.0,year_area140_01,2.734803289196358
day_3,Mild sunny day,0.2,55,13.75,11.4424,255.0042,20.0,year_area140_01,2.7384034876885592
day_3,Mild sunny day,0.2,56,14.0,11.3978,251.1407,20.0,year_area140_01,2.743435489075049
day_3,Mild sunny day,0.2,57,14.25,11.3408,246.2018,20.0,year_area140_01,2.7498666865233563
day_3,Mild sunny day,0.2,58,14.5,11.2716,240.2087,20.0,year_area140_01,2.7576740028846896
day_3,Mild sunny day,0.2,59,14.75,11.1906,233.1869,20.0,year_area140_01,2.7668135174307484
day_3,Mild sunny day,0.2,60,15.0,11.0981,225.1666,20.0,year_area140_01,2.7772508259005275
day_3,Mild sunny day,0.2,61,15.25,10.9944,216.1821,20.0,year_area140_01,2.788950982161184
day_3,Mild sunny day,0.2,62,15.5,10.8801,206.2719,20.0,year_area140_01,2.801848072079302
day_3,Mild sunny day,0.2,63,15.75,10.7555,195.4783,20.0,year_area140_01,2.8159060922111356
day_3,Mild sunny day,0.2,64,16.0,10.6213,183.8478,20.0,year_area140_01,2.831047933474917
day_3,Mild sunny day,0.2,65,16.25,10.478,171.4299,20.0,year_area140_01,2.847216365572189
day_3,Mild sunny day,0.2,66,16.5,10.3263,158.278,20.0,year_area140_01,2.86433336749053
day_3,Mild sunny day,0.2,67,16.75,10.1667,144.4483,20.0,year_area140_01,2.8823408234336023
day_3,Mild sunny day,0.2,68,17.0,10.0,130.0,20.0,year_area140_01,2.901149808201131
day_3,Mild sunny day,0.2,69,17.25,9.8269,114.9951,20.0,year_area140_01,2.9206811641714743
day_3,Mild sunny day,0.2,70,17.5,9.6481,99.4977,20.0,year_area140_01,2.9408554561788796
day_3,Mild sunny day,0.2,71,17.75,9.4643,83.5743,20.0,year_area140_01,2.9615929318643217
day_3,Mild sunny day,0.2,72,18.0,9.2765,67.293,20.0,year_area140_01,2.9827832144942477
day_3,Mild sunny day,0.2,73,18.25,9.0853,50.7235,20.0,year_area140_01,3.0043562664227217
day_3,Mild sunny day,0.2,74,18.5,8.8916,33.9368,20.0,year_area140_01,3.026211465278439
day_3,Mild sunny day,0.2,75,18.75,8.6962,17.0048,20.0,year_area140_01,3.0482582073800657
day_3,Mild sunny day,0.2,76,19.0,8.5,0.0,20.0,year_area140_01,3.070395672110501
day_3,Mild sunny day,0.2,77,19.25,8.3038,0.0,20.0,year_area140_01,3.0902857167871103
day_3,Mild sunny day,0.2,78,19.5,8.1084,0.0,20.0,year_area140_01,3.110094660364121
day_3,Mild sunny day,0.2,79,19.75,7.9147,0.0,20.0,year_area140_01,3.1297312641044837
day_3,Mild sunny day,0.2,80,20.0,7.7235,0.0,20.0,year_area140_01,3.1491144269086004
day_3,Mild sunny day,0.2,81,20.25,7.5357,0.0,20.0,year_area140_01,3.168152910039422
day_3,Mild sunny day,0.2,82,20.5,7.3519,0.0,20.0,year_area140_01,3.18678588767225
day_3,Mild sunny day,0.2,83,20.75,7.1731,0.0,20.0,year_area140_01,3.2049119834325848
day_3,Mild sunny day,0.2,84,21.0,7.0,0.0,20.0,year_area140_01,3.2224602338582784
day_3,Mild sunny day,0.2,85,21.25,6.8333,0.0,20.0,year_area140_01,3.239359675487181
day_3,Mild sunny day,0.2,86,21.5,6.6737,0.0,20.0,year_area140_01,3.2555393448571444
day_3,Mild sunny day,0.2,87,21.75,6.522,0.0,20.0,year_area140_01,3.2709181408685697
day_3,Mild sunny day,0.2,88,22.0,6.3787,0.0,20.0,year_area140_01,3.2854453753342074
day_3,Mild sunny day,0.2,89,22.25,6.2445,0.0,20.0,year_area140_01,3.299050084791908
day_3,Mild sunny day,0.2,90,22.5,6.1199,0.0,20.0,year_area140_01,3.3116815810544233
day_3,Mild sunny day,0.2,91,22.75,6.0056,0.0,20.0,year_area140_01,3.3232689006596043
day_3,Mild sunny day,0.2,92,23.0,5.9019,0.0,20.0,year_area140_01,3.3337816306951007
day_3,Mild sunny day,0.2,93,23.25,5.8094,0.0,20.0,year_area140_01,3.3431589453362136
day_3,Mild sunny day,0.2,94,23.5,5.7284,0.0,20.0,year_area140_01,3.3513704316705932
day_3,Mild sunny day,0.2,95,23.75,5.6592,0.0,20.0,year_area140_01,3.3583856767858906
day_3,Mild sunny day,0.2,0,0.0,5.6022,0.0,20.0,year_area140_02,3.2620718389111962
day_3,Mild sunny day,0.2,1,0.25,5.5576,0.0,20.0,year_area140_02,3.266667135839348
day_3,Mild sunny day,0.2,2,0.5,5.5257,0.0,20.0,year_area140_02,3.2699539065121743
day_3,Mild sunny day,0.2,3,0.75,5.5064,0.0,20.0,year_area140_02,3.271942454286016
day_3,Mild sunny day,0.2,4,1.0,5.5,0.0,20.0,year_area140_02,3.27260186909185
day_3,Mild sunny day,0.2,5,1.25,5.5064,0.0,20.0,year_area140_02,3.271942454286016
day_3,Mild sunny day,0.2,6,1.5,5.5257,0.0,20.0,year_area140_02,3.2699539065121743
day_3,Mild sunny day,0.2,7,1.75,5.5576,0.0,20.0,year_area140_02,3.266667135839348
day_3,Mild sunny day,0.2,8,2.0,5.6022,0.0,20.0,year_area140_02,3.2620718389111962
day_3,Mild sunny day,0.2,9,2.25,5.6592,0.0,20.0,year_area140_02,3.2561989257967414
day_3,Mild sunny day,0.2,10,2.5,5.7284,0.0,20.0,year_area140_02,3.2490690032086667
day_3,Mild sunny day,0.2,11,2.75,5.8094,0.0,20.0,year_area140_02,3.240723284572337
day_3,Mild sunny day,0.2,12,3.0,5.9019,0.0,20.0,year_area140_02,3.2311926799567745
day_3,Mild sunny day,0.2,13,3.25,6.0056,0.0,20.0,year_area140_02,3.2205080994310036
day_3,Mild sunny day,0.2,14,3.5,6.1199,0.0,20.0,year_area140_02,3.2087313631330714
day_3,Mild sunny day,0.2,15,3.75,6.2445,0.0,20.0,year_area140_02,3.1958933811320005
day_3,Mild sunny day,0.2,16,4.0,6.3787,0.0,20.0,year_area140_02,3.1820662769221797
day_3,Mild sunny day,0.2,17,4.25,6.522,0.0,20.0,year_area140_02,3.167301567285314
day_3,Mild sunny day,0.2,18,4.5,6.6737,0.0,20.0,year_area140_02,3.151671375715792
day_3,Mild sunny day,0.2,19,4.75,6.8333,0.0,20.0,year_area140_02,3.135227218995319
day_3,Mild sunny day,0.2,20,5.0,7.0,0.0,20.0,year_area140_02,3.1180515239746254
day_3,Mild sunny day,0.2,21,5.25,7.1731,0.0,20.0,year_area140_02,3.1002164141480977
day_3,Mild sunny day,0.2,22,5.5,7.3519,0.0,20.0,year_area140_02,3.0817940130101245
day_3,Mild sunny day,0.2,23,5.75,7.5357,0.0,20.0,year_area140_02,3.062856444055094
day_3,Mild sunny day,0.2,24,6.0,7.7235,0.0,20.0,year_area140_02,3.043506740846418
day_3,Mild sunny day,0.2,25,6.25,7.9147,0.0,20.0,year_area140_02,3.023806723522142
day_3,Mild sunny day,0.2,26,6.5,8.1084,0.0,20.0,year_area140_02,3.0038491222893375
day_3,Mild sunny day,0.2,27,6.75,8.3038,0.0,20.0,year_area140_02,2.9837163639987336
day_3,Mild sunny day,0.2,28,7.0,8.5,0.0,20.0,year_area140_02,2.963501178857401
day_3,Mild sunny day,0.2,29,7.25,8.6962,17.0048,20.0,year_area140_02,2.8252532395847485
day_3,Mild sunny day,0.2,30,7.5,8.8916,33.9368,20.0,year_area140_02,2.6875930423973915
day_3,Mild sunny day,0.2,31,7.75,9.0853,50.7235,20.0,year_area140_02,2.551116550393968
day_3,Mild sunny day,0.2,32,8.0,9.2765,67.293,20.0,year_area140_02,2.4164052586307756
day_3,Mild sunny day,0.2,33,8.25,9.4643,83.5743,20.0,year_area140_02,2.2840447184914527
day_3,Mild sunny day,0.2,34,8.5,9.6481,99.4977,20.0,year_area140_02,2.1545805478042843
day_3,Mild sunny day,0.2,35,8.75,9.8269,114.9951,20.0,year_area140_02,2.0285884719935883
day_3,Mild sunny day,0.2,36,9.0,10.0,130.0,20.0,year_area140_02,1.9066022005853285
day_3,Mild sunny day,0.2,37,9.25,10.1667,144.4483,20.0,year_area140_02,1.7891387843614714
day_3,Mild sunny day,0.2,38,9.5,10.3263,158.278,20.0,year_area140_02,1.6767006977029864
day_3,Mild sunny day,0.2,39,9.75,10.478,171.4299,20.0,year_area140_02,1.5697812831458549
day_3,Mild sunny day,0.2,40,10.0,10.6213,183.8478,20.0,year_area140_02,1.4688221497270386
day_3,Mild sunny day,0.2,41,10.25,10.7555,195.4783,20.0,year_area140_02,1.3742660779948526
day_3,Mild sunny day,0.2,42,10.5,10.8801,206.2719,20.0,year_area140_02,1.286508171325934
day_3,Mild sunny day,0.2,43,10.75,10.9944,216.1821,20.0,year_area140_02,1.205943316379608
day_3,Mild sunny day,0.2,44,11.0,11.0981,225.1666,20.0,year_area140_02,1.1328960335878393
day_3,Mild sunny day,0.2,45,11.25,11.1906,233.1869,20.0,year_area140_02,1.0676953771069555
day_3,Mild sunny day,0.2,46,11.5,11.2716,240.2087,20.0,year_area140_02,1.010610338222266
day_3,Mild sunny day,0.2,47,11.75,11.3408,246.2018,20.0,year_area140_02,0.9618814495314199
day_3,Mild sunny day,0.2,48,12.0,11.3978,251.1407,20.0,year_area140_02,0.9217269236147458
day_3,Mild sunny day,0.2,49,12.25,11.4424,255.0042,20.0,year_area140_02,0.8903145194235653
day_3,Mild sunny day,0.2,50,12.5,11.4743,257.7757,20.0,year_area140_02,0.8677903700062108
day_3,Mild sunny day,0.2,51,12.75,11.4936,259.4433,20.0,year_area140_02,0.8542267716119918
day_3,Mild sunny day,0.2,52,13.0,11.5,260.0,20.0,year_area140_02,0.8497032223132561
day_3,Mild sunny day,0.2,53,13.25,11.4936,259.4433,20.0,year_area140_02,0.8542267716119918
day_3,Mild sunny day,0.2,54,13.5,11.4743,257.7757,20.0,year_area140_02,0.8677903700062108
day_3,Mild sunny day,0.2,55,13.75,11.4424,255.0042,20.0,year_area140_02,0.8903145194235653
day_3,Mild sunny day,0.2,56,14.0,11.3978,251.1407,20.0,year_area140_02,0.9217269236147458
day_3,Mild sunny day,0.2,57,14.25,11.3408,246.2018,20.0,year_area140_02,0.9618814495314199
day_3,Mild sunny day,0.2,58,14.5,11.2716,240.2087,20.0,year_area140_02,1.010610338222266
day_3,Mild sunny day,0.2,59,14.75,11.1906,233.1869,20.0,year_area140_02,1.0676953771069555
day_3,Mild sunny day,0.2,60,15.0,11.0981,225.1666,20.0,year_area140_02,1.1328960335878393
day_3,Mild sunny day,0.2,61,15.25,10.9944,216.1821,20.0,year_area140_02,1.205943316379608
day_3,Mild sunny day,0.2,62,15.5,10.8801,206.2719,20.0,year_area140_02,1.286508171325934
day_3,Mild sunny day,0.2,63,15.75,10.7555,195.4783,20.0,year_area140_02,1.3742660779948526
day_3,Mild sunny day,0.2,64,16.0,10.6213,183.8478,20.0,year_area140_02,1.4688221497270386
day_3,Mild sunny day,0.2,65,16.25,10.478,171.4299,20.0,year_area140_02,1.5697812831458549
day_3,Mild sunny day,0.2,66,16.5,10.3263,158.278,20.0,year_area140_02,1.6767006977029864
day_3,Mild sunny day,0.2,67,16.75,10.1667,144.4483,20.0,year_area140_02,1.7891387843614714
day_3,Mild sunny day,0.2,68,17.0,10.0,130.0,20.0,year_area140_02,1.9066022005853285
day_3,Mild sunny day,0.2,69,17.25,9.8269,114.9951,20.0,year_area140_02,2.0285884719935883
day_3,Mild sunny day,0.2,70,17.5,9.6481,99.4977,20.0,year_area140_02,2.1545805478042843
day_3,Mild sunny day,0.2,71,17.75,9.4643,83.5743,20.0,year_area140_02,2.2840447184914527
day_3,Mild sunny day,0.2,72,18.0,9.2765,67.293,20.0,year_area140_02,2.4164052586307756
day_3,Mild sunny day,0.2,73,18.25,9.0853,50.7235,20.0,year_area140_02,2.551116550393968
day_3,Mild sunny day,0.2,74,18.5,8.8916,33.9368,20.0,year_area140_02,2.6875930423973915
day_3,Mild sunny day,0.2,75,18.75,8.6962,17.0048,20.0,year_area140_02,2.8252532395847485
day_3,Mild sunny day,0.2,76,19.0,8.5,0.0,20.0,year_area140_02,2.963501178857401
day_3,Mild sunny day,0.2,77,19.25,8.3038,0.0,20.0,year_area140_02,2.9837163639987336
day_3,Mild sunny day,0.2,78,19.5,8.1084,0.0,20.0,year_area140_02,3.0038491222893375
day_3,Mild sunny day,0.2,79,19.75,7.9147,0.0,20.0,year_area140_02,3.023806723522142
day_3,Mild sunny day,0.2,80,20.0,7.7235,0.0,20.0,year_area140_02,3.043506740846418
day_3,Mild sunny day,0.2,81,20.25,7.5357,0.0,20.0,year_area140_02,3.062856444055094
day_3,Mild sunny day,0.2,82,20.5,7.3519,0.0,20.0,year_area140_02,3.0817940130101245
day_3,Mild sunny day,0.2,83,20.75,7.1731,0.0,20.0,year_area140_02,3.1002164141480977
day_3,Mild sunny day,0.2,84,21.0,7.0,0.0,20.0,year_area140_02,3.1180515239746254
day_3,Mild sunny day,0.2,85,21.25,6.8333,0.0,20.0,year_area140_02,3.135227218995319
day_3,Mild sunny day,0.2,86,21.5,6.6737,0.0,20.0,year_area140_02,3.151671375715792
day_3,Mild sunny day,0.2,87,21.75,6.522,0.0,20.0,year_area140_02,3.167301567285314
day_3,Mild sunny day,0.2,88,22.0,6.3787,0.0,20.0,year_area140_02,3.1820662769221797
day_3,Mild sunny day,0.2,89,22.25,6.2445,0.0,20.0,year_area140_02,3.1958933811320005
day_3,Mild sunny day,0.2,90,22.5,6.1199,0.0,20.0,year_area140_02,3.2087313631330714
day_3,Mild sunny day,0.2,91,22.75,6.0056,0.0,20.0,year_area140_02,3.2205080994310036
day_3,Mild sunny day,0.2,92,23.0,5.9019,0.0,20.0,year_area140_02,3.2311926799567745
day_3,Mild sunny day,0.2,93,23.25,5.8094,0.0,20.0,year_area140_02,3.240723284572337
day_3,Mild sunny day,0.2,94,23.5,5.7284,0.0,20.0,year_area140_02,3.2490690032086667
day_3,Mild sunny day,0.2,95,23.75,5.6592,0.0,20.0,year_area140_02,3.2561989257967414
day_3,Mild sunny day,0.2,0,0.0,5.6022,0.0,20.0,year_area140_03,2.9495881786339018
day_3,Mild sunny day,0.2,1,0.25,5.5576,0.0,20.0,year_area140_03,2.9596186540480938
day_3,Mild sunny day,0.2,2,0.5,5.5257,0.0,20.0,year_area140_03,2.9667929178533123
day_3,Mild sunny day,0.2,3,0.75,5.5064,0.0,20.0,year_area140_03,2.9711334599047454
day_3,Mild sunny day,0.2,4,1.0,5.5,0.0,20.0,year_area140_03,2.9725728106368265
day_3,Mild sunny day,0.2,5,1.25,5.5064,0.0,20.0,year_area140_03,2.9711334599047454
day_3,Mild sunny day,0.2,6,1.5,5.5257,0.0,20.0,year_area140_03,2.9667929178533123
day_3,Mild sunny day,0.2,7,1.75,5.5576,0.0,20.0,year_area140_03,2.9596186540480938
day_3,Mild sunny day,0.2,8,2.0,5.6022,0.0,20.0,year_area140_03,2.9495881786339018
day_3,Mild sunny day,0.2,9,2.25,5.6592,0.0,20.0,year_area140_03,2.936768961176301
day_3,Mild sunny day,0.2,10,2.5,5.7284,0.0,20.0,year_area140_03,2.921205981385671
day_3,Mild sunny day,0.2,11,2.75,5.8094,0.0,20.0,year_area140_03,2.902989198682766
day_3,Mild sunny day,0.2,12,3.0,5.9019,0.0,20.0,year_area140_03,2.882186082633151
day_3,Mild sunny day,0.2,13,3.25,6.0056,0.0,20.0,year_area140_03,2.8588641028023947
day_3,Mild sunny day,0.2,14,3.5,6.1199,0.0,20.0,year_area140_03,2.8331581983216285
day_3,Mild sunny day,0.2,15,3.75,6.2445,0.0,20.0,year_area140_03,2.805135838756418
day_3,Mild sunny day,0.2,16,4.0,6.3787,0.0,20.0,year_area140_03,2.7749544530930867
day_3,Mild sunny day,0.2,17,4.25,6.522,0.0,20.0,year_area140_03,2.742726490607576
day_3,Mild sunny day,0.2,18,4.5,6.6737,0.0,20.0,year_area140_03,2.708609380286209
day_3,Mild sunny day,0.2,19,4.75,6.8333,0.0,20.0,year_area140_03,2.672715571404929
day_3,Mild sunny day,0.2,20,5.0,7.0,0.0,20.0,year_area140_03,2.635224982805246
day_3,Mild sunny day,0.2,21,5.25,7.1731,0.0,20.0,year_area140_03,2.5962950434734813
day_3,Mild sunny day,0.2,22,5.5,7.3519,0.0,20.0,year_area140_03,2.556083182395957
day_3,Mild sunny day,0.2,23,5.75,7.5357,0.0,20.0,year_area140_03,2.5147468285589936
day_3,Mild sunny day,0.2,24,6.0,7.7235,0.0,20.0,year_area140_03,2.4725108805144798
day_3,Mild sunny day,0.2,25,6.25,7.9147,0.0,20.0,year_area140_03,2.4295102773935477
day_3,Mild sunny day,0.2,26,6.5,8.1084,0.0,20.0,year_area140_03,2.385947427892896
day_3,Mild sunny day,0.2,27,6.75,8.3038,0.0,20.0,year_area140_03,2.3420022508540352
day_3,Mild sunny day,0.2,28,7.0,8.5,0.0,20.0,year_area140_03,2.2978771549736647
day_3,Mild sunny day,0.2,29,7.25,8.6962,17.0048,20.0,year_area140_03,2.1687312720171477
day_3,Mild sunny day,0.2,30,7.5,8.8916,33.9368,20.0,year_area140_03,2.0401292941471505
day_3,Mild sunny day,0.2,31,7.75,9.0853,50.7235,20.0,year_area140_03,1.912636116362065
day_3,Mild sunny day,0.2,32,8.0,9.2765,67.293,20.0,year_area140_03,1.7867911439184587
day_3,Mild sunny day,0.2,33,8.25,9.4643,83.5743,20.0,year_area140_03,1.6631517720981368
day_3,Mild sunny day,0.2,34,8.5,9.6481,99.4977,20.0,year_area140_03,1.542201426862962
day_3,Mild sunny day,0.2,35,8.75,9.8269,114.9951,20.0,year_area140_03,1.4245054938978605
day_3,Mild sunny day,0.2,36,9.0,10.0,130.0,20.0,year_area140_03,1.3105538896244993
day_3,Mild sunny day,0.2,37,9.25,10.1667,144.4483,20.0,year_area140_03,1.2008245309180057
day_3,Mild sunny day,0.2,38,9.5,10.3263,158.278,20.0,year_area140_03,1.095784835050288
day_3,Mild sunny day,0.2,39,9.75,10.478,171.4299,20.0,year_area140_03,0.9959107096774777
day_3,Mild sunny day,0.2,40,10.0,10.6213,183.8478,20.0,year_area140_03,0.9015955934569706
day_3,Mild sunny day,0.2,41,10.25,10.7555,195.4783,20.0,year_area140_03,0.8132639052855748
day_3,Mild sunny day,0.2,42,10.5,10.8801,206.2719,20.0,year_area140_03,0.7312755850865966
day_3,Mild sunny day,0.2,43,10.75,10.9944,216.1821,20.0,year_area140_03,0.6560205530605474
day_3,Mild sunny day,0.2,44,11.0,11.0981,225.1666,20.0,year_area140_03,0.587777770780739
day_3,Mild sunny day,0.2,45,11.25,11.1906,233.1869,20.0,year_area140_03,0.5268746701040303
day_3,Mild sunny day,0.2,46,11.5,11.2716,240.2087,20.0,year_area140_03,0.47355021411527143
day_3,Mild sunny day,0.2,47,11.75,11.3408,246.2018,20.0,year_area140_03,0.4280228666739745
day_3,Mild sunny day,0.2,48,12.0,11.3978,251.1407,20.0,year_area140_03,0.39051008238286977
day_3,Mild sunny day,0.2,49,12.25,11.4424,255.0042,20.0,year_area140_03,0.36116283694676077
day_3,Mild sunny day,0.2,50,12.5,11.4743,257.7757,20.0,year_area140_03,0.34013159679477356
day_3,Mild sunny day,0.2,51,12.75,11.4936,259.4433,20.0,year_area140_03,0.32745336982330664
day_3,Mild sunny day,0.2,52,13.0,11.5,260.0,20.0,year_area140_03,0.3232306242753329
day_3,Mild sunny day,0.2,53,13.25,11.4936,259.4433,20.0,year_area140_03,0.32745336982330664
day_3,Mild sunny day,0.2,54,13.5,11.4743,257.7757,20.0,year_area140_03,0.34013159679477356
day_3,Mild sunny day,0.2,55,13.75,11.4424,255.0042,20.0,year_area140_03,0.36116283694676077
day_3,Mild sunny day,0.2,56,14.0,11.3978,251.1407,20.0,year_area140_03,0.39051008238286977
day_3,Mild sunny day,0.2,57,14.25,11.3408,246.2018,20.0,year_area140_03,0.4280228666739745
day_3,Mild sunny day,0.2,58,14.5,11.2716,240.2087,20.0,year_area140_03,0.47355021411527143
day_3,Mild sunny day,0.2,59,14.75,11.1906,233.1869,20.0,year_area140_03,0.5268746701040303
day_3,Mild sunny day,0.2,60,15.0,11.0981,225.1666,20.0,year_area140_03,0.587777770780739
day_3,Mild sunny day,0.2,61,15.25,10.9944,216.1821,20.0,year_area140_03,0.6560205530605474
day_3,Mild sunny day,0.2,62,15.5,10.8801,206.2719,20.0,year_area140_03,0.7312755850865966
day_3,Mild sunny day,0.2,63,15.75,10.7555,195.4783,20.0,year_area140_03,0.8132639052855748
day_3,Mild sunny day,0.2,64,16.0,10.6213,183.8478,20.0,year_area140_03,0.9015955934569706
day_3,Mild sunny day,0.2,65,16.25,10.478,171.4299,20.0,year_area140_03,0.9959107096774777
day_3,Mild sunny day,0.2,66,16.5,10.3263,158.278,20.0,year_area140_03,1.095784835050288
day_3,Mild sunny day,0.2,67,16.75,10.1667,144.4483,20.0,year_area140_03,1.2008245309180057
day_3,Mild sunny day,0.2,68,17.0,10.0,130.0,20.0,year_area140_03,1.3105538896244993
day_3,Mild sunny day,0.2,69,17.25,9.8269,114.9951,20.0,year_area140_03,1.4245054938978605
day_3,Mild sunny day,0.2,70,17.5,9.6481,99.4977,20.0,year_area140_03,1.542201426862962
day_3,Mild sunny day,0.2,71,17.75,9.4643,83.5743,20.0,year_area140_03,1.6631517720981368
day_3,Mild sunny day,0.2,72,18.0,9.2765,67.293,20.0,year_area140_03,1.7867911439184587
day_3,Mild sunny day,0.2,73,18.25,9.0853,50.7235,20.0,year_area140_03,1.912636116362065
day_3,Mild sunny day,0.2,74,18.5,8.8916,33.9368,20.0,year_area140_03,2.0401292941471505
day_3,Mild sunny day,0.2,75,18.75,8.6962,17.0048,20.0,year_area140_03,2.1687312720171477
day_3,Mild sunny day,0.2,76,19.0,8.5,0.0,20.0,year_area140_03,2.2978771549736647
day_3,Mild sunny day,0.2,77,19.25,8.3038,0.0,20.0,year_area140_03,2.3420022508540352
day_3,Mild sunny day,0.2,78,19.5,8.1084,0.0,20.0,year_area140_03,2.385947427892896
day_3,Mild sunny day,0.2,79,19.75,7.9147,0.0,20.0,year_area140_03,2.4295102773935477
day_3,Mild sunny day,0.2,80,20.0,7.7235,0.0,20.0,year_area140_03,2.4725108805144798
day_3,Mild sunny day,0.2,81,20.25,7.5357,0.0,20.0,year_area140_03,2.5147468285589936
day_3,Mild sunny day,0.2,82,20.5,7.3519,0.0,20.0,year_area140_03,2.556083182395957
day_3,Mild sunny day,0.2,83,20.75,7.1731,0.0,20.0,year_area140_03,2.5962950434734813
day_3,Mild sunny day,0.2,84,21.0,7.0,0.0,20.0,year_area140_03,2.635224982805246
day_3,Mild sunny day,0.2,85,21.25,6.8333,0.0,20.0,year_area140_03,2.672715571404929
day_3,Mild sunny day,0.2,86,21.5,6.6737,0.0,20.0,year_area140_03,2.708609380286209
day_3,Mild sunny day,0.2,87,21.75,6.522,0.0,20.0,year_area140_03,2.742726490607576
day_3,Mild sunny day,0.2,88,22.0,6.3787,0.0,20.0,year_area140_03,2.7749544530930867
day_3,Mild sunny day,0.2,89,22.25,6.2445,0.0,20.0,year_area140_03,2.805135838756418
day_3,Mild sunny day,0.2,90,22.5,6.1199,0.0,20.0,year_area140_03,2.8331581983216285
day_3,Mild sunny day,0.2,91,22.75,6.0056,0.0,20.0,year_area140_03,2.8588641028023947
day_3,Mild sunny day,0.2,92,23.0,5.9019,0.0,20.0,year_area140_03,2.882186082633151
day_3,Mild sunny day,0.2,93,23.25,5.8094,0.0,20.0,year_area140_03,2.902989198682766
day_3,Mild sunny day,0.2,94,23.5,5.7284,0.0,20.0,year_area140_03,2.921205981385671
day_3,Mild sunny day,0.2,95,23.75,5.6592,0.0,20.0,year_area140_03,2.936768961176301
day_3,Mild sunny day,0.2,0,0.0,5.6022,0.0,20.0,year_area140_04,5.149457793107268
day_3,Mild sunny day,0.2,1,0.25,5.5576,0.0,20.0,year_area140_04,5.164129737924416
day_3,Mild sunny day,0.2,2,0.5,5.5257,0.0,20.0,year_area140_04,5.174623797109775
day_3,Mild sunny day,0.2,3,0.75,5.5064,0.0,20.0,year_area140_04,5.180972867400604
day_3,Mild sunny day,0.2,4,1.0,5.5,0.0,20.0,year_area140_04,5.183078258585128
day_3,Mild sunny day,0.2,5,1.25,5.5064,0.0,20.0,year_area140_04,5.180972867400604
day_3,Mild sunny day,0.2,6,1.5,5.5257,0.0,20.0,year_area140_04,5.174623797109775
day_3,Mild sunny day,0.2,7,1.75,5.5576,0.0,20.0,year_area140_04,5.164129737924416
day_3,Mild sunny day,0.2,8,2.0,5.6022,0.0,20.0,year_area140_04,5.149457793107268
day_3,Mild sunny day,0.2,9,2.25,5.6592,0.0,20.0,year_area140_04,5.130706652870105
day_3,Mild sunny day,0.2,10,2.5,5.7284,0.0,20.0,year_area140_04,5.107942110687444
day_3,Mild sunny day,0.2,11,2.75,5.8094,0.0,20.0,year_area140_04,5.081295753508318
day_3,Mild sunny day,0.2,12,3.0,5.9019,0.0,20.0,year_area140_04,5.050866271544502
day_3,Mild sunny day,0.2,13,3.25,6.0056,0.0,20.0,year_area140_04,5.016752355007768
day_3,Mild sunny day,0.2,14,3.5,6.1199,0.0,20.0,year_area140_04,4.979151384321669
day_3,Mild sunny day,0.2,15,3.75,6.2445,0.0,20.0,year_area140_04,4.938162049697977
day_3,Mild sunny day,0.2,16,4.0,6.3787,0.0,20.0,year_area140_04,4.894014628297499
day_3,Mild sunny day,0.2,17,4.25,6.522,0.0,20.0,year_area140_04,4.846873603806527
day_3,Mild sunny day,0.2,18,4.5,6.6737,0.0,20.0,year_area140_04,4.796969253385868
day_3,Mild sunny day,0.2,19,4.75,6.8333,0.0,20.0,year_area140_04,4.744466060721812
day_3,Mild sunny day,0.2,20,5.0,7.0,0.0,20.0,year_area140_04,4.689627199712426
day_3,Mild sunny day,0.2,21,5.25,7.1731,0.0,20.0,year_area140_04,4.632682947518516
day_3,Mild sunny day,0.2,22,5.5,7.3519,0.0,20.0,year_area140_04,4.57386358130089
day_3,Mild sunny day,0.2,23,5.75,7.5357,0.0,20.0,year_area140_04,4.513399378220355
day_3,Mild sunny day,0.2,24,6.0,7.7235,0.0,20.0,year_area140_04,4.451619305649493
day_3,Mild sunny day,0.2,25,6.25,7.9147,0.0,20.0,year_area140_04,4.388720744011852
day_3,Mild sunny day,0.2,26,6.5,8.1084,0.0,20.0,year_area140_04,4.324999763942758
day_3,Mild sunny day,0.2,27,6.75,8.3038,0.0,20.0,year_area140_04,4.260719539340274
day_3,Mild sunny day,0.2,28,7.0,8.5,0.0,20.0,year_area140_04,4.196176140839724
day_3,Mild sunny day,0.2,29,7.25,8.6962,17.0048,20.0,year_area140_04,4.108517700858819
day_3,Mild sunny day,0.2,30,7.5,8.8916,33.9368,20.0,year_area140_04,4.021221393600532
day_3,Mild sunny day,0.2,31,7.75,9.0853,50.7235,20.0,year_area140_04,3.934681840727388
day_3,Mild sunny day,0.2,32,8.0,9.2765,67.293,20.0,year_area140_04,3.8492599515699437
day_3,Mild sunny day,0.2,33,8.25,9.4643,83.5743,20.0,year_area140_04,3.765348308803953
day_3,Mild sunny day,0.2,34,8.5,9.6481,99.4977,20.0,year_area140_04,3.683239037771528
day_3,Mild sunny day,0.2,35,8.75,9.8269,114.9951,20.0,year_area140_04,3.6033536758445917
day_3,Mild sunny day,0.2,36,9.0,10.0,130.0,20.0,year_area140_04,3.526012895264074
day_3,Mild sunny day,0.2,37,9.25,10.1667,144.4483,20.0,year_area140_04,3.4515341058920703
day_3,Mild sunny day,0.2,38,9.5,10.3263,158.278,20.0,year_area140_04,3.3802318630092016
day_3,Mild sunny day,0.2,39,9.75,10.478,171.4299,20.0,year_area140_04,3.3124498125247075
day_3,Mild sunny day,0.2,40,10.0,10.6213,183.8478,20.0,year_area140_04,3.248428832162516
day_3,Mild sunny day,0.2,41,10.25,10.7555,195.4783,20.0,year_area140_04,3.1884717870124333
day_3,Mild sunny day,0.2,42,10.5,10.8801,206.2719,20.0,year_area140_04,3.132810447324149
day_3,Mild sunny day,0.2,43,10.75,10.9944,216.1821,20.0,year_area140_04,3.081738298848329
day_3,Mild sunny day,0.2,44,11.0,11.0981,225.1666,20.0,year_area140_04,3.035411531223653
day_3,Mild sunny day,0.2,45,11.25,11.1906,233.1869,20.0,year_area140_04,2.9940798588674236
day_3,Mild sunny day,0.2,46,11.5,11.2716,240.2087,20.0,year_area140_04,2.9578885968222153
day_3,Mild sunny day,0.2,47,11.75,11.3408,246.2018,20.0,year_area140_04,2.926977486900097
day_3,Mild sunny day,0.2,48,12.0,11.3978,251.1407,20.0,year_area140_04,2.901512778825187
day_3,Mild sunny day,0.2,49,12.25,11.4424,255.0042,20.0,year_area140_04,2.8815890837516784
day_3,Mild sunny day,0.2,50,12.5,11.4743,257.7757,20.0,year_area140_04,2.8673276566782633
day_3,Mild sunny day,0.2,51,12.75,11.4936,259.4433,20.0,year_area140_04,2.8587117768293893
day_3,Mild sunny day,0.2,52,13.0,11.5,260.0,20.0,year_area140_04,2.855849649688423
day_3,Mild sunny day,0.2,53,13.25,11.4936,259.4433,20.0,year_area140_04,2.8587117768293893
day_3,Mild sunny day,0.2,54,13.5,11.4743,257.7757,20.0,year_area140_04,2.8673276566782633
day_3,Mild sunny day,0.2,55,13.75,11.4424,255.0042,20.0,year_area140_04,2.8815890837516784
day_3,Mild sunny day,0.2,56,14.0,11.3978,251.1407,20.0,year_area140_04,2.901512778825187
day_3,Mild sunny day,0.2,57,14.25,11.3408,246.2018,20.0,year_area140_04,2.926977486900097
day_3,Mild sunny day,0.2,58,14.5,11.2716,240.2087,20.0,year_area140_04,2.9578885968222153
day_3,Mild sunny day,0.2,59,14.75,11.1906,233.1869,20.0,year_area140_04,2.9940798588674236
day_3,Mild sunny day,0.2,60,15.0,11.0981,225.1666,20.0,year_area140_04,3.035411531223653
day_3,Mild sunny day,0.2,61,15.25,10.9944,216.1821,20.0,year_area140_04,3.081738298848329
day_3,Mild sunny day,0.2,62,15.5,10.8801,206.2719,20.0,year_area140_04,3.132810447324149
day_3,Mild sunny day,0.2,63,15.75,10.7555,195.4783,20.0,year_area140_04,3.1884717870124333
day_3,Mild sunny day,0.2,64,16.0,10.6213,183.8478,20.0,year_area140_04,3.248428832162516
day_3,Mild sunny day,0.2,65,16.25,10.478,171.4299,20.0,year_area140_04,3.3124498125247075
day_3,Mild sunny day,0.2,66,16.5,10.3263,158.278,20.0,year_area140_04,3.3802318630092016
day_3,Mild sunny day,0.2,67,16.75,10.1667,144.4483,20.0,year_area140_04,3.4515341058920703
day_3,Mild sunny day,0.2,68,17.0,10.0,130.0,20.0,year_area140_04,3.526012895264074
day_3,Mild sunny day,0.2,69,17.25,9.8269,114.9951,20.0,year_area140_04,3.6033536758445917
day_3,Mild sunny day,0.2,70,17.5,9.6481,99.4977,20.0,year_area140_04,3.683239037771528
day_3,Mild sunny day,0.2,71,17.75,9.4643,83.5743,20.0,year_area140_04,3.765348308803953
day_3,Mild sunny day,0.2,72,18.0,9.2765,67.293,20.0,year_area140_04,3.8492599515699437
day_3,Mild sunny day,0.2,73,18.25,9.0853,50.7235,20.0,year_area140_04,3.934681840727388
day_3,Mild sunny day,0.2,74,18.5,8.8916,33.9368,20.0,year_area140_04,4.021221393600532
day_3,Mild sunny day,0.2,75,18.75,8.6962,17.0048,20.0,year_area140_04,4.108517700858819
day_3,Mild sunny day,0.2,76,19.0,8.5,0.0,20.0,year_area140_04,4.196176140839724
day_3,Mild sunny day,0.2,77,19.25,8.3038,0.0,20.0,year_area140_04,4.260719539340274
day_3,Mild sunny day,0.2,78,19.5,8.1084,0.0,20.0,year_area140_04,4.324999763942758
day_3,Mild sunny day,0.2,79,19.75,7.9147,0.0,20.0,year_area140_04,4.388720744011852
day_3,Mild sunny day,0.2,80,20.0,7.7235,0.0,20.0,year_area140_04,4.451619305649493
day_3,Mild sunny day,0.2,81,20.25,7.5357,0.0,20.0,year_area140_04,4.513399378220355
day_3,Mild sunny day,0.2,82,20.5,7.3519,0.0,20.0,year_area140_04,4.57386358130089
day_3,Mild sunny day,0.2,83,20.75,7.1731,0.0,20.0,year_area140_04,4.632682947518516
day_3,Mild sunny day,0.2,84,21.0,7.0,0.0,20.0,year_area140_04,4.689627199712426
day_3,Mild sunny day,0.2,85,21.25,6.8333,0.0,20.0,year_area140_04,4.744466060721812
day_3,Mild sunny day,0.2,86,21.5,6.6737,0.0,20.0,year_area140_04,4.796969253385868
day_3,Mild sunny day,0.2,87,21.75,6.522,0.0,20.0,year_area140_04,4.846873603806527
day_3,Mild sunny day,0.2,88,22.0,6.3787,0.0,20.0,year_area140_04,4.894014628297499
day_3,Mild sunny day,0.2,89,22.25,6.2445,0.0,20.0,year_area140_04,4.938162049697977
day_3,Mild sunny day,0.2,90,22.5,6.1199,0.0,20.0,year_area140_04,4.979151384321669
day_3,Mild sunny day,0.2,91,22.75,6.0056,0.0,20.0,year_area140_04,5.016752355007768
day_3,Mild sunny day,0.2,92,23.0,5.9019,0.0,20.0,year_area140_04,5.050866271544502
day_3,Mild sunny day,0.2,93,23.25,5.8094,0.0,20.0,year_area140_04,5.081295753508318
day_3,Mild sunny day,0.2,94,23.5,5.7284,0.0,20.0,year_area140_04,5.107942110687444
day_3,Mild sunny day,0.2,95,23.75,5.6592,0.0,20.0,year_area140_04,5.130706652870105
day_3,Mild sunny day,0.2,0,0.0,5.6022,0.0,20.0,year_area140_05,4.718555585355252
day_3,Mild sunny day,0.2,1,0.25,5.5576,0.0,20.0,year_area140_05,4.733455307589015
day_3,Mild sunny day,0.2,2,0.5,5.5257,0.0,20.0,year_area140_05,4.74411228380554
day_3,Mild sunny day,0.2,3,0.75,5.5064,0.0,20.0,year_area140_05,4.750559921453784
day_3,Mild sunny day,0.2,4,1.0,5.5,0.0,20.0,year_area140_05,4.75269799818688
day_3,Mild sunny day,0.2,5,1.25,5.5064,0.0,20.0,year_area140_05,4.750559921453784
day_3,Mild sunny day,0.2,6,1.5,5.5257,0.0,20.0,year_area140_05,4.74411228380554
day_3,Mild sunny day,0.2,7,1.75,5.5576,0.0,20.0,year_area140_05,4.733455307589015
day_3,Mild sunny day,0.2,8,2.0,5.6022,0.0,20.0,year_area140_05,4.718555585355252
day_3,Mild sunny day,0.2,9,2.25,5.6592,0.0,20.0,year_area140_05,4.699513339451115
day_3,Mild sunny day,0.2,10,2.5,5.7284,0.0,20.0,year_area140_05,4.676395384774513
day_3,Mild sunny day,0.2,11,2.75,5.8094,0.0,20.0,year_area140_05,4.649335351121266
day_3,Mild sunny day,0.2,12,3.0,5.9019,0.0,20.0,year_area140_05,4.6184334608382365
day_3,Mild sunny day,0.2,13,3.25,6.0056,0.0,20.0,year_area140_05,4.5837899362722885
day_3,Mild sunny day,0.2,14,3.5,6.1199,0.0,20.0,year_area140_05,4.5456052221171515
day_3,Mild sunny day,0.2,15,3.75,6.2445,0.0,20.0,year_area140_05,4.503979540719687
day_3,Mild sunny day,0.2,16,4.0,6.3787,0.0,20.0,year_area140_05,4.459146744222578
day_3,Mild sunny day,0.2,17,4.25,6.522,0.0,20.0,year_area140_05,4.411273869870599
day_3,Mild sunny day,0.2,18,4.5,6.6737,0.0,20.0,year_area140_05,4.360594769806431
day_3,Mild sunny day,0.2,19,4.75,6.8333,0.0,20.0,year_area140_05,4.307276481274847
day_3,Mild sunny day,0.2,20,5.0,7.0,0.0,20.0,year_area140_05,4.251586263867486
day_3,Mild sunny day,0.2,21,5.25,7.1731,0.0,20.0,year_area140_05,4.193757969727027
day_3,Mild sunny day,0.2,22,5.5,7.3519,0.0,20.0,year_area140_05,4.134025450996155
day_3,Mild sunny day,0.2,23,5.75,7.5357,0.0,20.0,year_area140_05,4.072622559817552
day_3,Mild sunny day,0.2,24,6.0,7.7235,0.0,20.0,year_area140_05,4.009883370680765
day_3,Mild sunny day,0.2,25,6.25,7.9147,0.0,20.0,year_area140_05,3.946008328279519
day_3,Mild sunny day,0.2,26,6.5,8.1084,0.0,20.0,year_area140_05,3.8812980996544075
day_3,Mild sunny day,0.2,27,6.75,8.3038,0.0,20.0,year_area140_05,3.816019944397068
day_3,Mild sunny day,0.2,28,7.0,8.5,0.0,20.0,year_area140_05,3.7504745295480912
day_3,Mild sunny day,0.2,29,7.25,8.6962,17.0048,20.0,year_area140_05,3.6806659399848796
day_3,Mild sunny day,0.2,30,7.5,8.8916,33.9368,20.0,year_area140_05,3.6111428612787826
day_3,Mild sunny day,0.2,31,7.75,9.0853,50.7235,20.0,year_area140_05,3.542224136524611
day_3,Mild sunny day,0.2,32,8.0,9.2765,67.293,20.0,year_area140_05,3.4741950509457036
day_3,Mild sunny day,0.2,33,8.25,9.4643,83.5743,20.0,year_area140_05,3.407374071580576
day_3,Mild sunny day,0.2,34,8.5,9.6481,99.4977,20.0,year_area140_05,3.341979117205426
day_3,Mild sunny day,0.2,35,8.75,9.8269,114.9951,20.0,year_area140_05,3.278361335265555
day_3,Mild sunny day,0.2,36,9.0,10.0,130.0,20.0,year_area140_05,3.2167712497326884
day_3,Mild sunny day,0.2,37,9.25,10.1667,144.4483,20.0,year_area140_05,3.1574587828884804
day_3,Mild sunny day,0.2,38,9.5,10.3263,158.278,20.0,year_area140_05,3.1006733305357734
day_3,Mild sunny day,0.2,39,9.75,10.478,171.4299,20.0,year_area140_05,3.0466969939546136
day_3,Mild sunny day,0.2,40,10.0,10.6213,183.8478,20.0,year_area140_05,2.995710899965596
day_3,Mild sunny day,0.2,41,10.25,10.7555,195.4783,20.0,year_area140_05,2.9479622883154777
day_3,Mild sunny day,0.2,42,10.5,10.8801,206.2719,20.0,year_area140_05,2.903630606106738
day_3,Mild sunny day,0.2,43,10.75,10.9944,216.1821,20.0,year_area140_05,2.862961363227181
day_3,Mild sunny day,0.2,44,11.0,11.0981,225.1666,20.0,year_area140_05,2.826065386811165
day_3,Mild sunny day,0.2,45,11.25,11.1906,233.1869,20.0,year_area140_05,2.7931527736639694
day_3,Mild sunny day,0.2,46,11.5,11.2716,240.2087,20.0,year_area140_05,2.764332345286385
day_3,Mild sunny day,0.2,47,11.75,11.3408,246.2018,20.0,year_area140_05,2.7397118952919977
day_3,Mild sunny day,0.2,48,12.0,11.3978,251.1407,20.0,year_area140_05,2.719431446433628
day_3,Mild sunny day,0.2,49,12.25,11.4424,255.0042,20.0,year_area140_05,2.7035631285381436
day_3,Mild sunny day,0.2,50,12.5,11.4743,257.7757,20.0,year_area140_05,2.692211325642062
day_3,Mild sunny day,0.2,51,12.75,11.4936,259.4433,20.0,year_area140_05,2.685345613676364
day_3,Mild sunny day,0.2,52,13.0,11.5,260.0,20.0,year_area140_05,2.6830679699172864
day_3,Mild sunny day,0.2,53,13.25,11.4936,259.4433,20.0,year_area140_05,2.685345613676364
day_3,Mild sunny day,0.2,54,13.5,11.4743,257.7757,20.0,year_area140_05,2.692211325642062
day_3,Mild sunny day,0.2,55,13.75,11.4424,255.0042,20.0,year_area140_05,2.7035631285381436
day_3,Mild sunny day,0.2,56,14.0,11.3978,251.1407,20.0,year_area140_05,2.719431446433628
day_3,Mild sunny day,0.2,57,14.25,11.3408,246.2018,20.0,year_area140_05,2.7397118952919977
day_3,Mild sunny day,0.2,58,14.5,11.2716,240.2087,20.0,year_area140_05,2.764332345286385
day_3,Mild sunny day,0.2,59,14.75,11.1906,233.1869,20.0,year_area140_05,2.7931527736639694
day_3,Mild sunny day,0.2,60,15.0,11.0981,225.1666,20.0,year_area140_05,2.826065386811165
day_3,Mild sunny day,0.2,61,15.25,10.9944,216.1821,20.0,year_area140_05,2.862961363227181
day_3,Mild sunny day,0.2,62,15.5,10.8801,206.2719,20.0,year_area140_05,2.903630606106738
day_3,Mild sunny day,0.2,63,15.75,10.7555,195.4783,20.0,year_area140_05,2.9479622883154777
day_3,Mild sunny day,0.2,64,16.0,10.6213,183.8478,20.0,year_area140_05,2.995710899965596
day_3,Mild sunny day,0.2,65,16.25,10.478,171.4299,20.0,year_area140_05,3.0466969939546136
day_3,Mild sunny day,0.2,66,16.5,10.3263,158.278,20.0,year_area140_05,3.1006733305357734
day_3,Mild sunny day,0.2,67,16.75,10.1667,144.4483,20.0,year_area140_05,3.1574587828884804
day_3,Mild sunny day,0.2,68,17.0,10.0,130.0,20.0,year_area140_05,3.2167712497326884
day_3,Mild sunny day,0.2,69,17.25,9.8269,114.9951,20.0,year_area140_05,3.278361335265555
day_3,Mild sunny day,0.2,70,17.5,9.6481,99.4977,20.0,year_area140_05,3.341979117205426
day_3,Mild sunny day,0.2,71,17.75,9.4643,83.5743,20.0,year_area140_05,3.407374071580576
day_3,Mild sunny day,0.2,72,18.0,9.2765,67.293,20.0,year_area140_05,3.4741950509457036
day_3,Mild sunny day,0.2,73,18.25,9.0853,50.7235,20.0,year_area140_05,3.542224136524611
day_3,Mild sunny day,0.2,74,18.5,8.8916,33.9368,20.0,year_area140_05,3.6111428612787826
day_3,Mild sunny day,0.2,75,18.75,8.6962,17.0048,20.0,year_area140_05,3.6806659399848796
day_3,Mild sunny day,0.2,76,19.0,8.5,0.0,20.0,year_area140_05,3.7504745295480912
day_3,Mild sunny day,0.2,77,19.25,8.3038,0.0,20.0,year_area140_05,3.816019944397068
day_3,Mild sunny day,0.2,78,19.5,8.1084,0.0,20.0,year_area140_05,3.8812980996544075
day_3,Mild sunny day,0.2,79,19.75,7.9147,0.0,20.0,year_area140_05,3.946008328279519
day_3,Mild sunny day,0.2,80,20.0,7.7235,0.0,20.0,year_area140_05,4.009883370680765
day_3,Mild sunny day,0.2,81,20.25,7.5357,0.0,20.0,year_area140_05,4.072622559817552
day_3,Mild sunny day,0.2,82,20.5,7.3519,0.0,20.0,year_area140_05,4.134025450996155
day_3,Mild sunny day,0.2,83,20.75,7.1731,0.0,20.0,year_area140_05,4.193757969727027
day_3,Mild sunny day,0.2,84,21.0,7.0,0.0,20.0,year_area140_05,4.251586263867486
day_3,Mild sunny day,0.2,85,21.25,6.8333,0.0,20.0,year_area140_05,4.307276481274847
day_3,Mild sunny day,0.2,86,21.5,6.6737,0.0,20.0,year_area140_05,4.360594769806431
day_3,Mild sunny day,0.2,87,21.75,6.522,0.0,20.0,year_area140_05,4.411273869870599
day_3,Mild sunny day,0.2,88,22.0,6.3787,0.0,20.0,year_area140_05,4.459146744222578
day_3,Mild sunny day,0.2,89,22.25,6.2445,0.0,20.0,year_area140_05,4.503979540719687
day_3,Mild sunny day,0.2,90,22.5,6.1199,0.0,20.0,year_area140_05,4.5456052221171515
day_3,Mild sunny day,0.2,91,22.75,6.0056,0.0,20.0,year_area140_05,4.5837899362722885
day_3,Mild sunny day,0.2,92,23.0,5.9019,0.0,20.0,year_area140_05,4.6184334608382365
day_3,Mild sunny day,0.2,93,23.25,5.8094,0.0,20.0,year_area140_05,4.649335351121266
day_3,Mild sunny day,0.2,94,23.5,5.7284,0.0,20.0,year_area140_05,4.676395384774513
day_3,Mild sunny day,0.2,95,23.75,5.6592,0.0,20.0,year_area140_05,4.699513339451115
day_3,Mild sunny day,0.2,0,0.0,5.6022,0.0,20.0,year_area140_06,5.277851827631261
day_3,Mild sunny day,0.2,1,0.25,5.5576,0.0,20.0,year_area140_06,5.29645563961714
day_3,Mild sunny day,0.2,2,0.5,5.5257,0.0,20.0,year_area140_06,5.309761953571166
day_3,Mild sunny day,0.2,3,0.75,5.5064,0.0,20.0,year_area140_06,5.317812482076267
day_3,Mild sunny day,0.2,4,1.0,5.5,0.0,20.0,year_area140_06,5.320482087383657
day_3,Mild sunny day,0.2,5,1.25,5.5064,0.0,20.0,year_area140_06,5.317812482076267
day_3,Mild sunny day,0.2,6,1.5,5.5257,0.0,20.0,year_area140_06,5.309761953571166
day_3,Mild sunny day,0.2,7,1.75,5.5576,0.0,20.0,year_area140_06,5.29645563961714
day_3,Mild sunny day,0.2,8,2.0,5.6022,0.0,20.0,year_area140_06,5.277851827631261
day_3,Mild sunny day,0.2,9,2.25,5.6592,0.0,20.0,year_area140_06,5.254075655362312
day_3,Mild sunny day,0.2,10,2.5,5.7284,0.0,20.0,year_area140_06,5.2252105479761495
day_3,Mild sunny day,0.2,11,2.75,5.8094,0.0,20.0,year_area140_06,5.191423355804486
day_3,Mild sunny day,0.2,12,3.0,5.9019,0.0,20.0,year_area140_06,5.152839216596103
day_3,Mild sunny day,0.2,13,3.25,6.0056,0.0,20.0,year_area140_06,5.1095832680997875
day_3,Mild sunny day,0.2,14,3.5,6.1199,0.0,20.0,year_area140_06,5.061905785813106
day_3,Mild sunny day,0.2,15,3.75,6.2445,0.0,20.0,year_area140_06,5.009931907484842
day_3,Mild sunny day,0.2,16,4.0,6.3787,0.0,20.0,year_area140_06,4.953953621195493
day_3,Mild sunny day,0.2,17,4.25,6.522,0.0,20.0,year_area140_06,4.894179489859696
day_3,Mild sunny day,0.2,18,4.5,6.6737,0.0,20.0,year_area140_06,4.83090150155795
day_3,Mild sunny day,0.2,19,4.75,6.8333,0.0,20.0,year_area140_06,4.764328219204892
day_3,Mild sunny day,0.2,20,5.0,7.0,0.0,20.0,year_area140_06,4.6947933434639495
day_3,Mild sunny day,0.2,21,5.25,7.1731,0.0,20.0,year_area140_06,4.622588862415616
day_3,Mild sunny day,0.2,22,5.5,7.3519,0.0,20.0,year_area140_06,4.548006764140386
day_3,Mild sunny day,0.2,23,5.75,7.5357,0.0,20.0,year_area140_06,4.471339036718758
day_3,Mild sunny day,0.2,24,6.0,7.7235,0.0,20.0,year_area140_06,4.393002805980011
day_3,Mild sunny day,0.2,25,6.25,7.9147,0.0,20.0,year_area140_06,4.3132483474217125
day_3,Mild sunny day,0.2,26,6.5,8.1084,0.0,20.0,year_area140_06,4.232451074290214
day_3,Mild sunny day,0.2,27,6.75,8.3038,0.0,20.0,year_area140_06,4.1509446872489395
day_3,Mild sunny day,0.2,28,7.0,8.5,0.0,20.0,year_area140_06,4.069104599544242
day_3,Mild sunny day,0.2,29,7.25,8.6962,17.0048,20.0,year_area140_06,3.937491840095701
day_3,Mild sunny day,0.2,30,7.5,8.8916,33.9368,20.0,year_area140_06,3.806425865292926
day_3,Mild sunny day,0.2,31,7.75,9.0853,50.7235,20.0,year_area140_06,3.676494294271282
day_3,Mild sunny day,0.2,32,8.0,9.2765,67.293,20.0,year_area140_06,3.5482412773965297
day_3,Mild sunny day,0.2,33,8.25,9.4643,83.5743,20.0,year_area140_06,3.422250043337365
day_3,Mild sunny day,0.2,34,8.5,9.6481,99.4977,20.0,year_area140_06,3.298974877942582
day_3,Mild sunny day,0.2,35,8.75,9.8269,114.9951,20.0,year_area140_06,3.179032234228239
day_3,Mild sunny day,0.2,36,9.0,10.0,130.0,20.0,year_area140_06,3.0629087442971663
day_3,Mild sunny day,0.2,37,9.25,10.1667,144.4483,20.0,year_area140_06,2.9510840155055202
day_3,Mild sunny day,0.2,38,9.5,10.3263,158.278,20.0,year_area140_06,2.8440315085561245
day_3,Mild sunny day,0.2,39,9.75,10.478,171.4299,20.0,year_area140_06,2.742258201196944
day_3,Mild sunny day,0.2,40,10.0,10.6213,183.8478,20.0,year_area140_06,2.646137152493824
day_3,Mild sunny day,0.2,41,10.25,10.7555,195.4783,20.0,year_area140_06,2.556116651140683
day_3,Mild sunny day,0.2,42,10.5,10.8801,206.2719,20.0,year_area140_06,2.4725501454522405
day_3,Mild sunny day,0.2,43,10.75,10.9944,216.1821,20.0,year_area140_06,2.39586572797574
day_3,Mild sunny day,0.2,44,11.0,11.0981,225.1666,20.0,year_area140_06,2.326312347620034
day_3,Mild sunny day,0.2,45,11.25,11.1906,233.1869,20.0,year_area140_06,2.264252968527199
day_3,Mild sunny day,0.2,46,11.5,11.2716,240.2087,20.0,year_area140_06,2.2099131237838545
day_3,Mild sunny day,0.2,47,11.75,11.3408,246.2018,20.0,year_area140_06,2.163506345867722
day_3,Mild sunny day,0.2,48,12.0,11.3978,251.1407,20.0,year_area140_06,2.12527412304389
day_3,Mild sunny day,0.2,49,12.25,11.4424,255.0042,20.0,year_area140_06,2.0953619324071395
day_3,Mild sunny day,0.2,50,12.5,11.4743,257.7757,20.0,year_area140_06,2.0739434995373927
day_3,Mild sunny day,0.2,51,12.75,11.4936,259.4433,20.0,year_area140_06,2.061011942887295
day_3,Mild sunny day,0.2,52,13.0,11.5,260.0,20.0,year_area140_06,2.0567128890500896
day_3,Mild sunny day,0.2,53,13.25,11.4936,259.4433,20.0,year_area140_06,2.061011942887295
day_3,Mild sunny day,0.2,54,13.5,11.4743,257.7757,20.0,year_area140_06,2.0739434995373927
day_3,Mild sunny day,0.2,55,13.75,11.4424,255.0042,20.0,year_area140_06,2.0953619324071395
day_3,Mild sunny day,0.2,56,14.0,11.3978,251.1407,20.0,year_area140_06,2.12527412304389
day_3,Mild sunny day,0.2,57,14.25,11.3408,246.2018,20.0,year_area140_06,2.163506345867722
day_3,Mild sunny day,0.2,58,14.5,11.2716,240.2087,20.0,year_area140_06,2.2099131237838545
day_3,Mild sunny day,0.2,59,14.75,11.1906,233.1869,20.0,year_area140_06,2.264252968527199
day_3,Mild sunny day,0.2,60,15.0,11.0981,225.1666,20.0,year_area140_06,2.326312347620034
day_3,Mild sunny day,0.2,61,15.25,10.9944,216.1821,20.0,year_area140_06,2.39586572797574
day_3,Mild sunny day,0.2,62,15.5,10.8801,206.2719,20.0,year_area140_06,2.4725501454522405
day_3,Mild sunny day,0.2,63,15.75,10.7555,195.4783,20.0,year_area140_06,2.556116651140683
day_3,Mild sunny day,0.2,64,16.0,10.6213,183.8478,20.0,year_area140_06,2.646137152493824
day_3,Mild sunny day,0.2,65,16.25,10.478,171.4299,20.0,year_area140_06,2.742258201196944
day_3,Mild sunny day,0.2,66,16.5,10.3263,158.278,20.0,year_area140_06,2.8440315085561245
day_3,Mild sunny day,0.2,67,16.75,10.1667,144.4483,20.0,year_area140_06,2.9510840155055202
day_3,Mild sunny day,0.2,68,17.0,10.0,130.0,20.0,year_area140_06,3.0629087442971663
day_3,Mild sunny day,0.2,69,17.25,9.8269,114.9951,20.0,year_area140_06,3.179032234228239
day_3,Mild sunny day,0.2,70,17.5,9.6481,99.4977,20.0,year_area140_06,3.298974877942582
day_3,Mild sunny day,0.2,71,17.75,9.4643,83.5743,20.0,year_area140_06,3.422250043337365
day_3,Mild sunny day,0.2,72,18.0,9.2765,67.293,20.0,year_area140_06,3.5482412773965297
day_3,Mild sunny day,0.2,73,18.25,9.0853,50.7235,20.0,year_area140_06,3.676494294271282
day_3,Mild sunny day,0.2,74,18.5,8.8916,33.9368,20.0,year_area140_06,3.806425865292926
day_3,Mild sunny day,0.2,75,18.75,8.6962,17.0048,20.0,year_area140_06,3.937491840095701
day_3,Mild sunny day,0.2,76,19.0,8.5,0.0,20.0,year_area140_06,4.069104599544242
day_3,Mild sunny day,0.2,77,19.25,8.3038,0.0,20.0,year_area140_06,4.1509446872489395
day_3,Mild sunny day,0.2,78,19.5,8.1084,0.0,20.0,year_area140_06,4.232451074290214
day_3,Mild sunny day,0.2,79,19.75,7.9147,0.0,20.0,year_area140_06,4.3132483474217125
day_3,Mild sunny day,0.2,80,20.0,7.7235,0.0,20.0,year_area140_06,4.393002805980011
day_3,Mild sunny day,0.2,81,20.25,7.5357,0.0,20.0,year_area140_06,4.471339036718758
day_3,Mild sunny day,0.2,82,20.5,7.3519,0.0,20.0,year_area140_06,4.548006764140386
day_3,Mild sunny day,0.2,83,20.75,7.1731,0.0,20.0,year_area140_06,4.622588862415616
day_3,Mild sunny day,0.2,84,21.0,7.0,0.0,20.0,year_area140_06,4.6947933434639495
day_3,Mild sunny day,0.2,85,21.25,6.8333,0.0,20.0,year_area140_06,4.764328219204892
day_3,Mild sunny day,0.2,86,21.5,6.6737,0.0,20.0,year_area140_06,4.83090150155795
day_3,Mild sunny day,0.2,87,21.75,6.522,0.0,20.0,year_area140_06,4.894179489859696
day_3,Mild sunny day,0.2,88,22.0,6.3787,0.0,20.0,year_area140_06,4.953953621195493
day_3,Mild sunny day,0.2,89,22.25,6.2445,0.0,20.0,year_area140_06,5.009931907484842
day_3,Mild sunny day,0.2,90,22.5,6.1199,0.0,20.0,year_area140_06,5.061905785813106
day_3,Mild sunny day,0.2,91,22.75,6.0056,0.0,20.0,year_area140_06,5.1095832680997875
day_3,Mild sunny day,0.2,92,23.0,5.9019,0.0,20.0,year_area140_06,5.152839216596103
day_3,Mild sunny day,0.2,93,23.25,5.8094,0.0,20.0,year_area140_06,5.191423355804486
day_3,Mild sunny day,0.2,94,23.5,5.7284,0.0,20.0,year_area140_06,5.2252105479761495
day_3,Mild sunny day,0.2,95,23.75,5.6592,0.0,20.0,year_area140_06,5.254075655362312
day_3,Mild sunny day,0.2,0,0.0,5.6022,0.0,20.0,year_area140_07,3.3166504375448342
day_3,Mild sunny day,0.2,1,0.25,5.5576,0.0,20.0,year_area140_07,3.3300191135490964
day_3,Mild sunny day,0.2,2,0.5,5.5257,0.0,20.0,year_area140_07,3.33958101409923
day_3,Mild sunny day,0.2,3,0.75,5.5064,0.0,20.0,year_area140_07,3.3453661138051105
day_3,Mild sunny day,0.2,4,1.0,5.5,0.0,20.0,year_area140_07,3.3472844888371123
day_3,Mild sunny day,0.2,5,1.25,5.5064,0.0,20.0,year_area140_07,3.3453661138051105
day_3,Mild sunny day,0.2,6,1.5,5.5257,0.0,20.0,year_area140_07,3.33958101409923
day_3,Mild sunny day,0.2,7,1.75,5.5576,0.0,20.0,year_area140_07,3.3300191135490964
day_3,Mild sunny day,0.2,8,2.0,5.6022,0.0,20.0,year_area140_07,3.3166504375448342
day_3,Mild sunny day,0.2,9,2.25,5.6592,0.0,20.0,year_area140_07,3.299564909916069
day_3,Mild sunny day,0.2,10,2.5,5.7284,0.0,20.0,year_area140_07,3.2788224798825496
day_3,Mild sunny day,0.2,11,2.75,5.8094,0.0,20.0,year_area140_07,3.2545430458837776
day_3,Mild sunny day,0.2,12,3.0,5.9019,0.0,20.0,year_area140_07,3.2268165317493764
day_3,Mild sunny day,0.2,13,3.25,6.0056,0.0,20.0,year_area140_07,3.195732861308973
day_3,Mild sunny day,0.2,14,3.5,6.1199,0.0,20.0,year_area140_07,3.161471882221816
day_3,Mild sunny day,0.2,15,3.75,6.2445,0.0,20.0,year_area140_07,3.124123518317532
day_3,Mild sunny day,0.2,16,4.0,6.3787,0.0,20.0,year_area140_07,3.083897591865245
day_3,Mild sunny day,0.2,17,4.25,6.522,0.0,20.0,year_area140_07,3.040943975914331
day_3,Mild sunny day,0.2,18,4.5,6.6737,0.0,20.0,year_area140_07,2.9954724927339145
day_3,Mild sunny day,0.2,19,4.75,6.8333,0.0,20.0,year_area140_07,2.9476330153733703
day_3,Mild sunny day,0.2,20,5.0,7.0,0.0,20.0,year_area140_07,2.8976653407116997
day_3,Mild sunny day,0.2,21,5.25,7.1731,0.0,20.0,year_area140_07,2.8457792910180273
day_3,Mild sunny day,0.2,22,5.5,7.3519,0.0,20.0,year_area140_07,2.792184688561478
day_3,Mild sunny day,0.2,23,5.75,7.5357,0.0,20.0,year_area140_07,2.7370913556111773
day_3,Mild sunny day,0.2,24,6.0,7.7235,0.0,20.0,year_area140_07,2.6807990382658757
day_3,Mild sunny day,0.2,25,6.25,7.9147,0.0,20.0,year_area140_07,2.623487584184823
day_3,Mild sunny day,0.2,26,6.5,8.1084,0.0,20.0,year_area140_07,2.565426764856895
day_3,Mild sunny day,0.2,27,6.75,8.3038,0.0,20.0,year_area140_07,2.5068563771610908
day_3,Mild sunny day,0.2,28,7.0,8.5,0.0,20.0,year_area140_07,2.448046192586287
day_3,Mild sunny day,0.2,29,7.25,8.6962,17.0048,20.0,year_area140_07,2.27718307882944
day_3,Mild sunny day,0.2,30,7.5,8.8916,33.9368,20.0,year_area140_07,2.1070394766935743
day_3,Mild sunny day,0.2,31,7.75,9.0853,50.7235,20.0,year_area140_07,1.9383628955630838
day_3,Mild sunny day,0.2,32,8.0,9.2765,67.293,20.0,year_area140_07,1.7718669165195577
day_3,Mild sunny day,0.2,33,8.25,9.4643,83.5743,20.0,year_area140_07,1.6082891647150683
day_3,Mild sunny day,0.2,34,8.5,9.6481,99.4977,20.0,year_area140_07,1.4482687751373833
day_3,Mild sunny day,0.2,35,8.75,9.8269,114.9951,20.0,year_area140_07,1.2925542380326283
day_3,Mild sunny day,0.2,36,9.0,10.0,130.0,20.0,year_area140_07,1.1417935766361635
day_3,Mild sunny day,0.2,37,9.25,10.1667,144.4483,20.0,year_area140_07,0.996618999411633
day_3,Mild sunny day,0.2,38,9.5,10.3263,158.278,20.0,year_area140_07,0.8576488768974322
day_3,Mild sunny day,0.2,39,9.75,10.478,171.4299,20.0,year_area140_07,0.7255131036748326
day_3,Mild sunny day,0.2,40,10.0,10.6213,183.8478,20.0,year_area140_07,0.6007318820308374
day_3,Mild sunny day,0.2,41,10.25,10.7555,195.4783,20.0,year_area140_07,0.48386691290520223
day_3,Mild sunny day,0.2,42,10.5,10.8801,206.2719,20.0,year_area140_07,0.3753942490138962
day_3,Mild sunny day,0.2,43,10.75,10.9944,216.1821,20.0,year_area140_07,0.27583012382799765
day_3,Mild sunny day,0.2,44,11.0,11.0981,225.1666,20.0,year_area140_07,0.18554319652858586
day_3,Mild sunny day,0.2,45,11.25,11.1906,233.1869,20.0,year_area140_07,0.10496701007115061
day_3,Mild sunny day,0.2,46,11.5,11.2716,240.2087,20.0,year_area140_07,0.034417507731059116
day_3,Mild sunny day,0.2,47,11.75,11.3408,246.2018,20.0,year_area140_07,0.0
day_3,Mild sunny day,0.2,48,12.0,11.3978,251.1407,20.0,year_area140_07,0.0
day_3,Mild sunny day,0.2,49,12.25,11.4424,255.0042,20.0,year_area140_07,0.0
day_3,Mild sunny day,0.2,50,12.5,11.4743,257.7757,20.0,year_area140_07,0.0
day_3,Mild sunny day,0.2,51,12.75,11.4936,259.4433,20.0,year_area140_07,0.0
day_3,Mild sunny day,0.2,52,13.0,11.5,260.0,20.0,year_area140_07,0.0
day_3,Mild sunny day,0.2,53,13.25,11.4936,259.4433,20.0,year_area140_07,0.0
day_3,Mild sunny day,0.2,54,13.5,11.4743,257.7757,20.0,year_area140_07,0.0
day_3,Mild sunny day,0.2,55,13.75,11.4424,255.0042,20.0,year_area140_07,0.0
day_3,Mild sunny day,0.2,56,14.0,11.3978,251.1407,20.0,year_area140_07,0.0
day_3,Mild sunny day,0.2,57,14.25,11.3408,246.2018,20.0,year_area140_07,0.0
day_3,Mild sunny day,0.2,58,14.5,11.2716,240.2087,20.0,year_area140_07,0.034417507731059116
day_3,Mild sunny day,0.2,59,14.75,11.1906,233.1869,20.0,year_area140_07,0.10496701007115061
day_3,Mild sunny day,0.2,60,15.0,11.0981,225.1666,20.0,year_area140_07,0.18554319652858586
day_3,Mild sunny day,0.2,61,15.25,10.9944,216.1821,20.0,year_area140_07,0.27583012382799765
day_3,Mild sunny day,0.2,62,15.5,10.8801,206.2719,20.0,year_area140_07,0.3753942490138962
day_3,Mild sunny day,0.2,63,15.75,10.7555,195.4783,20.0,year_area140_07,0.48386691290520223
day_3,Mild sunny day,0.2,64,16.0,10.6213,183.8478,20.0,year_area140_07,0.6007318820308374
day_3,Mild sunny day,0.2,65,16.25,10.478,171.4299,20.0,year_area140_07,0.7255131036748326
day_3,Mild sunny day,0.2,66,16.5,10.3263,158.278,20.0,year_area140_07,0.8576488768974322
day_3,Mild sunny day,0.2,67,16.75,10.1667,144.4483,20.0,year_area140_07,0.996618999411633
day_3,Mild sunny day,0.2,68,17.0,10.0,130.0,20.0,year_area140_07,1.1417935766361635
day_3,Mild sunny day,0.2,69,17.25,9.8269,114.9951,20.0,year_area140_07,1.2925542380326283
day_3,Mild sunny day,0.2,70,17.5,9.6481,99.4977,20.0,year_area140_07,1.4482687751373833
day_3,Mild sunny day,0.2,71,17.75,9.4643,83.5743,20.0,year_area140_07,1.6082891647150683
day_3,Mild sunny day,0.2,72,18.0,9.2765,67.293,20.0,year_area140_07,1.7718669165195577
day_3,Mild sunny day,0.2,73,18.25,9.0853,50.7235,20.0,year_area140_07,1.9383628955630838
day_3,Mild sunny day,0.2,74,18.5,8.8916,33.9368,20.0,year_area140_07,2.1070394766935743
day_3,Mild sunny day,0.2,75,18.75,8.6962,17.0048,20.0,year_area140_07,2.27718307882944
day_3,Mild sunny day,0.2,76,19.0,8.5,0.0,20.0,year_area140_07,2.448046192586287
day_3,Mild sunny day,0.2,77,19.25,8.3038,0.0,20.0,year_area140_07,2.5068563771610908
day_3,Mild sunny day,0.2,78,19.5,8.1084,0.0,20.0,year_area140_07,2.565426764856895
day_3,Mild sunny day,0.2,79,19.75,7.9147,0.0,20.0,year_area140_07,2.623487584184823
day_3,Mild sunny day,0.2,80,20.0,7.7235,0.0,20.0,year_area140_07,2.6807990382658757
day_3,Mild sunny day,0.2,81,20.25,7.5357,0.0,20.0,year_area140_07,2.7370913556111773
day_3,Mild sunny day,0.2,82,20.5,7.3519,0.0,20.0,year_area140_07,2.792184688561478
day_3,Mild sunny day,0.2,83,20.75,7.1731,0.0,20.0,year_area140_07,2.8457792910180273
day_3,Mild sunny day,0.2,84,21.0,7.0,0.0,20.0,year_area140_07,2.8976653407116997
day_3,Mild sunny day,0.2,85,21.25,6.8333,0.0,20.0,year_area140_07,2.9476330153733703
day_3,Mild sunny day,0.2,86,21.5,6.6737,0.0,20.0,year_area140_07,2.9954724927339145
day_3,Mild sunny day,0.2,87,21.75,6.522,0.0,20.0,year_area140_07,3.040943975914331
day_3,Mild sunny day,0.2,88,22.0,6.3787,0.0,20.0,year_area140_07,3.083897591865245
day_3,Mild sunny day,0.2,89,22.25,6.2445,0.0,20.0,year_area140_07,3.124123518317532
day_3,Mild sunny day,0.2,90,22.5,6.1199,0.0,20.0,year_area140_07,3.161471882221816
day_3,Mild sunny day,0.2,91,22.75,6.0056,0.0,20.0,year_area140_07,3.195732861308973
day_3,Mild sunny day,0.2,92,23.0,5.9019,0.0,20.0,year_area140_07,3.2268165317493764
day_3,Mild sunny day,0.2,93,23.25,5.8094,0.0,20.0,year_area140_07,3.2545430458837776
day_3,Mild sunny day,0.2,94,23.5,5.7284,0.0,20.0,year_area140_07,3.2788224798825496
day_3,Mild sunny day,0.2,95,23.75,5.6592,0.0,20.0,year_area140_07,3.299564909916069
day_3,Mild sunny day,0.2,0,0.0,5.6022,0.0,20.0,year_area140_08,0.6546882990558973
day_3,Mild sunny day,0.2,1,0.25,5.5576,0.0,20.0,year_area140_08,0.6600687596555543
day_3,Mild sunny day,0.2,2,0.5,5.5257,0.0,20.0,year_area140_08,0.6639171160037394
day_3,Mild sunny day,0.2,3,0.75,5.5064,0.0,20.0,year_area140_08,0.6662454319134565
day_3,Mild sunny day,0.2,4,1.0,5.5,0.0,20.0,year_area140_08,0.6670175159456944
day_3,Mild sunny day,0.2,5,1.25,5.5064,0.0,20.0,year_area140_08,0.6662454319134565
day_3,Mild sunny day,0.2,6,1.5,5.5257,0.0,20.0,year_area140_08,0.6639171160037394
day_3,Mild sunny day,0.2,7,1.75,5.5576,0.0,20.0,year_area140_08,0.6600687596555543
day_3,Mild sunny day,0.2,8,2.0,5.6022,0.0,20.0,year_area140_08,0.6546882990558973
day_3,Mild sunny day,0.2,9,2.25,5.6592,0.0,20.0,year_area140_08,0.6478119256437795
day_3,Mild sunny day,0.2,10,2.5,5.7284,0.0,20.0,year_area140_08,0.6394637670452086
day_3,Mild sunny day,0.2,11,2.75,5.8094,0.0,20.0,year_area140_08,0.6296920785121993
day_3,Mild sunny day,0.2,12,3.0,5.9019,0.0,20.0,year_area140_08,0.6185330514837626
day_3,Mild sunny day,0.2,13,3.25,6.0056,0.0,20.0,year_area140_08,0.6060228773989098
day_3,Mild sunny day,0.2,14,3.5,6.1199,0.0,20.0,year_area140_08,0.5922339391356632
day_3,Mild sunny day,0.2,15,3.75,6.2445,0.0,20.0,year_area140_08,0.5772024281330341
day_3,Mild sunny day,0.2,16,4.0,6.3787,0.0,20.0,year_area140_08,0.5610127910820484
day_3,Mild sunny day,0.2,17,4.25,6.522,0.0,20.0,year_area140_08,0.5437253470477243
day_3,Mild sunny day,0.2,18,4.5,6.6737,0.0,20.0,year_area140_08,0.5254245427210884
day_3,Mild sunny day,0.2,19,4.75,6.8333,0.0,20.0,year_area140_08,0.5061706971671587
day_3,Mild sunny day,0.2,20,5.0,7.0,0.0,20.0,year_area140_08,0.4860603208899654
day_3,Mild sunny day,0.2,21,5.25,7.1731,0.0,20.0,year_area140_08,0.46517786058053434
day_3,Mild sunny day,0.2,22,5.5,7.3519,0.0,20.0,year_area140_08,0.44360776292989157
day_3,Mild sunny day,0.2,23,5.75,7.5357,0.0,20.0,year_area140_08,0.4214344746290628
day_3,Mild sunny day,0.2,24,6.0,7.7235,0.0,20.0,year_area140_08,0.39877863380808565
day_3,Mild sunny day,0.2,25,6.25,7.9147,0.0,20.0,year_area140_08,0.3757126233449821
day_3,Mild sunny day,0.2,26,6.5,8.1084,0.0,20.0,year_area140_08,0.3523450175567857
day_3,Mild sunny day,0.2,27,6.75,8.3038,0.0,20.0,year_area140_08,0.328772326947526
day_3,Mild sunny day,0.2,28,7.0,8.5,0.0,20.0,year_area140_08,0.3051031258342367
day_3,Mild sunny day,0.2,29,7.25,8.6962,17.0048,20.0,year_area140_08,0.2659178251634913
day_3,Mild sunny day,0.2,30,7.5,8.8916,33.9368,20.0,year_area140_08,0.22689546165558827
day_3,Mild sunny day,0.2,31,7.75,9.0853,50.7235,20.0,year_area140_08,0.18821076255014324
day_3,Mild sunny day,0.2,32,8.0,9.2765,67.293,20.0,year_area140_08,0.15002584380130424
day_3,Mild sunny day,0.2,33,8.25,9.4643,83.5743,20.0,year_area140_08,0.11251406396753016
day_3,Mild sunny day,0.2,34,8.5,9.6481,99.4977,20.0,year_area140_08,0.0758114039779314
day_3,Mild sunny day,0.2,35,8.75,9.8269,114.9951,20.0,year_area140_08,0.04010064008706671
day_3,Mild sunny day,0.2,36,9.0,10.0,130.0,20.0,year_area140_08,0.005526897183916413
day_3,Mild sunny day,0.2,37,9.25,10.1667,144.4483,20.0,year_area140_08,0.0
day_3,Mild sunny day,0.2,38,9.5,10.3263,158.278,20.0,year_area140_08,0.0
day_3,Mild sunny day,0.2,39,9.75,10.478,171.4299,20.0,year_area140_08,0.0
day_3,Mild sunny day,0.2,40,10.0,10.6213,183.8478,20.0,year_area140_08,0.0
day_3,Mild sunny day,0.2,41,10.25,10.7555,195.4783,20.0,year_area140_08,0.0
day_3,Mild sunny day,0.2,42,10.5,10.8801,206.2719,20.0,year_area140_08,0.0
day_3,Mild sunny day,0.2,43,10.75,10.9944,216.1821,20.0,year_area140_08,0.0
day_3,Mild sunny day,0.2,44,11.0,11.0981,225.1666,20.0,year_area140_08,0.0
day_3,Mild sunny day,0.2,45,11.25,11.1906,233.1869,20.0,year_area140_08,0.0
day_3,Mild sunny day,0.2,46,11.5,11.2716,240.2087,20.0,year_area140_08,0.0
day_3,Mild sunny day,0.2,47,11.75,11.3408,246.2018,20.0,year_area140_08,0.0
day_3,Mild sunny day,0.2,48,12.0,11.3978,251.1407,20.0,year_area140_08,0.0
day_3,Mild sunny day,0.2,49,12.25,11.4424,255.0042,20.0,year_area140_08,0.0
day_3,Mild sunny day,0.2,50,12.5,11.4743,257.7757,20.0,year_area140_08,0.0
day_3,Mild sunny day,0.2,51,12.75,11.4936,259.4433,20.0,year_area140_08,0.0
day_3,Mild sunny day,0.2,52,13.0,11.5,260.0,20.0,year_area140_08,0.0
day_3,Mild sunny day,0.2,53,13.25,11.4936,259.4433,20.0,year_area140_08,0.0
day_3,Mild sunny day,0.2,54,13.5,11.4743,257.7757,20.0,year_area140_08,0.0
day_3,Mild sunny day,0.2,55,13.75,11.4424,255.0042,20.0,year_area140_08,0.0
day_3,Mild sunny day,0.2,56,14.0,11.3978,251.1407,20.0,year_area140_08,0.0
day_3,Mild sunny day,0.2,57,14.25,11.3408,246.2018,20.0,year_area140_08,0.0
day_3,Mild sunny day,0.2,58,14.5,11.2716,240.2087,20.0,year_area140_08,0.0
day_3,Mild sunny day,0.2,59,14.75,11.1906,233.1869,20.0,year_area140_08,0.0
day_3,Mild sunny day,0.2,60,15.0,11.0981,225.1666,20.0,year_area140_08,0.0
day_3,Mild sunny day,0.2,61,15.25,10.9944,216.1821,20.0,year_area140_08,0.0
day_3,Mild sunny day,0.2,62,15.5,10.8801,206.2719,20.0,year_area140_08,0.0
day_3,Mild sunny day,0.2,63,15.75,10.7555,195.4783,20.0,year_area140_08,0.0
day_3,Mild sunny day,0.2,64,16.0,10.6213,183.8478,20.0,year_area140_08,0.0
day_3,Mild sunny day,0.2,65,16.25,10.478,171.4299,20.0,year_area140_08,0.0
day_3,Mild sunny day,0.2,66,16.5,10.3263,158.278,20.0,year_area140_08,0.0
day_3,Mild sunny day,0.2,67,16.75,10.1667,144.4483,20.0,year_area140_08,0.0
day_3,Mild sunny day,0.2,68,17.0,10.0,130.0,20.0,year_area140_08,0.005526897183916413
day_3,Mild sunny day,0.2,69,17.25,9.8269,114.9951,20.0,year_area140_08,0.04010064008706671
day_3,Mild sunny day,0.2,70,17.5,9.6481,99.4977,20.0,year_area140_08,0.0758114039779314
day_3,Mild sunny day,0.2,71,17.75,9.4643,83.5743,20.0,year_area140_08,0.11251406396753016
day_3,Mild sunny day,0.2,72,18.0,9.2765,67.293,20.0,year_area140_08,0.15002584380130424
day_3,Mild sunny day,0.2,73,18.25,9.0853,50.7235,20.0,year_area140_08,0.18821076255014324
day_3,Mild sunny day,0.2,74,18.5,8.8916,33.9368,20.0,year_area140_08,0.22689546165558827
day_3,Mild sunny day,0.2,75,18.75,8.6962,17.0048,20.0,year_area140_08,0.2659178251634913
day_3,Mild sunny day,0.2,76,19.0,8.5,0.0,20.0,year_area140_08,0.3051031258342367
day_3,Mild sunny day,0.2,77,19.25,8.3038,0.0,20.0,year_area140_08,0.328772326947526
day_3,Mild sunny day,0.2,78,19.5,8.1084,0.0,20.0,year_area140_08,0.3523450175567857
day_3,Mild sunny day,0.2,79,19.75,7.9147,0.0,20.0,year_area140_08,0.3757126233449821
day_3,Mild sunny day,0.2,80,20.0,7.7235,0.0,20.0,year_area140_08,0.39877863380808565
day_3,Mild sunny day,0.2,81,20.25,7.5357,0.0,20.0,year_area140_08,0.4214344746290628
day_3,Mild sunny day,0.2,82,20.5,7.3519,0.0,20.0,year_area140_08,0.44360776292989157
day_3,Mild sunny day,0.2,83,20.75,7.1731,0.0,20.0,year_area140_08,0.46517786058053434
day_3,Mild sunny day,0.2,84,21.0,7.0,0.0,20.0,year_area140_08,0.4860603208899654
day_3,Mild sunny day,0.2,85,21.25,6.8333,0.0,20.0,year_area140_08,0.5061706971671587
day_3,Mild sunny day,0.2,86,21.5,6.6737,0.0,20.0,year_area140_08,0.5254245427210884
day_3,Mild sunny day,0.2,87,21.75,6.522,0.0,20.0,year_area140_08,0.5437253470477243
day_3,Mild sunny day,0.2,88,22.0,6.3787,0.0,20.0,year_area140_08,0.5610127910820484
day_3,Mild sunny day,0.2,89,22.25,6.2445,0.0,20.0,year_area140_08,0.5772024281330341
day_3,Mild sunny day,0.2,90,22.5,6.1199,0.0,20.0,year_area140_08,0.5922339391356632
day_3,Mild sunny day,0.2,91,22.75,6.0056,0.0,20.0,year_area140_08,0.6060228773989098
day_3,Mild sunny day,0.2,92,23.0,5.9019,0.0,20.0,year_area140_08,0.6185330514837626
day_3,Mild sunny day,0.2,93,23.25,5.8094,0.0,20.0,year_area140_08,0.6296920785121993
day_3,Mild sunny day,0.2,94,23.5,5.7284,0.0,20.0,year_area140_08,0.6394637670452086
day_3,Mild sunny day,0.2,95,23.75,5.6592,0.0,20.0,year_area140_08,0.6478119256437795
